2026-07-01 04:28:47,781 [trainer.py] => config: ./exps/seqlora_inr20t_task_s1995.json
2026-07-01 04:28:47,781 [trainer.py] => dataset: imagenetr
2026-07-01 04:28:47,781 [trainer.py] => memory_size: 0
2026-07-01 04:28:47,781 [trainer.py] => memory_per_class: 0
2026-07-01 04:28:47,781 [trainer.py] => fixed_memory: False
2026-07-01 04:28:47,781 [trainer.py] => shuffle: True
2026-07-01 04:28:47,781 [trainer.py] => init_cls: 10
2026-07-01 04:28:47,781 [trainer.py] => increment: 10
2026-07-01 04:28:47,781 [trainer.py] => backbone_type: vit_base_patch16_224_lora
2026-07-01 04:28:47,781 [trainer.py] => device: [device(type='cuda', index=0)]
2026-07-01 04:28:47,781 [trainer.py] => seed: 1995
2026-07-01 04:28:47,781 [trainer.py] => scenario: both
2026-07-01 04:28:47,781 [trainer.py] => lora_rank: 8
2026-07-01 04:28:47,781 [trainer.py] => n_lora_blocks: 3
2026-07-01 04:28:47,781 [trainer.py] => tuned_epoch: 10
2026-07-01 04:28:47,781 [trainer.py] => init_lr: 0.005
2026-07-01 04:28:47,781 [trainer.py] => batch_size: 48
2026-07-01 04:28:47,781 [trainer.py] => weight_decay: 0.0005
2026-07-01 04:28:47,781 [trainer.py] => min_lr: 0.0
2026-07-01 04:28:47,781 [trainer.py] => pretrained: True
2026-07-01 04:28:47,781 [trainer.py] => print_forget: True
2026-07-01 04:28:47,781 [trainer.py] => model_name: seqlora
2026-07-01 04:28:47,781 [trainer.py] => lora_alpha: 32
2026-07-01 04:28:47,782 [trainer.py] => lora_merge: False
2026-07-01 04:28:47,782 [trainer.py] => prefix: inr20t_task
2026-07-01 04:28:47,861 [data_manager.py] => [146, 198, 169, 126, 142, 183, 108, 86, 79, 35, 112, 29, 0, 2, 59, 178, 143, 31, 147, 33, 123, 114, 194, 54, 138, 75, 158, 26, 131, 141, 180, 132, 22, 49, 116, 111, 24, 98, 107, 89, 151, 83, 185, 15, 27, 136, 65, 1, 82, 87, 99, 153, 47, 144, 145, 175, 155, 77, 191, 199, 46, 28, 76, 71, 93, 137, 5, 188, 187, 74, 103, 173, 18, 80, 88, 48, 109, 81, 91, 101, 43, 102, 61, 182, 3, 14, 40, 42, 167, 66, 57, 73, 135, 39, 45, 184, 161, 85, 148, 121, 8, 195, 21, 4, 106, 133, 118, 10, 176, 50, 36, 192, 162, 172, 96, 197, 20, 117, 140, 186, 92, 97, 44, 149, 13, 37, 170, 25, 181, 171, 23, 104, 189, 11, 159, 67, 94, 68, 55, 6, 150, 165, 120, 139, 72, 154, 115, 125, 53, 58, 16, 113, 41, 190, 174, 127, 110, 7, 38, 32, 95, 19, 196, 51, 78, 34, 122, 152, 119, 134, 129, 130, 128, 17, 30, 90, 124, 160, 100, 193, 12, 56, 64, 168, 105, 63, 177, 70, 60, 163, 9, 62, 156, 52, 84, 157, 69, 179, 166, 164]
2026-07-01 04:28:50,479 [trainer.py] => All params: 91696896
2026-07-01 04:28:50,482 [trainer.py] => Trainable params: 5898240
2026-07-01 04:28:51,137 [lora.py] => Learning on 0-10
2026-07-01 04:28:51,143 [lora.py] => Trainable params this task: 81,418 / 91,704,586
2026-07-01 04:30:09,570 [lora.py] => Task 0 finished. Train_accy 86.24
2026-07-01 04:30:12,627 [til_base.py] => TIL top1: 90.1
2026-07-01 04:30:12,627 [til_base.py] => CIL top1: 90.1 | TIL top1: 90.1
2026-07-01 04:30:12,627 [trainer.py] => No NME accuracy.
2026-07-01 04:30:12,627 [trainer.py] => CNN: {'total': np.float64(90.1), '00-09': np.float64(90.1), 'old': 0, 'new': np.float64(90.1)}
2026-07-01 04:30:12,627 [trainer.py] => CNN top1 curve: [np.float64(90.1)]
2026-07-01 04:30:12,627 [trainer.py] => CNN top5 curve: [np.float64(98.72)]

2026-07-01 04:30:12,627 [trainer.py] => Average Accuracy (CNN): 90.1 

2026-07-01 04:30:12,630 [trainer.py] => All params: 91704586
2026-07-01 04:30:12,632 [trainer.py] => Trainable params: 81418
2026-07-01 04:30:12,633 [lora.py] => Learning on 10-20
2026-07-01 04:30:12,640 [lora.py] => Trainable params this task: 89,108 / 91,712,276
2026-07-01 04:31:33,251 [lora.py] => Task 1 finished. Train_accy 86.87
2026-07-01 04:31:38,921 [til_base.py] => TIL top1: 86.59
2026-07-01 04:31:38,921 [til_base.py] => CIL top1: 77.92 | TIL top1: 86.59
2026-07-01 04:31:38,922 [trainer.py] => No NME accuracy.
2026-07-01 04:31:38,922 [trainer.py] => CNN: {'total': np.float64(77.92), '00-09': np.float64(71.88), '10-19': np.float64(83.8), 'old': np.float64(71.88), 'new': np.float64(83.8)}
2026-07-01 04:31:38,922 [trainer.py] => CNN top1 curve: [np.float64(90.1), np.float64(77.92)]
2026-07-01 04:31:38,922 [trainer.py] => CNN top5 curve: [np.float64(98.72), np.float64(94.48)]

2026-07-01 04:31:38,922 [trainer.py] => Average Accuracy (CNN): 84.00999999999999 

2026-07-01 04:31:38,925 [trainer.py] => All params: 91712276
2026-07-01 04:31:38,927 [trainer.py] => Trainable params: 89108
2026-07-01 04:31:38,928 [lora.py] => Learning on 20-30
2026-07-01 04:31:38,935 [lora.py] => Trainable params this task: 96,798 / 91,719,966
2026-07-01 04:32:56,895 [lora.py] => Task 2 finished. Train_accy 83.64
2026-07-01 04:33:05,042 [til_base.py] => TIL top1: 85.53
2026-07-01 04:33:05,042 [til_base.py] => CIL top1: 73.4 | TIL top1: 85.53
2026-07-01 04:33:05,042 [trainer.py] => No NME accuracy.
2026-07-01 04:33:05,043 [trainer.py] => CNN: {'total': np.float64(73.4), '00-09': np.float64(69.65), '10-19': np.float64(80.69), '20-29': np.float64(69.61), 'old': np.float64(75.24), 'new': np.float64(69.61)}
2026-07-01 04:33:05,043 [trainer.py] => CNN top1 curve: [np.float64(90.1), np.float64(77.92), np.float64(73.4)]
2026-07-01 04:33:05,043 [trainer.py] => CNN top5 curve: [np.float64(98.72), np.float64(94.48), np.float64(91.06)]

2026-07-01 04:33:05,043 [trainer.py] => Average Accuracy (CNN): 80.47333333333333 

2026-07-01 04:33:05,046 [trainer.py] => All params: 91719966
2026-07-01 04:33:05,048 [trainer.py] => Trainable params: 96798
2026-07-01 04:33:05,049 [lora.py] => Learning on 30-40
2026-07-01 04:33:05,056 [lora.py] => Trainable params this task: 104,488 / 91,727,656
2026-07-01 04:34:34,799 [lora.py] => Task 3 finished. Train_accy 90.69
2026-07-01 04:34:45,684 [til_base.py] => TIL top1: 87.74
2026-07-01 04:34:45,685 [til_base.py] => CIL top1: 73.4 | TIL top1: 87.74
2026-07-01 04:34:45,685 [trainer.py] => No NME accuracy.
2026-07-01 04:34:45,685 [trainer.py] => CNN: {'total': np.float64(73.4), '00-09': np.float64(71.25), '10-19': np.float64(78.19), '20-29': np.float64(64.71), '30-39': np.float64(78.43), 'old': np.float64(71.49), 'new': np.float64(78.43)}
2026-07-01 04:34:45,685 [trainer.py] => CNN top1 curve: [np.float64(90.1), np.float64(77.92), np.float64(73.4), np.float64(73.4)]
2026-07-01 04:34:45,685 [trainer.py] => CNN top5 curve: [np.float64(98.72), np.float64(94.48), np.float64(91.06), np.float64(90.67)]

2026-07-01 04:34:45,685 [trainer.py] => Average Accuracy (CNN): 78.705 

2026-07-01 04:34:45,690 [trainer.py] => All params: 91727656
2026-07-01 04:34:45,694 [trainer.py] => Trainable params: 104488
2026-07-01 04:34:45,695 [lora.py] => Learning on 40-50
2026-07-01 04:34:45,707 [lora.py] => Trainable params this task: 112,178 / 91,735,346
2026-07-01 04:36:14,381 [lora.py] => Task 4 finished. Train_accy 91.79
2026-07-01 04:36:27,904 [til_base.py] => TIL top1: 87.66
2026-07-01 04:36:27,905 [til_base.py] => CIL top1: 71.26 | TIL top1: 87.66
2026-07-01 04:36:27,905 [trainer.py] => No NME accuracy.
2026-07-01 04:36:27,905 [trainer.py] => CNN: {'total': np.float64(71.26), '00-09': np.float64(69.97), '10-19': np.float64(71.34), '20-29': np.float64(59.48), '30-39': np.float64(73.11), '40-49': np.float64(80.62), 'old': np.float64(68.7), 'new': np.float64(80.62)}
2026-07-01 04:36:27,905 [trainer.py] => CNN top1 curve: [np.float64(90.1), np.float64(77.92), np.float64(73.4), np.float64(73.4), np.float64(71.26)]
2026-07-01 04:36:27,905 [trainer.py] => CNN top5 curve: [np.float64(98.72), np.float64(94.48), np.float64(91.06), np.float64(90.67), np.float64(89.29)]

2026-07-01 04:36:27,905 [trainer.py] => Average Accuracy (CNN): 77.216 

2026-07-01 04:36:27,908 [trainer.py] => All params: 91735346
2026-07-01 04:36:27,910 [trainer.py] => Trainable params: 112178
2026-07-01 04:36:27,911 [lora.py] => Learning on 50-60
2026-07-01 04:36:27,918 [lora.py] => Trainable params this task: 119,868 / 91,743,036
2026-07-01 04:37:42,077 [lora.py] => Task 5 finished. Train_accy 90.36
2026-07-01 04:37:58,328 [til_base.py] => TIL top1: 87.44
2026-07-01 04:37:58,328 [til_base.py] => CIL top1: 69.36 | TIL top1: 87.44
2026-07-01 04:37:58,328 [trainer.py] => No NME accuracy.
2026-07-01 04:37:58,328 [trainer.py] => CNN: {'total': np.float64(69.36), '00-09': np.float64(67.09), '10-19': np.float64(67.6), '20-29': np.float64(53.27), '30-39': np.float64(71.99), '40-49': np.float64(76.69), '50-59': np.float64(78.55), 'old': np.float64(67.76), 'new': np.float64(78.55)}
2026-07-01 04:37:58,328 [trainer.py] => CNN top1 curve: [np.float64(90.1), np.float64(77.92), np.float64(73.4), np.float64(73.4), np.float64(71.26), np.float64(69.36)]
2026-07-01 04:37:58,328 [trainer.py] => CNN top5 curve: [np.float64(98.72), np.float64(94.48), np.float64(91.06), np.float64(90.67), np.float64(89.29), np.float64(87.74)]

2026-07-01 04:37:58,329 [trainer.py] => Average Accuracy (CNN): 75.90666666666667 

2026-07-01 04:37:58,332 [trainer.py] => All params: 91743036
2026-07-01 04:37:58,334 [trainer.py] => Trainable params: 119868
2026-07-01 04:37:58,335 [lora.py] => Learning on 60-70
2026-07-01 04:37:58,342 [lora.py] => Trainable params this task: 127,558 / 91,750,726
2026-07-01 04:39:27,439 [lora.py] => Task 6 finished. Train_accy 88.82
2026-07-01 04:39:46,499 [til_base.py] => TIL top1: 87.9
2026-07-01 04:39:46,499 [til_base.py] => CIL top1: 68.22 | TIL top1: 87.9
2026-07-01 04:39:46,499 [trainer.py] => No NME accuracy.
2026-07-01 04:39:46,499 [trainer.py] => CNN: {'total': np.float64(68.22), '00-09': np.float64(63.58), '10-19': np.float64(66.36), '20-29': np.float64(50.65), '30-39': np.float64(71.43), '40-49': np.float64(78.93), '50-59': np.float64(77.85), '60-69': np.float64(67.32), 'old': np.float64(68.38), 'new': np.float64(67.32)}
2026-07-01 04:39:46,499 [trainer.py] => CNN top1 curve: [np.float64(90.1), np.float64(77.92), np.float64(73.4), np.float64(73.4), np.float64(71.26), np.float64(69.36), np.float64(68.22)]
2026-07-01 04:39:46,499 [trainer.py] => CNN top5 curve: [np.float64(98.72), np.float64(94.48), np.float64(91.06), np.float64(90.67), np.float64(89.29), np.float64(87.74), np.float64(86.29)]

2026-07-01 04:39:46,499 [trainer.py] => Average Accuracy (CNN): 74.80857142857143 

2026-07-01 04:39:46,503 [trainer.py] => All params: 91750726
2026-07-01 04:39:46,505 [trainer.py] => Trainable params: 127558
2026-07-01 04:39:46,506 [lora.py] => Learning on 70-80
2026-07-01 04:39:46,513 [lora.py] => Trainable params this task: 135,248 / 91,758,416
2026-07-01 04:41:03,777 [lora.py] => Task 7 finished. Train_accy 90.69
2026-07-01 04:41:25,321 [til_base.py] => TIL top1: 88.01
2026-07-01 04:41:25,321 [til_base.py] => CIL top1: 66.06 | TIL top1: 88.01
2026-07-01 04:41:25,321 [trainer.py] => No NME accuracy.
2026-07-01 04:41:25,321 [trainer.py] => CNN: {'total': np.float64(66.06), '00-09': np.float64(63.9), '10-19': np.float64(63.24), '20-29': np.float64(52.94), '30-39': np.float64(69.19), '40-49': np.float64(77.25), '50-59': np.float64(75.78), '60-69': np.float64(61.69), '70-79': np.float64(63.61), 'old': np.float64(66.39), 'new': np.float64(63.61)}
2026-07-01 04:41:25,321 [trainer.py] => CNN top1 curve: [np.float64(90.1), np.float64(77.92), np.float64(73.4), np.float64(73.4), np.float64(71.26), np.float64(69.36), np.float64(68.22), np.float64(66.06)]
2026-07-01 04:41:25,321 [trainer.py] => CNN top5 curve: [np.float64(98.72), np.float64(94.48), np.float64(91.06), np.float64(90.67), np.float64(89.29), np.float64(87.74), np.float64(86.29), np.float64(85.17)]

2026-07-01 04:41:25,321 [trainer.py] => Average Accuracy (CNN): 73.715 

2026-07-01 04:41:25,325 [trainer.py] => All params: 91758416
2026-07-01 04:41:25,327 [trainer.py] => Trainable params: 135248
2026-07-01 04:41:25,328 [lora.py] => Learning on 80-90
2026-07-01 04:41:25,335 [lora.py] => Trainable params this task: 142,938 / 91,766,106
2026-07-01 04:42:18,950 [lora.py] => Task 8 finished. Train_accy 88.85
2026-07-01 04:42:42,359 [til_base.py] => TIL top1: 86.34
2026-07-01 04:42:42,359 [til_base.py] => CIL top1: 63.4 | TIL top1: 86.34
2026-07-01 04:42:42,359 [trainer.py] => No NME accuracy.
2026-07-01 04:42:42,359 [trainer.py] => CNN: {'total': np.float64(63.4), '00-09': np.float64(59.11), '10-19': np.float64(64.8), '20-29': np.float64(45.42), '30-39': np.float64(68.91), '40-49': np.float64(73.03), '50-59': np.float64(74.39), '60-69': np.float64(60.28), '70-79': np.float64(65.57), '80-89': np.float64(54.73), 'old': np.float64(64.07), 'new': np.float64(54.73)}
2026-07-01 04:42:42,359 [trainer.py] => CNN top1 curve: [np.float64(90.1), np.float64(77.92), np.float64(73.4), np.float64(73.4), np.float64(71.26), np.float64(69.36), np.float64(68.22), np.float64(66.06), np.float64(63.4)]
2026-07-01 04:42:42,359 [trainer.py] => CNN top5 curve: [np.float64(98.72), np.float64(94.48), np.float64(91.06), np.float64(90.67), np.float64(89.29), np.float64(87.74), np.float64(86.29), np.float64(85.17), np.float64(81.66)]

2026-07-01 04:42:42,359 [trainer.py] => Average Accuracy (CNN): 72.56888888888889 

2026-07-01 04:42:42,362 [trainer.py] => All params: 91766106
2026-07-01 04:42:42,364 [trainer.py] => Trainable params: 142938
2026-07-01 04:42:42,365 [lora.py] => Learning on 90-100
2026-07-01 04:42:42,372 [lora.py] => Trainable params this task: 150,628 / 91,773,796
2026-07-01 04:43:32,891 [lora.py] => Task 9 finished. Train_accy 92.28
2026-07-01 04:43:58,035 [til_base.py] => TIL top1: 85.83
2026-07-01 04:43:58,035 [til_base.py] => CIL top1: 59.53 | TIL top1: 85.83
2026-07-01 04:43:58,036 [trainer.py] => No NME accuracy.
2026-07-01 04:43:58,036 [trainer.py] => CNN: {'total': np.float64(59.53), '00-09': np.float64(53.99), '10-19': np.float64(59.81), '20-29': np.float64(43.79), '30-39': np.float64(64.43), '40-49': np.float64(68.54), '50-59': np.float64(64.71), '60-69': np.float64(53.52), '70-79': np.float64(65.57), '80-89': np.float64(50.25), '90-99': np.float64(70.9), 'old': np.float64(58.76), 'new': np.float64(70.9)}
2026-07-01 04:43:58,036 [trainer.py] => CNN top1 curve: [np.float64(90.1), np.float64(77.92), np.float64(73.4), np.float64(73.4), np.float64(71.26), np.float64(69.36), np.float64(68.22), np.float64(66.06), np.float64(63.4), np.float64(59.53)]
2026-07-01 04:43:58,036 [trainer.py] => CNN top5 curve: [np.float64(98.72), np.float64(94.48), np.float64(91.06), np.float64(90.67), np.float64(89.29), np.float64(87.74), np.float64(86.29), np.float64(85.17), np.float64(81.66), np.float64(81.05)]

2026-07-01 04:43:58,036 [trainer.py] => Average Accuracy (CNN): 71.265 

2026-07-01 04:43:58,039 [trainer.py] => All params: 91773796
2026-07-01 04:43:58,041 [trainer.py] => Trainable params: 150628
2026-07-01 04:43:58,042 [lora.py] => Learning on 100-110
2026-07-01 04:43:58,049 [lora.py] => Trainable params this task: 158,318 / 91,781,486
2026-07-01 04:45:11,289 [lora.py] => Task 10 finished. Train_accy 88.90
2026-07-01 04:45:38,731 [til_base.py] => TIL top1: 86.73
2026-07-01 04:45:38,731 [til_base.py] => CIL top1: 62.56 | TIL top1: 86.73
2026-07-01 04:45:38,731 [trainer.py] => No NME accuracy.
2026-07-01 04:45:38,731 [trainer.py] => CNN: {'total': np.float64(62.56), '00-09': np.float64(57.83), '10-19': np.float64(63.24), '20-29': np.float64(49.02), '30-39': np.float64(70.31), '40-49': np.float64(70.79), '50-59': np.float64(67.47), '60-69': np.float64(57.18), '70-79': np.float64(65.25), '80-89': np.float64(53.23), '90-99': np.float64(70.9), '100-109': np.float64(61.4), 'old': np.float64(62.67), 'new': np.float64(61.4)}
2026-07-01 04:45:38,731 [trainer.py] => CNN top1 curve: [np.float64(90.1), np.float64(77.92), np.float64(73.4), np.float64(73.4), np.float64(71.26), np.float64(69.36), np.float64(68.22), np.float64(66.06), np.float64(63.4), np.float64(59.53), np.float64(62.56)]
2026-07-01 04:45:38,731 [trainer.py] => CNN top5 curve: [np.float64(98.72), np.float64(94.48), np.float64(91.06), np.float64(90.67), np.float64(89.29), np.float64(87.74), np.float64(86.29), np.float64(85.17), np.float64(81.66), np.float64(81.05), np.float64(81.54)]

2026-07-01 04:45:38,731 [trainer.py] => Average Accuracy (CNN): 70.47363636363637 

2026-07-01 04:45:38,735 [trainer.py] => All params: 91781486
2026-07-01 04:45:38,737 [trainer.py] => Trainable params: 158318
2026-07-01 04:45:38,738 [lora.py] => Learning on 110-120
2026-07-01 04:45:38,745 [lora.py] => Trainable params this task: 166,008 / 91,789,176
2026-07-01 04:47:04,910 [lora.py] => Task 11 finished. Train_accy 91.77
2026-07-01 04:47:35,101 [til_base.py] => TIL top1: 87.49
2026-07-01 04:47:35,102 [til_base.py] => CIL top1: 61.57 | TIL top1: 87.49
2026-07-01 04:47:35,102 [trainer.py] => No NME accuracy.
2026-07-01 04:47:35,102 [trainer.py] => CNN: {'total': np.float64(61.57), '00-09': np.float64(59.42), '10-19': np.float64(57.32), '20-29': np.float64(45.1), '30-39': np.float64(66.95), '40-49': np.float64(72.47), '50-59': np.float64(64.01), '60-69': np.float64(51.83), '70-79': np.float64(63.28), '80-89': np.float64(50.75), '90-99': np.float64(71.96), '100-109': np.float64(59.65), '110-119': np.float64(74.05), 'old': np.float64(60.27), 'new': np.float64(74.05)}
2026-07-01 04:47:35,102 [trainer.py] => CNN top1 curve: [np.float64(90.1), np.float64(77.92), np.float64(73.4), np.float64(73.4), np.float64(71.26), np.float64(69.36), np.float64(68.22), np.float64(66.06), np.float64(63.4), np.float64(59.53), np.float64(62.56), np.float64(61.57)]
2026-07-01 04:47:35,102 [trainer.py] => CNN top5 curve: [np.float64(98.72), np.float64(94.48), np.float64(91.06), np.float64(90.67), np.float64(89.29), np.float64(87.74), np.float64(86.29), np.float64(85.17), np.float64(81.66), np.float64(81.05), np.float64(81.54), np.float64(81.41)]

2026-07-01 04:47:35,102 [trainer.py] => Average Accuracy (CNN): 69.73166666666667 

2026-07-01 04:47:35,107 [trainer.py] => All params: 91789176
2026-07-01 04:47:35,111 [trainer.py] => Trainable params: 166008
2026-07-01 04:47:35,113 [lora.py] => Learning on 120-130
2026-07-01 04:47:35,124 [lora.py] => Trainable params this task: 173,698 / 91,796,866
2026-07-01 04:48:32,537 [lora.py] => Task 12 finished. Train_accy 86.70
2026-07-01 04:49:04,812 [til_base.py] => TIL top1: 85.73
2026-07-01 04:49:04,812 [til_base.py] => CIL top1: 57.36 | TIL top1: 85.73
2026-07-01 04:49:04,812 [trainer.py] => No NME accuracy.
2026-07-01 04:49:04,812 [trainer.py] => CNN: {'total': np.float64(57.36), '00-09': np.float64(54.63), '10-19': np.float64(58.26), '20-29': np.float64(42.16), '30-39': np.float64(63.59), '40-49': np.float64(65.17), '50-59': np.float64(62.63), '60-69': np.float64(47.89), '70-79': np.float64(56.39), '80-89': np.float64(43.28), '90-99': np.float64(65.61), '100-109': np.float64(51.58), '110-119': np.float64(67.35), '120-129': np.float64(65.75), 'old': np.float64(56.85), 'new': np.float64(65.75)}
2026-07-01 04:49:04,812 [trainer.py] => CNN top1 curve: [np.float64(90.1), np.float64(77.92), np.float64(73.4), np.float64(73.4), np.float64(71.26), np.float64(69.36), np.float64(68.22), np.float64(66.06), np.float64(63.4), np.float64(59.53), np.float64(62.56), np.float64(61.57), np.float64(57.36)]
2026-07-01 04:49:04,812 [trainer.py] => CNN top5 curve: [np.float64(98.72), np.float64(94.48), np.float64(91.06), np.float64(90.67), np.float64(89.29), np.float64(87.74), np.float64(86.29), np.float64(85.17), np.float64(81.66), np.float64(81.05), np.float64(81.54), np.float64(81.41), np.float64(77.52)]

2026-07-01 04:49:04,812 [trainer.py] => Average Accuracy (CNN): 68.78 

2026-07-01 04:49:04,816 [trainer.py] => All params: 91796866
2026-07-01 04:49:04,818 [trainer.py] => Trainable params: 173698
2026-07-01 04:49:04,819 [lora.py] => Learning on 130-140
2026-07-01 04:49:04,826 [lora.py] => Trainable params this task: 181,388 / 91,804,556
2026-07-01 04:50:22,663 [lora.py] => Task 13 finished. Train_accy 86.71
2026-07-01 04:50:57,378 [til_base.py] => TIL top1: 85.29
2026-07-01 04:50:57,378 [til_base.py] => CIL top1: 54.75 | TIL top1: 85.29
2026-07-01 04:50:57,378 [trainer.py] => No NME accuracy.
2026-07-01 04:50:57,378 [trainer.py] => CNN: {'total': np.float64(54.75), '00-09': np.float64(47.92), '10-19': np.float64(52.34), '20-29': np.float64(32.68), '30-39': np.float64(56.3), '40-49': np.float64(59.55), '50-59': np.float64(61.59), '60-69': np.float64(49.01), '70-79': np.float64(60.33), '80-89': np.float64(37.81), '90-99': np.float64(66.67), '100-109': np.float64(52.98), '110-119': np.float64(58.89), '120-129': np.float64(62.56), '130-139': np.float64(68.73), 'old': np.float64(53.63), 'new': np.float64(68.73)}
2026-07-01 04:50:57,378 [trainer.py] => CNN top1 curve: [np.float64(90.1), np.float64(77.92), np.float64(73.4), np.float64(73.4), np.float64(71.26), np.float64(69.36), np.float64(68.22), np.float64(66.06), np.float64(63.4), np.float64(59.53), np.float64(62.56), np.float64(61.57), np.float64(57.36), np.float64(54.75)]
2026-07-01 04:50:57,378 [trainer.py] => CNN top5 curve: [np.float64(98.72), np.float64(94.48), np.float64(91.06), np.float64(90.67), np.float64(89.29), np.float64(87.74), np.float64(86.29), np.float64(85.17), np.float64(81.66), np.float64(81.05), np.float64(81.54), np.float64(81.41), np.float64(77.52), np.float64(75.98)]

2026-07-01 04:50:57,378 [trainer.py] => Average Accuracy (CNN): 67.77785714285714 

2026-07-01 04:50:57,382 [trainer.py] => All params: 91804556
2026-07-01 04:50:57,384 [trainer.py] => Trainable params: 181388
2026-07-01 04:50:57,385 [lora.py] => Learning on 140-150
2026-07-01 04:50:57,392 [lora.py] => Trainable params this task: 189,078 / 91,812,246
2026-07-01 04:52:04,366 [lora.py] => Task 14 finished. Train_accy 90.74
2026-07-01 04:52:41,247 [til_base.py] => TIL top1: 85.89
2026-07-01 04:52:41,247 [til_base.py] => CIL top1: 55.34 | TIL top1: 85.89
2026-07-01 04:52:41,248 [trainer.py] => No NME accuracy.
2026-07-01 04:52:41,248 [trainer.py] => CNN: {'total': np.float64(55.34), '00-09': np.float64(50.48), '10-19': np.float64(50.47), '20-29': np.float64(37.91), '30-39': np.float64(59.94), '40-49': np.float64(62.64), '50-59': np.float64(57.44), '60-69': np.float64(46.76), '70-79': np.float64(59.67), '80-89': np.float64(42.79), '90-99': np.float64(62.96), '100-109': np.float64(50.53), '110-119': np.float64(60.35), '120-129': np.float64(56.62), '130-139': np.float64(64.5), '140-149': np.float64(66.8), 'old': np.float64(54.63), 'new': np.float64(66.8)}
2026-07-01 04:52:41,248 [trainer.py] => CNN top1 curve: [np.float64(90.1), np.float64(77.92), np.float64(73.4), np.float64(73.4), np.float64(71.26), np.float64(69.36), np.float64(68.22), np.float64(66.06), np.float64(63.4), np.float64(59.53), np.float64(62.56), np.float64(61.57), np.float64(57.36), np.float64(54.75), np.float64(55.34)]
2026-07-01 04:52:41,248 [trainer.py] => CNN top5 curve: [np.float64(98.72), np.float64(94.48), np.float64(91.06), np.float64(90.67), np.float64(89.29), np.float64(87.74), np.float64(86.29), np.float64(85.17), np.float64(81.66), np.float64(81.05), np.float64(81.54), np.float64(81.41), np.float64(77.52), np.float64(75.98), np.float64(76.69)]

2026-07-01 04:52:41,248 [trainer.py] => Average Accuracy (CNN): 66.94866666666668 

2026-07-01 04:52:41,251 [trainer.py] => All params: 91812246
2026-07-01 04:52:41,253 [trainer.py] => Trainable params: 189078
2026-07-01 04:52:41,254 [lora.py] => Learning on 150-160
2026-07-01 04:52:41,261 [lora.py] => Trainable params this task: 196,768 / 91,819,936
2026-07-01 04:53:52,803 [lora.py] => Task 15 finished. Train_accy 90.61
2026-07-01 04:54:32,213 [til_base.py] => TIL top1: 85.71
2026-07-01 04:54:32,213 [til_base.py] => CIL top1: 53.4 | TIL top1: 85.71
2026-07-01 04:54:32,213 [trainer.py] => No NME accuracy.
2026-07-01 04:54:32,213 [trainer.py] => CNN: {'total': np.float64(53.4), '00-09': np.float64(48.88), '10-19': np.float64(43.61), '20-29': np.float64(33.99), '30-39': np.float64(56.86), '40-49': np.float64(56.74), '50-59': np.float64(59.17), '60-69': np.float64(43.94), '70-79': np.float64(50.16), '80-89': np.float64(31.34), '90-99': np.float64(65.08), '100-109': np.float64(48.77), '110-119': np.float64(62.68), '120-129': np.float64(55.25), '130-139': np.float64(61.89), '140-149': np.float64(58.98), '150-159': np.float64(77.34), 'old': np.float64(51.89), 'new': np.float64(77.34)}
2026-07-01 04:54:32,213 [trainer.py] => CNN top1 curve: [np.float64(90.1), np.float64(77.92), np.float64(73.4), np.float64(73.4), np.float64(71.26), np.float64(69.36), np.float64(68.22), np.float64(66.06), np.float64(63.4), np.float64(59.53), np.float64(62.56), np.float64(61.57), np.float64(57.36), np.float64(54.75), np.float64(55.34), np.float64(53.4)]
2026-07-01 04:54:32,213 [trainer.py] => CNN top5 curve: [np.float64(98.72), np.float64(94.48), np.float64(91.06), np.float64(90.67), np.float64(89.29), np.float64(87.74), np.float64(86.29), np.float64(85.17), np.float64(81.66), np.float64(81.05), np.float64(81.54), np.float64(81.41), np.float64(77.52), np.float64(75.98), np.float64(76.69), np.float64(75.98)]

2026-07-01 04:54:32,214 [trainer.py] => Average Accuracy (CNN): 66.101875 

2026-07-01 04:54:32,217 [trainer.py] => All params: 91819936
2026-07-01 04:54:32,219 [trainer.py] => Trainable params: 196768
2026-07-01 04:54:32,220 [lora.py] => Learning on 160-170
2026-07-01 04:54:32,227 [lora.py] => Trainable params this task: 204,458 / 91,827,626
2026-07-01 04:55:53,911 [lora.py] => Task 16 finished. Train_accy 84.31
2026-07-01 04:56:35,732 [til_base.py] => TIL top1: 83.2
2026-07-01 04:56:35,732 [til_base.py] => CIL top1: 47.61 | TIL top1: 83.2
2026-07-01 04:56:35,733 [trainer.py] => No NME accuracy.
2026-07-01 04:56:35,733 [trainer.py] => CNN: {'total': np.float64(47.61), '00-09': np.float64(39.62), '10-19': np.float64(43.61), '20-29': np.float64(21.9), '30-39': np.float64(50.14), '40-49': np.float64(53.09), '50-59': np.float64(63.32), '60-69': np.float64(32.96), '70-79': np.float64(42.62), '80-89': np.float64(20.9), '90-99': np.float64(53.97), '100-109': np.float64(41.75), '110-119': np.float64(50.73), '120-129': np.float64(60.73), '130-139': np.float64(54.07), '140-149': np.float64(55.86), '150-159': np.float64(69.78), '160-169': np.float64(55.76), 'old': np.float64(47.05), 'new': np.float64(55.76)}
2026-07-01 04:56:35,733 [trainer.py] => CNN top1 curve: [np.float64(90.1), np.float64(77.92), np.float64(73.4), np.float64(73.4), np.float64(71.26), np.float64(69.36), np.float64(68.22), np.float64(66.06), np.float64(63.4), np.float64(59.53), np.float64(62.56), np.float64(61.57), np.float64(57.36), np.float64(54.75), np.float64(55.34), np.float64(53.4), np.float64(47.61)]
2026-07-01 04:56:35,733 [trainer.py] => CNN top5 curve: [np.float64(98.72), np.float64(94.48), np.float64(91.06), np.float64(90.67), np.float64(89.29), np.float64(87.74), np.float64(86.29), np.float64(85.17), np.float64(81.66), np.float64(81.05), np.float64(81.54), np.float64(81.41), np.float64(77.52), np.float64(75.98), np.float64(76.69), np.float64(75.98), np.float64(70.09)]

2026-07-01 04:56:35,733 [trainer.py] => Average Accuracy (CNN): 65.01411764705882 

2026-07-01 04:56:35,738 [trainer.py] => All params: 91827626
2026-07-01 04:56:35,741 [trainer.py] => Trainable params: 204458
2026-07-01 04:56:35,744 [lora.py] => Learning on 170-180
2026-07-01 04:56:35,755 [lora.py] => Trainable params this task: 212,148 / 91,835,316
2026-07-01 04:57:46,736 [lora.py] => Task 17 finished. Train_accy 86.68
2026-07-01 04:58:30,937 [til_base.py] => TIL top1: 84.75
2026-07-01 04:58:30,938 [til_base.py] => CIL top1: 49.99 | TIL top1: 84.75
2026-07-01 04:58:30,938 [trainer.py] => No NME accuracy.
2026-07-01 04:58:30,938 [trainer.py] => CNN: {'total': np.float64(49.99), '00-09': np.float64(40.58), '10-19': np.float64(40.5), '20-29': np.float64(23.86), '30-39': np.float64(55.18), '40-49': np.float64(54.49), '50-59': np.float64(58.13), '60-69': np.float64(37.46), '70-79': np.float64(52.46), '80-89': np.float64(24.38), '90-99': np.float64(56.61), '100-109': np.float64(41.75), '110-119': np.float64(51.9), '120-129': np.float64(57.99), '130-139': np.float64(56.03), '140-149': np.float64(58.98), '150-159': np.float64(69.78), '160-169': np.float64(59.81), '170-179': np.float64(60.66), 'old': np.float64(49.41), 'new': np.float64(60.66)}
2026-07-01 04:58:30,938 [trainer.py] => CNN top1 curve: [np.float64(90.1), np.float64(77.92), np.float64(73.4), np.float64(73.4), np.float64(71.26), np.float64(69.36), np.float64(68.22), np.float64(66.06), np.float64(63.4), np.float64(59.53), np.float64(62.56), np.float64(61.57), np.float64(57.36), np.float64(54.75), np.float64(55.34), np.float64(53.4), np.float64(47.61), np.float64(49.99)]
2026-07-01 04:58:30,938 [trainer.py] => CNN top5 curve: [np.float64(98.72), np.float64(94.48), np.float64(91.06), np.float64(90.67), np.float64(89.29), np.float64(87.74), np.float64(86.29), np.float64(85.17), np.float64(81.66), np.float64(81.05), np.float64(81.54), np.float64(81.41), np.float64(77.52), np.float64(75.98), np.float64(76.69), np.float64(75.98), np.float64(70.09), np.float64(72.16)]

2026-07-01 04:58:30,938 [trainer.py] => Average Accuracy (CNN): 64.17944444444444 

2026-07-01 04:58:30,941 [trainer.py] => All params: 91835316
2026-07-01 04:58:30,943 [trainer.py] => Trainable params: 212148
2026-07-01 04:58:30,945 [lora.py] => Learning on 180-190
2026-07-01 04:58:30,952 [lora.py] => Trainable params this task: 219,838 / 91,843,006
2026-07-01 04:59:56,272 [lora.py] => Task 18 finished. Train_accy 90.17
2026-07-01 05:00:43,092 [til_base.py] => TIL top1: 84.28
2026-07-01 05:00:43,093 [til_base.py] => CIL top1: 49.98 | TIL top1: 84.28
2026-07-01 05:00:43,093 [trainer.py] => No NME accuracy.
2026-07-01 05:00:43,093 [trainer.py] => CNN: {'total': np.float64(49.98), '00-09': np.float64(41.85), '10-19': np.float64(39.88), '20-29': np.float64(24.18), '30-39': np.float64(52.1), '40-49': np.float64(55.06), '50-59': np.float64(59.17), '60-69': np.float64(35.49), '70-79': np.float64(47.87), '80-89': np.float64(24.38), '90-99': np.float64(56.61), '100-109': np.float64(42.11), '110-119': np.float64(51.9), '120-129': np.float64(62.1), '130-139': np.float64(54.4), '140-149': np.float64(55.08), '150-159': np.float64(71.58), '160-169': np.float64(58.57), '170-179': np.float64(55.88), '180-189': np.float64(62.02), 'old': np.float64(49.21), 'new': np.float64(62.02)}
2026-07-01 05:00:43,093 [trainer.py] => CNN top1 curve: [np.float64(90.1), np.float64(77.92), np.float64(73.4), np.float64(73.4), np.float64(71.26), np.float64(69.36), np.float64(68.22), np.float64(66.06), np.float64(63.4), np.float64(59.53), np.float64(62.56), np.float64(61.57), np.float64(57.36), np.float64(54.75), np.float64(55.34), np.float64(53.4), np.float64(47.61), np.float64(49.99), np.float64(49.98)]
2026-07-01 05:00:43,093 [trainer.py] => CNN top5 curve: [np.float64(98.72), np.float64(94.48), np.float64(91.06), np.float64(90.67), np.float64(89.29), np.float64(87.74), np.float64(86.29), np.float64(85.17), np.float64(81.66), np.float64(81.05), np.float64(81.54), np.float64(81.41), np.float64(77.52), np.float64(75.98), np.float64(76.69), np.float64(75.98), np.float64(70.09), np.float64(72.16), np.float64(72.25)]

2026-07-01 05:00:43,093 [trainer.py] => Average Accuracy (CNN): 63.432105263157894 

2026-07-01 05:00:43,096 [trainer.py] => All params: 91843006
2026-07-01 05:00:43,098 [trainer.py] => Trainable params: 219838
2026-07-01 05:00:43,100 [lora.py] => Learning on 190-200
2026-07-01 05:00:43,107 [lora.py] => Trainable params this task: 227,528 / 91,850,696
2026-07-01 05:02:02,845 [lora.py] => Task 19 finished. Train_accy 92.37
2026-07-01 05:02:52,283 [til_base.py] => TIL top1: 84.27
2026-07-01 05:02:52,283 [til_base.py] => CIL top1: 49.53 | TIL top1: 84.27
2026-07-01 05:02:52,283 [trainer.py] => No NME accuracy.
2026-07-01 05:02:52,283 [trainer.py] => CNN: {'total': np.float64(49.53), '00-09': np.float64(38.98), '10-19': np.float64(42.68), '20-29': np.float64(23.86), '30-39': np.float64(48.74), '40-49': np.float64(48.03), '50-59': np.float64(59.17), '60-69': np.float64(34.65), '70-79': np.float64(49.84), '80-89': np.float64(23.88), '90-99': np.float64(58.73), '100-109': np.float64(39.3), '110-119': np.float64(53.06), '120-129': np.float64(57.08), '130-139': np.float64(50.49), '140-149': np.float64(48.83), '150-159': np.float64(67.63), '160-169': np.float64(58.26), '170-179': np.float64(51.1), '180-189': np.float64(55.19), '190-199': np.float64(80.57), 'old': np.float64(47.79), 'new': np.float64(80.57)}
2026-07-01 05:02:52,283 [trainer.py] => CNN top1 curve: [np.float64(90.1), np.float64(77.92), np.float64(73.4), np.float64(73.4), np.float64(71.26), np.float64(69.36), np.float64(68.22), np.float64(66.06), np.float64(63.4), np.float64(59.53), np.float64(62.56), np.float64(61.57), np.float64(57.36), np.float64(54.75), np.float64(55.34), np.float64(53.4), np.float64(47.61), np.float64(49.99), np.float64(49.98), np.float64(49.53)]
2026-07-01 05:02:52,283 [trainer.py] => CNN top5 curve: [np.float64(98.72), np.float64(94.48), np.float64(91.06), np.float64(90.67), np.float64(89.29), np.float64(87.74), np.float64(86.29), np.float64(85.17), np.float64(81.66), np.float64(81.05), np.float64(81.54), np.float64(81.41), np.float64(77.52), np.float64(75.98), np.float64(76.69), np.float64(75.98), np.float64(70.09), np.float64(72.16), np.float64(72.25), np.float64(71.51)]

2026-07-01 05:02:52,284 [trainer.py] => Average Accuracy (CNN): 62.737 

2026-07-01 05:02:52,286 [trainer.py] => Forgetting (CNN): 22.51315789473684
2026-07-01 05:02:52,286 [trainer.py] => Forgetting (NME): 22.51315789473684
2026-07-01 05:02:52,288 [trainer.py] => Forgetting (TIL): 5.1252631578947385
2026-07-01 13:15:22,588 [trainer.py] => config: ./exps/seqlora_inr20t_task_s1995.json
2026-07-01 13:15:22,588 [trainer.py] => dataset: imagenetr
2026-07-01 13:15:22,588 [trainer.py] => memory_size: 0
2026-07-01 13:15:22,588 [trainer.py] => memory_per_class: 0
2026-07-01 13:15:22,588 [trainer.py] => fixed_memory: False
2026-07-01 13:15:22,588 [trainer.py] => shuffle: True
2026-07-01 13:15:22,588 [trainer.py] => init_cls: 10
2026-07-01 13:15:22,589 [trainer.py] => increment: 10
2026-07-01 13:15:22,589 [trainer.py] => backbone_type: vit_base_patch16_224_lora
2026-07-01 13:15:22,589 [trainer.py] => device: [device(type='cuda', index=0)]
2026-07-01 13:15:22,589 [trainer.py] => seed: 1995
2026-07-01 13:15:22,589 [trainer.py] => scenario: both
2026-07-01 13:15:22,589 [trainer.py] => lora_rank: 8
2026-07-01 13:15:22,589 [trainer.py] => tuned_epoch: 10
2026-07-01 13:15:22,589 [trainer.py] => init_lr: 0.005
2026-07-01 13:15:22,589 [trainer.py] => batch_size: 48
2026-07-01 13:15:22,589 [trainer.py] => weight_decay: 0.0005
2026-07-01 13:15:22,589 [trainer.py] => min_lr: 0.0
2026-07-01 13:15:22,589 [trainer.py] => pretrained: True
2026-07-01 13:15:22,589 [trainer.py] => print_forget: True
2026-07-01 13:15:22,589 [trainer.py] => model_name: seqlora
2026-07-01 13:15:22,589 [trainer.py] => lora_alpha: 32
2026-07-01 13:15:22,589 [trainer.py] => lora_merge: False
2026-07-01 13:15:22,589 [trainer.py] => prefix: inr20t_task
2026-07-01 13:15:22,669 [data_manager.py] => [146, 198, 169, 126, 142, 183, 108, 86, 79, 35, 112, 29, 0, 2, 59, 178, 143, 31, 147, 33, 123, 114, 194, 54, 138, 75, 158, 26, 131, 141, 180, 132, 22, 49, 116, 111, 24, 98, 107, 89, 151, 83, 185, 15, 27, 136, 65, 1, 82, 87, 99, 153, 47, 144, 145, 175, 155, 77, 191, 199, 46, 28, 76, 71, 93, 137, 5, 188, 187, 74, 103, 173, 18, 80, 88, 48, 109, 81, 91, 101, 43, 102, 61, 182, 3, 14, 40, 42, 167, 66, 57, 73, 135, 39, 45, 184, 161, 85, 148, 121, 8, 195, 21, 4, 106, 133, 118, 10, 176, 50, 36, 192, 162, 172, 96, 197, 20, 117, 140, 186, 92, 97, 44, 149, 13, 37, 170, 25, 181, 171, 23, 104, 189, 11, 159, 67, 94, 68, 55, 6, 150, 165, 120, 139, 72, 154, 115, 125, 53, 58, 16, 113, 41, 190, 174, 127, 110, 7, 38, 32, 95, 19, 196, 51, 78, 34, 122, 152, 119, 134, 129, 130, 128, 17, 30, 90, 124, 160, 100, 193, 12, 56, 64, 168, 105, 63, 177, 70, 60, 163, 9, 62, 156, 52, 84, 157, 69, 179, 166, 164]
2026-07-01 13:15:26,868 [trainer.py] => All params: 91696896
2026-07-01 13:15:26,871 [trainer.py] => Trainable params: 5898240
2026-07-01 13:15:28,676 [lora.py] => Learning on 0-10
2026-07-01 13:15:28,683 [lora.py] => Trainable params this task: 302,602 / 91,704,586
2026-07-01 13:16:47,179 [lora.py] => Task 0 finished. Train_accy 19.50
2026-07-01 13:16:50,320 [til_base.py] => TIL top1: 23.32
2026-07-01 13:16:50,320 [til_base.py] => CIL top1: 23.32 | TIL top1: 23.32
2026-07-01 13:16:50,320 [trainer.py] => No NME accuracy.
2026-07-01 13:16:50,321 [trainer.py] => CNN: {'total': np.float64(23.32), '00-09': np.float64(23.32), 'old': 0, 'new': np.float64(23.32)}
2026-07-01 13:16:50,321 [trainer.py] => CNN top1 curve: [np.float64(23.32)]
2026-07-01 13:16:50,321 [trainer.py] => CNN top5 curve: [np.float64(72.84)]

2026-07-01 13:16:50,321 [trainer.py] => Average Accuracy (CNN): 23.32 

2026-07-01 13:16:50,327 [trainer.py] => All params: 91704586
2026-07-01 13:16:50,332 [trainer.py] => Trainable params: 302602
2026-07-01 13:16:50,334 [lora.py] => Learning on 10-20
2026-07-01 13:16:50,349 [lora.py] => Trainable params this task: 310,292 / 91,712,276
2026-07-01 13:18:10,737 [lora.py] => Task 1 finished. Train_accy 27.65
2026-07-01 13:18:16,445 [til_base.py] => TIL top1: 18.77
2026-07-01 13:18:16,446 [til_base.py] => CIL top1: 11.36 | TIL top1: 18.77
2026-07-01 13:18:16,446 [trainer.py] => No NME accuracy.
2026-07-01 13:18:16,446 [trainer.py] => CNN: {'total': np.float64(11.36), '00-09': np.float64(4.47), '10-19': np.float64(18.07), 'old': np.float64(4.47), 'new': np.float64(18.07)}
2026-07-01 13:18:16,446 [trainer.py] => CNN top1 curve: [np.float64(23.32), np.float64(11.36)]
2026-07-01 13:18:16,446 [trainer.py] => CNN top5 curve: [np.float64(72.84), np.float64(39.91)]

2026-07-01 13:18:16,446 [trainer.py] => Average Accuracy (CNN): 17.34 

2026-07-01 13:18:16,449 [trainer.py] => All params: 91712276
2026-07-01 13:18:16,451 [trainer.py] => Trainable params: 310292
2026-07-01 13:18:16,452 [lora.py] => Learning on 20-30
2026-07-01 13:18:16,459 [lora.py] => Trainable params this task: 317,982 / 91,719,966
2026-07-01 13:19:34,250 [lora.py] => Task 2 finished. Train_accy 25.82
2026-07-01 13:19:42,543 [til_base.py] => TIL top1: 18.94
2026-07-01 13:19:42,543 [til_base.py] => CIL top1: 8.51 | TIL top1: 18.94
2026-07-01 13:19:42,544 [trainer.py] => No NME accuracy.
2026-07-01 13:19:42,544 [trainer.py] => CNN: {'total': np.float64(8.51), '00-09': np.float64(0.32), '10-19': np.float64(0.0), '20-29': np.float64(25.82), 'old': np.float64(0.16), 'new': np.float64(25.82)}
2026-07-01 13:19:42,544 [trainer.py] => CNN top1 curve: [np.float64(23.32), np.float64(11.36), np.float64(8.51)]
2026-07-01 13:19:42,544 [trainer.py] => CNN top5 curve: [np.float64(72.84), np.float64(39.91), np.float64(29.79)]

2026-07-01 13:19:42,544 [trainer.py] => Average Accuracy (CNN): 14.396666666666667 

2026-07-01 13:19:42,547 [trainer.py] => All params: 91719966
2026-07-01 13:19:42,549 [trainer.py] => Trainable params: 317982
2026-07-01 13:19:42,550 [lora.py] => Learning on 30-40
2026-07-01 13:19:42,557 [lora.py] => Trainable params this task: 325,672 / 91,727,656
2026-07-01 13:21:12,153 [lora.py] => Task 3 finished. Train_accy 24.69
2026-07-01 13:21:23,117 [til_base.py] => TIL top1: 19.28
2026-07-01 13:21:23,117 [til_base.py] => CIL top1: 7.32 | TIL top1: 19.28
2026-07-01 13:21:23,117 [trainer.py] => No NME accuracy.
2026-07-01 13:21:23,117 [trainer.py] => CNN: {'total': np.float64(7.32), '00-09': np.float64(0.0), '10-19': np.float64(0.0), '20-29': np.float64(0.33), '30-39': np.float64(26.33), 'old': np.float64(0.11), 'new': np.float64(26.33)}
2026-07-01 13:21:23,117 [trainer.py] => CNN top1 curve: [np.float64(23.32), np.float64(11.36), np.float64(8.51), np.float64(7.32)]
2026-07-01 13:21:23,117 [trainer.py] => CNN top5 curve: [np.float64(72.84), np.float64(39.91), np.float64(29.79), np.float64(23.67)]

2026-07-01 13:21:23,117 [trainer.py] => Average Accuracy (CNN): 12.6275 

2026-07-01 13:21:23,121 [trainer.py] => All params: 91727656
2026-07-01 13:21:23,123 [trainer.py] => Trainable params: 325672
2026-07-01 13:21:23,124 [lora.py] => Learning on 40-50
2026-07-01 13:21:23,131 [lora.py] => Trainable params this task: 333,362 / 91,735,346
2026-07-01 13:22:51,945 [lora.py] => Task 4 finished. Train_accy 27.82
2026-07-01 13:23:05,818 [til_base.py] => TIL top1: 16.21
2026-07-01 13:23:05,819 [til_base.py] => CIL top1: 5.75 | TIL top1: 16.21
2026-07-01 13:23:05,819 [trainer.py] => No NME accuracy.
2026-07-01 13:23:05,819 [trainer.py] => CNN: {'total': np.float64(5.75), '00-09': np.float64(0.0), '10-19': np.float64(0.0), '20-29': np.float64(10.78), '30-39': np.float64(2.8), '40-49': np.float64(14.61), 'old': np.float64(3.32), 'new': np.float64(14.61)}
2026-07-01 13:23:05,819 [trainer.py] => CNN top1 curve: [np.float64(23.32), np.float64(11.36), np.float64(8.51), np.float64(7.32), np.float64(5.75)]
2026-07-01 13:23:05,819 [trainer.py] => CNN top5 curve: [np.float64(72.84), np.float64(39.91), np.float64(29.79), np.float64(23.67), np.float64(18.81)]

2026-07-01 13:23:05,819 [trainer.py] => Average Accuracy (CNN): 11.251999999999999 

2026-07-01 13:23:05,822 [trainer.py] => All params: 91735346
2026-07-01 13:23:05,824 [trainer.py] => Trainable params: 333362
2026-07-01 13:23:05,825 [lora.py] => Learning on 50-60
2026-07-01 13:23:05,832 [lora.py] => Trainable params this task: 341,052 / 91,743,036
2026-07-01 13:24:20,070 [lora.py] => Task 5 finished. Train_accy 24.87
2026-07-01 13:24:36,563 [til_base.py] => TIL top1: 18.85
2026-07-01 13:24:36,563 [til_base.py] => CIL top1: 5.05 | TIL top1: 18.85
2026-07-01 13:24:36,563 [trainer.py] => No NME accuracy.
2026-07-01 13:24:36,563 [trainer.py] => CNN: {'total': np.float64(5.05), '00-09': np.float64(0.0), '10-19': np.float64(0.0), '20-29': np.float64(0.0), '30-39': np.float64(1.68), '40-49': np.float64(21.35), '50-59': np.float64(5.54), 'old': np.float64(4.96), 'new': np.float64(5.54)}
2026-07-01 13:24:36,563 [trainer.py] => CNN top1 curve: [np.float64(23.32), np.float64(11.36), np.float64(8.51), np.float64(7.32), np.float64(5.75), np.float64(5.05)]
2026-07-01 13:24:36,564 [trainer.py] => CNN top5 curve: [np.float64(72.84), np.float64(39.91), np.float64(29.79), np.float64(23.67), np.float64(18.81), np.float64(19.31)]

2026-07-01 13:24:36,564 [trainer.py] => Average Accuracy (CNN): 10.218333333333332 

2026-07-01 13:24:36,567 [trainer.py] => All params: 91743036
2026-07-01 13:24:36,569 [trainer.py] => Trainable params: 341052
2026-07-01 13:24:36,570 [lora.py] => Learning on 60-70
2026-07-01 13:24:36,577 [lora.py] => Trainable params this task: 348,742 / 91,750,726
2026-07-01 13:26:05,984 [lora.py] => Task 6 finished. Train_accy 25.00
2026-07-01 13:26:25,229 [til_base.py] => TIL top1: 18.59
2026-07-01 13:26:25,229 [til_base.py] => CIL top1: 4.22 | TIL top1: 18.59
2026-07-01 13:26:25,229 [trainer.py] => No NME accuracy.
2026-07-01 13:26:25,229 [trainer.py] => CNN: {'total': np.float64(4.22), '00-09': np.float64(0.0), '10-19': np.float64(0.0), '20-29': np.float64(0.0), '30-39': np.float64(0.84), '40-49': np.float64(6.18), '50-59': np.float64(11.42), '60-69': np.float64(10.99), 'old': np.float64(2.99), 'new': np.float64(10.99)}
2026-07-01 13:26:25,229 [trainer.py] => CNN top1 curve: [np.float64(23.32), np.float64(11.36), np.float64(8.51), np.float64(7.32), np.float64(5.75), np.float64(5.05), np.float64(4.22)]
2026-07-01 13:26:25,229 [trainer.py] => CNN top5 curve: [np.float64(72.84), np.float64(39.91), np.float64(29.79), np.float64(23.67), np.float64(18.81), np.float64(19.31), np.float64(15.54)]

2026-07-01 13:26:25,230 [trainer.py] => Average Accuracy (CNN): 9.361428571428572 

2026-07-01 13:26:25,236 [trainer.py] => All params: 91750726
2026-07-01 13:26:25,241 [trainer.py] => Trainable params: 348742
2026-07-01 13:26:25,243 [lora.py] => Learning on 70-80
2026-07-01 13:26:25,256 [lora.py] => Trainable params this task: 356,432 / 91,758,416
2026-07-01 13:27:42,991 [lora.py] => Task 7 finished. Train_accy 23.72
2026-07-01 13:28:04,645 [til_base.py] => TIL top1: 19.06
2026-07-01 13:28:04,646 [til_base.py] => CIL top1: 3.61 | TIL top1: 19.06
2026-07-01 13:28:04,646 [trainer.py] => No NME accuracy.
2026-07-01 13:28:04,646 [trainer.py] => CNN: {'total': np.float64(3.61), '00-09': np.float64(0.0), '10-19': np.float64(0.0), '20-29': np.float64(0.0), '30-39': np.float64(2.8), '40-49': np.float64(5.34), '50-59': np.float64(12.11), '60-69': np.float64(1.69), '70-79': np.float64(7.87), 'old': np.float64(3.05), 'new': np.float64(7.87)}
2026-07-01 13:28:04,646 [trainer.py] => CNN top1 curve: [np.float64(23.32), np.float64(11.36), np.float64(8.51), np.float64(7.32), np.float64(5.75), np.float64(5.05), np.float64(4.22), np.float64(3.61)]
2026-07-01 13:28:04,646 [trainer.py] => CNN top5 curve: [np.float64(72.84), np.float64(39.91), np.float64(29.79), np.float64(23.67), np.float64(18.81), np.float64(19.31), np.float64(15.54), np.float64(15.1)]

2026-07-01 13:28:04,646 [trainer.py] => Average Accuracy (CNN): 8.6425 

2026-07-01 13:28:04,649 [trainer.py] => All params: 91758416
2026-07-01 13:28:04,651 [trainer.py] => Trainable params: 356432
2026-07-01 13:28:04,652 [lora.py] => Learning on 80-90
2026-07-01 13:28:04,660 [lora.py] => Trainable params this task: 364,122 / 91,766,106
2026-07-01 13:28:58,642 [lora.py] => Task 8 finished. Train_accy 20.61
2026-07-01 13:29:22,166 [til_base.py] => TIL top1: 18.27
2026-07-01 13:29:22,166 [til_base.py] => CIL top1: 3.18 | TIL top1: 18.27
2026-07-01 13:29:22,166 [trainer.py] => No NME accuracy.
2026-07-01 13:29:22,166 [trainer.py] => CNN: {'total': np.float64(3.18), '00-09': np.float64(0.0), '10-19': np.float64(0.0), '20-29': np.float64(0.0), '30-39': np.float64(14.01), '40-49': np.float64(3.09), '50-59': np.float64(0.0), '60-69': np.float64(0.28), '70-79': np.float64(7.54), '80-89': np.float64(1.99), 'old': np.float64(3.27), 'new': np.float64(1.99)}
2026-07-01 13:29:22,166 [trainer.py] => CNN top1 curve: [np.float64(23.32), np.float64(11.36), np.float64(8.51), np.float64(7.32), np.float64(5.75), np.float64(5.05), np.float64(4.22), np.float64(3.61), np.float64(3.18)]
2026-07-01 13:29:22,166 [trainer.py] => CNN top5 curve: [np.float64(72.84), np.float64(39.91), np.float64(29.79), np.float64(23.67), np.float64(18.81), np.float64(19.31), np.float64(15.54), np.float64(15.1), np.float64(12.74)]

2026-07-01 13:29:22,166 [trainer.py] => Average Accuracy (CNN): 8.035555555555556 

2026-07-01 13:29:22,169 [trainer.py] => All params: 91766106
2026-07-01 13:29:22,171 [trainer.py] => Trainable params: 364122
2026-07-01 13:29:22,172 [lora.py] => Learning on 90-100
2026-07-01 13:29:22,179 [lora.py] => Trainable params this task: 371,812 / 91,773,796
2026-07-01 13:30:12,997 [lora.py] => Task 9 finished. Train_accy 20.98
2026-07-01 13:30:38,427 [til_base.py] => TIL top1: 19.25
2026-07-01 13:30:38,428 [til_base.py] => CIL top1: 3.14 | TIL top1: 19.25
2026-07-01 13:30:38,428 [trainer.py] => No NME accuracy.
2026-07-01 13:30:38,428 [trainer.py] => CNN: {'total': np.float64(3.14), '00-09': np.float64(0.0), '10-19': np.float64(0.0), '20-29': np.float64(0.0), '30-39': np.float64(5.04), '40-49': np.float64(8.15), '50-59': np.float64(4.5), '60-69': np.float64(4.51), '70-79': np.float64(3.93), '80-89': np.float64(2.99), '90-99': np.float64(0.0), 'old': np.float64(3.35), 'new': np.float64(0.0)}
2026-07-01 13:30:38,428 [trainer.py] => CNN top1 curve: [np.float64(23.32), np.float64(11.36), np.float64(8.51), np.float64(7.32), np.float64(5.75), np.float64(5.05), np.float64(4.22), np.float64(3.61), np.float64(3.18), np.float64(3.14)]
2026-07-01 13:30:38,428 [trainer.py] => CNN top5 curve: [np.float64(72.84), np.float64(39.91), np.float64(29.79), np.float64(23.67), np.float64(18.81), np.float64(19.31), np.float64(15.54), np.float64(15.1), np.float64(12.74), np.float64(12.07)]

2026-07-01 13:30:38,428 [trainer.py] => Average Accuracy (CNN): 7.546000000000001 

2026-07-01 13:30:38,431 [trainer.py] => All params: 91773796
2026-07-01 13:30:38,433 [trainer.py] => Trainable params: 371812
2026-07-01 13:30:38,434 [lora.py] => Learning on 100-110
2026-07-01 13:30:38,441 [lora.py] => Trainable params this task: 379,502 / 91,781,486
2026-07-01 13:31:52,068 [lora.py] => Task 10 finished. Train_accy 26.08
2026-07-01 13:32:19,870 [til_base.py] => TIL top1: 17.76
2026-07-01 13:32:19,870 [til_base.py] => CIL top1: 1.46 | TIL top1: 17.76
2026-07-01 13:32:19,870 [trainer.py] => No NME accuracy.
2026-07-01 13:32:19,870 [trainer.py] => CNN: {'total': np.float64(1.46), '00-09': np.float64(0.0), '10-19': np.float64(0.0), '20-29': np.float64(0.0), '30-39': np.float64(1.4), '40-49': np.float64(0.28), '50-59': np.float64(2.77), '60-69': np.float64(0.28), '70-79': np.float64(0.0), '80-89': np.float64(7.46), '90-99': np.float64(1.06), '100-109': np.float64(5.61), 'old': np.float64(1.07), 'new': np.float64(5.61)}
2026-07-01 13:32:19,871 [trainer.py] => CNN top1 curve: [np.float64(23.32), np.float64(11.36), np.float64(8.51), np.float64(7.32), np.float64(5.75), np.float64(5.05), np.float64(4.22), np.float64(3.61), np.float64(3.18), np.float64(3.14), np.float64(1.46)]
2026-07-01 13:32:19,871 [trainer.py] => CNN top5 curve: [np.float64(72.84), np.float64(39.91), np.float64(29.79), np.float64(23.67), np.float64(18.81), np.float64(19.31), np.float64(15.54), np.float64(15.1), np.float64(12.74), np.float64(12.07), np.float64(9.0)]

2026-07-01 13:32:19,871 [trainer.py] => Average Accuracy (CNN): 6.992727272727273 

2026-07-01 13:32:19,874 [trainer.py] => All params: 91781486
2026-07-01 13:32:19,876 [trainer.py] => Trainable params: 379502
2026-07-01 13:32:19,877 [lora.py] => Learning on 110-120
2026-07-01 13:32:19,884 [lora.py] => Trainable params this task: 387,192 / 91,789,176
2026-07-01 13:33:46,208 [lora.py] => Task 11 finished. Train_accy 28.43
2026-07-01 13:34:16,866 [til_base.py] => TIL top1: 18.73
2026-07-01 13:34:16,866 [til_base.py] => CIL top1: 2.15 | TIL top1: 18.73
2026-07-01 13:34:16,866 [trainer.py] => No NME accuracy.
2026-07-01 13:34:16,866 [trainer.py] => CNN: {'total': np.float64(2.15), '00-09': np.float64(0.0), '10-19': np.float64(0.0), '20-29': np.float64(0.0), '30-39': np.float64(4.2), '40-49': np.float64(1.4), '50-59': np.float64(1.04), '60-69': np.float64(0.0), '70-79': np.float64(0.0), '80-89': np.float64(0.0), '90-99': np.float64(0.0), '100-109': np.float64(3.16), '110-119': np.float64(13.41), 'old': np.float64(0.98), 'new': np.float64(13.41)}
2026-07-01 13:34:16,867 [trainer.py] => CNN top1 curve: [np.float64(23.32), np.float64(11.36), np.float64(8.51), np.float64(7.32), np.float64(5.75), np.float64(5.05), np.float64(4.22), np.float64(3.61), np.float64(3.18), np.float64(3.14), np.float64(1.46), np.float64(2.15)]
2026-07-01 13:34:16,867 [trainer.py] => CNN top5 curve: [np.float64(72.84), np.float64(39.91), np.float64(29.79), np.float64(23.67), np.float64(18.81), np.float64(19.31), np.float64(15.54), np.float64(15.1), np.float64(12.74), np.float64(12.07), np.float64(9.0), np.float64(9.78)]

2026-07-01 13:34:16,867 [trainer.py] => Average Accuracy (CNN): 6.589166666666667 

2026-07-01 13:34:16,873 [trainer.py] => All params: 91789176
2026-07-01 13:34:16,878 [trainer.py] => Trainable params: 387192
2026-07-01 13:34:16,880 [lora.py] => Learning on 120-130
2026-07-01 13:34:16,894 [lora.py] => Trainable params this task: 394,882 / 91,796,866
2026-07-01 13:35:14,750 [lora.py] => Task 12 finished. Train_accy 25.25
2026-07-01 13:35:47,488 [til_base.py] => TIL top1: 18.0
2026-07-01 13:35:47,489 [til_base.py] => CIL top1: 2.21 | TIL top1: 18.0
2026-07-01 13:35:47,489 [trainer.py] => No NME accuracy.
2026-07-01 13:35:47,489 [trainer.py] => CNN: {'total': np.float64(2.21), '00-09': np.float64(0.0), '10-19': np.float64(0.0), '20-29': np.float64(0.0), '30-39': np.float64(2.24), '40-49': np.float64(3.09), '50-59': np.float64(0.0), '60-69': np.float64(0.28), '70-79': np.float64(0.0), '80-89': np.float64(0.0), '90-99': np.float64(0.0), '100-109': np.float64(0.7), '110-119': np.float64(12.83), '120-129': np.float64(8.68), 'old': np.float64(1.82), 'new': np.float64(8.68)}
2026-07-01 13:35:47,489 [trainer.py] => CNN top1 curve: [np.float64(23.32), np.float64(11.36), np.float64(8.51), np.float64(7.32), np.float64(5.75), np.float64(5.05), np.float64(4.22), np.float64(3.61), np.float64(3.18), np.float64(3.14), np.float64(1.46), np.float64(2.15), np.float64(2.21)]
2026-07-01 13:35:47,489 [trainer.py] => CNN top5 curve: [np.float64(72.84), np.float64(39.91), np.float64(29.79), np.float64(23.67), np.float64(18.81), np.float64(19.31), np.float64(15.54), np.float64(15.1), np.float64(12.74), np.float64(12.07), np.float64(9.0), np.float64(9.78), np.float64(8.78)]

2026-07-01 13:35:47,489 [trainer.py] => Average Accuracy (CNN): 6.252307692307692 

2026-07-01 13:35:47,492 [trainer.py] => All params: 91796866
2026-07-01 13:35:47,494 [trainer.py] => Trainable params: 394882
2026-07-01 13:35:47,496 [lora.py] => Learning on 130-140
2026-07-01 13:35:47,503 [lora.py] => Trainable params this task: 402,572 / 91,804,556
2026-07-01 13:37:05,819 [lora.py] => Task 13 finished. Train_accy 24.48
2026-07-01 13:37:40,999 [til_base.py] => TIL top1: 17.7
2026-07-01 13:37:40,999 [til_base.py] => CIL top1: 2.0 | TIL top1: 17.7
2026-07-01 13:37:40,999 [trainer.py] => No NME accuracy.
2026-07-01 13:37:41,000 [trainer.py] => CNN: {'total': np.float64(2.0), '00-09': np.float64(0.0), '10-19': np.float64(0.0), '20-29': np.float64(0.0), '30-39': np.float64(17.93), '40-49': np.float64(0.0), '50-59': np.float64(0.0), '60-69': np.float64(0.0), '70-79': np.float64(0.0), '80-89': np.float64(0.0), '90-99': np.float64(0.0), '100-109': np.float64(0.0), '110-119': np.float64(0.58), '120-129': np.float64(0.0), '130-139': np.float64(5.54), 'old': np.float64(1.72), 'new': np.float64(5.54)}
2026-07-01 13:37:41,000 [trainer.py] => CNN top1 curve: [np.float64(23.32), np.float64(11.36), np.float64(8.51), np.float64(7.32), np.float64(5.75), np.float64(5.05), np.float64(4.22), np.float64(3.61), np.float64(3.18), np.float64(3.14), np.float64(1.46), np.float64(2.15), np.float64(2.21), np.float64(2.0)]
2026-07-01 13:37:41,000 [trainer.py] => CNN top5 curve: [np.float64(72.84), np.float64(39.91), np.float64(29.79), np.float64(23.67), np.float64(18.81), np.float64(19.31), np.float64(15.54), np.float64(15.1), np.float64(12.74), np.float64(12.07), np.float64(9.0), np.float64(9.78), np.float64(8.78), np.float64(8.68)]

2026-07-01 13:37:41,000 [trainer.py] => Average Accuracy (CNN): 5.948571428571428 

2026-07-01 13:37:41,005 [trainer.py] => All params: 91804556
2026-07-01 13:37:41,008 [trainer.py] => Trainable params: 402572
2026-07-01 13:37:41,011 [lora.py] => Learning on 140-150
2026-07-01 13:37:41,023 [lora.py] => Trainable params this task: 410,262 / 91,812,246
2026-07-01 13:38:48,448 [lora.py] => Task 14 finished. Train_accy 18.99
2026-07-01 13:39:25,849 [til_base.py] => TIL top1: 16.67
2026-07-01 13:39:25,849 [til_base.py] => CIL top1: 1.64 | TIL top1: 16.67
2026-07-01 13:39:25,849 [trainer.py] => No NME accuracy.
2026-07-01 13:39:25,850 [trainer.py] => CNN: {'total': np.float64(1.64), '00-09': np.float64(0.0), '10-19': np.float64(0.0), '20-29': np.float64(0.0), '30-39': np.float64(10.08), '40-49': np.float64(1.4), '50-59': np.float64(3.11), '60-69': np.float64(0.0), '70-79': np.float64(0.0), '80-89': np.float64(0.0), '90-99': np.float64(0.0), '100-109': np.float64(0.0), '110-119': np.float64(1.17), '120-129': np.float64(0.0), '130-139': np.float64(5.21), '140-149': np.float64(0.78), 'old': np.float64(1.69), 'new': np.float64(0.78)}
2026-07-01 13:39:25,850 [trainer.py] => CNN top1 curve: [np.float64(23.32), np.float64(11.36), np.float64(8.51), np.float64(7.32), np.float64(5.75), np.float64(5.05), np.float64(4.22), np.float64(3.61), np.float64(3.18), np.float64(3.14), np.float64(1.46), np.float64(2.15), np.float64(2.21), np.float64(2.0), np.float64(1.64)]
2026-07-01 13:39:25,850 [trainer.py] => CNN top5 curve: [np.float64(72.84), np.float64(39.91), np.float64(29.79), np.float64(23.67), np.float64(18.81), np.float64(19.31), np.float64(15.54), np.float64(15.1), np.float64(12.74), np.float64(12.07), np.float64(9.0), np.float64(9.78), np.float64(8.78), np.float64(8.68), np.float64(6.52)]

2026-07-01 13:39:25,850 [trainer.py] => Average Accuracy (CNN): 5.661333333333333 

2026-07-01 13:39:25,853 [trainer.py] => All params: 91812246
2026-07-01 13:39:25,855 [trainer.py] => Trainable params: 410262
2026-07-01 13:39:25,856 [lora.py] => Learning on 150-160
2026-07-01 13:39:25,864 [lora.py] => Trainable params this task: 417,952 / 91,819,936
2026-07-01 13:40:37,538 [lora.py] => Task 15 finished. Train_accy 20.99
2026-07-01 13:41:17,358 [til_base.py] => TIL top1: 16.88
2026-07-01 13:41:17,358 [til_base.py] => CIL top1: 1.47 | TIL top1: 16.88
2026-07-01 13:41:17,358 [trainer.py] => No NME accuracy.
2026-07-01 13:41:17,358 [trainer.py] => CNN: {'total': np.float64(1.47), '00-09': np.float64(0.0), '10-19': np.float64(0.0), '20-29': np.float64(0.0), '30-39': np.float64(2.8), '40-49': np.float64(8.71), '50-59': np.float64(0.0), '60-69': np.float64(1.41), '70-79': np.float64(0.0), '80-89': np.float64(0.5), '90-99': np.float64(0.0), '100-109': np.float64(0.0), '110-119': np.float64(0.29), '120-129': np.float64(0.0), '130-139': np.float64(0.33), '140-149': np.float64(0.0), '150-159': np.float64(7.19), 'old': np.float64(1.11), 'new': np.float64(7.19)}
2026-07-01 13:41:17,358 [trainer.py] => CNN top1 curve: [np.float64(23.32), np.float64(11.36), np.float64(8.51), np.float64(7.32), np.float64(5.75), np.float64(5.05), np.float64(4.22), np.float64(3.61), np.float64(3.18), np.float64(3.14), np.float64(1.46), np.float64(2.15), np.float64(2.21), np.float64(2.0), np.float64(1.64), np.float64(1.47)]
2026-07-01 13:41:17,359 [trainer.py] => CNN top5 curve: [np.float64(72.84), np.float64(39.91), np.float64(29.79), np.float64(23.67), np.float64(18.81), np.float64(19.31), np.float64(15.54), np.float64(15.1), np.float64(12.74), np.float64(12.07), np.float64(9.0), np.float64(9.78), np.float64(8.78), np.float64(8.68), np.float64(6.52), np.float64(6.82)]

2026-07-01 13:41:17,359 [trainer.py] => Average Accuracy (CNN): 5.399375 

2026-07-01 13:41:17,362 [trainer.py] => All params: 91819936
2026-07-01 13:41:17,364 [trainer.py] => Trainable params: 417952
2026-07-01 13:41:17,366 [lora.py] => Learning on 160-170
2026-07-01 13:41:17,373 [lora.py] => Trainable params this task: 425,642 / 91,827,626
2026-07-01 13:42:39,377 [lora.py] => Task 16 finished. Train_accy 23.62
2026-07-01 13:43:21,770 [til_base.py] => TIL top1: 17.6
2026-07-01 13:43:21,770 [til_base.py] => CIL top1: 1.5 | TIL top1: 17.6
2026-07-01 13:43:21,770 [trainer.py] => No NME accuracy.
2026-07-01 13:43:21,770 [trainer.py] => CNN: {'total': np.float64(1.5), '00-09': np.float64(0.0), '10-19': np.float64(0.0), '20-29': np.float64(0.0), '30-39': np.float64(0.28), '40-49': np.float64(1.69), '50-59': np.float64(0.0), '60-69': np.float64(0.56), '70-79': np.float64(0.0), '80-89': np.float64(0.0), '90-99': np.float64(0.0), '100-109': np.float64(0.0), '110-119': np.float64(1.46), '120-129': np.float64(0.0), '130-139': np.float64(0.65), '140-149': np.float64(0.0), '150-159': np.float64(0.36), '160-169': np.float64(18.07), 'old': np.float64(0.36), 'new': np.float64(18.07)}
2026-07-01 13:43:21,770 [trainer.py] => CNN top1 curve: [np.float64(23.32), np.float64(11.36), np.float64(8.51), np.float64(7.32), np.float64(5.75), np.float64(5.05), np.float64(4.22), np.float64(3.61), np.float64(3.18), np.float64(3.14), np.float64(1.46), np.float64(2.15), np.float64(2.21), np.float64(2.0), np.float64(1.64), np.float64(1.47), np.float64(1.5)]
2026-07-01 13:43:21,770 [trainer.py] => CNN top5 curve: [np.float64(72.84), np.float64(39.91), np.float64(29.79), np.float64(23.67), np.float64(18.81), np.float64(19.31), np.float64(15.54), np.float64(15.1), np.float64(12.74), np.float64(12.07), np.float64(9.0), np.float64(9.78), np.float64(8.78), np.float64(8.68), np.float64(6.52), np.float64(6.82), np.float64(6.76)]

2026-07-01 13:43:21,771 [trainer.py] => Average Accuracy (CNN): 5.17 

2026-07-01 13:43:21,777 [trainer.py] => All params: 91827626
2026-07-01 13:43:21,781 [trainer.py] => Trainable params: 425642
2026-07-01 13:43:21,784 [lora.py] => Learning on 170-180
2026-07-01 13:43:21,800 [lora.py] => Trainable params this task: 433,332 / 91,835,316
2026-07-01 13:44:33,064 [lora.py] => Task 17 finished. Train_accy 21.78
2026-07-01 13:45:17,878 [til_base.py] => TIL top1: 17.37
2026-07-01 13:45:17,879 [til_base.py] => CIL top1: 1.37 | TIL top1: 17.37
2026-07-01 13:45:17,879 [trainer.py] => No NME accuracy.
2026-07-01 13:45:17,879 [trainer.py] => CNN: {'total': np.float64(1.37), '00-09': np.float64(0.0), '10-19': np.float64(0.0), '20-29': np.float64(0.0), '30-39': np.float64(0.28), '40-49': np.float64(1.69), '50-59': np.float64(0.0), '60-69': np.float64(0.0), '70-79': np.float64(0.0), '80-89': np.float64(0.0), '90-99': np.float64(0.0), '100-109': np.float64(0.0), '110-119': np.float64(0.29), '120-129': np.float64(0.46), '130-139': np.float64(0.33), '140-149': np.float64(0.0), '150-159': np.float64(0.72), '160-169': np.float64(18.69), '170-179': np.float64(0.0), 'old': np.float64(1.44), 'new': np.float64(0.0)}
2026-07-01 13:45:17,879 [trainer.py] => CNN top1 curve: [np.float64(23.32), np.float64(11.36), np.float64(8.51), np.float64(7.32), np.float64(5.75), np.float64(5.05), np.float64(4.22), np.float64(3.61), np.float64(3.18), np.float64(3.14), np.float64(1.46), np.float64(2.15), np.float64(2.21), np.float64(2.0), np.float64(1.64), np.float64(1.47), np.float64(1.5), np.float64(1.37)]
2026-07-01 13:45:17,879 [trainer.py] => CNN top5 curve: [np.float64(72.84), np.float64(39.91), np.float64(29.79), np.float64(23.67), np.float64(18.81), np.float64(19.31), np.float64(15.54), np.float64(15.1), np.float64(12.74), np.float64(12.07), np.float64(9.0), np.float64(9.78), np.float64(8.78), np.float64(8.68), np.float64(6.52), np.float64(6.82), np.float64(6.76), np.float64(6.5)]

2026-07-01 13:45:17,879 [trainer.py] => Average Accuracy (CNN): 4.95888888888889 

2026-07-01 13:45:17,884 [trainer.py] => All params: 91835316
2026-07-01 13:45:17,887 [trainer.py] => Trainable params: 433332
2026-07-01 13:45:17,889 [lora.py] => Learning on 180-190
2026-07-01 13:45:17,901 [lora.py] => Trainable params this task: 441,022 / 91,843,006
2026-07-01 13:46:43,468 [lora.py] => Task 18 finished. Train_accy 23.11
2026-07-01 13:47:30,849 [til_base.py] => TIL top1: 17.61
2026-07-01 13:47:30,849 [til_base.py] => CIL top1: 1.6 | TIL top1: 17.61
2026-07-01 13:47:30,849 [trainer.py] => No NME accuracy.
2026-07-01 13:47:30,849 [trainer.py] => CNN: {'total': np.float64(1.6), '00-09': np.float64(0.0), '10-19': np.float64(0.0), '20-29': np.float64(0.0), '30-39': np.float64(10.92), '40-49': np.float64(3.65), '50-59': np.float64(0.0), '60-69': np.float64(0.0), '70-79': np.float64(0.0), '80-89': np.float64(0.0), '90-99': np.float64(0.0), '100-109': np.float64(0.0), '110-119': np.float64(0.87), '120-129': np.float64(0.0), '130-139': np.float64(0.0), '140-149': np.float64(0.39), '150-159': np.float64(0.36), '160-169': np.float64(8.72), '170-179': np.float64(0.0), '180-189': np.float64(1.48), 'old': np.float64(1.61), 'new': np.float64(1.48)}
2026-07-01 13:47:30,849 [trainer.py] => CNN top1 curve: [np.float64(23.32), np.float64(11.36), np.float64(8.51), np.float64(7.32), np.float64(5.75), np.float64(5.05), np.float64(4.22), np.float64(3.61), np.float64(3.18), np.float64(3.14), np.float64(1.46), np.float64(2.15), np.float64(2.21), np.float64(2.0), np.float64(1.64), np.float64(1.47), np.float64(1.5), np.float64(1.37), np.float64(1.6)]
2026-07-01 13:47:30,849 [trainer.py] => CNN top5 curve: [np.float64(72.84), np.float64(39.91), np.float64(29.79), np.float64(23.67), np.float64(18.81), np.float64(19.31), np.float64(15.54), np.float64(15.1), np.float64(12.74), np.float64(12.07), np.float64(9.0), np.float64(9.78), np.float64(8.78), np.float64(8.68), np.float64(6.52), np.float64(6.82), np.float64(6.76), np.float64(6.5), np.float64(5.85)]

2026-07-01 13:47:30,850 [trainer.py] => Average Accuracy (CNN): 4.782105263157895 

2026-07-01 13:47:30,853 [trainer.py] => All params: 91843006
2026-07-01 13:47:30,855 [trainer.py] => Trainable params: 441022
2026-07-01 13:47:30,856 [lora.py] => Learning on 190-200
2026-07-01 13:47:30,863 [lora.py] => Trainable params this task: 448,712 / 91,850,696
2026-07-01 13:48:51,053 [lora.py] => Task 19 finished. Train_accy 21.38
2026-07-01 13:49:41,050 [til_base.py] => TIL top1: 17.64
2026-07-01 13:49:41,051 [til_base.py] => CIL top1: 1.25 | TIL top1: 17.64
2026-07-01 13:49:41,051 [trainer.py] => No NME accuracy.
2026-07-01 13:49:41,051 [trainer.py] => CNN: {'total': np.float64(1.25), '00-09': np.float64(0.0), '10-19': np.float64(0.0), '20-29': np.float64(0.0), '30-39': np.float64(8.4), '40-49': np.float64(0.0), '50-59': np.float64(0.0), '60-69': np.float64(0.0), '70-79': np.float64(0.0), '80-89': np.float64(0.0), '90-99': np.float64(0.0), '100-109': np.float64(0.0), '110-119': np.float64(0.29), '120-129': np.float64(0.91), '130-139': np.float64(0.33), '140-149': np.float64(0.0), '150-159': np.float64(0.72), '160-169': np.float64(6.23), '170-179': np.float64(0.74), '180-189': np.float64(2.67), '190-199': np.float64(2.23), 'old': np.float64(1.19), 'new': np.float64(2.23)}
2026-07-01 13:49:41,051 [trainer.py] => CNN top1 curve: [np.float64(23.32), np.float64(11.36), np.float64(8.51), np.float64(7.32), np.float64(5.75), np.float64(5.05), np.float64(4.22), np.float64(3.61), np.float64(3.18), np.float64(3.14), np.float64(1.46), np.float64(2.15), np.float64(2.21), np.float64(2.0), np.float64(1.64), np.float64(1.47), np.float64(1.5), np.float64(1.37), np.float64(1.6), np.float64(1.25)]
2026-07-01 13:49:41,051 [trainer.py] => CNN top5 curve: [np.float64(72.84), np.float64(39.91), np.float64(29.79), np.float64(23.67), np.float64(18.81), np.float64(19.31), np.float64(15.54), np.float64(15.1), np.float64(12.74), np.float64(12.07), np.float64(9.0), np.float64(9.78), np.float64(8.78), np.float64(8.68), np.float64(6.52), np.float64(6.82), np.float64(6.76), np.float64(6.5), np.float64(5.85), np.float64(6.14)]

2026-07-01 13:49:41,051 [trainer.py] => Average Accuracy (CNN): 4.6055 

2026-07-01 13:49:41,053 [trainer.py] => Forgetting (CNN): 10.389473684210527
2026-07-01 13:49:41,053 [trainer.py] => Forgetting (NME): 10.389473684210527
2026-07-01 13:49:41,055 [trainer.py] => Forgetting (TIL): 6.652631578947368
2026-07-01 14:23:51,957 [trainer.py] => config: ./exps/seqlora_inr20t_task_s1995.json
2026-07-01 14:23:51,957 [trainer.py] => dataset: imagenetr
2026-07-01 14:23:51,957 [trainer.py] => memory_size: 0
2026-07-01 14:23:51,958 [trainer.py] => memory_per_class: 0
2026-07-01 14:23:51,958 [trainer.py] => fixed_memory: False
2026-07-01 14:23:51,958 [trainer.py] => shuffle: True
2026-07-01 14:23:51,958 [trainer.py] => init_cls: 10
2026-07-01 14:23:51,958 [trainer.py] => increment: 10
2026-07-01 14:23:51,958 [trainer.py] => backbone_type: vit_base_patch16_224_lora
2026-07-01 14:23:51,958 [trainer.py] => device: [device(type='cuda', index=0)]
2026-07-01 14:23:51,958 [trainer.py] => seed: 1995
2026-07-01 14:23:51,958 [trainer.py] => scenario: both
2026-07-01 14:23:51,958 [trainer.py] => lora_rank: 8
2026-07-01 14:23:51,958 [trainer.py] => tuned_epoch: 10
2026-07-01 14:23:51,958 [trainer.py] => init_lr: 0.001
2026-07-01 14:23:51,958 [trainer.py] => batch_size: 48
2026-07-01 14:23:51,958 [trainer.py] => weight_decay: 0.0005
2026-07-01 14:23:51,958 [trainer.py] => min_lr: 0.0
2026-07-01 14:23:51,958 [trainer.py] => pretrained: True
2026-07-01 14:23:51,958 [trainer.py] => print_forget: True
2026-07-01 14:23:51,958 [trainer.py] => model_name: seqlora
2026-07-01 14:23:51,958 [trainer.py] => lora_alpha: 32
2026-07-01 14:23:51,958 [trainer.py] => lora_merge: False
2026-07-01 14:23:51,958 [trainer.py] => prefix: inr20t_task
2026-07-01 14:23:52,038 [data_manager.py] => [146, 198, 169, 126, 142, 183, 108, 86, 79, 35, 112, 29, 0, 2, 59, 178, 143, 31, 147, 33, 123, 114, 194, 54, 138, 75, 158, 26, 131, 141, 180, 132, 22, 49, 116, 111, 24, 98, 107, 89, 151, 83, 185, 15, 27, 136, 65, 1, 82, 87, 99, 153, 47, 144, 145, 175, 155, 77, 191, 199, 46, 28, 76, 71, 93, 137, 5, 188, 187, 74, 103, 173, 18, 80, 88, 48, 109, 81, 91, 101, 43, 102, 61, 182, 3, 14, 40, 42, 167, 66, 57, 73, 135, 39, 45, 184, 161, 85, 148, 121, 8, 195, 21, 4, 106, 133, 118, 10, 176, 50, 36, 192, 162, 172, 96, 197, 20, 117, 140, 186, 92, 97, 44, 149, 13, 37, 170, 25, 181, 171, 23, 104, 189, 11, 159, 67, 94, 68, 55, 6, 150, 165, 120, 139, 72, 154, 115, 125, 53, 58, 16, 113, 41, 190, 174, 127, 110, 7, 38, 32, 95, 19, 196, 51, 78, 34, 122, 152, 119, 134, 129, 130, 128, 17, 30, 90, 124, 160, 100, 193, 12, 56, 64, 168, 105, 63, 177, 70, 60, 163, 9, 62, 156, 52, 84, 157, 69, 179, 166, 164]
2026-07-01 14:23:56,017 [trainer.py] => All params: 91696896
2026-07-01 14:23:56,019 [trainer.py] => Trainable params: 5898240
2026-07-01 14:23:57,775 [lora.py] => Learning on 0-10
2026-07-01 14:23:57,781 [lora.py] => Trainable params this task: 302,602 / 91,704,586
2026-07-01 14:25:17,807 [lora.py] => Task 0 finished. Train_accy 94.73
2026-07-01 14:25:20,993 [til_base.py] => TIL top1: 94.57
2026-07-01 14:25:20,993 [til_base.py] => CIL top1: 94.57 | TIL top1: 94.57
2026-07-01 14:25:20,993 [trainer.py] => No NME accuracy.
2026-07-01 14:25:20,993 [trainer.py] => CNN: {'total': np.float64(94.57), '00-09': np.float64(94.57), 'old': 0, 'new': np.float64(94.57)}
2026-07-01 14:25:20,993 [trainer.py] => CNN top1 curve: [np.float64(94.57)]
2026-07-01 14:25:20,994 [trainer.py] => CNN top5 curve: [np.float64(100.0)]

2026-07-01 14:25:20,994 [trainer.py] => Average Accuracy (CNN): 94.57 

2026-07-01 14:25:21,000 [trainer.py] => All params: 91704586
2026-07-01 14:25:21,004 [trainer.py] => Trainable params: 302602
2026-07-01 14:25:21,006 [lora.py] => Learning on 10-20
2026-07-01 14:25:21,021 [lora.py] => Trainable params this task: 310,292 / 91,712,276
2026-07-01 14:26:43,280 [lora.py] => Task 1 finished. Train_accy 94.16
2026-07-01 14:26:49,178 [til_base.py] => TIL top1: 92.27
2026-07-01 14:26:49,179 [til_base.py] => CIL top1: 83.44 | TIL top1: 92.27
2026-07-01 14:26:49,179 [trainer.py] => No NME accuracy.
2026-07-01 14:26:49,179 [trainer.py] => CNN: {'total': np.float64(83.44), '00-09': np.float64(72.52), '10-19': np.float64(94.08), 'old': np.float64(72.52), 'new': np.float64(94.08)}
2026-07-01 14:26:49,179 [trainer.py] => CNN top1 curve: [np.float64(94.57), np.float64(83.44)]
2026-07-01 14:26:49,179 [trainer.py] => CNN top5 curve: [np.float64(100.0), np.float64(96.21)]

2026-07-01 14:26:49,179 [trainer.py] => Average Accuracy (CNN): 89.005 

2026-07-01 14:26:49,182 [trainer.py] => All params: 91712276
2026-07-01 14:26:49,184 [trainer.py] => Trainable params: 310292
2026-07-01 14:26:49,185 [lora.py] => Learning on 20-30
2026-07-01 14:26:49,192 [lora.py] => Trainable params this task: 317,982 / 91,719,966
2026-07-01 14:28:08,455 [lora.py] => Task 2 finished. Train_accy 93.91
2026-07-01 14:28:16,941 [til_base.py] => TIL top1: 88.4
2026-07-01 14:28:16,941 [til_base.py] => CIL top1: 75.64 | TIL top1: 88.4
2026-07-01 14:28:16,941 [trainer.py] => No NME accuracy.
2026-07-01 14:28:16,942 [trainer.py] => CNN: {'total': np.float64(75.64), '00-09': np.float64(55.59), '10-19': np.float64(81.62), '20-29': np.float64(89.87), 'old': np.float64(68.77), 'new': np.float64(89.87)}
2026-07-01 14:28:16,942 [trainer.py] => CNN top1 curve: [np.float64(94.57), np.float64(83.44), np.float64(75.64)]
2026-07-01 14:28:16,942 [trainer.py] => CNN top5 curve: [np.float64(100.0), np.float64(96.21), np.float64(92.87)]

2026-07-01 14:28:16,942 [trainer.py] => Average Accuracy (CNN): 84.55 

2026-07-01 14:28:16,945 [trainer.py] => All params: 91719966
2026-07-01 14:28:16,947 [trainer.py] => Trainable params: 317982
2026-07-01 14:28:16,948 [lora.py] => Learning on 30-40
2026-07-01 14:28:16,955 [lora.py] => Trainable params this task: 325,672 / 91,727,656
2026-07-01 14:29:48,111 [lora.py] => Task 3 finished. Train_accy 95.93
2026-07-01 14:29:59,307 [til_base.py] => TIL top1: 89.36
2026-07-01 14:29:59,307 [til_base.py] => CIL top1: 73.71 | TIL top1: 89.36
2026-07-01 14:29:59,307 [trainer.py] => No NME accuracy.
2026-07-01 14:29:59,307 [trainer.py] => CNN: {'total': np.float64(73.71), '00-09': np.float64(48.88), '10-19': np.float64(75.7), '20-29': np.float64(74.51), '30-39': np.float64(93.0), 'old': np.float64(66.38), 'new': np.float64(93.0)}
2026-07-01 14:29:59,307 [trainer.py] => CNN top1 curve: [np.float64(94.57), np.float64(83.44), np.float64(75.64), np.float64(73.71)]
2026-07-01 14:29:59,307 [trainer.py] => CNN top5 curve: [np.float64(100.0), np.float64(96.21), np.float64(92.87), np.float64(90.44)]

2026-07-01 14:29:59,307 [trainer.py] => Average Accuracy (CNN): 81.83999999999999 

2026-07-01 14:29:59,311 [trainer.py] => All params: 91727656
2026-07-01 14:29:59,313 [trainer.py] => Trainable params: 325672
2026-07-01 14:29:59,314 [lora.py] => Learning on 40-50
2026-07-01 14:29:59,322 [lora.py] => Trainable params this task: 333,362 / 91,735,346
2026-07-01 14:31:29,556 [lora.py] => Task 4 finished. Train_accy 95.13
2026-07-01 14:31:43,716 [til_base.py] => TIL top1: 88.14
2026-07-01 14:31:43,716 [til_base.py] => CIL top1: 67.82 | TIL top1: 88.14
2026-07-01 14:31:43,716 [trainer.py] => No NME accuracy.
2026-07-01 14:31:43,716 [trainer.py] => CNN: {'total': np.float64(67.82), '00-09': np.float64(46.01), '10-19': np.float64(60.75), '20-29': np.float64(52.29), '30-39': np.float64(82.35), '40-49': np.float64(92.13), 'old': np.float64(61.14), 'new': np.float64(92.13)}
2026-07-01 14:31:43,716 [trainer.py] => CNN top1 curve: [np.float64(94.57), np.float64(83.44), np.float64(75.64), np.float64(73.71), np.float64(67.82)]
2026-07-01 14:31:43,717 [trainer.py] => CNN top5 curve: [np.float64(100.0), np.float64(96.21), np.float64(92.87), np.float64(90.44), np.float64(88.87)]

2026-07-01 14:31:43,717 [trainer.py] => Average Accuracy (CNN): 79.03599999999999 

2026-07-01 14:31:43,720 [trainer.py] => All params: 91735346
2026-07-01 14:31:43,722 [trainer.py] => Trainable params: 333362
2026-07-01 14:31:43,723 [lora.py] => Learning on 50-60
2026-07-01 14:31:43,730 [lora.py] => Trainable params this task: 341,052 / 91,743,036
2026-07-01 14:32:58,998 [lora.py] => Task 5 finished. Train_accy 93.82
2026-07-01 14:33:15,875 [til_base.py] => TIL top1: 86.61
2026-07-01 14:33:15,875 [til_base.py] => CIL top1: 63.75 | TIL top1: 86.61
2026-07-01 14:33:15,875 [trainer.py] => No NME accuracy.
2026-07-01 14:33:15,875 [trainer.py] => CNN: {'total': np.float64(63.75), '00-09': np.float64(32.27), '10-19': np.float64(53.89), '20-29': np.float64(48.69), '30-39': np.float64(74.51), '40-49': np.float64(77.81), '50-59': np.float64(94.12), 'old': np.float64(58.44), 'new': np.float64(94.12)}
2026-07-01 14:33:15,875 [trainer.py] => CNN top1 curve: [np.float64(94.57), np.float64(83.44), np.float64(75.64), np.float64(73.71), np.float64(67.82), np.float64(63.75)]
2026-07-01 14:33:15,875 [trainer.py] => CNN top5 curve: [np.float64(100.0), np.float64(96.21), np.float64(92.87), np.float64(90.44), np.float64(88.87), np.float64(85.02)]

2026-07-01 14:33:15,875 [trainer.py] => Average Accuracy (CNN): 76.48833333333333 

2026-07-01 14:33:15,879 [trainer.py] => All params: 91743036
2026-07-01 14:33:15,881 [trainer.py] => Trainable params: 341052
2026-07-01 14:33:15,882 [lora.py] => Learning on 60-70
2026-07-01 14:33:15,889 [lora.py] => Trainable params this task: 348,742 / 91,750,726
2026-07-01 14:34:46,430 [lora.py] => Task 6 finished. Train_accy 94.03
2026-07-01 14:35:06,140 [til_base.py] => TIL top1: 84.55
2026-07-01 14:35:06,141 [til_base.py] => CIL top1: 58.6 | TIL top1: 84.55
2026-07-01 14:35:06,141 [trainer.py] => No NME accuracy.
2026-07-01 14:35:06,141 [trainer.py] => CNN: {'total': np.float64(58.6), '00-09': np.float64(35.46), '10-19': np.float64(37.69), '20-29': np.float64(38.89), '30-39': np.float64(64.43), '40-49': np.float64(65.17), '50-59': np.float64(76.12), '60-69': np.float64(88.17), 'old': np.float64(53.19), 'new': np.float64(88.17)}
2026-07-01 14:35:06,141 [trainer.py] => CNN top1 curve: [np.float64(94.57), np.float64(83.44), np.float64(75.64), np.float64(73.71), np.float64(67.82), np.float64(63.75), np.float64(58.6)]
2026-07-01 14:35:06,141 [trainer.py] => CNN top5 curve: [np.float64(100.0), np.float64(96.21), np.float64(92.87), np.float64(90.44), np.float64(88.87), np.float64(85.02), np.float64(81.41)]

2026-07-01 14:35:06,141 [trainer.py] => Average Accuracy (CNN): 73.93285714285715 

2026-07-01 14:35:06,144 [trainer.py] => All params: 91750726
2026-07-01 14:35:06,146 [trainer.py] => Trainable params: 348742
2026-07-01 14:35:06,147 [lora.py] => Learning on 70-80
2026-07-01 14:35:06,154 [lora.py] => Trainable params this task: 356,432 / 91,758,416
2026-07-01 14:36:24,759 [lora.py] => Task 7 finished. Train_accy 94.66
2026-07-01 14:36:47,034 [til_base.py] => TIL top1: 84.82
2026-07-01 14:36:47,035 [til_base.py] => CIL top1: 53.19 | TIL top1: 84.82
2026-07-01 14:36:47,035 [trainer.py] => No NME accuracy.
2026-07-01 14:36:47,035 [trainer.py] => CNN: {'total': np.float64(53.19), '00-09': np.float64(29.71), '10-19': np.float64(36.76), '20-29': np.float64(24.18), '30-39': np.float64(55.18), '40-49': np.float64(57.3), '50-59': np.float64(66.09), '60-69': np.float64(66.48), '70-79': np.float64(88.85), 'old': np.float64(48.45), 'new': np.float64(88.85)}
2026-07-01 14:36:47,035 [trainer.py] => CNN top1 curve: [np.float64(94.57), np.float64(83.44), np.float64(75.64), np.float64(73.71), np.float64(67.82), np.float64(63.75), np.float64(58.6), np.float64(53.19)]
2026-07-01 14:36:47,035 [trainer.py] => CNN top5 curve: [np.float64(100.0), np.float64(96.21), np.float64(92.87), np.float64(90.44), np.float64(88.87), np.float64(85.02), np.float64(81.41), np.float64(80.21)]

2026-07-01 14:36:47,035 [trainer.py] => Average Accuracy (CNN): 71.34 

2026-07-01 14:36:47,038 [trainer.py] => All params: 91758416
2026-07-01 14:36:47,040 [trainer.py] => Trainable params: 356432
2026-07-01 14:36:47,041 [lora.py] => Learning on 80-90
2026-07-01 14:36:47,048 [lora.py] => Trainable params this task: 364,122 / 91,766,106
2026-07-01 14:37:41,763 [lora.py] => Task 8 finished. Train_accy 93.58
2026-07-01 14:38:05,985 [til_base.py] => TIL top1: 81.31
2026-07-01 14:38:05,985 [til_base.py] => CIL top1: 46.99 | TIL top1: 81.31
2026-07-01 14:38:05,985 [trainer.py] => No NME accuracy.
2026-07-01 14:38:05,985 [trainer.py] => CNN: {'total': np.float64(46.99), '00-09': np.float64(19.81), '10-19': np.float64(24.61), '20-29': np.float64(18.3), '30-39': np.float64(52.1), '40-49': np.float64(42.13), '50-59': np.float64(62.28), '60-69': np.float64(59.44), '70-79': np.float64(74.43), '80-89': np.float64(82.59), 'old': np.float64(44.24), 'new': np.float64(82.59)}
2026-07-01 14:38:05,985 [trainer.py] => CNN top1 curve: [np.float64(94.57), np.float64(83.44), np.float64(75.64), np.float64(73.71), np.float64(67.82), np.float64(63.75), np.float64(58.6), np.float64(53.19), np.float64(46.99)]
2026-07-01 14:38:05,985 [trainer.py] => CNN top5 curve: [np.float64(100.0), np.float64(96.21), np.float64(92.87), np.float64(90.44), np.float64(88.87), np.float64(85.02), np.float64(81.41), np.float64(80.21), np.float64(74.1)]

2026-07-01 14:38:05,985 [trainer.py] => Average Accuracy (CNN): 68.63444444444445 

2026-07-01 14:38:05,989 [trainer.py] => All params: 91766106
2026-07-01 14:38:05,991 [trainer.py] => Trainable params: 364122
2026-07-01 14:38:05,992 [lora.py] => Learning on 90-100
2026-07-01 14:38:05,999 [lora.py] => Trainable params this task: 371,812 / 91,773,796
2026-07-01 14:38:57,540 [lora.py] => Task 9 finished. Train_accy 95.50
2026-07-01 14:39:23,514 [til_base.py] => TIL top1: 80.75
2026-07-01 14:39:23,514 [til_base.py] => CIL top1: 44.05 | TIL top1: 80.75
2026-07-01 14:39:23,514 [trainer.py] => No NME accuracy.
2026-07-01 14:39:23,514 [trainer.py] => CNN: {'total': np.float64(44.05), '00-09': np.float64(14.7), '10-19': np.float64(22.12), '20-29': np.float64(17.65), '30-39': np.float64(50.42), '40-49': np.float64(42.13), '50-59': np.float64(43.25), '60-69': np.float64(56.06), '70-79': np.float64(66.56), '80-89': np.float64(61.19), '90-99': np.float64(88.36), 'old': np.float64(41.06), 'new': np.float64(88.36)}
2026-07-01 14:39:23,514 [trainer.py] => CNN top1 curve: [np.float64(94.57), np.float64(83.44), np.float64(75.64), np.float64(73.71), np.float64(67.82), np.float64(63.75), np.float64(58.6), np.float64(53.19), np.float64(46.99), np.float64(44.05)]
2026-07-01 14:39:23,514 [trainer.py] => CNN top5 curve: [np.float64(100.0), np.float64(96.21), np.float64(92.87), np.float64(90.44), np.float64(88.87), np.float64(85.02), np.float64(81.41), np.float64(80.21), np.float64(74.1), np.float64(71.06)]

2026-07-01 14:39:23,514 [trainer.py] => Average Accuracy (CNN): 66.176 

2026-07-01 14:39:23,518 [trainer.py] => All params: 91773796
2026-07-01 14:39:23,520 [trainer.py] => Trainable params: 371812
2026-07-01 14:39:23,521 [lora.py] => Learning on 100-110
2026-07-01 14:39:23,528 [lora.py] => Trainable params this task: 379,502 / 91,781,486
2026-07-01 14:40:38,147 [lora.py] => Task 10 finished. Train_accy 93.46
2026-07-01 14:41:06,575 [til_base.py] => TIL top1: 79.62
2026-07-01 14:41:06,576 [til_base.py] => CIL top1: 40.01 | TIL top1: 79.62
2026-07-01 14:41:06,576 [trainer.py] => No NME accuracy.
2026-07-01 14:41:06,576 [trainer.py] => CNN: {'total': np.float64(40.01), '00-09': np.float64(11.5), '10-19': np.float64(20.87), '20-29': np.float64(15.03), '30-39': np.float64(28.85), '40-49': np.float64(35.39), '50-59': np.float64(38.75), '60-69': np.float64(45.07), '70-79': np.float64(57.05), '80-89': np.float64(49.25), '90-99': np.float64(69.31), '100-109': np.float64(90.18), 'old': np.float64(35.23), 'new': np.float64(90.18)}
2026-07-01 14:41:06,576 [trainer.py] => CNN top1 curve: [np.float64(94.57), np.float64(83.44), np.float64(75.64), np.float64(73.71), np.float64(67.82), np.float64(63.75), np.float64(58.6), np.float64(53.19), np.float64(46.99), np.float64(44.05), np.float64(40.01)]
2026-07-01 14:41:06,576 [trainer.py] => CNN top5 curve: [np.float64(100.0), np.float64(96.21), np.float64(92.87), np.float64(90.44), np.float64(88.87), np.float64(85.02), np.float64(81.41), np.float64(80.21), np.float64(74.1), np.float64(71.06), np.float64(68.42)]

2026-07-01 14:41:06,576 [trainer.py] => Average Accuracy (CNN): 63.79727272727273 

2026-07-01 14:41:06,579 [trainer.py] => All params: 91781486
2026-07-01 14:41:06,581 [trainer.py] => Trainable params: 379502
2026-07-01 14:41:06,582 [lora.py] => Learning on 110-120
2026-07-01 14:41:06,589 [lora.py] => Trainable params this task: 387,192 / 91,789,176
2026-07-01 14:42:33,998 [lora.py] => Task 11 finished. Train_accy 95.24
2026-07-01 14:43:05,183 [til_base.py] => TIL top1: 78.48
2026-07-01 14:43:05,183 [til_base.py] => CIL top1: 38.2 | TIL top1: 78.48
2026-07-01 14:43:05,183 [trainer.py] => No NME accuracy.
2026-07-01 14:43:05,184 [trainer.py] => CNN: {'total': np.float64(38.2), '00-09': np.float64(6.71), '10-19': np.float64(18.07), '20-29': np.float64(16.01), '30-39': np.float64(19.89), '40-49': np.float64(24.44), '50-59': np.float64(33.22), '60-69': np.float64(37.46), '70-79': np.float64(56.39), '80-89': np.float64(38.31), '90-99': np.float64(57.14), '100-109': np.float64(74.74), '110-119': np.float64(86.88), 'old': np.float64(33.11), 'new': np.float64(86.88)}
2026-07-01 14:43:05,184 [trainer.py] => CNN top1 curve: [np.float64(94.57), np.float64(83.44), np.float64(75.64), np.float64(73.71), np.float64(67.82), np.float64(63.75), np.float64(58.6), np.float64(53.19), np.float64(46.99), np.float64(44.05), np.float64(40.01), np.float64(38.2)]
2026-07-01 14:43:05,184 [trainer.py] => CNN top5 curve: [np.float64(100.0), np.float64(96.21), np.float64(92.87), np.float64(90.44), np.float64(88.87), np.float64(85.02), np.float64(81.41), np.float64(80.21), np.float64(74.1), np.float64(71.06), np.float64(68.42), np.float64(66.66)]

2026-07-01 14:43:05,184 [trainer.py] => Average Accuracy (CNN): 61.66416666666667 

2026-07-01 14:43:05,187 [trainer.py] => All params: 91789176
2026-07-01 14:43:05,189 [trainer.py] => Trainable params: 387192
2026-07-01 14:43:05,190 [lora.py] => Learning on 120-130
2026-07-01 14:43:05,197 [lora.py] => Trainable params this task: 394,882 / 91,796,866
2026-07-01 14:44:03,761 [lora.py] => Task 12 finished. Train_accy 92.51
2026-07-01 14:44:36,833 [til_base.py] => TIL top1: 78.41
2026-07-01 14:44:36,833 [til_base.py] => CIL top1: 38.68 | TIL top1: 78.41
2026-07-01 14:44:36,833 [trainer.py] => No NME accuracy.
2026-07-01 14:44:36,834 [trainer.py] => CNN: {'total': np.float64(38.68), '00-09': np.float64(9.9), '10-19': np.float64(22.74), '20-29': np.float64(18.95), '30-39': np.float64(18.49), '40-49': np.float64(27.53), '50-59': np.float64(30.8), '60-69': np.float64(36.06), '70-79': np.float64(54.75), '80-89': np.float64(37.31), '90-99': np.float64(45.5), '100-109': np.float64(65.26), '110-119': np.float64(76.38), '120-129': np.float64(75.8), 'old': np.float64(36.44), 'new': np.float64(75.8)}
2026-07-01 14:44:36,834 [trainer.py] => CNN top1 curve: [np.float64(94.57), np.float64(83.44), np.float64(75.64), np.float64(73.71), np.float64(67.82), np.float64(63.75), np.float64(58.6), np.float64(53.19), np.float64(46.99), np.float64(44.05), np.float64(40.01), np.float64(38.2), np.float64(38.68)]
2026-07-01 14:44:36,834 [trainer.py] => CNN top5 curve: [np.float64(100.0), np.float64(96.21), np.float64(92.87), np.float64(90.44), np.float64(88.87), np.float64(85.02), np.float64(81.41), np.float64(80.21), np.float64(74.1), np.float64(71.06), np.float64(68.42), np.float64(66.66), np.float64(65.69)]

2026-07-01 14:44:36,834 [trainer.py] => Average Accuracy (CNN): 59.896153846153844 

2026-07-01 14:44:36,837 [trainer.py] => All params: 91796866
2026-07-01 14:44:36,839 [trainer.py] => Trainable params: 394882
2026-07-01 14:44:36,840 [lora.py] => Learning on 130-140
2026-07-01 14:44:36,848 [lora.py] => Trainable params this task: 402,572 / 91,804,556
2026-07-01 14:45:55,863 [lora.py] => Task 13 finished. Train_accy 93.24
2026-07-01 14:46:31,698 [til_base.py] => TIL top1: 77.16
2026-07-01 14:46:31,698 [til_base.py] => CIL top1: 33.09 | TIL top1: 77.16
2026-07-01 14:46:31,698 [trainer.py] => No NME accuracy.
2026-07-01 14:46:31,698 [trainer.py] => CNN: {'total': np.float64(33.09), '00-09': np.float64(9.58), '10-19': np.float64(10.59), '20-29': np.float64(11.11), '30-39': np.float64(19.05), '40-49': np.float64(21.91), '50-59': np.float64(25.61), '60-69': np.float64(30.7), '70-79': np.float64(32.46), '80-89': np.float64(19.4), '90-99': np.float64(36.51), '100-109': np.float64(54.04), '110-119': np.float64(60.93), '120-129': np.float64(62.1), '130-139': np.float64(77.85), 'old': np.float64(29.51), 'new': np.float64(77.85)}
2026-07-01 14:46:31,698 [trainer.py] => CNN top1 curve: [np.float64(94.57), np.float64(83.44), np.float64(75.64), np.float64(73.71), np.float64(67.82), np.float64(63.75), np.float64(58.6), np.float64(53.19), np.float64(46.99), np.float64(44.05), np.float64(40.01), np.float64(38.2), np.float64(38.68), np.float64(33.09)]
2026-07-01 14:46:31,698 [trainer.py] => CNN top5 curve: [np.float64(100.0), np.float64(96.21), np.float64(92.87), np.float64(90.44), np.float64(88.87), np.float64(85.02), np.float64(81.41), np.float64(80.21), np.float64(74.1), np.float64(71.06), np.float64(68.42), np.float64(66.66), np.float64(65.69), np.float64(62.37)]

2026-07-01 14:46:31,698 [trainer.py] => Average Accuracy (CNN): 57.98142857142857 

2026-07-01 14:46:31,701 [trainer.py] => All params: 91804556
2026-07-01 14:46:31,704 [trainer.py] => Trainable params: 402572
2026-07-01 14:46:31,705 [lora.py] => Learning on 140-150
2026-07-01 14:46:31,712 [lora.py] => Trainable params this task: 410,262 / 91,812,246
2026-07-01 14:47:39,824 [lora.py] => Task 14 finished. Train_accy 93.13
2026-07-01 14:48:17,838 [til_base.py] => TIL top1: 74.83
2026-07-01 14:48:17,838 [til_base.py] => CIL top1: 29.37 | TIL top1: 74.83
2026-07-01 14:48:17,838 [trainer.py] => No NME accuracy.
2026-07-01 14:48:17,838 [trainer.py] => CNN: {'total': np.float64(29.37), '00-09': np.float64(7.67), '10-19': np.float64(11.21), '20-29': np.float64(7.84), '30-39': np.float64(20.17), '40-49': np.float64(17.98), '50-59': np.float64(29.41), '60-69': np.float64(20.56), '70-79': np.float64(22.95), '80-89': np.float64(10.45), '90-99': np.float64(26.98), '100-109': np.float64(40.7), '110-119': np.float64(50.73), '120-129': np.float64(44.29), '130-139': np.float64(54.4), '140-149': np.float64(85.55), 'old': np.float64(25.9), 'new': np.float64(85.55)}
2026-07-01 14:48:17,838 [trainer.py] => CNN top1 curve: [np.float64(94.57), np.float64(83.44), np.float64(75.64), np.float64(73.71), np.float64(67.82), np.float64(63.75), np.float64(58.6), np.float64(53.19), np.float64(46.99), np.float64(44.05), np.float64(40.01), np.float64(38.2), np.float64(38.68), np.float64(33.09), np.float64(29.37)]
2026-07-01 14:48:17,838 [trainer.py] => CNN top5 curve: [np.float64(100.0), np.float64(96.21), np.float64(92.87), np.float64(90.44), np.float64(88.87), np.float64(85.02), np.float64(81.41), np.float64(80.21), np.float64(74.1), np.float64(71.06), np.float64(68.42), np.float64(66.66), np.float64(65.69), np.float64(62.37), np.float64(58.29)]

2026-07-01 14:48:17,838 [trainer.py] => Average Accuracy (CNN): 56.074 

2026-07-01 14:48:17,841 [trainer.py] => All params: 91812246
2026-07-01 14:48:17,844 [trainer.py] => Trainable params: 410262
2026-07-01 14:48:17,845 [lora.py] => Learning on 150-160
2026-07-01 14:48:17,852 [lora.py] => Trainable params this task: 417,952 / 91,819,936
2026-07-01 14:49:30,298 [lora.py] => Task 15 finished. Train_accy 94.33
2026-07-01 14:50:10,928 [til_base.py] => TIL top1: 76.15
2026-07-01 14:50:10,928 [til_base.py] => CIL top1: 29.21 | TIL top1: 76.15
2026-07-01 14:50:10,929 [trainer.py] => No NME accuracy.
2026-07-01 14:50:10,929 [trainer.py] => CNN: {'total': np.float64(29.21), '00-09': np.float64(7.67), '10-19': np.float64(8.1), '20-29': np.float64(9.48), '30-39': np.float64(18.49), '40-49': np.float64(21.07), '50-59': np.float64(25.95), '60-69': np.float64(11.27), '70-79': np.float64(22.3), '80-89': np.float64(15.42), '90-99': np.float64(17.46), '100-109': np.float64(42.46), '110-119': np.float64(46.06), '120-129': np.float64(37.44), '130-139': np.float64(46.91), '140-149': np.float64(55.86), '150-159': np.float64(90.65), 'old': np.float64(25.33), 'new': np.float64(90.65)}
2026-07-01 14:50:10,929 [trainer.py] => CNN top1 curve: [np.float64(94.57), np.float64(83.44), np.float64(75.64), np.float64(73.71), np.float64(67.82), np.float64(63.75), np.float64(58.6), np.float64(53.19), np.float64(46.99), np.float64(44.05), np.float64(40.01), np.float64(38.2), np.float64(38.68), np.float64(33.09), np.float64(29.37), np.float64(29.21)]
2026-07-01 14:50:10,929 [trainer.py] => CNN top5 curve: [np.float64(100.0), np.float64(96.21), np.float64(92.87), np.float64(90.44), np.float64(88.87), np.float64(85.02), np.float64(81.41), np.float64(80.21), np.float64(74.1), np.float64(71.06), np.float64(68.42), np.float64(66.66), np.float64(65.69), np.float64(62.37), np.float64(58.29), np.float64(58.97)]

2026-07-01 14:50:10,929 [trainer.py] => Average Accuracy (CNN): 54.395 

2026-07-01 14:50:10,933 [trainer.py] => All params: 91819936
2026-07-01 14:50:10,936 [trainer.py] => Trainable params: 417952
2026-07-01 14:50:10,938 [lora.py] => Learning on 160-170
2026-07-01 14:50:10,948 [lora.py] => Trainable params this task: 425,642 / 91,827,626
2026-07-01 14:51:34,158 [lora.py] => Task 16 finished. Train_accy 92.15
2026-07-01 14:52:17,528 [til_base.py] => TIL top1: 72.01
2026-07-01 14:52:17,528 [til_base.py] => CIL top1: 26.51 | TIL top1: 72.01
2026-07-01 14:52:17,528 [trainer.py] => No NME accuracy.
2026-07-01 14:52:17,528 [trainer.py] => CNN: {'total': np.float64(26.51), '00-09': np.float64(6.39), '10-19': np.float64(4.67), '20-29': np.float64(8.82), '30-39': np.float64(14.85), '40-49': np.float64(11.8), '50-59': np.float64(26.3), '60-69': np.float64(8.45), '70-79': np.float64(19.02), '80-89': np.float64(10.45), '90-99': np.float64(20.63), '100-109': np.float64(22.46), '110-119': np.float64(36.44), '120-129': np.float64(33.79), '130-139': np.float64(42.67), '140-149': np.float64(32.81), '150-159': np.float64(71.22), '160-169': np.float64(83.8), 'old': np.float64(22.59), 'new': np.float64(83.8)}
2026-07-01 14:52:17,529 [trainer.py] => CNN top1 curve: [np.float64(94.57), np.float64(83.44), np.float64(75.64), np.float64(73.71), np.float64(67.82), np.float64(63.75), np.float64(58.6), np.float64(53.19), np.float64(46.99), np.float64(44.05), np.float64(40.01), np.float64(38.2), np.float64(38.68), np.float64(33.09), np.float64(29.37), np.float64(29.21), np.float64(26.51)]
2026-07-01 14:52:17,529 [trainer.py] => CNN top5 curve: [np.float64(100.0), np.float64(96.21), np.float64(92.87), np.float64(90.44), np.float64(88.87), np.float64(85.02), np.float64(81.41), np.float64(80.21), np.float64(74.1), np.float64(71.06), np.float64(68.42), np.float64(66.66), np.float64(65.69), np.float64(62.37), np.float64(58.29), np.float64(58.97), np.float64(51.77)]

2026-07-01 14:52:17,529 [trainer.py] => Average Accuracy (CNN): 52.754705882352944 

2026-07-01 14:52:17,532 [trainer.py] => All params: 91827626
2026-07-01 14:52:17,534 [trainer.py] => Trainable params: 425642
2026-07-01 14:52:17,536 [lora.py] => Learning on 170-180
2026-07-01 14:52:17,543 [lora.py] => Trainable params this task: 433,332 / 91,835,316
2026-07-01 14:53:29,904 [lora.py] => Task 17 finished. Train_accy 92.62
2026-07-01 14:54:15,650 [til_base.py] => TIL top1: 70.45
2026-07-01 14:54:15,650 [til_base.py] => CIL top1: 23.88 | TIL top1: 70.45
2026-07-01 14:54:15,650 [trainer.py] => No NME accuracy.
2026-07-01 14:54:15,650 [trainer.py] => CNN: {'total': np.float64(23.88), '00-09': np.float64(5.43), '10-19': np.float64(3.43), '20-29': np.float64(8.5), '30-39': np.float64(9.52), '40-49': np.float64(12.36), '50-59': np.float64(26.64), '60-69': np.float64(10.7), '70-79': np.float64(10.82), '80-89': np.float64(7.96), '90-99': np.float64(10.58), '100-109': np.float64(25.61), '110-119': np.float64(31.49), '120-129': np.float64(19.63), '130-139': np.float64(24.43), '140-149': np.float64(25.78), '150-159': np.float64(53.24), '160-169': np.float64(63.55), '170-179': np.float64(83.09), 'old': np.float64(20.66), 'new': np.float64(83.09)}
2026-07-01 14:54:15,650 [trainer.py] => CNN top1 curve: [np.float64(94.57), np.float64(83.44), np.float64(75.64), np.float64(73.71), np.float64(67.82), np.float64(63.75), np.float64(58.6), np.float64(53.19), np.float64(46.99), np.float64(44.05), np.float64(40.01), np.float64(38.2), np.float64(38.68), np.float64(33.09), np.float64(29.37), np.float64(29.21), np.float64(26.51), np.float64(23.88)]
2026-07-01 14:54:15,650 [trainer.py] => CNN top5 curve: [np.float64(100.0), np.float64(96.21), np.float64(92.87), np.float64(90.44), np.float64(88.87), np.float64(85.02), np.float64(81.41), np.float64(80.21), np.float64(74.1), np.float64(71.06), np.float64(68.42), np.float64(66.66), np.float64(65.69), np.float64(62.37), np.float64(58.29), np.float64(58.97), np.float64(51.77), np.float64(49.19)]

2026-07-01 14:54:15,650 [trainer.py] => Average Accuracy (CNN): 51.150555555555556 

2026-07-01 14:54:15,654 [trainer.py] => All params: 91835316
2026-07-01 14:54:15,656 [trainer.py] => Trainable params: 433332
2026-07-01 14:54:15,657 [lora.py] => Learning on 180-190
2026-07-01 14:54:15,664 [lora.py] => Trainable params this task: 441,022 / 91,843,006
2026-07-01 14:55:42,463 [lora.py] => Task 18 finished. Train_accy 94.86
2026-07-01 14:56:30,692 [til_base.py] => TIL top1: 71.25
2026-07-01 14:56:30,692 [til_base.py] => CIL top1: 23.83 | TIL top1: 71.25
2026-07-01 14:56:30,692 [trainer.py] => No NME accuracy.
2026-07-01 14:56:30,693 [trainer.py] => CNN: {'total': np.float64(23.83), '00-09': np.float64(5.11), '10-19': np.float64(4.67), '20-29': np.float64(6.21), '30-39': np.float64(7.84), '40-49': np.float64(9.83), '50-59': np.float64(19.72), '60-69': np.float64(5.92), '70-79': np.float64(13.77), '80-89': np.float64(7.46), '90-99': np.float64(15.87), '100-109': np.float64(26.32), '110-119': np.float64(27.41), '120-129': np.float64(14.61), '130-139': np.float64(25.08), '140-149': np.float64(19.92), '150-159': np.float64(39.57), '160-169': np.float64(52.34), '170-179': np.float64(56.25), '180-189': np.float64(88.72), 'old': np.float64(19.69), 'new': np.float64(88.72)}
2026-07-01 14:56:30,693 [trainer.py] => CNN top1 curve: [np.float64(94.57), np.float64(83.44), np.float64(75.64), np.float64(73.71), np.float64(67.82), np.float64(63.75), np.float64(58.6), np.float64(53.19), np.float64(46.99), np.float64(44.05), np.float64(40.01), np.float64(38.2), np.float64(38.68), np.float64(33.09), np.float64(29.37), np.float64(29.21), np.float64(26.51), np.float64(23.88), np.float64(23.83)]
2026-07-01 14:56:30,693 [trainer.py] => CNN top5 curve: [np.float64(100.0), np.float64(96.21), np.float64(92.87), np.float64(90.44), np.float64(88.87), np.float64(85.02), np.float64(81.41), np.float64(80.21), np.float64(74.1), np.float64(71.06), np.float64(68.42), np.float64(66.66), np.float64(65.69), np.float64(62.37), np.float64(58.29), np.float64(58.97), np.float64(51.77), np.float64(49.19), np.float64(48.45)]

2026-07-01 14:56:30,693 [trainer.py] => Average Accuracy (CNN): 49.712631578947374 

2026-07-01 14:56:30,698 [trainer.py] => All params: 91843006
2026-07-01 14:56:30,702 [trainer.py] => Trainable params: 441022
2026-07-01 14:56:30,704 [lora.py] => Learning on 190-200
2026-07-01 14:56:30,716 [lora.py] => Trainable params this task: 448,712 / 91,850,696
2026-07-01 14:57:52,078 [lora.py] => Task 19 finished. Train_accy 95.13
2026-07-01 14:58:42,921 [til_base.py] => TIL top1: 72.87
2026-07-01 14:58:42,922 [til_base.py] => CIL top1: 24.22 | TIL top1: 72.87
2026-07-01 14:58:42,922 [trainer.py] => No NME accuracy.
2026-07-01 14:58:42,922 [trainer.py] => CNN: {'total': np.float64(24.22), '00-09': np.float64(4.47), '10-19': np.float64(8.1), '20-29': np.float64(4.9), '30-39': np.float64(6.44), '40-49': np.float64(7.58), '50-59': np.float64(22.49), '60-69': np.float64(6.2), '70-79': np.float64(18.69), '80-89': np.float64(7.46), '90-99': np.float64(14.29), '100-109': np.float64(14.04), '110-119': np.float64(22.45), '120-129': np.float64(14.61), '130-139': np.float64(21.5), '140-149': np.float64(16.8), '150-159': np.float64(36.33), '160-169': np.float64(43.93), '170-179': np.float64(44.49), '180-189': np.float64(73.89), '190-199': np.float64(87.26), 'old': np.float64(20.7), 'new': np.float64(87.26)}
2026-07-01 14:58:42,922 [trainer.py] => CNN top1 curve: [np.float64(94.57), np.float64(83.44), np.float64(75.64), np.float64(73.71), np.float64(67.82), np.float64(63.75), np.float64(58.6), np.float64(53.19), np.float64(46.99), np.float64(44.05), np.float64(40.01), np.float64(38.2), np.float64(38.68), np.float64(33.09), np.float64(29.37), np.float64(29.21), np.float64(26.51), np.float64(23.88), np.float64(23.83), np.float64(24.22)]
2026-07-01 14:58:42,922 [trainer.py] => CNN top5 curve: [np.float64(100.0), np.float64(96.21), np.float64(92.87), np.float64(90.44), np.float64(88.87), np.float64(85.02), np.float64(81.41), np.float64(80.21), np.float64(74.1), np.float64(71.06), np.float64(68.42), np.float64(66.66), np.float64(65.69), np.float64(62.37), np.float64(58.29), np.float64(58.97), np.float64(51.77), np.float64(49.19), np.float64(48.45), np.float64(49.54)]

2026-07-01 14:58:42,922 [trainer.py] => Average Accuracy (CNN): 48.438 

2026-07-01 14:58:42,926 [trainer.py] => Forgetting (CNN): 67.34736842105262
2026-07-01 14:58:42,926 [trainer.py] => Forgetting (NME): 67.34736842105262
2026-07-01 14:58:42,929 [trainer.py] => Forgetting (TIL): 21.722631578947368
2026-07-01 15:22:53,061 [trainer.py] => config: ./exps/seqlora_inr20t_task_s1995.json
2026-07-01 15:22:53,061 [trainer.py] => dataset: imagenetr
2026-07-01 15:22:53,061 [trainer.py] => memory_size: 0
2026-07-01 15:22:53,061 [trainer.py] => memory_per_class: 0
2026-07-01 15:22:53,061 [trainer.py] => fixed_memory: False
2026-07-01 15:22:53,061 [trainer.py] => shuffle: True
2026-07-01 15:22:53,061 [trainer.py] => init_cls: 10
2026-07-01 15:22:53,062 [trainer.py] => increment: 10
2026-07-01 15:22:53,062 [trainer.py] => backbone_type: vit_base_patch16_224_lora
2026-07-01 15:22:53,062 [trainer.py] => device: [device(type='cuda', index=0)]
2026-07-01 15:22:53,062 [trainer.py] => seed: 1995
2026-07-01 15:22:53,062 [trainer.py] => scenario: both
2026-07-01 15:22:53,062 [trainer.py] => lora_rank: 8
2026-07-01 15:22:53,062 [trainer.py] => tuned_epoch: 10
2026-07-01 15:22:53,062 [trainer.py] => init_lr: 0.0003
2026-07-01 15:22:53,062 [trainer.py] => batch_size: 48
2026-07-01 15:22:53,062 [trainer.py] => weight_decay: 0.0005
2026-07-01 15:22:53,062 [trainer.py] => min_lr: 0.0
2026-07-01 15:22:53,062 [trainer.py] => pretrained: True
2026-07-01 15:22:53,062 [trainer.py] => print_forget: True
2026-07-01 15:22:53,062 [trainer.py] => model_name: seqlora
2026-07-01 15:22:53,062 [trainer.py] => lora_alpha: 32
2026-07-01 15:22:53,062 [trainer.py] => lora_merge: False
2026-07-01 15:22:53,062 [trainer.py] => prefix: inr20t_task
2026-07-01 15:22:53,142 [data_manager.py] => [146, 198, 169, 126, 142, 183, 108, 86, 79, 35, 112, 29, 0, 2, 59, 178, 143, 31, 147, 33, 123, 114, 194, 54, 138, 75, 158, 26, 131, 141, 180, 132, 22, 49, 116, 111, 24, 98, 107, 89, 151, 83, 185, 15, 27, 136, 65, 1, 82, 87, 99, 153, 47, 144, 145, 175, 155, 77, 191, 199, 46, 28, 76, 71, 93, 137, 5, 188, 187, 74, 103, 173, 18, 80, 88, 48, 109, 81, 91, 101, 43, 102, 61, 182, 3, 14, 40, 42, 167, 66, 57, 73, 135, 39, 45, 184, 161, 85, 148, 121, 8, 195, 21, 4, 106, 133, 118, 10, 176, 50, 36, 192, 162, 172, 96, 197, 20, 117, 140, 186, 92, 97, 44, 149, 13, 37, 170, 25, 181, 171, 23, 104, 189, 11, 159, 67, 94, 68, 55, 6, 150, 165, 120, 139, 72, 154, 115, 125, 53, 58, 16, 113, 41, 190, 174, 127, 110, 7, 38, 32, 95, 19, 196, 51, 78, 34, 122, 152, 119, 134, 129, 130, 128, 17, 30, 90, 124, 160, 100, 193, 12, 56, 64, 168, 105, 63, 177, 70, 60, 163, 9, 62, 156, 52, 84, 157, 69, 179, 166, 164]
2026-07-01 15:22:57,094 [trainer.py] => All params: 91696896
2026-07-01 15:22:57,097 [trainer.py] => Trainable params: 5898240
2026-07-01 15:22:58,996 [lora.py] => Learning on 0-10
2026-07-01 15:22:59,003 [lora.py] => Trainable params this task: 302,602 / 91,704,586
2026-07-01 15:24:18,439 [lora.py] => Task 0 finished. Train_accy 90.64
2026-07-01 15:24:21,531 [til_base.py] => TIL top1: 94.57
2026-07-01 15:24:21,531 [til_base.py] => CIL top1: 94.57 | TIL top1: 94.57
2026-07-01 15:24:21,531 [trainer.py] => No NME accuracy.
2026-07-01 15:24:21,531 [trainer.py] => CNN: {'total': np.float64(94.57), '00-09': np.float64(94.57), 'old': 0, 'new': np.float64(94.57)}
2026-07-01 15:24:21,531 [trainer.py] => CNN top1 curve: [np.float64(94.57)]
2026-07-01 15:24:21,531 [trainer.py] => CNN top5 curve: [np.float64(100.0)]

2026-07-01 15:24:21,531 [trainer.py] => Average Accuracy (CNN): 94.57 

2026-07-01 15:24:21,537 [trainer.py] => All params: 91704586
2026-07-01 15:24:21,541 [trainer.py] => Trainable params: 302602
2026-07-01 15:24:21,542 [lora.py] => Learning on 10-20
2026-07-01 15:24:21,554 [lora.py] => Trainable params this task: 310,292 / 91,712,276
2026-07-01 15:25:43,568 [lora.py] => Task 1 finished. Train_accy 91.09
2026-07-01 15:25:49,290 [til_base.py] => TIL top1: 92.11
2026-07-01 15:25:49,290 [til_base.py] => CIL top1: 81.55 | TIL top1: 92.11
2026-07-01 15:25:49,290 [trainer.py] => No NME accuracy.
2026-07-01 15:25:49,290 [trainer.py] => CNN: {'total': np.float64(81.55), '00-09': np.float64(69.65), '10-19': np.float64(93.15), 'old': np.float64(69.65), 'new': np.float64(93.15)}
2026-07-01 15:25:49,290 [trainer.py] => CNN top1 curve: [np.float64(94.57), np.float64(81.55)]
2026-07-01 15:25:49,290 [trainer.py] => CNN top5 curve: [np.float64(100.0), np.float64(96.06)]

2026-07-01 15:25:49,290 [trainer.py] => Average Accuracy (CNN): 88.06 

2026-07-01 15:25:49,294 [trainer.py] => All params: 91712276
2026-07-01 15:25:49,296 [trainer.py] => Trainable params: 310292
2026-07-01 15:25:49,297 [lora.py] => Learning on 20-30
2026-07-01 15:25:49,304 [lora.py] => Trainable params this task: 317,982 / 91,719,966
2026-07-01 15:27:08,640 [lora.py] => Task 2 finished. Train_accy 88.93
2026-07-01 15:27:16,895 [til_base.py] => TIL top1: 86.6
2026-07-01 15:27:16,895 [til_base.py] => CIL top1: 73.19 | TIL top1: 86.6
2026-07-01 15:27:16,895 [trainer.py] => No NME accuracy.
2026-07-01 15:27:16,895 [trainer.py] => CNN: {'total': np.float64(73.19), '00-09': np.float64(52.08), '10-19': np.float64(84.42), '20-29': np.float64(83.01), 'old': np.float64(68.45), 'new': np.float64(83.01)}
2026-07-01 15:27:16,895 [trainer.py] => CNN top1 curve: [np.float64(94.57), np.float64(81.55), np.float64(73.19)]
2026-07-01 15:27:16,895 [trainer.py] => CNN top5 curve: [np.float64(100.0), np.float64(96.06), np.float64(91.38)]

2026-07-01 15:27:16,895 [trainer.py] => Average Accuracy (CNN): 83.10333333333334 

2026-07-01 15:27:16,898 [trainer.py] => All params: 91719966
2026-07-01 15:27:16,900 [trainer.py] => Trainable params: 317982
2026-07-01 15:27:16,901 [lora.py] => Learning on 30-40
2026-07-01 15:27:16,908 [lora.py] => Trainable params this task: 325,672 / 91,727,656
2026-07-01 15:28:48,136 [lora.py] => Task 3 finished. Train_accy 93.72
2026-07-01 15:28:59,191 [til_base.py] => TIL top1: 86.2
2026-07-01 15:28:59,192 [til_base.py] => CIL top1: 72.24 | TIL top1: 86.2
2026-07-01 15:28:59,192 [trainer.py] => No NME accuracy.
2026-07-01 15:28:59,192 [trainer.py] => CNN: {'total': np.float64(72.24), '00-09': np.float64(61.02), '10-19': np.float64(71.96), '20-29': np.float64(65.69), '30-39': np.float64(87.96), 'old': np.float64(66.28), 'new': np.float64(87.96)}
2026-07-01 15:28:59,192 [trainer.py] => CNN top1 curve: [np.float64(94.57), np.float64(81.55), np.float64(73.19), np.float64(72.24)]
2026-07-01 15:28:59,192 [trainer.py] => CNN top5 curve: [np.float64(100.0), np.float64(96.06), np.float64(91.38), np.float64(89.05)]

2026-07-01 15:28:59,192 [trainer.py] => Average Accuracy (CNN): 80.3875 

2026-07-01 15:28:59,195 [trainer.py] => All params: 91727656
2026-07-01 15:28:59,197 [trainer.py] => Trainable params: 325672
2026-07-01 15:28:59,198 [lora.py] => Learning on 40-50
2026-07-01 15:28:59,205 [lora.py] => Trainable params this task: 333,362 / 91,735,346
2026-07-01 15:30:29,482 [lora.py] => Task 4 finished. Train_accy 93.39
2026-07-01 15:30:43,327 [til_base.py] => TIL top1: 86.09
2026-07-01 15:30:43,328 [til_base.py] => CIL top1: 62.49 | TIL top1: 86.09
2026-07-01 15:30:43,328 [trainer.py] => No NME accuracy.
2026-07-01 15:30:43,328 [trainer.py] => CNN: {'total': np.float64(62.49), '00-09': np.float64(55.59), '10-19': np.float64(57.63), '20-29': np.float64(33.33), '30-39': np.float64(73.11), '40-49': np.float64(87.36), 'old': np.float64(55.67), 'new': np.float64(87.36)}
2026-07-01 15:30:43,328 [trainer.py] => CNN top1 curve: [np.float64(94.57), np.float64(81.55), np.float64(73.19), np.float64(72.24), np.float64(62.49)]
2026-07-01 15:30:43,328 [trainer.py] => CNN top5 curve: [np.float64(100.0), np.float64(96.06), np.float64(91.38), np.float64(89.05), np.float64(86.81)]

2026-07-01 15:30:43,328 [trainer.py] => Average Accuracy (CNN): 76.808 

2026-07-01 15:30:43,331 [trainer.py] => All params: 91735346
2026-07-01 15:30:43,333 [trainer.py] => Trainable params: 333362
2026-07-01 15:30:43,334 [lora.py] => Learning on 50-60
2026-07-01 15:30:43,341 [lora.py] => Trainable params this task: 341,052 / 91,743,036
2026-07-01 15:31:58,634 [lora.py] => Task 5 finished. Train_accy 92.22
2026-07-01 15:32:15,210 [til_base.py] => TIL top1: 84.81
2026-07-01 15:32:15,211 [til_base.py] => CIL top1: 59.37 | TIL top1: 84.81
2026-07-01 15:32:15,211 [trainer.py] => No NME accuracy.
2026-07-01 15:32:15,211 [trainer.py] => CNN: {'total': np.float64(59.37), '00-09': np.float64(46.33), '10-19': np.float64(53.27), '20-29': np.float64(35.62), '30-39': np.float64(66.95), '40-49': np.float64(67.13), '50-59': np.float64(86.51), 'old': np.float64(54.63), 'new': np.float64(86.51)}
2026-07-01 15:32:15,211 [trainer.py] => CNN top1 curve: [np.float64(94.57), np.float64(81.55), np.float64(73.19), np.float64(72.24), np.float64(62.49), np.float64(59.37)]
2026-07-01 15:32:15,211 [trainer.py] => CNN top5 curve: [np.float64(100.0), np.float64(96.06), np.float64(91.38), np.float64(89.05), np.float64(86.81), np.float64(82.49)]

2026-07-01 15:32:15,211 [trainer.py] => Average Accuracy (CNN): 73.90166666666667 

2026-07-01 15:32:15,214 [trainer.py] => All params: 91743036
2026-07-01 15:32:15,216 [trainer.py] => Trainable params: 341052
2026-07-01 15:32:15,218 [lora.py] => Learning on 60-70
2026-07-01 15:32:15,225 [lora.py] => Trainable params this task: 348,742 / 91,750,726
2026-07-01 15:33:45,782 [lora.py] => Task 6 finished. Train_accy 91.04
2026-07-01 15:34:05,049 [til_base.py] => TIL top1: 82.37
2026-07-01 15:34:05,049 [til_base.py] => CIL top1: 54.11 | TIL top1: 82.37
2026-07-01 15:34:05,049 [trainer.py] => No NME accuracy.
2026-07-01 15:34:05,049 [trainer.py] => CNN: {'total': np.float64(54.11), '00-09': np.float64(38.98), '10-19': np.float64(45.48), '20-29': np.float64(34.31), '30-39': np.float64(52.66), '40-49': np.float64(52.25), '50-59': np.float64(71.63), '60-69': np.float64(81.41), 'old': np.float64(49.12), 'new': np.float64(81.41)}
2026-07-01 15:34:05,049 [trainer.py] => CNN top1 curve: [np.float64(94.57), np.float64(81.55), np.float64(73.19), np.float64(72.24), np.float64(62.49), np.float64(59.37), np.float64(54.11)]
2026-07-01 15:34:05,049 [trainer.py] => CNN top5 curve: [np.float64(100.0), np.float64(96.06), np.float64(91.38), np.float64(89.05), np.float64(86.81), np.float64(82.49), np.float64(79.84)]

2026-07-01 15:34:05,049 [trainer.py] => Average Accuracy (CNN): 71.07428571428572 

2026-07-01 15:34:05,055 [trainer.py] => All params: 91750726
2026-07-01 15:34:05,058 [trainer.py] => Trainable params: 348742
2026-07-01 15:34:05,060 [lora.py] => Learning on 70-80
2026-07-01 15:34:05,072 [lora.py] => Trainable params this task: 356,432 / 91,758,416
2026-07-01 15:35:23,773 [lora.py] => Task 7 finished. Train_accy 92.39
2026-07-01 15:35:45,567 [til_base.py] => TIL top1: 83.97
2026-07-01 15:35:45,567 [til_base.py] => CIL top1: 54.96 | TIL top1: 83.97
2026-07-01 15:35:45,568 [trainer.py] => No NME accuracy.
2026-07-01 15:35:45,568 [trainer.py] => CNN: {'total': np.float64(54.96), '00-09': np.float64(45.05), '10-19': np.float64(46.73), '20-29': np.float64(25.82), '30-39': np.float64(49.02), '40-49': np.float64(62.08), '50-59': np.float64(63.67), '60-69': np.float64(64.51), '70-79': np.float64(82.3), 'old': np.float64(51.33), 'new': np.float64(82.3)}
2026-07-01 15:35:45,568 [trainer.py] => CNN top1 curve: [np.float64(94.57), np.float64(81.55), np.float64(73.19), np.float64(72.24), np.float64(62.49), np.float64(59.37), np.float64(54.11), np.float64(54.96)]
2026-07-01 15:35:45,568 [trainer.py] => CNN top5 curve: [np.float64(100.0), np.float64(96.06), np.float64(91.38), np.float64(89.05), np.float64(86.81), np.float64(82.49), np.float64(79.84), np.float64(79.21)]

2026-07-01 15:35:45,568 [trainer.py] => Average Accuracy (CNN): 69.06 

2026-07-01 15:35:45,573 [trainer.py] => All params: 91758416
2026-07-01 15:35:45,577 [trainer.py] => Trainable params: 356432
2026-07-01 15:35:45,579 [lora.py] => Learning on 80-90
2026-07-01 15:35:45,591 [lora.py] => Trainable params this task: 364,122 / 91,766,106
2026-07-01 15:36:40,095 [lora.py] => Task 8 finished. Train_accy 91.64
2026-07-01 15:37:03,809 [til_base.py] => TIL top1: 81.52
2026-07-01 15:37:03,809 [til_base.py] => CIL top1: 49.2 | TIL top1: 81.52
2026-07-01 15:37:03,809 [trainer.py] => No NME accuracy.
2026-07-01 15:37:03,809 [trainer.py] => CNN: {'total': np.float64(49.2), '00-09': np.float64(36.74), '10-19': np.float64(38.01), '20-29': np.float64(16.01), '30-39': np.float64(46.78), '40-49': np.float64(54.21), '50-59': np.float64(56.75), '60-69': np.float64(63.38), '70-79': np.float64(64.26), '80-89': np.float64(73.63), 'old': np.float64(47.31), 'new': np.float64(73.63)}
2026-07-01 15:37:03,810 [trainer.py] => CNN top1 curve: [np.float64(94.57), np.float64(81.55), np.float64(73.19), np.float64(72.24), np.float64(62.49), np.float64(59.37), np.float64(54.11), np.float64(54.96), np.float64(49.2)]
2026-07-01 15:37:03,810 [trainer.py] => CNN top5 curve: [np.float64(100.0), np.float64(96.06), np.float64(91.38), np.float64(89.05), np.float64(86.81), np.float64(82.49), np.float64(79.84), np.float64(79.21), np.float64(74.56)]

2026-07-01 15:37:03,810 [trainer.py] => Average Accuracy (CNN): 66.85333333333334 

2026-07-01 15:37:03,813 [trainer.py] => All params: 91766106
2026-07-01 15:37:03,815 [trainer.py] => Trainable params: 364122
2026-07-01 15:37:03,816 [lora.py] => Learning on 90-100
2026-07-01 15:37:03,823 [lora.py] => Trainable params this task: 371,812 / 91,773,796
2026-07-01 15:37:55,153 [lora.py] => Task 9 finished. Train_accy 93.56
2026-07-01 15:38:20,533 [til_base.py] => TIL top1: 81.22
2026-07-01 15:38:20,534 [til_base.py] => CIL top1: 47.49 | TIL top1: 81.22
2026-07-01 15:38:20,534 [trainer.py] => No NME accuracy.
2026-07-01 15:38:20,534 [trainer.py] => CNN: {'total': np.float64(47.49), '00-09': np.float64(33.87), '10-19': np.float64(23.36), '20-29': np.float64(20.59), '30-39': np.float64(51.26), '40-49': np.float64(51.12), '50-59': np.float64(59.17), '60-69': np.float64(54.93), '70-79': np.float64(62.62), '80-89': np.float64(53.23), '90-99': np.float64(78.31), 'old': np.float64(45.42), 'new': np.float64(78.31)}
2026-07-01 15:38:20,534 [trainer.py] => CNN top1 curve: [np.float64(94.57), np.float64(81.55), np.float64(73.19), np.float64(72.24), np.float64(62.49), np.float64(59.37), np.float64(54.11), np.float64(54.96), np.float64(49.2), np.float64(47.49)]
2026-07-01 15:38:20,534 [trainer.py] => CNN top5 curve: [np.float64(100.0), np.float64(96.06), np.float64(91.38), np.float64(89.05), np.float64(86.81), np.float64(82.49), np.float64(79.84), np.float64(79.21), np.float64(74.56), np.float64(72.46)]

2026-07-01 15:38:20,534 [trainer.py] => Average Accuracy (CNN): 64.917 

2026-07-01 15:38:20,537 [trainer.py] => All params: 91773796
2026-07-01 15:38:20,540 [trainer.py] => Trainable params: 371812
2026-07-01 15:38:20,541 [lora.py] => Learning on 100-110
2026-07-01 15:38:20,548 [lora.py] => Trainable params this task: 379,502 / 91,781,486
2026-07-01 15:39:34,927 [lora.py] => Task 10 finished. Train_accy 91.39
2026-07-01 15:40:03,273 [til_base.py] => TIL top1: 81.97
2026-07-01 15:40:03,273 [til_base.py] => CIL top1: 44.74 | TIL top1: 81.97
2026-07-01 15:40:03,274 [trainer.py] => No NME accuracy.
2026-07-01 15:40:03,274 [trainer.py] => CNN: {'total': np.float64(44.74), '00-09': np.float64(28.43), '10-19': np.float64(27.1), '20-29': np.float64(21.9), '30-39': np.float64(50.98), '40-49': np.float64(42.42), '50-59': np.float64(52.25), '60-69': np.float64(42.54), '70-79': np.float64(51.15), '80-89': np.float64(49.25), '90-99': np.float64(60.85), '100-109': np.float64(76.49), 'old': np.float64(41.71), 'new': np.float64(76.49)}
2026-07-01 15:40:03,274 [trainer.py] => CNN top1 curve: [np.float64(94.57), np.float64(81.55), np.float64(73.19), np.float64(72.24), np.float64(62.49), np.float64(59.37), np.float64(54.11), np.float64(54.96), np.float64(49.2), np.float64(47.49), np.float64(44.74)]
2026-07-01 15:40:03,274 [trainer.py] => CNN top5 curve: [np.float64(100.0), np.float64(96.06), np.float64(91.38), np.float64(89.05), np.float64(86.81), np.float64(82.49), np.float64(79.84), np.float64(79.21), np.float64(74.56), np.float64(72.46), np.float64(72.11)]

2026-07-01 15:40:03,274 [trainer.py] => Average Accuracy (CNN): 63.08272727272728 

2026-07-01 15:40:03,277 [trainer.py] => All params: 91781486
2026-07-01 15:40:03,279 [trainer.py] => Trainable params: 379502
2026-07-01 15:40:03,280 [lora.py] => Learning on 110-120
2026-07-01 15:40:03,287 [lora.py] => Trainable params this task: 387,192 / 91,789,176
2026-07-01 15:41:31,546 [lora.py] => Task 11 finished. Train_accy 93.22
2026-07-01 15:42:02,859 [til_base.py] => TIL top1: 80.66
2026-07-01 15:42:02,859 [til_base.py] => CIL top1: 44.2 | TIL top1: 80.66
2026-07-01 15:42:02,859 [trainer.py] => No NME accuracy.
2026-07-01 15:42:02,859 [trainer.py] => CNN: {'total': np.float64(44.2), '00-09': np.float64(24.28), '10-19': np.float64(36.14), '20-29': np.float64(25.82), '30-39': np.float64(37.25), '40-49': np.float64(39.33), '50-59': np.float64(48.1), '60-69': np.float64(38.31), '70-79': np.float64(48.85), '80-89': np.float64(45.77), '90-99': np.float64(37.04), '100-109': np.float64(65.26), '110-119': np.float64(82.8), 'old': np.float64(40.16), 'new': np.float64(82.8)}
2026-07-01 15:42:02,859 [trainer.py] => CNN top1 curve: [np.float64(94.57), np.float64(81.55), np.float64(73.19), np.float64(72.24), np.float64(62.49), np.float64(59.37), np.float64(54.11), np.float64(54.96), np.float64(49.2), np.float64(47.49), np.float64(44.74), np.float64(44.2)]
2026-07-01 15:42:02,860 [trainer.py] => CNN top5 curve: [np.float64(100.0), np.float64(96.06), np.float64(91.38), np.float64(89.05), np.float64(86.81), np.float64(82.49), np.float64(79.84), np.float64(79.21), np.float64(74.56), np.float64(72.46), np.float64(72.11), np.float64(71.38)]

2026-07-01 15:42:02,860 [trainer.py] => Average Accuracy (CNN): 61.50916666666668 

2026-07-01 15:42:02,863 [trainer.py] => All params: 91789176
2026-07-01 15:42:02,865 [trainer.py] => Trainable params: 387192
2026-07-01 15:42:02,866 [lora.py] => Learning on 120-130
2026-07-01 15:42:02,873 [lora.py] => Trainable params this task: 394,882 / 91,796,866
2026-07-01 15:43:01,885 [lora.py] => Task 12 finished. Train_accy 89.83
2026-07-01 15:43:35,185 [til_base.py] => TIL top1: 80.65
2026-07-01 15:43:35,185 [til_base.py] => CIL top1: 43.03 | TIL top1: 80.65
2026-07-01 15:43:35,185 [trainer.py] => No NME accuracy.
2026-07-01 15:43:35,185 [trainer.py] => CNN: {'total': np.float64(43.03), '00-09': np.float64(25.24), '10-19': np.float64(37.07), '20-29': np.float64(24.84), '30-39': np.float64(43.7), '40-49': np.float64(34.27), '50-59': np.float64(52.94), '60-69': np.float64(35.21), '70-79': np.float64(43.61), '80-89': np.float64(37.31), '90-99': np.float64(29.63), '100-109': np.float64(54.74), '110-119': np.float64(70.85), '120-129': np.float64(72.6), 'old': np.float64(41.24), 'new': np.float64(72.6)}
2026-07-01 15:43:35,185 [trainer.py] => CNN top1 curve: [np.float64(94.57), np.float64(81.55), np.float64(73.19), np.float64(72.24), np.float64(62.49), np.float64(59.37), np.float64(54.11), np.float64(54.96), np.float64(49.2), np.float64(47.49), np.float64(44.74), np.float64(44.2), np.float64(43.03)]
2026-07-01 15:43:35,185 [trainer.py] => CNN top5 curve: [np.float64(100.0), np.float64(96.06), np.float64(91.38), np.float64(89.05), np.float64(86.81), np.float64(82.49), np.float64(79.84), np.float64(79.21), np.float64(74.56), np.float64(72.46), np.float64(72.11), np.float64(71.38), np.float64(70.36)]

2026-07-01 15:43:35,185 [trainer.py] => Average Accuracy (CNN): 60.087692307692315 

2026-07-01 15:43:35,189 [trainer.py] => All params: 91796866
2026-07-01 15:43:35,191 [trainer.py] => Trainable params: 394882
2026-07-01 15:43:35,192 [lora.py] => Learning on 130-140
2026-07-01 15:43:35,199 [lora.py] => Trainable params this task: 402,572 / 91,804,556
2026-07-01 15:44:54,939 [lora.py] => Task 13 finished. Train_accy 89.29
2026-07-01 15:45:30,947 [til_base.py] => TIL top1: 79.88
2026-07-01 15:45:30,947 [til_base.py] => CIL top1: 38.59 | TIL top1: 79.88
2026-07-01 15:45:30,947 [trainer.py] => No NME accuracy.
2026-07-01 15:45:30,947 [trainer.py] => CNN: {'total': np.float64(38.59), '00-09': np.float64(24.28), '10-19': np.float64(21.18), '20-29': np.float64(15.03), '30-39': np.float64(35.29), '40-49': np.float64(28.37), '50-59': np.float64(38.75), '60-69': np.float64(28.17), '70-79': np.float64(37.38), '80-89': np.float64(39.8), '90-99': np.float64(22.22), '100-109': np.float64(45.96), '110-119': np.float64(72.59), '120-129': np.float64(56.16), '130-139': np.float64(75.57), 'old': np.float64(35.63), 'new': np.float64(75.57)}
2026-07-01 15:45:30,947 [trainer.py] => CNN top1 curve: [np.float64(94.57), np.float64(81.55), np.float64(73.19), np.float64(72.24), np.float64(62.49), np.float64(59.37), np.float64(54.11), np.float64(54.96), np.float64(49.2), np.float64(47.49), np.float64(44.74), np.float64(44.2), np.float64(43.03), np.float64(38.59)]
2026-07-01 15:45:30,947 [trainer.py] => CNN top5 curve: [np.float64(100.0), np.float64(96.06), np.float64(91.38), np.float64(89.05), np.float64(86.81), np.float64(82.49), np.float64(79.84), np.float64(79.21), np.float64(74.56), np.float64(72.46), np.float64(72.11), np.float64(71.38), np.float64(70.36), np.float64(67.66)]

2026-07-01 15:45:30,947 [trainer.py] => Average Accuracy (CNN): 58.55214285714287 

2026-07-01 15:45:30,950 [trainer.py] => All params: 91804556
2026-07-01 15:45:30,952 [trainer.py] => Trainable params: 402572
2026-07-01 15:45:30,954 [lora.py] => Learning on 140-150
2026-07-01 15:45:30,961 [lora.py] => Trainable params this task: 410,262 / 91,812,246
2026-07-01 15:46:39,541 [lora.py] => Task 14 finished. Train_accy 91.51
2026-07-01 15:47:17,604 [til_base.py] => TIL top1: 78.24
2026-07-01 15:47:17,604 [til_base.py] => CIL top1: 35.67 | TIL top1: 78.24
2026-07-01 15:47:17,604 [trainer.py] => No NME accuracy.
2026-07-01 15:47:17,604 [trainer.py] => CNN: {'total': np.float64(35.67), '00-09': np.float64(21.73), '10-19': np.float64(16.51), '20-29': np.float64(14.71), '30-39': np.float64(36.97), '40-49': np.float64(28.09), '50-59': np.float64(32.87), '60-69': np.float64(24.51), '70-79': np.float64(25.57), '80-89': np.float64(33.83), '90-99': np.float64(24.87), '100-109': np.float64(37.19), '110-119': np.float64(58.31), '120-129': np.float64(40.18), '130-139': np.float64(63.52), '140-149': np.float64(81.25), 'old': np.float64(32.85), 'new': np.float64(81.25)}
2026-07-01 15:47:17,604 [trainer.py] => CNN top1 curve: [np.float64(94.57), np.float64(81.55), np.float64(73.19), np.float64(72.24), np.float64(62.49), np.float64(59.37), np.float64(54.11), np.float64(54.96), np.float64(49.2), np.float64(47.49), np.float64(44.74), np.float64(44.2), np.float64(43.03), np.float64(38.59), np.float64(35.67)]
2026-07-01 15:47:17,604 [trainer.py] => CNN top5 curve: [np.float64(100.0), np.float64(96.06), np.float64(91.38), np.float64(89.05), np.float64(86.81), np.float64(82.49), np.float64(79.84), np.float64(79.21), np.float64(74.56), np.float64(72.46), np.float64(72.11), np.float64(71.38), np.float64(70.36), np.float64(67.66), np.float64(64.38)]

2026-07-01 15:47:17,604 [trainer.py] => Average Accuracy (CNN): 57.02666666666667 

2026-07-01 15:47:17,608 [trainer.py] => All params: 91812246
2026-07-01 15:47:17,610 [trainer.py] => Trainable params: 410262
2026-07-01 15:47:17,612 [lora.py] => Learning on 150-160
2026-07-01 15:47:17,619 [lora.py] => Trainable params this task: 417,952 / 91,819,936
2026-07-01 15:48:30,527 [lora.py] => Task 15 finished. Train_accy 93.00
2026-07-01 15:49:10,894 [til_base.py] => TIL top1: 79.49
2026-07-01 15:49:10,894 [til_base.py] => CIL top1: 34.25 | TIL top1: 79.49
2026-07-01 15:49:10,894 [trainer.py] => No NME accuracy.
2026-07-01 15:49:10,895 [trainer.py] => CNN: {'total': np.float64(34.25), '00-09': np.float64(21.73), '10-19': np.float64(16.51), '20-29': np.float64(14.71), '30-39': np.float64(34.17), '40-49': np.float64(23.6), '50-59': np.float64(31.83), '60-69': np.float64(10.7), '70-79': np.float64(24.26), '80-89': np.float64(32.34), '90-99': np.float64(18.52), '100-109': np.float64(43.16), '110-119': np.float64(54.81), '120-129': np.float64(33.79), '130-139': np.float64(55.7), '140-149': np.float64(63.28), '150-159': np.float64(75.18), 'old': np.float64(31.67), 'new': np.float64(75.18)}
2026-07-01 15:49:10,895 [trainer.py] => CNN top1 curve: [np.float64(94.57), np.float64(81.55), np.float64(73.19), np.float64(72.24), np.float64(62.49), np.float64(59.37), np.float64(54.11), np.float64(54.96), np.float64(49.2), np.float64(47.49), np.float64(44.74), np.float64(44.2), np.float64(43.03), np.float64(38.59), np.float64(35.67), np.float64(34.25)]
2026-07-01 15:49:10,895 [trainer.py] => CNN top5 curve: [np.float64(100.0), np.float64(96.06), np.float64(91.38), np.float64(89.05), np.float64(86.81), np.float64(82.49), np.float64(79.84), np.float64(79.21), np.float64(74.56), np.float64(72.46), np.float64(72.11), np.float64(71.38), np.float64(70.36), np.float64(67.66), np.float64(64.38), np.float64(63.16)]

2026-07-01 15:49:10,895 [trainer.py] => Average Accuracy (CNN): 55.603125000000006 

2026-07-01 15:49:10,898 [trainer.py] => All params: 91819936
2026-07-01 15:49:10,900 [trainer.py] => Trainable params: 417952
2026-07-01 15:49:10,902 [lora.py] => Learning on 160-170
2026-07-01 15:49:10,909 [lora.py] => Trainable params this task: 425,642 / 91,827,626
2026-07-01 15:50:34,003 [lora.py] => Task 16 finished. Train_accy 88.69
2026-07-01 15:51:16,838 [til_base.py] => TIL top1: 78.68
2026-07-01 15:51:16,838 [til_base.py] => CIL top1: 34.55 | TIL top1: 78.68
2026-07-01 15:51:16,838 [trainer.py] => No NME accuracy.
2026-07-01 15:51:16,838 [trainer.py] => CNN: {'total': np.float64(34.55), '00-09': np.float64(28.75), '10-19': np.float64(15.89), '20-29': np.float64(17.97), '30-39': np.float64(30.81), '40-49': np.float64(18.54), '50-59': np.float64(32.87), '60-69': np.float64(20.85), '70-79': np.float64(22.3), '80-89': np.float64(30.85), '90-99': np.float64(16.4), '100-109': np.float64(28.77), '110-119': np.float64(51.31), '120-129': np.float64(27.4), '130-139': np.float64(58.96), '140-149': np.float64(55.86), '150-159': np.float64(55.76), '160-169': np.float64(71.34), 'old': np.float64(32.03), 'new': np.float64(71.34)}
2026-07-01 15:51:16,838 [trainer.py] => CNN top1 curve: [np.float64(94.57), np.float64(81.55), np.float64(73.19), np.float64(72.24), np.float64(62.49), np.float64(59.37), np.float64(54.11), np.float64(54.96), np.float64(49.2), np.float64(47.49), np.float64(44.74), np.float64(44.2), np.float64(43.03), np.float64(38.59), np.float64(35.67), np.float64(34.25), np.float64(34.55)]
2026-07-01 15:51:16,838 [trainer.py] => CNN top5 curve: [np.float64(100.0), np.float64(96.06), np.float64(91.38), np.float64(89.05), np.float64(86.81), np.float64(82.49), np.float64(79.84), np.float64(79.21), np.float64(74.56), np.float64(72.46), np.float64(72.11), np.float64(71.38), np.float64(70.36), np.float64(67.66), np.float64(64.38), np.float64(63.16), np.float64(61.43)]

2026-07-01 15:51:16,838 [trainer.py] => Average Accuracy (CNN): 54.36470588235294 

2026-07-01 15:51:16,841 [trainer.py] => All params: 91827626
2026-07-01 15:51:16,844 [trainer.py] => Trainable params: 425642
2026-07-01 15:51:16,845 [lora.py] => Learning on 170-180
2026-07-01 15:51:16,852 [lora.py] => Trainable params this task: 433,332 / 91,835,316
2026-07-01 15:52:29,002 [lora.py] => Task 17 finished. Train_accy 90.10
2026-07-01 15:53:14,344 [til_base.py] => TIL top1: 74.97
2026-07-01 15:53:14,344 [til_base.py] => CIL top1: 29.26 | TIL top1: 74.97
2026-07-01 15:53:14,344 [trainer.py] => No NME accuracy.
2026-07-01 15:53:14,344 [trainer.py] => CNN: {'total': np.float64(29.26), '00-09': np.float64(25.56), '10-19': np.float64(12.77), '20-29': np.float64(13.07), '30-39': np.float64(28.57), '40-49': np.float64(14.33), '50-59': np.float64(24.91), '60-69': np.float64(17.46), '70-79': np.float64(16.07), '80-89': np.float64(25.87), '90-99': np.float64(13.23), '100-109': np.float64(22.11), '110-119': np.float64(40.52), '120-129': np.float64(13.7), '130-139': np.float64(39.41), '140-149': np.float64(47.66), '150-159': np.float64(48.2), '160-169': np.float64(49.53), '170-179': np.float64(73.9), 'old': np.float64(26.83), 'new': np.float64(73.9)}
2026-07-01 15:53:14,344 [trainer.py] => CNN top1 curve: [np.float64(94.57), np.float64(81.55), np.float64(73.19), np.float64(72.24), np.float64(62.49), np.float64(59.37), np.float64(54.11), np.float64(54.96), np.float64(49.2), np.float64(47.49), np.float64(44.74), np.float64(44.2), np.float64(43.03), np.float64(38.59), np.float64(35.67), np.float64(34.25), np.float64(34.55), np.float64(29.26)]
2026-07-01 15:53:14,344 [trainer.py] => CNN top5 curve: [np.float64(100.0), np.float64(96.06), np.float64(91.38), np.float64(89.05), np.float64(86.81), np.float64(82.49), np.float64(79.84), np.float64(79.21), np.float64(74.56), np.float64(72.46), np.float64(72.11), np.float64(71.38), np.float64(70.36), np.float64(67.66), np.float64(64.38), np.float64(63.16), np.float64(61.43), np.float64(56.68)]

2026-07-01 15:53:14,344 [trainer.py] => Average Accuracy (CNN): 52.97 

2026-07-01 15:53:14,347 [trainer.py] => All params: 91835316
2026-07-01 15:53:14,349 [trainer.py] => Trainable params: 433332
2026-07-01 15:53:14,351 [lora.py] => Learning on 180-190
2026-07-01 15:53:14,358 [lora.py] => Trainable params this task: 441,022 / 91,843,006
2026-07-01 15:54:41,096 [lora.py] => Task 18 finished. Train_accy 93.84
2026-07-01 15:55:29,123 [til_base.py] => TIL top1: 76.61
2026-07-01 15:55:29,123 [til_base.py] => CIL top1: 30.94 | TIL top1: 76.61
2026-07-01 15:55:29,123 [trainer.py] => No NME accuracy.
2026-07-01 15:55:29,123 [trainer.py] => CNN: {'total': np.float64(30.94), '00-09': np.float64(33.23), '10-19': np.float64(14.33), '20-29': np.float64(13.73), '30-39': np.float64(30.25), '40-49': np.float64(19.94), '50-59': np.float64(25.26), '60-69': np.float64(15.49), '70-79': np.float64(13.44), '80-89': np.float64(22.39), '90-99': np.float64(15.87), '100-109': np.float64(17.89), '110-119': np.float64(38.19), '120-129': np.float64(15.07), '130-139': np.float64(38.44), '140-149': np.float64(32.81), '150-159': np.float64(46.4), '160-169': np.float64(52.65), '170-179': np.float64(57.35), '180-189': np.float64(74.18), 'old': np.float64(28.18), 'new': np.float64(74.18)}
2026-07-01 15:55:29,123 [trainer.py] => CNN top1 curve: [np.float64(94.57), np.float64(81.55), np.float64(73.19), np.float64(72.24), np.float64(62.49), np.float64(59.37), np.float64(54.11), np.float64(54.96), np.float64(49.2), np.float64(47.49), np.float64(44.74), np.float64(44.2), np.float64(43.03), np.float64(38.59), np.float64(35.67), np.float64(34.25), np.float64(34.55), np.float64(29.26), np.float64(30.94)]
2026-07-01 15:55:29,123 [trainer.py] => CNN top5 curve: [np.float64(100.0), np.float64(96.06), np.float64(91.38), np.float64(89.05), np.float64(86.81), np.float64(82.49), np.float64(79.84), np.float64(79.21), np.float64(74.56), np.float64(72.46), np.float64(72.11), np.float64(71.38), np.float64(70.36), np.float64(67.66), np.float64(64.38), np.float64(63.16), np.float64(61.43), np.float64(56.68), np.float64(57.33)]

2026-07-01 15:55:29,124 [trainer.py] => Average Accuracy (CNN): 51.81052631578948 

2026-07-01 15:55:29,130 [trainer.py] => All params: 91843006
2026-07-01 15:55:29,135 [trainer.py] => Trainable params: 441022
2026-07-01 15:55:29,138 [lora.py] => Learning on 190-200
2026-07-01 15:55:29,153 [lora.py] => Trainable params this task: 448,712 / 91,850,696
2026-07-01 15:56:50,375 [lora.py] => Task 19 finished. Train_accy 93.71
2026-07-01 15:57:41,161 [til_base.py] => TIL top1: 77.72
2026-07-01 15:57:41,161 [til_base.py] => CIL top1: 30.44 | TIL top1: 77.72
2026-07-01 15:57:41,161 [trainer.py] => No NME accuracy.
2026-07-01 15:57:41,161 [trainer.py] => CNN: {'total': np.float64(30.44), '00-09': np.float64(32.91), '10-19': np.float64(10.59), '20-29': np.float64(11.76), '30-39': np.float64(20.45), '40-49': np.float64(21.63), '50-59': np.float64(29.07), '60-69': np.float64(14.37), '70-79': np.float64(19.67), '80-89': np.float64(20.9), '90-99': np.float64(10.58), '100-109': np.float64(9.12), '110-119': np.float64(39.07), '120-129': np.float64(15.07), '130-139': np.float64(43.0), '140-149': np.float64(21.09), '150-159': np.float64(33.81), '160-169': np.float64(45.79), '170-179': np.float64(43.01), '180-189': np.float64(67.95), '190-199': np.float64(81.85), 'old': np.float64(27.56), 'new': np.float64(81.85)}
2026-07-01 15:57:41,161 [trainer.py] => CNN top1 curve: [np.float64(94.57), np.float64(81.55), np.float64(73.19), np.float64(72.24), np.float64(62.49), np.float64(59.37), np.float64(54.11), np.float64(54.96), np.float64(49.2), np.float64(47.49), np.float64(44.74), np.float64(44.2), np.float64(43.03), np.float64(38.59), np.float64(35.67), np.float64(34.25), np.float64(34.55), np.float64(29.26), np.float64(30.94), np.float64(30.44)]
2026-07-01 15:57:41,161 [trainer.py] => CNN top5 curve: [np.float64(100.0), np.float64(96.06), np.float64(91.38), np.float64(89.05), np.float64(86.81), np.float64(82.49), np.float64(79.84), np.float64(79.21), np.float64(74.56), np.float64(72.46), np.float64(72.11), np.float64(71.38), np.float64(70.36), np.float64(67.66), np.float64(64.38), np.float64(63.16), np.float64(61.43), np.float64(56.68), np.float64(57.33), np.float64(57.02)]

2026-07-01 15:57:41,161 [trainer.py] => Average Accuracy (CNN): 50.742000000000004 

2026-07-01 15:57:41,163 [trainer.py] => Forgetting (CNN): 53.77263157894737
2026-07-01 15:57:41,163 [trainer.py] => Forgetting (NME): 53.77263157894737
2026-07-01 15:57:41,165 [trainer.py] => Forgetting (TIL): 17.035263157894736
