2026-07-01 05:02:55,233 [trainer.py] => config: ./exps/svdlora_inr20t_task_s1995.json
2026-07-01 05:02:55,234 [trainer.py] => dataset: imagenetr
2026-07-01 05:02:55,234 [trainer.py] => memory_size: 0
2026-07-01 05:02:55,234 [trainer.py] => memory_per_class: 0
2026-07-01 05:02:55,234 [trainer.py] => fixed_memory: False
2026-07-01 05:02:55,234 [trainer.py] => shuffle: True
2026-07-01 05:02:55,234 [trainer.py] => init_cls: 10
2026-07-01 05:02:55,234 [trainer.py] => increment: 10
2026-07-01 05:02:55,234 [trainer.py] => backbone_type: vit_base_patch16_224_lora
2026-07-01 05:02:55,234 [trainer.py] => device: [device(type='cuda', index=0)]
2026-07-01 05:02:55,234 [trainer.py] => seed: 1995
2026-07-01 05:02:55,234 [trainer.py] => scenario: both
2026-07-01 05:02:55,234 [trainer.py] => lora_rank: 8
2026-07-01 05:02:55,234 [trainer.py] => n_lora_blocks: 3
2026-07-01 05:02:55,234 [trainer.py] => tuned_epoch: 10
2026-07-01 05:02:55,234 [trainer.py] => init_lr: 0.005
2026-07-01 05:02:55,234 [trainer.py] => batch_size: 48
2026-07-01 05:02:55,234 [trainer.py] => weight_decay: 0.0005
2026-07-01 05:02:55,234 [trainer.py] => min_lr: 0.0
2026-07-01 05:02:55,234 [trainer.py] => pretrained: True
2026-07-01 05:02:55,234 [trainer.py] => print_forget: True
2026-07-01 05:02:55,234 [trainer.py] => model_name: sketchlora
2026-07-01 05:02:55,234 [trainer.py] => lora_alpha: 32
2026-07-01 05:02:55,234 [trainer.py] => lora_merge: True
2026-07-01 05:02:55,234 [trainer.py] => lora_train_merge: True
2026-07-01 05:02:55,234 [trainer.py] => svd_rank: 8
2026-07-01 05:02:55,234 [trainer.py] => svd_oversampling: 10
2026-07-01 05:02:55,235 [trainer.py] => svd_energy_target: 0.01
2026-07-01 05:02:55,235 [trainer.py] => lora_n_slots: 2
2026-07-01 05:02:55,235 [trainer.py] => prefix: inr20t_task
2026-07-01 05:02:55,315 [data_manager.py] => [146, 198, 169, 126, 142, 183, 108, 86, 79, 35, 112, 29, 0, 2, 59, 178, 143, 31, 147, 33, 123, 114, 194, 54, 138, 75, 158, 26, 131, 141, 180, 132, 22, 49, 116, 111, 24, 98, 107, 89, 151, 83, 185, 15, 27, 136, 65, 1, 82, 87, 99, 153, 47, 144, 145, 175, 155, 77, 191, 199, 46, 28, 76, 71, 93, 137, 5, 188, 187, 74, 103, 173, 18, 80, 88, 48, 109, 81, 91, 101, 43, 102, 61, 182, 3, 14, 40, 42, 167, 66, 57, 73, 135, 39, 45, 184, 161, 85, 148, 121, 8, 195, 21, 4, 106, 133, 118, 10, 176, 50, 36, 192, 162, 172, 96, 197, 20, 117, 140, 186, 92, 97, 44, 149, 13, 37, 170, 25, 181, 171, 23, 104, 189, 11, 159, 67, 94, 68, 55, 6, 150, 165, 120, 139, 72, 154, 115, 125, 53, 58, 16, 113, 41, 190, 174, 127, 110, 7, 38, 32, 95, 19, 196, 51, 78, 34, 122, 152, 119, 134, 129, 130, 128, 17, 30, 90, 124, 160, 100, 193, 12, 56, 64, 168, 105, 63, 177, 70, 60, 163, 9, 62, 156, 52, 84, 157, 69, 179, 166, 164]
2026-07-01 05:02:57,936 [trainer.py] => All params: 86388480
2026-07-01 05:02:57,937 [trainer.py] => Trainable params: 589824
2026-07-01 05:02:58,670 [lora.py] => Learning on 0-10
2026-07-01 05:02:58,672 [lora.py] => Trainable params this task: 81,418 / 86,396,170
2026-07-01 05:04:20,294 [lora.py] => Task 0 finished. Train_accy 90.88
2026-07-01 05:04:21,079 [sketchlora.py] => [SketchDiag] task 0: retained-energy mean=0.997 min=0.992 | ||ΔW||_F mean=5.094 | r_hat mean=7.3 total=44
2026-07-01 05:04:24,343 [til_base.py] => TIL top1: 92.65
2026-07-01 05:04:24,343 [til_base.py] => CIL top1: 92.65 | TIL top1: 92.65
2026-07-01 05:04:24,343 [trainer.py] => No NME accuracy.
2026-07-01 05:04:24,343 [trainer.py] => CNN: {'total': np.float64(92.65), '00-09': np.float64(92.65), 'old': 0, 'new': np.float64(92.65)}
2026-07-01 05:04:24,343 [trainer.py] => CNN top1 curve: [np.float64(92.65)]
2026-07-01 05:04:24,343 [trainer.py] => CNN top5 curve: [np.float64(99.36)]

2026-07-01 05:04:24,343 [trainer.py] => Average Accuracy (CNN): 92.65 

2026-07-01 05:04:24,344 [trainer.py] => All params: 86390026
2026-07-01 05:04:24,344 [trainer.py] => Trainable params: 81418
2026-07-01 05:04:24,345 [lora.py] => Learning on 10-20
2026-07-01 05:04:24,347 [lora.py] => Trainable params this task: 89,108 / 86,397,716
2026-07-01 05:05:48,190 [lora.py] => Task 1 finished. Train_accy 90.86
2026-07-01 05:05:48,855 [sketchlora.py] => [SketchDiag] task 1: retained-energy mean=0.992 min=0.991 | ||ΔW||_F mean=8.122 | r_hat mean=13.3 total=80
2026-07-01 05:05:54,740 [til_base.py] => TIL top1: 88.01
2026-07-01 05:05:54,740 [til_base.py] => CIL top1: 82.18 | TIL top1: 88.01
2026-07-01 05:05:54,740 [trainer.py] => No NME accuracy.
2026-07-01 05:05:54,740 [trainer.py] => CNN: {'total': np.float64(82.18), '00-09': np.float64(79.87), '10-19': np.float64(84.42), 'old': np.float64(79.87), 'new': np.float64(84.42)}
2026-07-01 05:05:54,740 [trainer.py] => CNN top1 curve: [np.float64(92.65), np.float64(82.18)]
2026-07-01 05:05:54,740 [trainer.py] => CNN top5 curve: [np.float64(99.36), np.float64(95.58)]

2026-07-01 05:05:54,740 [trainer.py] => Average Accuracy (CNN): 87.415 

2026-07-01 05:05:54,741 [trainer.py] => All params: 86453012
2026-07-01 05:05:54,742 [trainer.py] => Trainable params: 89108
2026-07-01 05:05:54,743 [lora.py] => Learning on 20-30
2026-07-01 05:05:54,745 [lora.py] => Trainable params this task: 96,798 / 86,460,702
2026-07-01 05:07:15,181 [lora.py] => Task 2 finished. Train_accy 86.69
2026-07-01 05:07:15,903 [sketchlora.py] => [SketchDiag] task 2: retained-energy mean=0.993 min=0.991 | ||ΔW||_F mean=9.169 | r_hat mean=18.5 total=111
2026-07-01 05:07:24,334 [til_base.py] => TIL top1: 85.0
2026-07-01 05:07:24,335 [til_base.py] => CIL top1: 73.51 | TIL top1: 85.0
2026-07-01 05:07:24,335 [trainer.py] => No NME accuracy.
2026-07-01 05:07:24,335 [trainer.py] => CNN: {'total': np.float64(73.51), '00-09': np.float64(72.84), '10-19': np.float64(73.52), '20-29': np.float64(74.18), 'old': np.float64(73.19), 'new': np.float64(74.18)}
2026-07-01 05:07:24,335 [trainer.py] => CNN top1 curve: [np.float64(92.65), np.float64(82.18), np.float64(73.51)]
2026-07-01 05:07:24,335 [trainer.py] => CNN top5 curve: [np.float64(99.36), np.float64(95.58), np.float64(89.79)]

2026-07-01 05:07:24,335 [trainer.py] => Average Accuracy (CNN): 82.78000000000002 

2026-07-01 05:07:24,336 [trainer.py] => All params: 86508318
2026-07-01 05:07:24,337 [trainer.py] => Trainable params: 96798
2026-07-01 05:07:24,339 [lora.py] => Learning on 30-40
2026-07-01 05:07:24,342 [lora.py] => Trainable params this task: 104,488 / 86,516,008
2026-07-01 05:08:57,170 [lora.py] => Task 3 finished. Train_accy 88.48
2026-07-01 05:08:57,899 [sketchlora.py] => [SketchDiag] task 3: retained-energy mean=0.994 min=0.992 | ||ΔW||_F mean=10.564 | r_hat mean=24.2 total=145
2026-07-01 05:09:09,232 [til_base.py] => TIL top1: 83.27
2026-07-01 05:09:09,233 [til_base.py] => CIL top1: 67.77 | TIL top1: 83.27
2026-07-01 05:09:09,233 [trainer.py] => No NME accuracy.
2026-07-01 05:09:09,233 [trainer.py] => CNN: {'total': np.float64(67.77), '00-09': np.float64(62.62), '10-19': np.float64(64.8), '20-29': np.float64(61.44), '30-39': np.float64(80.39), 'old': np.float64(62.98), 'new': np.float64(80.39)}
2026-07-01 05:09:09,233 [trainer.py] => CNN top1 curve: [np.float64(92.65), np.float64(82.18), np.float64(73.51), np.float64(67.77)]
2026-07-01 05:09:09,233 [trainer.py] => CNN top5 curve: [np.float64(99.36), np.float64(95.58), np.float64(89.79), np.float64(86.66)]

2026-07-01 05:09:09,233 [trainer.py] => Average Accuracy (CNN): 79.0275 

2026-07-01 05:09:09,234 [trainer.py] => All params: 86568232
2026-07-01 05:09:09,235 [trainer.py] => Trainable params: 104488
2026-07-01 05:09:09,237 [lora.py] => Learning on 40-50
2026-07-01 05:09:09,240 [lora.py] => Trainable params this task: 112,178 / 86,575,922
2026-07-01 05:10:41,069 [lora.py] => Task 4 finished. Train_accy 87.69
2026-07-01 05:10:41,847 [sketchlora.py] => [SketchDiag] task 4: retained-energy mean=0.992 min=0.990 | ||ΔW||_F mean=11.832 | r_hat mean=29.5 total=177
2026-07-01 05:10:56,084 [til_base.py] => TIL top1: 81.73
2026-07-01 05:10:56,084 [til_base.py] => CIL top1: 62.25 | TIL top1: 81.73
2026-07-01 05:10:56,084 [trainer.py] => No NME accuracy.
2026-07-01 05:10:56,084 [trainer.py] => CNN: {'total': np.float64(62.25), '00-09': np.float64(53.35), '10-19': np.float64(56.07), '20-29': np.float64(51.96), '30-39': np.float64(74.79), '40-49': np.float64(71.91), 'old': np.float64(59.6), 'new': np.float64(71.91)}
2026-07-01 05:10:56,084 [trainer.py] => CNN top1 curve: [np.float64(92.65), np.float64(82.18), np.float64(73.51), np.float64(67.77), np.float64(62.25)]
2026-07-01 05:10:56,084 [trainer.py] => CNN top5 curve: [np.float64(99.36), np.float64(95.58), np.float64(89.79), np.float64(86.66), np.float64(84.03)]

2026-07-01 05:10:56,085 [trainer.py] => Average Accuracy (CNN): 75.672 

2026-07-01 05:10:56,085 [trainer.py] => All params: 86625074
2026-07-01 05:10:56,086 [trainer.py] => Trainable params: 112178
2026-07-01 05:10:56,087 [lora.py] => Learning on 50-60
2026-07-01 05:10:56,089 [lora.py] => Trainable params this task: 119,868 / 86,632,764
2026-07-01 05:12:12,833 [lora.py] => Task 5 finished. Train_accy 89.68
2026-07-01 05:12:13,613 [sketchlora.py] => [SketchDiag] task 5: retained-energy mean=0.992 min=0.990 | ||ΔW||_F mean=12.889 | r_hat mean=34.0 total=204
2026-07-01 05:12:30,589 [til_base.py] => TIL top1: 80.07
2026-07-01 05:12:30,590 [til_base.py] => CIL top1: 55.82 | TIL top1: 80.07
2026-07-01 05:12:30,590 [trainer.py] => No NME accuracy.
2026-07-01 05:12:30,590 [trainer.py] => CNN: {'total': np.float64(55.82), '00-09': np.float64(41.85), '10-19': np.float64(49.53), '20-29': np.float64(47.71), '30-39': np.float64(63.87), '40-49': np.float64(60.96), '50-59': np.float64(70.24), 'old': np.float64(53.3), 'new': np.float64(70.24)}
2026-07-01 05:12:30,590 [trainer.py] => CNN top1 curve: [np.float64(92.65), np.float64(82.18), np.float64(73.51), np.float64(67.77), np.float64(62.25), np.float64(55.82)]
2026-07-01 05:12:30,590 [trainer.py] => CNN top5 curve: [np.float64(99.36), np.float64(95.58), np.float64(89.79), np.float64(86.66), np.float64(84.03), np.float64(80.07)]

2026-07-01 05:12:30,590 [trainer.py] => Average Accuracy (CNN): 72.36333333333333 

2026-07-01 05:12:30,591 [trainer.py] => All params: 86674236
2026-07-01 05:12:30,592 [trainer.py] => Trainable params: 119868
2026-07-01 05:12:30,594 [lora.py] => Learning on 60-70
2026-07-01 05:12:30,597 [lora.py] => Trainable params this task: 127,558 / 86,681,926
2026-07-01 05:14:02,708 [lora.py] => Task 6 finished. Train_accy 86.67
2026-07-01 05:14:03,495 [sketchlora.py] => [SketchDiag] task 6: retained-energy mean=0.992 min=0.991 | ||ΔW||_F mean=14.098 | r_hat mean=38.3 total=230
2026-07-01 05:14:23,330 [til_base.py] => TIL top1: 78.84
2026-07-01 05:14:23,330 [til_base.py] => CIL top1: 52.76 | TIL top1: 78.84
2026-07-01 05:14:23,330 [trainer.py] => No NME accuracy.
2026-07-01 05:14:23,330 [trainer.py] => CNN: {'total': np.float64(52.76), '00-09': np.float64(39.3), '10-19': np.float64(43.61), '20-29': np.float64(43.46), '30-39': np.float64(61.62), '40-49': np.float64(56.74), '50-59': np.float64(62.63), '60-69': np.float64(60.0), 'old': np.float64(51.44), 'new': np.float64(60.0)}
2026-07-01 05:14:23,330 [trainer.py] => CNN top1 curve: [np.float64(92.65), np.float64(82.18), np.float64(73.51), np.float64(67.77), np.float64(62.25), np.float64(55.82), np.float64(52.76)]
2026-07-01 05:14:23,331 [trainer.py] => CNN top5 curve: [np.float64(99.36), np.float64(95.58), np.float64(89.79), np.float64(86.66), np.float64(84.03), np.float64(80.07), np.float64(77.75)]

2026-07-01 05:14:23,331 [trainer.py] => Average Accuracy (CNN): 69.56285714285714 

2026-07-01 05:14:23,331 [trainer.py] => All params: 86721862
2026-07-01 05:14:23,332 [trainer.py] => Trainable params: 127558
2026-07-01 05:14:23,333 [lora.py] => Learning on 70-80
2026-07-01 05:14:23,335 [lora.py] => Trainable params this task: 135,248 / 86,729,552
2026-07-01 05:15:43,417 [lora.py] => Task 7 finished. Train_accy 89.80
2026-07-01 05:15:44,215 [sketchlora.py] => [SketchDiag] task 7: retained-energy mean=0.992 min=0.991 | ||ΔW||_F mean=14.784 | r_hat mean=42.0 total=252
2026-07-01 05:16:06,568 [til_base.py] => TIL top1: 79.36
2026-07-01 05:16:06,568 [til_base.py] => CIL top1: 53.54 | TIL top1: 79.36
2026-07-01 05:16:06,568 [trainer.py] => No NME accuracy.
2026-07-01 05:16:06,568 [trainer.py] => CNN: {'total': np.float64(53.54), '00-09': np.float64(40.26), '10-19': np.float64(42.37), '20-29': np.float64(41.83), '30-39': np.float64(58.82), '40-49': np.float64(55.62), '50-59': np.float64(60.9), '60-69': np.float64(60.56), '70-79': np.float64(66.89), 'old': np.float64(51.76), 'new': np.float64(66.89)}
2026-07-01 05:16:06,569 [trainer.py] => CNN top1 curve: [np.float64(92.65), np.float64(82.18), np.float64(73.51), np.float64(67.77), np.float64(62.25), np.float64(55.82), np.float64(52.76), np.float64(53.54)]
2026-07-01 05:16:06,569 [trainer.py] => CNN top5 curve: [np.float64(99.36), np.float64(95.58), np.float64(89.79), np.float64(86.66), np.float64(84.03), np.float64(80.07), np.float64(77.75), np.float64(77.36)]

2026-07-01 05:16:06,569 [trainer.py] => Average Accuracy (CNN): 67.56 

2026-07-01 05:16:06,569 [trainer.py] => All params: 86763344
2026-07-01 05:16:06,570 [trainer.py] => Trainable params: 135248
2026-07-01 05:16:06,571 [lora.py] => Learning on 80-90
2026-07-01 05:16:06,573 [lora.py] => Trainable params this task: 142,938 / 86,771,034
2026-07-01 05:17:02,069 [lora.py] => Task 8 finished. Train_accy 86.18
2026-07-01 05:17:02,868 [sketchlora.py] => [SketchDiag] task 8: retained-energy mean=0.992 min=0.991 | ||ΔW||_F mean=15.322 | r_hat mean=44.8 total=269
2026-07-01 05:17:27,063 [til_base.py] => TIL top1: 78.09
2026-07-01 05:17:27,063 [til_base.py] => CIL top1: 49.09 | TIL top1: 78.09
2026-07-01 05:17:27,064 [trainer.py] => No NME accuracy.
2026-07-01 05:17:27,064 [trainer.py] => CNN: {'total': np.float64(49.09), '00-09': np.float64(33.87), '10-19': np.float64(36.76), '20-29': np.float64(34.97), '30-39': np.float64(57.98), '40-49': np.float64(49.16), '50-59': np.float64(58.48), '60-69': np.float64(55.77), '70-79': np.float64(56.72), '80-89': np.float64(61.19), 'old': np.float64(48.16), 'new': np.float64(61.19)}
2026-07-01 05:17:27,064 [trainer.py] => CNN top1 curve: [np.float64(92.65), np.float64(82.18), np.float64(73.51), np.float64(67.77), np.float64(62.25), np.float64(55.82), np.float64(52.76), np.float64(53.54), np.float64(49.09)]
2026-07-01 05:17:27,064 [trainer.py] => CNN top5 curve: [np.float64(99.36), np.float64(95.58), np.float64(89.79), np.float64(86.66), np.float64(84.03), np.float64(80.07), np.float64(77.75), np.float64(77.36), np.float64(73.96)]

2026-07-01 05:17:27,064 [trainer.py] => Average Accuracy (CNN): 65.50777777777779 

2026-07-01 05:17:27,064 [trainer.py] => All params: 86797146
2026-07-01 05:17:27,065 [trainer.py] => Trainable params: 142938
2026-07-01 05:17:27,066 [lora.py] => Learning on 90-100
2026-07-01 05:17:27,068 [lora.py] => Trainable params this task: 150,628 / 86,804,836
2026-07-01 05:18:19,847 [lora.py] => Task 9 finished. Train_accy 90.60
2026-07-01 05:18:20,665 [sketchlora.py] => [SketchDiag] task 9: retained-energy mean=0.992 min=0.990 | ||ΔW||_F mean=15.921 | r_hat mean=47.2 total=283
2026-07-01 05:18:47,011 [til_base.py] => TIL top1: 79.01
2026-07-01 05:18:47,012 [til_base.py] => CIL top1: 48.5 | TIL top1: 79.01
2026-07-01 05:18:47,012 [trainer.py] => No NME accuracy.
2026-07-01 05:18:47,012 [trainer.py] => CNN: {'total': np.float64(48.5), '00-09': np.float64(37.38), '10-19': np.float64(36.45), '20-29': np.float64(33.01), '30-39': np.float64(55.18), '40-49': np.float64(47.19), '50-59': np.float64(50.52), '60-69': np.float64(52.68), '70-79': np.float64(58.36), '80-89': np.float64(53.23), '90-99': np.float64(70.37), 'old': np.float64(47.02), 'new': np.float64(70.37)}
2026-07-01 05:18:47,012 [trainer.py] => CNN top1 curve: [np.float64(92.65), np.float64(82.18), np.float64(73.51), np.float64(67.77), np.float64(62.25), np.float64(55.82), np.float64(52.76), np.float64(53.54), np.float64(49.09), np.float64(48.5)]
2026-07-01 05:18:47,012 [trainer.py] => CNN top5 curve: [np.float64(99.36), np.float64(95.58), np.float64(89.79), np.float64(86.66), np.float64(84.03), np.float64(80.07), np.float64(77.75), np.float64(77.36), np.float64(73.96), np.float64(72.73)]

2026-07-01 05:18:47,012 [trainer.py] => Average Accuracy (CNN): 63.807 

2026-07-01 05:18:47,013 [trainer.py] => All params: 86826340
2026-07-01 05:18:47,013 [trainer.py] => Trainable params: 150628
2026-07-01 05:18:47,014 [lora.py] => Learning on 100-110
2026-07-01 05:18:47,016 [lora.py] => Trainable params this task: 158,318 / 86,834,030
2026-07-01 05:20:02,802 [lora.py] => Task 10 finished. Train_accy 87.26
2026-07-01 05:20:03,643 [sketchlora.py] => [SketchDiag] task 10: retained-energy mean=0.991 min=0.990 | ||ΔW||_F mean=16.619 | r_hat mean=50.0 total=300
2026-07-01 05:20:32,348 [til_base.py] => TIL top1: 77.72
2026-07-01 05:20:32,348 [til_base.py] => CIL top1: 45.41 | TIL top1: 77.72
2026-07-01 05:20:32,348 [trainer.py] => No NME accuracy.
2026-07-01 05:20:32,348 [trainer.py] => CNN: {'total': np.float64(45.41), '00-09': np.float64(34.19), '10-19': np.float64(34.27), '20-29': np.float64(28.1), '30-39': np.float64(51.26), '40-49': np.float64(38.2), '50-59': np.float64(45.33), '60-69': np.float64(49.58), '70-79': np.float64(53.11), '80-89': np.float64(48.26), '90-99': np.float64(67.2), '100-109': np.float64(60.7), 'old': np.float64(43.95), 'new': np.float64(60.7)}
2026-07-01 05:20:32,348 [trainer.py] => CNN top1 curve: [np.float64(92.65), np.float64(82.18), np.float64(73.51), np.float64(67.77), np.float64(62.25), np.float64(55.82), np.float64(52.76), np.float64(53.54), np.float64(49.09), np.float64(48.5), np.float64(45.41)]
2026-07-01 05:20:32,348 [trainer.py] => CNN top5 curve: [np.float64(99.36), np.float64(95.58), np.float64(89.79), np.float64(86.66), np.float64(84.03), np.float64(80.07), np.float64(77.75), np.float64(77.36), np.float64(73.96), np.float64(72.73), np.float64(70.25)]

2026-07-01 05:20:32,348 [trainer.py] => Average Accuracy (CNN): 62.13454545454545 

2026-07-01 05:20:32,349 [trainer.py] => All params: 86860142
2026-07-01 05:20:32,349 [trainer.py] => Trainable params: 158318
2026-07-01 05:20:32,351 [lora.py] => Learning on 110-120
2026-07-01 05:20:32,352 [lora.py] => Trainable params this task: 166,008 / 86,867,832
2026-07-01 05:22:01,672 [lora.py] => Task 11 finished. Train_accy 86.15
2026-07-01 05:22:02,491 [sketchlora.py] => [SketchDiag] task 11: retained-energy mean=0.991 min=0.990 | ||ΔW||_F mean=17.916 | r_hat mean=52.5 total=315
2026-07-01 05:22:34,044 [til_base.py] => TIL top1: 79.42
2026-07-01 05:22:34,044 [til_base.py] => CIL top1: 47.76 | TIL top1: 79.42
2026-07-01 05:22:34,044 [trainer.py] => No NME accuracy.
2026-07-01 05:22:34,044 [trainer.py] => CNN: {'total': np.float64(47.76), '00-09': np.float64(30.67), '10-19': np.float64(34.89), '20-29': np.float64(28.1), '30-39': np.float64(50.98), '40-49': np.float64(40.73), '50-59': np.float64(48.1), '60-69': np.float64(52.68), '70-79': np.float64(52.46), '80-89': np.float64(50.25), '90-99': np.float64(66.67), '100-109': np.float64(61.4), '110-119': np.float64(64.14), 'old': np.float64(46.05), 'new': np.float64(64.14)}
2026-07-01 05:22:34,044 [trainer.py] => CNN top1 curve: [np.float64(92.65), np.float64(82.18), np.float64(73.51), np.float64(67.77), np.float64(62.25), np.float64(55.82), np.float64(52.76), np.float64(53.54), np.float64(49.09), np.float64(48.5), np.float64(45.41), np.float64(47.76)]
2026-07-01 05:22:34,045 [trainer.py] => CNN top5 curve: [np.float64(99.36), np.float64(95.58), np.float64(89.79), np.float64(86.66), np.float64(84.03), np.float64(80.07), np.float64(77.75), np.float64(77.36), np.float64(73.96), np.float64(72.73), np.float64(70.25), np.float64(70.39)]

2026-07-01 05:22:34,045 [trainer.py] => Average Accuracy (CNN): 60.93666666666667 

2026-07-01 05:22:34,046 [trainer.py] => All params: 86890872
2026-07-01 05:22:34,047 [trainer.py] => Trainable params: 166008
2026-07-01 05:22:34,049 [lora.py] => Learning on 120-130
2026-07-01 05:22:34,052 [lora.py] => Trainable params this task: 173,698 / 86,898,562
2026-07-01 05:23:33,625 [lora.py] => Task 12 finished. Train_accy 86.03
2026-07-01 05:23:34,460 [sketchlora.py] => [SketchDiag] task 12: retained-energy mean=0.992 min=0.991 | ||ΔW||_F mean=18.203 | r_hat mean=54.2 total=325
2026-07-01 05:24:08,098 [til_base.py] => TIL top1: 79.89
2026-07-01 05:24:08,098 [til_base.py] => CIL top1: 45.61 | TIL top1: 79.89
2026-07-01 05:24:08,098 [trainer.py] => No NME accuracy.
2026-07-01 05:24:08,098 [trainer.py] => CNN: {'total': np.float64(45.61), '00-09': np.float64(29.07), '10-19': np.float64(32.4), '20-29': np.float64(27.78), '30-39': np.float64(47.62), '40-49': np.float64(39.04), '50-59': np.float64(39.79), '60-69': np.float64(49.3), '70-79': np.float64(51.48), '80-89': np.float64(47.26), '90-99': np.float64(61.9), '100-109': np.float64(58.6), '110-119': np.float64(59.48), '120-129': np.float64(60.27), 'old': np.float64(44.72), 'new': np.float64(60.27)}
2026-07-01 05:24:08,098 [trainer.py] => CNN top1 curve: [np.float64(92.65), np.float64(82.18), np.float64(73.51), np.float64(67.77), np.float64(62.25), np.float64(55.82), np.float64(52.76), np.float64(53.54), np.float64(49.09), np.float64(48.5), np.float64(45.41), np.float64(47.76), np.float64(45.61)]
2026-07-01 05:24:08,098 [trainer.py] => CNN top5 curve: [np.float64(99.36), np.float64(95.58), np.float64(89.79), np.float64(86.66), np.float64(84.03), np.float64(80.07), np.float64(77.75), np.float64(77.36), np.float64(73.96), np.float64(72.73), np.float64(70.25), np.float64(70.39), np.float64(68.66)]

2026-07-01 05:24:08,099 [trainer.py] => Average Accuracy (CNN): 59.75769230769231 

2026-07-01 05:24:08,099 [trainer.py] => All params: 86913922
2026-07-01 05:24:08,100 [trainer.py] => Trainable params: 173698
2026-07-01 05:24:08,101 [lora.py] => Learning on 130-140
2026-07-01 05:24:08,103 [lora.py] => Trainable params this task: 181,388 / 86,921,612
2026-07-01 05:25:28,677 [lora.py] => Task 13 finished. Train_accy 84.86
2026-07-01 05:25:29,510 [sketchlora.py] => [SketchDiag] task 13: retained-energy mean=0.992 min=0.991 | ||ΔW||_F mean=18.910 | r_hat mean=56.3 total=338
2026-07-01 05:26:06,659 [til_base.py] => TIL top1: 79.62
2026-07-01 05:26:06,659 [til_base.py] => CIL top1: 45.63 | TIL top1: 79.62
2026-07-01 05:26:06,659 [trainer.py] => No NME accuracy.
2026-07-01 05:26:06,659 [trainer.py] => CNN: {'total': np.float64(45.63), '00-09': np.float64(23.64), '10-19': np.float64(32.09), '20-29': np.float64(27.45), '30-39': np.float64(48.18), '40-49': np.float64(40.17), '50-59': np.float64(47.06), '60-69': np.float64(49.01), '70-79': np.float64(52.13), '80-89': np.float64(47.76), '90-99': np.float64(60.32), '100-109': np.float64(58.6), '110-119': np.float64(57.73), '120-129': np.float64(62.1), '130-139': np.float64(44.3), 'old': np.float64(45.74), 'new': np.float64(44.3)}
2026-07-01 05:26:06,659 [trainer.py] => CNN top1 curve: [np.float64(92.65), np.float64(82.18), np.float64(73.51), np.float64(67.77), np.float64(62.25), np.float64(55.82), np.float64(52.76), np.float64(53.54), np.float64(49.09), np.float64(48.5), np.float64(45.41), np.float64(47.76), np.float64(45.61), np.float64(45.63)]
2026-07-01 05:26:06,659 [trainer.py] => CNN top5 curve: [np.float64(99.36), np.float64(95.58), np.float64(89.79), np.float64(86.66), np.float64(84.03), np.float64(80.07), np.float64(77.75), np.float64(77.36), np.float64(73.96), np.float64(72.73), np.float64(70.25), np.float64(70.39), np.float64(68.66), np.float64(67.27)]

2026-07-01 05:26:06,660 [trainer.py] => Average Accuracy (CNN): 58.74857142857143 

2026-07-01 05:26:06,661 [trainer.py] => All params: 86941580
2026-07-01 05:26:06,662 [trainer.py] => Trainable params: 181388
2026-07-01 05:26:06,664 [lora.py] => Learning on 140-150
2026-07-01 05:26:06,667 [lora.py] => Trainable params this task: 189,078 / 86,949,270
2026-07-01 05:27:16,046 [lora.py] => Task 14 finished. Train_accy 87.02
2026-07-01 05:27:16,873 [sketchlora.py] => [SketchDiag] task 14: retained-energy mean=0.991 min=0.991 | ||ΔW||_F mean=19.662 | r_hat mean=58.0 total=348
2026-07-01 05:27:55,444 [til_base.py] => TIL top1: 79.44
2026-07-01 05:27:55,444 [til_base.py] => CIL top1: 45.62 | TIL top1: 79.44
2026-07-01 05:27:55,444 [trainer.py] => No NME accuracy.
2026-07-01 05:27:55,444 [trainer.py] => CNN: {'total': np.float64(45.62), '00-09': np.float64(26.2), '10-19': np.float64(29.28), '20-29': np.float64(29.41), '30-39': np.float64(48.18), '40-49': np.float64(40.73), '50-59': np.float64(47.4), '60-69': np.float64(50.42), '70-79': np.float64(48.52), '80-89': np.float64(44.28), '90-99': np.float64(59.79), '100-109': np.float64(58.6), '110-119': np.float64(56.56), '120-129': np.float64(60.27), '130-139': np.float64(40.72), '140-149': np.float64(55.08), 'old': np.float64(45.03), 'new': np.float64(55.08)}
2026-07-01 05:27:55,445 [trainer.py] => CNN top1 curve: [np.float64(92.65), np.float64(82.18), np.float64(73.51), np.float64(67.77), np.float64(62.25), np.float64(55.82), np.float64(52.76), np.float64(53.54), np.float64(49.09), np.float64(48.5), np.float64(45.41), np.float64(47.76), np.float64(45.61), np.float64(45.63), np.float64(45.62)]
2026-07-01 05:27:55,445 [trainer.py] => CNN top5 curve: [np.float64(99.36), np.float64(95.58), np.float64(89.79), np.float64(86.66), np.float64(84.03), np.float64(80.07), np.float64(77.75), np.float64(77.36), np.float64(73.96), np.float64(72.73), np.float64(70.25), np.float64(70.39), np.float64(68.66), np.float64(67.27), np.float64(66.61)]

2026-07-01 05:27:55,445 [trainer.py] => Average Accuracy (CNN): 57.873333333333335 

2026-07-01 05:27:55,445 [trainer.py] => All params: 86964630
2026-07-01 05:27:55,446 [trainer.py] => Trainable params: 189078
2026-07-01 05:27:55,447 [lora.py] => Learning on 150-160
2026-07-01 05:27:55,449 [lora.py] => Trainable params this task: 196,768 / 86,972,320
2026-07-01 05:29:09,547 [lora.py] => Task 15 finished. Train_accy 91.32
2026-07-01 05:29:10,381 [sketchlora.py] => [SketchDiag] task 15: retained-energy mean=0.991 min=0.990 | ||ΔW||_F mean=20.106 | r_hat mean=59.2 total=355
2026-07-01 05:29:51,357 [til_base.py] => TIL top1: 80.56
2026-07-01 05:29:51,357 [til_base.py] => CIL top1: 46.86 | TIL top1: 80.56
2026-07-01 05:29:51,357 [trainer.py] => No NME accuracy.
2026-07-01 05:29:51,357 [trainer.py] => CNN: {'total': np.float64(46.86), '00-09': np.float64(24.92), '10-19': np.float64(26.17), '20-29': np.float64(28.76), '30-39': np.float64(48.74), '40-49': np.float64(41.29), '50-59': np.float64(49.13), '60-69': np.float64(51.55), '70-79': np.float64(50.16), '80-89': np.float64(41.79), '90-99': np.float64(60.32), '100-109': np.float64(58.95), '110-119': np.float64(58.6), '120-129': np.float64(63.93), '130-139': np.float64(40.72), '140-149': np.float64(54.3), '150-159': np.float64(62.23), 'old': np.float64(45.89), 'new': np.float64(62.23)}
2026-07-01 05:29:51,358 [trainer.py] => CNN top1 curve: [np.float64(92.65), np.float64(82.18), np.float64(73.51), np.float64(67.77), np.float64(62.25), np.float64(55.82), np.float64(52.76), np.float64(53.54), np.float64(49.09), np.float64(48.5), np.float64(45.41), np.float64(47.76), np.float64(45.61), np.float64(45.63), np.float64(45.62), np.float64(46.86)]
2026-07-01 05:29:51,358 [trainer.py] => CNN top5 curve: [np.float64(99.36), np.float64(95.58), np.float64(89.79), np.float64(86.66), np.float64(84.03), np.float64(80.07), np.float64(77.75), np.float64(77.36), np.float64(73.96), np.float64(72.73), np.float64(70.25), np.float64(70.39), np.float64(68.66), np.float64(67.27), np.float64(66.61), np.float64(68.21)]

2026-07-01 05:29:51,358 [trainer.py] => Average Accuracy (CNN): 57.185 

2026-07-01 05:29:51,358 [trainer.py] => All params: 86983072
2026-07-01 05:29:51,359 [trainer.py] => Trainable params: 196768
2026-07-01 05:29:51,360 [lora.py] => Learning on 160-170
2026-07-01 05:29:51,362 [lora.py] => Trainable params this task: 204,458 / 86,990,762
2026-07-01 05:31:15,733 [lora.py] => Task 16 finished. Train_accy 84.23
2026-07-01 05:31:16,571 [sketchlora.py] => [SketchDiag] task 16: retained-energy mean=0.991 min=0.991 | ||ΔW||_F mean=20.490 | r_hat mean=61.0 total=366
2026-07-01 05:32:00,339 [til_base.py] => TIL top1: 79.56
2026-07-01 05:32:00,340 [til_base.py] => CIL top1: 44.09 | TIL top1: 79.56
2026-07-01 05:32:00,340 [trainer.py] => No NME accuracy.
2026-07-01 05:32:00,340 [trainer.py] => CNN: {'total': np.float64(44.09), '00-09': np.float64(25.88), '10-19': np.float64(25.86), '20-29': np.float64(22.22), '30-39': np.float64(44.82), '40-49': np.float64(33.43), '50-59': np.float64(42.91), '60-69': np.float64(48.17), '70-79': np.float64(44.92), '80-89': np.float64(39.3), '90-99': np.float64(56.08), '100-109': np.float64(54.04), '110-119': np.float64(56.85), '120-129': np.float64(58.45), '130-139': np.float64(38.11), '140-149': np.float64(50.39), '150-159': np.float64(58.27), '160-169': np.float64(59.81), 'old': np.float64(43.01), 'new': np.float64(59.81)}
2026-07-01 05:32:00,340 [trainer.py] => CNN top1 curve: [np.float64(92.65), np.float64(82.18), np.float64(73.51), np.float64(67.77), np.float64(62.25), np.float64(55.82), np.float64(52.76), np.float64(53.54), np.float64(49.09), np.float64(48.5), np.float64(45.41), np.float64(47.76), np.float64(45.61), np.float64(45.63), np.float64(45.62), np.float64(46.86), np.float64(44.09)]
2026-07-01 05:32:00,340 [trainer.py] => CNN top5 curve: [np.float64(99.36), np.float64(95.58), np.float64(89.79), np.float64(86.66), np.float64(84.03), np.float64(80.07), np.float64(77.75), np.float64(77.36), np.float64(73.96), np.float64(72.73), np.float64(70.25), np.float64(70.39), np.float64(68.66), np.float64(67.27), np.float64(66.61), np.float64(68.21), np.float64(65.69)]

2026-07-01 05:32:00,340 [trainer.py] => Average Accuracy (CNN): 56.41470588235295 

2026-07-01 05:32:00,341 [trainer.py] => All params: 87007658
2026-07-01 05:32:00,341 [trainer.py] => Trainable params: 204458
2026-07-01 05:32:00,343 [lora.py] => Learning on 170-180
2026-07-01 05:32:00,345 [lora.py] => Trainable params this task: 212,148 / 87,015,348
2026-07-01 05:33:13,213 [lora.py] => Task 17 finished. Train_accy 82.72
2026-07-01 05:33:14,061 [sketchlora.py] => [SketchDiag] task 17: retained-energy mean=0.991 min=0.990 | ||ΔW||_F mean=21.247 | r_hat mean=62.5 total=375
2026-07-01 05:34:00,291 [til_base.py] => TIL top1: 79.65
2026-07-01 05:34:00,291 [til_base.py] => CIL top1: 44.51 | TIL top1: 79.65
2026-07-01 05:34:00,291 [trainer.py] => No NME accuracy.
2026-07-01 05:34:00,291 [trainer.py] => CNN: {'total': np.float64(44.51), '00-09': np.float64(28.12), '10-19': np.float64(23.36), '20-29': np.float64(21.9), '30-39': np.float64(46.22), '40-49': np.float64(35.96), '50-59': np.float64(43.6), '60-69': np.float64(50.14), '70-79': np.float64(43.61), '80-89': np.float64(39.8), '90-99': np.float64(56.08), '100-109': np.float64(54.04), '110-119': np.float64(56.56), '120-129': np.float64(59.36), '130-139': np.float64(38.44), '140-149': np.float64(51.95), '150-159': np.float64(57.19), '160-169': np.float64(58.88), '170-179': np.float64(45.59), 'old': np.float64(44.45), 'new': np.float64(45.59)}
2026-07-01 05:34:00,291 [trainer.py] => CNN top1 curve: [np.float64(92.65), np.float64(82.18), np.float64(73.51), np.float64(67.77), np.float64(62.25), np.float64(55.82), np.float64(52.76), np.float64(53.54), np.float64(49.09), np.float64(48.5), np.float64(45.41), np.float64(47.76), np.float64(45.61), np.float64(45.63), np.float64(45.62), np.float64(46.86), np.float64(44.09), np.float64(44.51)]
2026-07-01 05:34:00,291 [trainer.py] => CNN top5 curve: [np.float64(99.36), np.float64(95.58), np.float64(89.79), np.float64(86.66), np.float64(84.03), np.float64(80.07), np.float64(77.75), np.float64(77.36), np.float64(73.96), np.float64(72.73), np.float64(70.25), np.float64(70.39), np.float64(68.66), np.float64(67.27), np.float64(66.61), np.float64(68.21), np.float64(65.69), np.float64(65.71)]

2026-07-01 05:34:00,292 [trainer.py] => Average Accuracy (CNN): 55.75333333333334 

2026-07-01 05:34:00,292 [trainer.py] => All params: 87029172
2026-07-01 05:34:00,293 [trainer.py] => Trainable params: 212148
2026-07-01 05:34:00,294 [lora.py] => Learning on 180-190
2026-07-01 05:34:00,296 [lora.py] => Trainable params this task: 219,838 / 87,036,862
2026-07-01 05:35:28,723 [lora.py] => Task 18 finished. Train_accy 87.89
2026-07-01 05:35:29,558 [sketchlora.py] => [SketchDiag] task 18: retained-energy mean=0.992 min=0.991 | ||ΔW||_F mean=22.305 | r_hat mean=64.3 total=386
2026-07-01 05:36:18,279 [til_base.py] => TIL top1: 80.66
2026-07-01 05:36:18,279 [til_base.py] => CIL top1: 45.45 | TIL top1: 80.66
2026-07-01 05:36:18,279 [trainer.py] => No NME accuracy.
2026-07-01 05:36:18,279 [trainer.py] => CNN: {'total': np.float64(45.45), '00-09': np.float64(24.28), '10-19': np.float64(23.36), '20-29': np.float64(22.88), '30-39': np.float64(46.22), '40-49': np.float64(37.08), '50-59': np.float64(43.25), '60-69': np.float64(48.73), '70-79': np.float64(48.52), '80-89': np.float64(37.31), '90-99': np.float64(56.61), '100-109': np.float64(53.33), '110-119': np.float64(58.6), '120-129': np.float64(59.36), '130-139': np.float64(34.85), '140-149': np.float64(50.39), '150-159': np.float64(60.07), '160-169': np.float64(58.26), '170-179': np.float64(45.96), '180-189': np.float64(61.13), 'old': np.float64(44.45), 'new': np.float64(61.13)}
2026-07-01 05:36:18,279 [trainer.py] => CNN top1 curve: [np.float64(92.65), np.float64(82.18), np.float64(73.51), np.float64(67.77), np.float64(62.25), np.float64(55.82), np.float64(52.76), np.float64(53.54), np.float64(49.09), np.float64(48.5), np.float64(45.41), np.float64(47.76), np.float64(45.61), np.float64(45.63), np.float64(45.62), np.float64(46.86), np.float64(44.09), np.float64(44.51), np.float64(45.45)]
2026-07-01 05:36:18,280 [trainer.py] => CNN top5 curve: [np.float64(99.36), np.float64(95.58), np.float64(89.79), np.float64(86.66), np.float64(84.03), np.float64(80.07), np.float64(77.75), np.float64(77.36), np.float64(73.96), np.float64(72.73), np.float64(70.25), np.float64(70.39), np.float64(68.66), np.float64(67.27), np.float64(66.61), np.float64(68.21), np.float64(65.69), np.float64(65.71), np.float64(65.99)]

2026-07-01 05:36:18,280 [trainer.py] => Average Accuracy (CNN): 55.211052631578944 

2026-07-01 05:36:18,280 [trainer.py] => All params: 87053758
2026-07-01 05:36:18,281 [trainer.py] => Trainable params: 219838
2026-07-01 05:36:18,282 [lora.py] => Learning on 190-200
2026-07-01 05:36:18,284 [lora.py] => Trainable params this task: 227,528 / 87,061,448
2026-07-01 05:37:40,980 [lora.py] => Task 19 finished. Train_accy 87.89
2026-07-01 05:37:41,832 [sketchlora.py] => [SketchDiag] task 19: retained-energy mean=0.991 min=0.990 | ||ΔW||_F mean=22.805 | r_hat mean=65.0 total=390
2026-07-01 05:38:33,524 [til_base.py] => TIL top1: 80.55
2026-07-01 05:38:33,524 [til_base.py] => CIL top1: 44.7 | TIL top1: 80.55
2026-07-01 05:38:33,524 [trainer.py] => No NME accuracy.
2026-07-01 05:38:33,524 [trainer.py] => CNN: {'total': np.float64(44.7), '00-09': np.float64(25.24), '10-19': np.float64(25.23), '20-29': np.float64(20.26), '30-39': np.float64(43.7), '40-49': np.float64(35.39), '50-59': np.float64(39.1), '60-69': np.float64(47.04), '70-79': np.float64(43.28), '80-89': np.float64(31.84), '90-99': np.float64(53.97), '100-109': np.float64(50.53), '110-119': np.float64(57.73), '120-129': np.float64(60.73), '130-139': np.float64(30.94), '140-149': np.float64(50.0), '150-159': np.float64(58.27), '160-169': np.float64(57.32), '170-179': np.float64(47.06), '180-189': np.float64(57.57), '190-199': np.float64(63.69), 'old': np.float64(43.64), 'new': np.float64(63.69)}
2026-07-01 05:38:33,524 [trainer.py] => CNN top1 curve: [np.float64(92.65), np.float64(82.18), np.float64(73.51), np.float64(67.77), np.float64(62.25), np.float64(55.82), np.float64(52.76), np.float64(53.54), np.float64(49.09), np.float64(48.5), np.float64(45.41), np.float64(47.76), np.float64(45.61), np.float64(45.63), np.float64(45.62), np.float64(46.86), np.float64(44.09), np.float64(44.51), np.float64(45.45), np.float64(44.7)]
2026-07-01 05:38:33,524 [trainer.py] => CNN top5 curve: [np.float64(99.36), np.float64(95.58), np.float64(89.79), np.float64(86.66), np.float64(84.03), np.float64(80.07), np.float64(77.75), np.float64(77.36), np.float64(73.96), np.float64(72.73), np.float64(70.25), np.float64(70.39), np.float64(68.66), np.float64(67.27), np.float64(66.61), np.float64(68.21), np.float64(65.69), np.float64(65.71), np.float64(65.99), np.float64(66.02)]

2026-07-01 05:38:33,524 [trainer.py] => Average Accuracy (CNN): 54.685500000000005 

2026-07-01 05:38:33,528 [trainer.py] => Forgetting (CNN): 21.930526315789475
2026-07-01 05:38:33,528 [trainer.py] => Forgetting (NME): 21.930526315789475
2026-07-01 05:38:33,531 [trainer.py] => Forgetting (TIL): 6.250526315789474
2026-07-01 13:49:43,985 [trainer.py] => config: ./exps/svdlora_inr20t_task_s1995.json
2026-07-01 13:49:43,985 [trainer.py] => dataset: imagenetr
2026-07-01 13:49:43,985 [trainer.py] => memory_size: 0
2026-07-01 13:49:43,985 [trainer.py] => memory_per_class: 0
2026-07-01 13:49:43,985 [trainer.py] => fixed_memory: False
2026-07-01 13:49:43,985 [trainer.py] => shuffle: True
2026-07-01 13:49:43,985 [trainer.py] => init_cls: 10
2026-07-01 13:49:43,985 [trainer.py] => increment: 10
2026-07-01 13:49:43,985 [trainer.py] => backbone_type: vit_base_patch16_224_lora
2026-07-01 13:49:43,985 [trainer.py] => device: [device(type='cuda', index=0)]
2026-07-01 13:49:43,985 [trainer.py] => seed: 1995
2026-07-01 13:49:43,986 [trainer.py] => scenario: both
2026-07-01 13:49:43,986 [trainer.py] => lora_rank: 8
2026-07-01 13:49:43,986 [trainer.py] => tuned_epoch: 10
2026-07-01 13:49:43,986 [trainer.py] => init_lr: 0.005
2026-07-01 13:49:43,986 [trainer.py] => batch_size: 48
2026-07-01 13:49:43,986 [trainer.py] => weight_decay: 0.0005
2026-07-01 13:49:43,986 [trainer.py] => min_lr: 0.0
2026-07-01 13:49:43,986 [trainer.py] => pretrained: True
2026-07-01 13:49:43,986 [trainer.py] => print_forget: True
2026-07-01 13:49:43,986 [trainer.py] => model_name: sketchlora
2026-07-01 13:49:43,986 [trainer.py] => lora_alpha: 32
2026-07-01 13:49:43,986 [trainer.py] => lora_merge: True
2026-07-01 13:49:43,986 [trainer.py] => lora_train_merge: True
2026-07-01 13:49:43,986 [trainer.py] => svd_rank: 8
2026-07-01 13:49:43,986 [trainer.py] => svd_oversampling: 10
2026-07-01 13:49:43,986 [trainer.py] => svd_energy_target: 0.01
2026-07-01 13:49:43,986 [trainer.py] => lora_n_slots: 2
2026-07-01 13:49:43,986 [trainer.py] => prefix: inr20t_task
2026-07-01 13:49:44,066 [data_manager.py] => [146, 198, 169, 126, 142, 183, 108, 86, 79, 35, 112, 29, 0, 2, 59, 178, 143, 31, 147, 33, 123, 114, 194, 54, 138, 75, 158, 26, 131, 141, 180, 132, 22, 49, 116, 111, 24, 98, 107, 89, 151, 83, 185, 15, 27, 136, 65, 1, 82, 87, 99, 153, 47, 144, 145, 175, 155, 77, 191, 199, 46, 28, 76, 71, 93, 137, 5, 188, 187, 74, 103, 173, 18, 80, 88, 48, 109, 81, 91, 101, 43, 102, 61, 182, 3, 14, 40, 42, 167, 66, 57, 73, 135, 39, 45, 184, 161, 85, 148, 121, 8, 195, 21, 4, 106, 133, 118, 10, 176, 50, 36, 192, 162, 172, 96, 197, 20, 117, 140, 186, 92, 97, 44, 149, 13, 37, 170, 25, 181, 171, 23, 104, 189, 11, 159, 67, 94, 68, 55, 6, 150, 165, 120, 139, 72, 154, 115, 125, 53, 58, 16, 113, 41, 190, 174, 127, 110, 7, 38, 32, 95, 19, 196, 51, 78, 34, 122, 152, 119, 134, 129, 130, 128, 17, 30, 90, 124, 160, 100, 193, 12, 56, 64, 168, 105, 63, 177, 70, 60, 163, 9, 62, 156, 52, 84, 157, 69, 179, 166, 164]
2026-07-01 13:49:46,624 [trainer.py] => All params: 86388480
2026-07-01 13:49:46,625 [trainer.py] => Trainable params: 589824
2026-07-01 13:49:47,331 [lora.py] => Learning on 0-10
2026-07-01 13:49:47,333 [lora.py] => Trainable params this task: 302,602 / 86,396,170
2026-07-01 13:51:09,342 [lora.py] => Task 0 finished. Train_accy 21.23
2026-07-01 13:51:12,048 [sketchlora.py] => [SketchDiag] task 0: retained-energy mean=0.995 min=0.991 | ||ΔW||_F mean=3.830 | r_hat mean=6.8 total=164
2026-07-01 13:51:15,295 [til_base.py] => TIL top1: 21.73
2026-07-01 13:51:15,295 [til_base.py] => CIL top1: 21.73 | TIL top1: 21.73
2026-07-01 13:51:15,295 [trainer.py] => No NME accuracy.
2026-07-01 13:51:15,296 [trainer.py] => CNN: {'total': np.float64(21.73), '00-09': np.float64(21.73), 'old': 0, 'new': np.float64(21.73)}
2026-07-01 13:51:15,296 [trainer.py] => CNN top1 curve: [np.float64(21.73)]
2026-07-01 13:51:15,296 [trainer.py] => CNN top5 curve: [np.float64(72.2)]

2026-07-01 13:51:15,296 [trainer.py] => Average Accuracy (CNN): 21.73 

2026-07-01 13:51:15,296 [trainer.py] => All params: 86353162
2026-07-01 13:51:15,297 [trainer.py] => Trainable params: 302602
2026-07-01 13:51:15,298 [lora.py] => Learning on 10-20
2026-07-01 13:51:15,300 [lora.py] => Trainable params this task: 310,292 / 86,360,852
2026-07-01 13:52:39,548 [lora.py] => Task 1 finished. Train_accy 23.04
2026-07-01 13:52:41,698 [sketchlora.py] => [SketchDiag] task 1: retained-energy mean=0.993 min=0.991 | ||ΔW||_F mean=7.217 | r_hat mean=6.8 total=162
2026-07-01 13:52:47,718 [til_base.py] => TIL top1: 19.56
2026-07-01 13:52:47,718 [til_base.py] => CIL top1: 9.62 | TIL top1: 19.56
2026-07-01 13:52:47,718 [trainer.py] => No NME accuracy.
2026-07-01 13:52:47,718 [trainer.py] => CNN: {'total': np.float64(9.62), '00-09': np.float64(2.88), '10-19': np.float64(16.2), 'old': np.float64(2.88), 'new': np.float64(16.2)}
2026-07-01 13:52:47,718 [trainer.py] => CNN top1 curve: [np.float64(21.73), np.float64(9.62)]
2026-07-01 13:52:47,718 [trainer.py] => CNN top5 curve: [np.float64(72.2), np.float64(38.17)]

2026-07-01 13:52:47,718 [trainer.py] => Average Accuracy (CNN): 15.675 

2026-07-01 13:52:47,719 [trainer.py] => All params: 86357780
2026-07-01 13:52:47,720 [trainer.py] => Trainable params: 310292
2026-07-01 13:52:47,721 [lora.py] => Learning on 20-30
2026-07-01 13:52:47,723 [lora.py] => Trainable params this task: 317,982 / 86,365,470
2026-07-01 13:54:09,312 [lora.py] => Task 2 finished. Train_accy 23.74
2026-07-01 13:54:11,547 [sketchlora.py] => [SketchDiag] task 2: retained-energy mean=0.993 min=0.990 | ||ΔW||_F mean=15.963 | r_hat mean=6.3 total=151
2026-07-01 13:54:20,134 [til_base.py] => TIL top1: 14.68
2026-07-01 13:54:20,134 [til_base.py] => CIL top1: 8.72 | TIL top1: 14.68
2026-07-01 13:54:20,134 [trainer.py] => No NME accuracy.
2026-07-01 13:54:20,134 [trainer.py] => CNN: {'total': np.float64(8.72), '00-09': np.float64(0.0), '10-19': np.float64(0.0), '20-29': np.float64(26.8), 'old': np.float64(0.0), 'new': np.float64(26.8)}
2026-07-01 13:54:20,134 [trainer.py] => CNN top1 curve: [np.float64(21.73), np.float64(9.62), np.float64(8.72)]
2026-07-01 13:54:20,134 [trainer.py] => CNN top5 curve: [np.float64(72.2), np.float64(38.17), np.float64(26.81)]

2026-07-01 13:54:20,134 [trainer.py] => Average Accuracy (CNN): 13.356666666666667 

2026-07-01 13:54:20,135 [trainer.py] => All params: 86348574
2026-07-01 13:54:20,136 [trainer.py] => Trainable params: 317982
2026-07-01 13:54:20,138 [lora.py] => Learning on 30-40
2026-07-01 13:54:20,141 [lora.py] => Trainable params this task: 325,672 / 86,356,264
2026-07-01 13:55:53,540 [lora.py] => Task 3 finished. Train_accy 35.66
2026-07-01 13:55:55,849 [sketchlora.py] => [SketchDiag] task 3: retained-energy mean=0.994 min=0.990 | ||ΔW||_F mean=27.342 | r_hat mean=5.9 total=141
2026-07-01 13:56:07,325 [til_base.py] => TIL top1: 17.04
2026-07-01 13:56:07,326 [til_base.py] => CIL top1: 9.87 | TIL top1: 17.04
2026-07-01 13:56:07,326 [trainer.py] => No NME accuracy.
2026-07-01 13:56:07,326 [trainer.py] => CNN: {'total': np.float64(9.87), '00-09': np.float64(0.0), '10-19': np.float64(0.0), '20-29': np.float64(0.0), '30-39': np.float64(35.85), 'old': np.float64(0.0), 'new': np.float64(35.85)}
2026-07-01 13:56:07,326 [trainer.py] => CNN top1 curve: [np.float64(21.73), np.float64(9.62), np.float64(8.72), np.float64(9.87)]
2026-07-01 13:56:07,326 [trainer.py] => CNN top5 curve: [np.float64(72.2), np.float64(38.17), np.float64(26.81), np.float64(23.05)]

2026-07-01 13:56:07,326 [trainer.py] => Average Accuracy (CNN): 12.485 

2026-07-01 13:56:07,327 [trainer.py] => All params: 86340904
2026-07-01 13:56:07,328 [trainer.py] => Trainable params: 325672
2026-07-01 13:56:07,329 [lora.py] => Learning on 40-50
2026-07-01 13:56:07,331 [lora.py] => Trainable params this task: 333,362 / 86,348,594
2026-07-01 13:57:40,123 [lora.py] => Task 4 finished. Train_accy 34.42
2026-07-01 13:57:42,432 [sketchlora.py] => [SketchDiag] task 4: retained-energy mean=0.993 min=0.990 | ||ΔW||_F mean=32.704 | r_hat mean=6.8 total=162
2026-07-01 13:57:56,828 [til_base.py] => TIL top1: 19.78
2026-07-01 13:57:56,828 [til_base.py] => CIL top1: 9.01 | TIL top1: 19.78
2026-07-01 13:57:56,828 [trainer.py] => No NME accuracy.
2026-07-01 13:57:56,828 [trainer.py] => CNN: {'total': np.float64(9.01), '00-09': np.float64(0.0), '10-19': np.float64(0.0), '20-29': np.float64(0.0), '30-39': np.float64(14.85), '40-49': np.float64(26.97), 'old': np.float64(4.09), 'new': np.float64(26.97)}
2026-07-01 13:57:56,828 [trainer.py] => CNN top1 curve: [np.float64(21.73), np.float64(9.62), np.float64(8.72), np.float64(9.87), np.float64(9.01)]
2026-07-01 13:57:56,828 [trainer.py] => CNN top5 curve: [np.float64(72.2), np.float64(38.17), np.float64(26.81), np.float64(23.05), np.float64(24.44)]

2026-07-01 13:57:56,828 [trainer.py] => Average Accuracy (CNN): 11.79 

2026-07-01 13:57:56,829 [trainer.py] => All params: 86380850
2026-07-01 13:57:56,829 [trainer.py] => Trainable params: 333362
2026-07-01 13:57:56,830 [lora.py] => Learning on 50-60
2026-07-01 13:57:56,832 [lora.py] => Trainable params this task: 341,052 / 86,388,540
2026-07-01 13:59:14,460 [lora.py] => Task 5 finished. Train_accy 31.47
2026-07-01 13:59:16,945 [sketchlora.py] => [SketchDiag] task 5: retained-energy mean=0.994 min=0.990 | ||ΔW||_F mean=34.617 | r_hat mean=8.1 total=195
2026-07-01 13:59:34,057 [til_base.py] => TIL top1: 18.74
2026-07-01 13:59:34,057 [til_base.py] => CIL top1: 7.21 | TIL top1: 18.74
2026-07-01 13:59:34,058 [trainer.py] => No NME accuracy.
2026-07-01 13:59:34,058 [trainer.py] => CNN: {'total': np.float64(7.21), '00-09': np.float64(0.0), '10-19': np.float64(0.0), '20-29': np.float64(0.0), '30-39': np.float64(13.45), '40-49': np.float64(24.44), '50-59': np.float64(1.73), 'old': np.float64(8.17), 'new': np.float64(1.73)}
2026-07-01 13:59:34,058 [trainer.py] => CNN top1 curve: [np.float64(21.73), np.float64(9.62), np.float64(8.72), np.float64(9.87), np.float64(9.01), np.float64(7.21)]
2026-07-01 13:59:34,058 [trainer.py] => CNN top5 curve: [np.float64(72.2), np.float64(38.17), np.float64(26.81), np.float64(23.05), np.float64(24.44), np.float64(21.73)]

2026-07-01 13:59:34,058 [trainer.py] => Average Accuracy (CNN): 11.026666666666666 

2026-07-01 13:59:34,059 [trainer.py] => All params: 86439228
2026-07-01 13:59:34,059 [trainer.py] => Trainable params: 341052
2026-07-01 13:59:34,060 [lora.py] => Learning on 60-70
2026-07-01 13:59:34,062 [lora.py] => Trainable params this task: 348,742 / 86,446,918
2026-07-01 14:01:07,194 [lora.py] => Task 6 finished. Train_accy 33.68
2026-07-01 14:01:09,745 [sketchlora.py] => [SketchDiag] task 6: retained-energy mean=0.994 min=0.990 | ||ΔW||_F mean=37.957 | r_hat mean=9.0 total=217
2026-07-01 14:01:29,818 [til_base.py] => TIL top1: 21.29
2026-07-01 14:01:29,818 [til_base.py] => CIL top1: 7.31 | TIL top1: 21.29
2026-07-01 14:01:29,818 [trainer.py] => No NME accuracy.
2026-07-01 14:01:29,819 [trainer.py] => CNN: {'total': np.float64(7.31), '00-09': np.float64(0.0), '10-19': np.float64(0.0), '20-29': np.float64(0.0), '30-39': np.float64(9.52), '40-49': np.float64(17.42), '50-59': np.float64(0.35), '60-69': np.float64(20.0), 'old': np.float64(4.99), 'new': np.float64(20.0)}
2026-07-01 14:01:29,819 [trainer.py] => CNN top1 curve: [np.float64(21.73), np.float64(9.62), np.float64(8.72), np.float64(9.87), np.float64(9.01), np.float64(7.21), np.float64(7.31)]
2026-07-01 14:01:29,819 [trainer.py] => CNN top5 curve: [np.float64(72.2), np.float64(38.17), np.float64(26.81), np.float64(23.05), np.float64(24.44), np.float64(21.73), np.float64(19.85)]

2026-07-01 14:01:29,819 [trainer.py] => Average Accuracy (CNN): 10.495714285714286 

2026-07-01 14:01:29,819 [trainer.py] => All params: 86480710
2026-07-01 14:01:29,820 [trainer.py] => Trainable params: 348742
2026-07-01 14:01:29,821 [lora.py] => Learning on 70-80
2026-07-01 14:01:29,823 [lora.py] => Trainable params this task: 356,432 / 86,488,400
2026-07-01 14:02:50,501 [lora.py] => Task 7 finished. Train_accy 37.17
2026-07-01 14:02:53,040 [sketchlora.py] => [SketchDiag] task 7: retained-energy mean=0.994 min=0.990 | ||ΔW||_F mean=41.160 | r_hat mean=10.2 total=244
2026-07-01 14:03:15,824 [til_base.py] => TIL top1: 22.6
2026-07-01 14:03:15,824 [til_base.py] => CIL top1: 7.38 | TIL top1: 22.6
2026-07-01 14:03:15,824 [trainer.py] => No NME accuracy.
2026-07-01 14:03:15,824 [trainer.py] => CNN: {'total': np.float64(7.38), '00-09': np.float64(0.0), '10-19': np.float64(0.0), '20-29': np.float64(0.0), '30-39': np.float64(6.72), '40-49': np.float64(16.29), '50-59': np.float64(4.84), '60-69': np.float64(18.87), '70-79': np.float64(9.51), 'old': np.float64(7.1), 'new': np.float64(9.51)}
2026-07-01 14:03:15,824 [trainer.py] => CNN top1 curve: [np.float64(21.73), np.float64(9.62), np.float64(8.72), np.float64(9.87), np.float64(9.01), np.float64(7.21), np.float64(7.31), np.float64(7.38)]
2026-07-01 14:03:15,824 [trainer.py] => CNN top5 curve: [np.float64(72.2), np.float64(38.17), np.float64(26.81), np.float64(23.05), np.float64(24.44), np.float64(21.73), np.float64(19.85), np.float64(20.37)]

2026-07-01 14:03:15,824 [trainer.py] => Average Accuracy (CNN): 10.10625 

2026-07-01 14:03:15,825 [trainer.py] => All params: 86529872
2026-07-01 14:03:15,826 [trainer.py] => Trainable params: 356432
2026-07-01 14:03:15,827 [lora.py] => Learning on 80-90
2026-07-01 14:03:15,829 [lora.py] => Trainable params this task: 364,122 / 86,537,562
2026-07-01 14:58:46,005 [trainer.py] => config: ./exps/svdlora_inr20t_task_s1995.json
2026-07-01 14:58:46,005 [trainer.py] => dataset: imagenetr
2026-07-01 14:58:46,005 [trainer.py] => memory_size: 0
2026-07-01 14:58:46,005 [trainer.py] => memory_per_class: 0
2026-07-01 14:58:46,005 [trainer.py] => fixed_memory: False
2026-07-01 14:58:46,005 [trainer.py] => shuffle: True
2026-07-01 14:58:46,005 [trainer.py] => init_cls: 10
2026-07-01 14:58:46,005 [trainer.py] => increment: 10
2026-07-01 14:58:46,005 [trainer.py] => backbone_type: vit_base_patch16_224_lora
2026-07-01 14:58:46,005 [trainer.py] => device: [device(type='cuda', index=0)]
2026-07-01 14:58:46,005 [trainer.py] => seed: 1995
2026-07-01 14:58:46,006 [trainer.py] => scenario: both
2026-07-01 14:58:46,006 [trainer.py] => lora_rank: 8
2026-07-01 14:58:46,006 [trainer.py] => tuned_epoch: 10
2026-07-01 14:58:46,006 [trainer.py] => init_lr: 0.001
2026-07-01 14:58:46,006 [trainer.py] => batch_size: 48
2026-07-01 14:58:46,006 [trainer.py] => weight_decay: 0.0005
2026-07-01 14:58:46,006 [trainer.py] => min_lr: 0.0
2026-07-01 14:58:46,006 [trainer.py] => pretrained: True
2026-07-01 14:58:46,006 [trainer.py] => print_forget: True
2026-07-01 14:58:46,006 [trainer.py] => model_name: sketchlora
2026-07-01 14:58:46,006 [trainer.py] => lora_alpha: 32
2026-07-01 14:58:46,006 [trainer.py] => lora_merge: True
2026-07-01 14:58:46,006 [trainer.py] => lora_train_merge: True
2026-07-01 14:58:46,006 [trainer.py] => svd_rank: 8
2026-07-01 14:58:46,006 [trainer.py] => svd_oversampling: 10
2026-07-01 14:58:46,006 [trainer.py] => svd_energy_target: 0.01
2026-07-01 14:58:46,006 [trainer.py] => lora_n_slots: 2
2026-07-01 14:58:46,006 [trainer.py] => prefix: inr20t_task
2026-07-01 14:58:46,087 [data_manager.py] => [146, 198, 169, 126, 142, 183, 108, 86, 79, 35, 112, 29, 0, 2, 59, 178, 143, 31, 147, 33, 123, 114, 194, 54, 138, 75, 158, 26, 131, 141, 180, 132, 22, 49, 116, 111, 24, 98, 107, 89, 151, 83, 185, 15, 27, 136, 65, 1, 82, 87, 99, 153, 47, 144, 145, 175, 155, 77, 191, 199, 46, 28, 76, 71, 93, 137, 5, 188, 187, 74, 103, 173, 18, 80, 88, 48, 109, 81, 91, 101, 43, 102, 61, 182, 3, 14, 40, 42, 167, 66, 57, 73, 135, 39, 45, 184, 161, 85, 148, 121, 8, 195, 21, 4, 106, 133, 118, 10, 176, 50, 36, 192, 162, 172, 96, 197, 20, 117, 140, 186, 92, 97, 44, 149, 13, 37, 170, 25, 181, 171, 23, 104, 189, 11, 159, 67, 94, 68, 55, 6, 150, 165, 120, 139, 72, 154, 115, 125, 53, 58, 16, 113, 41, 190, 174, 127, 110, 7, 38, 32, 95, 19, 196, 51, 78, 34, 122, 152, 119, 134, 129, 130, 128, 17, 30, 90, 124, 160, 100, 193, 12, 56, 64, 168, 105, 63, 177, 70, 60, 163, 9, 62, 156, 52, 84, 157, 69, 179, 166, 164]
2026-07-01 14:58:48,668 [trainer.py] => All params: 86388480
2026-07-01 14:58:48,669 [trainer.py] => Trainable params: 589824
2026-07-01 14:58:49,392 [lora.py] => Learning on 0-10
2026-07-01 14:58:49,394 [lora.py] => Trainable params this task: 302,602 / 86,396,170
2026-07-01 15:00:12,953 [lora.py] => Task 0 finished. Train_accy 94.97
2026-07-01 15:00:15,860 [sketchlora.py] => [SketchDiag] task 0: retained-energy mean=1.000 min=0.991 | ||ΔW||_F mean=0.603 | r_hat mean=7.8 total=188
2026-07-01 15:00:19,204 [til_base.py] => TIL top1: 95.85
2026-07-01 15:00:19,205 [til_base.py] => CIL top1: 95.85 | TIL top1: 95.85
2026-07-01 15:00:19,205 [trainer.py] => No NME accuracy.
2026-07-01 15:00:19,205 [trainer.py] => CNN: {'total': np.float64(95.85), '00-09': np.float64(95.85), 'old': 0, 'new': np.float64(95.85)}
2026-07-01 15:00:19,205 [trainer.py] => CNN top1 curve: [np.float64(95.85)]
2026-07-01 15:00:19,205 [trainer.py] => CNN top5 curve: [np.float64(99.68)]

2026-07-01 15:00:19,205 [trainer.py] => Average Accuracy (CNN): 95.85 

2026-07-01 15:00:19,207 [trainer.py] => All params: 86390026
2026-07-01 15:00:19,208 [trainer.py] => Trainable params: 302602
2026-07-01 15:00:19,210 [lora.py] => Learning on 10-20
2026-07-01 15:00:19,214 [lora.py] => Trainable params this task: 310,292 / 86,397,716
2026-07-01 15:01:45,319 [lora.py] => Task 1 finished. Train_accy 95.24
2026-07-01 15:01:48,017 [sketchlora.py] => [SketchDiag] task 1: retained-energy mean=0.996 min=0.990 | ||ΔW||_F mean=0.891 | r_hat mean=14.8 total=356
2026-07-01 15:01:54,140 [til_base.py] => TIL top1: 93.69
2026-07-01 15:01:54,141 [til_base.py] => CIL top1: 84.7 | TIL top1: 93.69
2026-07-01 15:01:54,141 [trainer.py] => No NME accuracy.
2026-07-01 15:01:54,141 [trainer.py] => CNN: {'total': np.float64(84.7), '00-09': np.float64(74.76), '10-19': np.float64(94.39), 'old': np.float64(74.76), 'new': np.float64(94.39)}
2026-07-01 15:01:54,141 [trainer.py] => CNN top1 curve: [np.float64(95.85), np.float64(84.7)]
2026-07-01 15:01:54,141 [trainer.py] => CNN top5 curve: [np.float64(99.68), np.float64(96.85)]

2026-07-01 15:01:54,141 [trainer.py] => Average Accuracy (CNN): 90.275 

2026-07-01 15:01:54,143 [trainer.py] => All params: 86655764
2026-07-01 15:01:54,144 [trainer.py] => Trainable params: 310292
2026-07-01 15:01:54,146 [lora.py] => Learning on 20-30
2026-07-01 15:01:54,150 [lora.py] => Trainable params this task: 317,982 / 86,663,454
2026-07-01 15:03:16,966 [lora.py] => Task 2 finished. Train_accy 94.31
2026-07-01 15:03:19,859 [sketchlora.py] => [SketchDiag] task 2: retained-energy mean=0.992 min=0.990 | ||ΔW||_F mean=1.079 | r_hat mean=21.2 total=509
2026-07-01 15:03:28,671 [til_base.py] => TIL top1: 92.13
2026-07-01 15:03:28,672 [til_base.py] => CIL top1: 82.66 | TIL top1: 92.13
2026-07-01 15:03:28,672 [trainer.py] => No NME accuracy.
2026-07-01 15:03:28,672 [trainer.py] => CNN: {'total': np.float64(82.66), '00-09': np.float64(67.41), '10-19': np.float64(91.9), '20-29': np.float64(88.56), 'old': np.float64(79.81), 'new': np.float64(88.56)}
2026-07-01 15:03:28,672 [trainer.py] => CNN top1 curve: [np.float64(95.85), np.float64(84.7), np.float64(82.66)]
2026-07-01 15:03:28,672 [trainer.py] => CNN top5 curve: [np.float64(99.68), np.float64(96.85), np.float64(95.64)]

2026-07-01 15:03:28,672 [trainer.py] => Average Accuracy (CNN): 87.73666666666668 

2026-07-01 15:03:28,673 [trainer.py] => All params: 86898462
2026-07-01 15:03:28,673 [trainer.py] => Trainable params: 317982
2026-07-01 15:03:28,674 [lora.py] => Learning on 30-40
2026-07-01 15:03:28,676 [lora.py] => Trainable params this task: 325,672 / 86,906,152
2026-07-01 15:05:03,998 [lora.py] => Task 3 finished. Train_accy 94.83
2026-07-01 15:05:07,034 [sketchlora.py] => [SketchDiag] task 3: retained-energy mean=0.993 min=0.990 | ||ΔW||_F mean=1.273 | r_hat mean=27.3 total=656
2026-07-01 15:05:18,871 [til_base.py] => TIL top1: 91.75
2026-07-01 15:05:18,871 [til_base.py] => CIL top1: 74.71 | TIL top1: 91.75
2026-07-01 15:05:18,871 [trainer.py] => No NME accuracy.
2026-07-01 15:05:18,872 [trainer.py] => CNN: {'total': np.float64(74.71), '00-09': np.float64(48.88), '10-19': np.float64(74.77), '20-29': np.float64(80.07), '30-39': np.float64(92.72), 'old': np.float64(67.87), 'new': np.float64(92.72)}
2026-07-01 15:05:18,872 [trainer.py] => CNN top1 curve: [np.float64(95.85), np.float64(84.7), np.float64(82.66), np.float64(74.71)]
2026-07-01 15:05:18,872 [trainer.py] => CNN top5 curve: [np.float64(99.68), np.float64(96.85), np.float64(95.64), np.float64(92.83)]

2026-07-01 15:05:18,872 [trainer.py] => Average Accuracy (CNN): 84.48 

2026-07-01 15:05:18,872 [trainer.py] => All params: 87131944
2026-07-01 15:05:18,873 [trainer.py] => Trainable params: 325672
2026-07-01 15:05:18,874 [lora.py] => Learning on 40-50
2026-07-01 15:05:18,876 [lora.py] => Trainable params this task: 333,362 / 87,139,634
2026-07-01 15:06:53,299 [lora.py] => Task 4 finished. Train_accy 94.92
2026-07-01 15:06:56,428 [sketchlora.py] => [SketchDiag] task 4: retained-energy mean=0.993 min=0.990 | ||ΔW||_F mean=1.434 | r_hat mean=33.1 total=794
2026-07-01 15:07:11,227 [til_base.py] => TIL top1: 91.83
2026-07-01 15:07:11,227 [til_base.py] => CIL top1: 71.87 | TIL top1: 91.83
2026-07-01 15:07:11,227 [trainer.py] => No NME accuracy.
2026-07-01 15:07:11,227 [trainer.py] => CNN: {'total': np.float64(71.87), '00-09': np.float64(37.7), '10-19': np.float64(64.49), '20-29': np.float64(69.28), '30-39': np.float64(90.76), '40-49': np.float64(91.85), 'old': np.float64(66.38), 'new': np.float64(91.85)}
2026-07-01 15:07:11,227 [trainer.py] => CNN top1 curve: [np.float64(95.85), np.float64(84.7), np.float64(82.66), np.float64(74.71), np.float64(71.87)]
2026-07-01 15:07:11,227 [trainer.py] => CNN top5 curve: [np.float64(99.68), np.float64(96.85), np.float64(95.64), np.float64(92.83), np.float64(91.23)]

2026-07-01 15:07:11,227 [trainer.py] => Average Accuracy (CNN): 81.958 

2026-07-01 15:07:11,228 [trainer.py] => All params: 87351602
2026-07-01 15:07:11,228 [trainer.py] => Trainable params: 333362
2026-07-01 15:07:11,229 [lora.py] => Learning on 50-60
2026-07-01 15:07:11,231 [lora.py] => Trainable params this task: 341,052 / 87,359,292
2026-07-01 15:08:30,168 [lora.py] => Task 5 finished. Train_accy 94.92
2026-07-01 15:08:33,344 [sketchlora.py] => [SketchDiag] task 5: retained-energy mean=0.992 min=0.990 | ||ΔW||_F mean=1.556 | r_hat mean=38.3 total=920
2026-07-01 15:08:50,988 [til_base.py] => TIL top1: 90.53
2026-07-01 15:08:50,988 [til_base.py] => CIL top1: 67.46 | TIL top1: 90.53
2026-07-01 15:08:50,988 [trainer.py] => No NME accuracy.
2026-07-01 15:08:50,988 [trainer.py] => CNN: {'total': np.float64(67.46), '00-09': np.float64(26.2), '10-19': np.float64(60.12), '20-29': np.float64(61.44), '30-39': np.float64(80.39), '40-49': np.float64(80.9), '50-59': np.float64(94.12), 'old': np.float64(62.79), 'new': np.float64(94.12)}
2026-07-01 15:08:50,988 [trainer.py] => CNN top1 curve: [np.float64(95.85), np.float64(84.7), np.float64(82.66), np.float64(74.71), np.float64(71.87), np.float64(67.46)]
2026-07-01 15:08:50,988 [trainer.py] => CNN top5 curve: [np.float64(99.68), np.float64(96.85), np.float64(95.64), np.float64(92.83), np.float64(91.23), np.float64(88.05)]

2026-07-01 15:08:50,988 [trainer.py] => Average Accuracy (CNN): 79.54166666666667 

2026-07-01 15:08:50,989 [trainer.py] => All params: 87552828
2026-07-01 15:08:50,990 [trainer.py] => Trainable params: 341052
2026-07-01 15:08:50,991 [lora.py] => Learning on 60-70
2026-07-01 15:08:50,993 [lora.py] => Trainable params this task: 348,742 / 87,560,518
2026-07-01 15:10:25,956 [lora.py] => Task 6 finished. Train_accy 93.68
2026-07-01 15:10:29,172 [sketchlora.py] => [SketchDiag] task 6: retained-energy mean=0.992 min=0.990 | ||ΔW||_F mean=1.695 | r_hat mean=43.3 total=1039
2026-07-01 15:10:49,815 [til_base.py] => TIL top1: 89.86
2026-07-01 15:10:49,815 [til_base.py] => CIL top1: 64.78 | TIL top1: 89.86
2026-07-01 15:10:49,815 [trainer.py] => No NME accuracy.
2026-07-01 15:10:49,815 [trainer.py] => CNN: {'total': np.float64(64.78), '00-09': np.float64(21.73), '10-19': np.float64(54.52), '20-29': np.float64(55.56), '30-39': np.float64(75.63), '40-49': np.float64(76.12), '50-59': np.float64(89.97), '60-69': np.float64(77.18), 'old': np.float64(62.51), 'new': np.float64(77.18)}
2026-07-01 15:10:49,815 [trainer.py] => CNN top1 curve: [np.float64(95.85), np.float64(84.7), np.float64(82.66), np.float64(74.71), np.float64(71.87), np.float64(67.46), np.float64(64.78)]
2026-07-01 15:10:49,815 [trainer.py] => CNN top5 curve: [np.float64(99.68), np.float64(96.85), np.float64(95.64), np.float64(92.83), np.float64(91.23), np.float64(88.05), np.float64(87.07)]

2026-07-01 15:10:49,815 [trainer.py] => Average Accuracy (CNN): 77.43285714285715 

2026-07-01 15:10:49,816 [trainer.py] => All params: 87743302
2026-07-01 15:10:49,817 [trainer.py] => Trainable params: 348742
2026-07-01 15:10:49,818 [lora.py] => Learning on 70-80
2026-07-01 15:10:49,820 [lora.py] => Trainable params this task: 356,432 / 87,750,992
2026-07-01 15:12:12,347 [lora.py] => Task 7 finished. Train_accy 95.30
2026-07-01 15:12:15,620 [sketchlora.py] => [SketchDiag] task 7: retained-energy mean=0.992 min=0.990 | ||ΔW||_F mean=1.796 | r_hat mean=47.8 total=1146
2026-07-01 15:12:38,976 [til_base.py] => TIL top1: 88.55
2026-07-01 15:12:38,976 [til_base.py] => CIL top1: 62.53 | TIL top1: 88.55
2026-07-01 15:12:38,976 [trainer.py] => No NME accuracy.
2026-07-01 15:12:38,976 [trainer.py] => CNN: {'total': np.float64(62.53), '00-09': np.float64(18.53), '10-19': np.float64(43.61), '20-29': np.float64(55.56), '30-39': np.float64(71.99), '40-49': np.float64(69.1), '50-59': np.float64(84.08), '60-69': np.float64(70.7), '70-79': np.float64(85.9), 'old': np.float64(59.43), 'new': np.float64(85.9)}
2026-07-01 15:12:38,976 [trainer.py] => CNN top1 curve: [np.float64(95.85), np.float64(84.7), np.float64(82.66), np.float64(74.71), np.float64(71.87), np.float64(67.46), np.float64(64.78), np.float64(62.53)]
2026-07-01 15:12:38,976 [trainer.py] => CNN top5 curve: [np.float64(99.68), np.float64(96.85), np.float64(95.64), np.float64(92.83), np.float64(91.23), np.float64(88.05), np.float64(87.07), np.float64(85.55)]

2026-07-01 15:12:38,976 [trainer.py] => Average Accuracy (CNN): 75.57 

2026-07-01 15:12:38,977 [trainer.py] => All params: 87915344
2026-07-01 15:12:38,978 [trainer.py] => Trainable params: 356432
2026-07-01 15:12:38,979 [lora.py] => Learning on 80-90
2026-07-01 15:12:38,981 [lora.py] => Trainable params this task: 364,122 / 87,923,034
2026-07-01 15:13:36,448 [lora.py] => Task 8 finished. Train_accy 92.85
2026-07-01 15:13:39,775 [sketchlora.py] => [SketchDiag] task 8: retained-energy mean=0.991 min=0.990 | ||ΔW||_F mean=1.864 | r_hat mean=51.8 total=1243
2026-07-01 15:14:05,124 [til_base.py] => TIL top1: 88.66
2026-07-01 15:14:05,124 [til_base.py] => CIL top1: 60.9 | TIL top1: 88.66
2026-07-01 15:14:05,124 [trainer.py] => No NME accuracy.
2026-07-01 15:14:05,124 [trainer.py] => CNN: {'total': np.float64(60.9), '00-09': np.float64(17.25), '10-19': np.float64(45.17), '20-29': np.float64(50.98), '30-39': np.float64(70.59), '40-49': np.float64(62.92), '50-59': np.float64(79.58), '60-69': np.float64(72.39), '70-79': np.float64(80.0), '80-89': np.float64(72.14), 'old': np.float64(60.03), 'new': np.float64(72.14)}
2026-07-01 15:14:05,124 [trainer.py] => CNN top1 curve: [np.float64(95.85), np.float64(84.7), np.float64(82.66), np.float64(74.71), np.float64(71.87), np.float64(67.46), np.float64(64.78), np.float64(62.53), np.float64(60.9)]
2026-07-01 15:14:05,124 [trainer.py] => CNN top5 curve: [np.float64(99.68), np.float64(96.85), np.float64(95.64), np.float64(92.83), np.float64(91.23), np.float64(88.05), np.float64(87.07), np.float64(85.55), np.float64(84.2)]

2026-07-01 15:14:05,124 [trainer.py] => Average Accuracy (CNN): 73.94 

2026-07-01 15:14:05,125 [trainer.py] => All params: 88072026
2026-07-01 15:14:05,126 [trainer.py] => Trainable params: 364122
2026-07-01 15:14:05,127 [lora.py] => Learning on 90-100
2026-07-01 15:14:05,129 [lora.py] => Trainable params this task: 371,812 / 88,079,716
2026-07-01 15:14:59,639 [lora.py] => Task 9 finished. Train_accy 95.62
2026-07-01 15:15:02,990 [sketchlora.py] => [SketchDiag] task 9: retained-energy mean=0.991 min=0.990 | ||ΔW||_F mean=1.928 | r_hat mean=55.1 total=1322
2026-07-01 15:15:30,324 [til_base.py] => TIL top1: 88.7
2026-07-01 15:15:30,324 [til_base.py] => CIL top1: 58.72 | TIL top1: 88.7
2026-07-01 15:15:30,324 [trainer.py] => No NME accuracy.
2026-07-01 15:15:30,324 [trainer.py] => CNN: {'total': np.float64(58.72), '00-09': np.float64(11.18), '10-19': np.float64(46.73), '20-29': np.float64(43.14), '30-39': np.float64(68.63), '40-49': np.float64(63.76), '50-59': np.float64(72.66), '60-69': np.float64(68.17), '70-79': np.float64(78.69), '80-89': np.float64(58.21), '90-99': np.float64(84.13), 'old': np.float64(57.01), 'new': np.float64(84.13)}
2026-07-01 15:15:30,324 [trainer.py] => CNN top1 curve: [np.float64(95.85), np.float64(84.7), np.float64(82.66), np.float64(74.71), np.float64(71.87), np.float64(67.46), np.float64(64.78), np.float64(62.53), np.float64(60.9), np.float64(58.72)]
2026-07-01 15:15:30,324 [trainer.py] => CNN top5 curve: [np.float64(99.68), np.float64(96.85), np.float64(95.64), np.float64(92.83), np.float64(91.23), np.float64(88.05), np.float64(87.07), np.float64(85.55), np.float64(84.2), np.float64(82.45)]

2026-07-01 15:15:30,324 [trainer.py] => Average Accuracy (CNN): 72.41799999999999 

2026-07-01 15:15:30,325 [trainer.py] => All params: 88201060
2026-07-01 15:15:30,326 [trainer.py] => Trainable params: 371812
2026-07-01 15:15:30,327 [lora.py] => Learning on 100-110
2026-07-01 15:15:30,329 [lora.py] => Trainable params this task: 379,502 / 88,208,750
2026-07-01 15:16:48,526 [lora.py] => Task 10 finished. Train_accy 92.94
2026-07-01 15:16:51,886 [sketchlora.py] => [SketchDiag] task 10: retained-energy mean=0.992 min=0.990 | ||ΔW||_F mean=2.026 | r_hat mean=59.0 total=1415
2026-07-01 15:17:21,739 [til_base.py] => TIL top1: 87.7
2026-07-01 15:17:21,739 [til_base.py] => CIL top1: 56.91 | TIL top1: 87.7
2026-07-01 15:17:21,739 [trainer.py] => No NME accuracy.
2026-07-01 15:17:21,739 [trainer.py] => CNN: {'total': np.float64(56.91), '00-09': np.float64(10.22), '10-19': np.float64(44.55), '20-29': np.float64(32.35), '30-39': np.float64(66.67), '40-49': np.float64(57.87), '50-59': np.float64(62.28), '60-69': np.float64(63.94), '70-79': np.float64(77.05), '80-89': np.float64(54.73), '90-99': np.float64(80.42), '100-109': np.float64(85.26), 'old': np.float64(54.21), 'new': np.float64(85.26)}
2026-07-01 15:17:21,740 [trainer.py] => CNN top1 curve: [np.float64(95.85), np.float64(84.7), np.float64(82.66), np.float64(74.71), np.float64(71.87), np.float64(67.46), np.float64(64.78), np.float64(62.53), np.float64(60.9), np.float64(58.72), np.float64(56.91)]
2026-07-01 15:17:21,740 [trainer.py] => CNN top5 curve: [np.float64(99.68), np.float64(96.85), np.float64(95.64), np.float64(92.83), np.float64(91.23), np.float64(88.05), np.float64(87.07), np.float64(85.55), np.float64(84.2), np.float64(82.45), np.float64(80.5)]

2026-07-01 15:17:21,740 [trainer.py] => Average Accuracy (CNN): 71.00818181818181 

2026-07-01 15:17:21,740 [trainer.py] => All params: 88351598
2026-07-01 15:17:21,741 [trainer.py] => Trainable params: 379502
2026-07-01 15:17:21,742 [lora.py] => Learning on 110-120
2026-07-01 15:17:21,744 [lora.py] => Trainable params this task: 387,192 / 88,359,288
2026-07-01 15:18:54,074 [lora.py] => Task 11 finished. Train_accy 93.65
2026-07-01 15:18:57,450 [sketchlora.py] => [SketchDiag] task 11: retained-energy mean=0.991 min=0.990 | ||ΔW||_F mean=2.135 | r_hat mean=62.3 total=1496
2026-07-01 15:57:44,236 [trainer.py] => config: ./exps/svdlora_inr20t_task_s1995.json
2026-07-01 15:57:44,236 [trainer.py] => dataset: imagenetr
2026-07-01 15:57:44,236 [trainer.py] => memory_size: 0
2026-07-01 15:57:44,236 [trainer.py] => memory_per_class: 0
2026-07-01 15:57:44,236 [trainer.py] => fixed_memory: False
2026-07-01 15:57:44,236 [trainer.py] => shuffle: True
2026-07-01 15:57:44,236 [trainer.py] => init_cls: 10
2026-07-01 15:57:44,236 [trainer.py] => increment: 10
2026-07-01 15:57:44,236 [trainer.py] => backbone_type: vit_base_patch16_224_lora
2026-07-01 15:57:44,236 [trainer.py] => device: [device(type='cuda', index=0)]
2026-07-01 15:57:44,236 [trainer.py] => seed: 1995
2026-07-01 15:57:44,236 [trainer.py] => scenario: both
2026-07-01 15:57:44,236 [trainer.py] => lora_rank: 8
2026-07-01 15:57:44,236 [trainer.py] => tuned_epoch: 10
2026-07-01 15:57:44,236 [trainer.py] => init_lr: 0.0003
2026-07-01 15:57:44,236 [trainer.py] => batch_size: 48
2026-07-01 15:57:44,236 [trainer.py] => weight_decay: 0.0005
2026-07-01 15:57:44,236 [trainer.py] => min_lr: 0.0
2026-07-01 15:57:44,236 [trainer.py] => pretrained: True
2026-07-01 15:57:44,236 [trainer.py] => print_forget: True
2026-07-01 15:57:44,237 [trainer.py] => model_name: sketchlora
2026-07-01 15:57:44,237 [trainer.py] => lora_alpha: 32
2026-07-01 15:57:44,237 [trainer.py] => lora_merge: True
2026-07-01 15:57:44,237 [trainer.py] => lora_train_merge: True
2026-07-01 15:57:44,237 [trainer.py] => svd_rank: 8
2026-07-01 15:57:44,237 [trainer.py] => svd_oversampling: 10
2026-07-01 15:57:44,237 [trainer.py] => svd_energy_target: 0.01
2026-07-01 15:57:44,237 [trainer.py] => lora_n_slots: 2
2026-07-01 15:57:44,237 [trainer.py] => prefix: inr20t_task
2026-07-01 15:57:44,318 [data_manager.py] => [146, 198, 169, 126, 142, 183, 108, 86, 79, 35, 112, 29, 0, 2, 59, 178, 143, 31, 147, 33, 123, 114, 194, 54, 138, 75, 158, 26, 131, 141, 180, 132, 22, 49, 116, 111, 24, 98, 107, 89, 151, 83, 185, 15, 27, 136, 65, 1, 82, 87, 99, 153, 47, 144, 145, 175, 155, 77, 191, 199, 46, 28, 76, 71, 93, 137, 5, 188, 187, 74, 103, 173, 18, 80, 88, 48, 109, 81, 91, 101, 43, 102, 61, 182, 3, 14, 40, 42, 167, 66, 57, 73, 135, 39, 45, 184, 161, 85, 148, 121, 8, 195, 21, 4, 106, 133, 118, 10, 176, 50, 36, 192, 162, 172, 96, 197, 20, 117, 140, 186, 92, 97, 44, 149, 13, 37, 170, 25, 181, 171, 23, 104, 189, 11, 159, 67, 94, 68, 55, 6, 150, 165, 120, 139, 72, 154, 115, 125, 53, 58, 16, 113, 41, 190, 174, 127, 110, 7, 38, 32, 95, 19, 196, 51, 78, 34, 122, 152, 119, 134, 129, 130, 128, 17, 30, 90, 124, 160, 100, 193, 12, 56, 64, 168, 105, 63, 177, 70, 60, 163, 9, 62, 156, 52, 84, 157, 69, 179, 166, 164]
2026-07-01 15:57:46,983 [trainer.py] => All params: 86388480
2026-07-01 15:57:46,983 [trainer.py] => Trainable params: 589824
2026-07-01 15:57:47,730 [lora.py] => Learning on 0-10
2026-07-01 15:57:47,733 [lora.py] => Trainable params this task: 302,602 / 86,396,170
2026-07-01 15:59:10,532 [lora.py] => Task 0 finished. Train_accy 90.88
2026-07-01 15:59:13,344 [sketchlora.py] => [SketchDiag] task 0: retained-energy mean=0.999 min=0.991 | ||ΔW||_F mean=0.219 | r_hat mean=7.7 total=185
2026-07-01 15:59:16,564 [til_base.py] => TIL top1: 94.25
2026-07-01 15:59:16,565 [til_base.py] => CIL top1: 94.25 | TIL top1: 94.25
2026-07-01 15:59:16,565 [trainer.py] => No NME accuracy.
2026-07-01 15:59:16,565 [trainer.py] => CNN: {'total': np.float64(94.25), '00-09': np.float64(94.25), 'old': 0, 'new': np.float64(94.25)}
2026-07-01 15:59:16,565 [trainer.py] => CNN top1 curve: [np.float64(94.25)]
2026-07-01 15:59:16,565 [trainer.py] => CNN top5 curve: [np.float64(99.36)]

2026-07-01 15:59:16,565 [trainer.py] => Average Accuracy (CNN): 94.25 

2026-07-01 15:59:16,565 [trainer.py] => All params: 86385418
2026-07-01 15:59:16,566 [trainer.py] => Trainable params: 302602
2026-07-01 15:59:16,567 [lora.py] => Learning on 10-20
2026-07-01 15:59:16,569 [lora.py] => Trainable params this task: 310,292 / 86,393,108
2026-07-01 16:00:41,676 [lora.py] => Task 1 finished. Train_accy 92.09
2026-07-01 16:00:44,405 [sketchlora.py] => [SketchDiag] task 1: retained-energy mean=0.995 min=0.990 | ||ΔW||_F mean=0.314 | r_hat mean=14.5 total=347
2026-07-01 16:00:50,335 [til_base.py] => TIL top1: 91.01
2026-07-01 16:00:50,335 [til_base.py] => CIL top1: 85.17 | TIL top1: 91.01
2026-07-01 16:00:50,335 [trainer.py] => No NME accuracy.
2026-07-01 16:00:50,335 [trainer.py] => CNN: {'total': np.float64(85.17), '00-09': np.float64(80.51), '10-19': np.float64(89.72), 'old': np.float64(80.51), 'new': np.float64(89.72)}
2026-07-01 16:00:50,335 [trainer.py] => CNN top1 curve: [np.float64(94.25), np.float64(85.17)]
2026-07-01 16:00:50,335 [trainer.py] => CNN top5 curve: [np.float64(99.36), np.float64(96.53)]

2026-07-01 16:00:50,336 [trainer.py] => Average Accuracy (CNN): 89.71000000000001 

2026-07-01 16:00:50,336 [trainer.py] => All params: 86641940
2026-07-01 16:00:50,337 [trainer.py] => Trainable params: 310292
2026-07-01 16:00:50,338 [lora.py] => Learning on 20-30
2026-07-01 16:00:50,340 [lora.py] => Trainable params this task: 317,982 / 86,649,630
2026-07-01 16:02:12,445 [lora.py] => Task 2 finished. Train_accy 89.41
2026-07-01 16:02:15,260 [sketchlora.py] => [SketchDiag] task 2: retained-energy mean=0.993 min=0.991 | ||ΔW||_F mean=0.388 | r_hat mean=20.6 total=495
2026-07-01 16:02:23,811 [til_base.py] => TIL top1: 89.04
2026-07-01 16:02:23,811 [til_base.py] => CIL top1: 76.17 | TIL top1: 89.04
2026-07-01 16:02:23,811 [trainer.py] => No NME accuracy.
2026-07-01 16:02:23,811 [trainer.py] => CNN: {'total': np.float64(76.17), '00-09': np.float64(58.47), '10-19': np.float64(81.93), '20-29': np.float64(88.24), 'old': np.float64(70.35), 'new': np.float64(88.24)}
2026-07-01 16:02:23,811 [trainer.py] => CNN top1 curve: [np.float64(94.25), np.float64(85.17), np.float64(76.17)]
2026-07-01 16:02:23,811 [trainer.py] => CNN top5 curve: [np.float64(99.36), np.float64(96.53), np.float64(93.94)]

2026-07-01 16:02:23,812 [trainer.py] => Average Accuracy (CNN): 85.19666666666667 

2026-07-01 16:02:23,812 [trainer.py] => All params: 86876958
2026-07-01 16:02:23,813 [trainer.py] => Trainable params: 317982
2026-07-01 16:02:23,814 [lora.py] => Learning on 30-40
2026-07-01 16:02:23,816 [lora.py] => Trainable params this task: 325,672 / 86,884,648
2026-07-01 16:03:58,214 [lora.py] => Task 3 finished. Train_accy 92.14
2026-07-01 16:04:01,222 [sketchlora.py] => [SketchDiag] task 3: retained-energy mean=0.992 min=0.990 | ||ΔW||_F mean=0.450 | r_hat mean=26.4 total=634
2026-07-01 16:04:12,570 [til_base.py] => TIL top1: 90.05
2026-07-01 16:04:12,570 [til_base.py] => CIL top1: 75.4 | TIL top1: 90.05
2026-07-01 16:04:12,570 [trainer.py] => No NME accuracy.
2026-07-01 16:04:12,570 [trainer.py] => CNN: {'total': np.float64(75.4), '00-09': np.float64(60.38), '10-19': np.float64(72.9), '20-29': np.float64(72.88), '30-39': np.float64(93.0), 'old': np.float64(68.72), 'new': np.float64(93.0)}
2026-07-01 16:04:12,570 [trainer.py] => CNN top1 curve: [np.float64(94.25), np.float64(85.17), np.float64(76.17), np.float64(75.4)]
2026-07-01 16:04:12,571 [trainer.py] => CNN top5 curve: [np.float64(99.36), np.float64(96.53), np.float64(93.94), np.float64(92.29)]

2026-07-01 16:04:12,571 [trainer.py] => Average Accuracy (CNN): 82.7475 

2026-07-01 16:04:12,571 [trainer.py] => All params: 87098152
2026-07-01 16:04:12,572 [trainer.py] => Trainable params: 325672
2026-07-01 16:04:12,573 [lora.py] => Learning on 40-50
2026-07-01 16:04:12,575 [lora.py] => Trainable params this task: 333,362 / 87,105,842
2026-07-01 16:05:46,176 [lora.py] => Task 4 finished. Train_accy 92.07
2026-07-01 16:05:49,259 [sketchlora.py] => [SketchDiag] task 4: retained-energy mean=0.992 min=0.990 | ||ΔW||_F mean=0.505 | r_hat mean=31.6 total=758
2026-07-01 16:06:03,568 [til_base.py] => TIL top1: 86.45
2026-07-01 16:06:03,568 [til_base.py] => CIL top1: 66.12 | TIL top1: 86.45
2026-07-01 16:06:03,569 [trainer.py] => No NME accuracy.
2026-07-01 16:06:03,569 [trainer.py] => CNN: {'total': np.float64(66.12), '00-09': np.float64(44.09), '10-19': np.float64(62.31), '20-29': np.float64(49.02), '30-39': np.float64(77.87), '40-49': np.float64(91.85), 'old': np.float64(59.06), 'new': np.float64(91.85)}
2026-07-01 16:06:03,569 [trainer.py] => CNN top1 curve: [np.float64(94.25), np.float64(85.17), np.float64(76.17), np.float64(75.4), np.float64(66.12)]
2026-07-01 16:06:03,569 [trainer.py] => CNN top5 curve: [np.float64(99.36), np.float64(96.53), np.float64(93.94), np.float64(92.29), np.float64(88.69)]

2026-07-01 16:06:03,569 [trainer.py] => Average Accuracy (CNN): 79.422 

2026-07-01 16:06:03,570 [trainer.py] => All params: 87296306
2026-07-01 16:06:03,570 [trainer.py] => Trainable params: 333362
2026-07-01 16:06:03,571 [lora.py] => Learning on 50-60
2026-07-01 16:06:03,573 [lora.py] => Trainable params this task: 341,052 / 87,303,996
2026-07-01 16:07:21,914 [lora.py] => Task 5 finished. Train_accy 93.49
2026-07-01 16:07:25,018 [sketchlora.py] => [SketchDiag] task 5: retained-energy mean=0.992 min=0.990 | ||ΔW||_F mean=0.544 | r_hat mean=36.4 total=873
2026-07-01 16:07:42,058 [til_base.py] => TIL top1: 86.61
2026-07-01 16:07:42,058 [til_base.py] => CIL top1: 64.83 | TIL top1: 86.61
2026-07-01 16:07:42,058 [trainer.py] => No NME accuracy.
2026-07-01 16:07:42,058 [trainer.py] => CNN: {'total': np.float64(64.83), '00-09': np.float64(39.62), '10-19': np.float64(57.94), '20-29': np.float64(48.69), '30-39': np.float64(78.43), '40-49': np.float64(77.25), '50-59': np.float64(84.78), 'old': np.float64(61.34), 'new': np.float64(84.78)}
2026-07-01 16:07:42,058 [trainer.py] => CNN top1 curve: [np.float64(94.25), np.float64(85.17), np.float64(76.17), np.float64(75.4), np.float64(66.12), np.float64(64.83)]
2026-07-01 16:07:42,058 [trainer.py] => CNN top5 curve: [np.float64(99.36), np.float64(96.53), np.float64(93.94), np.float64(92.29), np.float64(88.69), np.float64(86.97)]

2026-07-01 16:07:42,058 [trainer.py] => Average Accuracy (CNN): 76.99 

2026-07-01 16:07:42,059 [trainer.py] => All params: 87480636
2026-07-01 16:07:42,060 [trainer.py] => Trainable params: 341052
2026-07-01 16:07:42,061 [lora.py] => Learning on 60-70
2026-07-01 16:07:42,063 [lora.py] => Trainable params this task: 348,742 / 87,488,326
2026-07-01 16:09:16,235 [lora.py] => Task 6 finished. Train_accy 91.53
2026-07-01 16:09:19,416 [sketchlora.py] => [SketchDiag] task 6: retained-energy mean=0.992 min=0.990 | ||ΔW||_F mean=0.594 | r_hat mean=41.0 total=985
2026-07-01 16:09:39,382 [til_base.py] => TIL top1: 86.37
2026-07-01 16:09:39,383 [til_base.py] => CIL top1: 60.73 | TIL top1: 86.37
2026-07-01 16:09:39,383 [trainer.py] => No NME accuracy.
2026-07-01 16:09:39,383 [trainer.py] => CNN: {'total': np.float64(60.73), '00-09': np.float64(26.84), '10-19': np.float64(49.84), '20-29': np.float64(48.37), '30-39': np.float64(75.63), '40-49': np.float64(65.73), '50-59': np.float64(68.17), '60-69': np.float64(85.07), 'old': np.float64(56.28), 'new': np.float64(85.07)}
2026-07-01 16:09:39,383 [trainer.py] => CNN top1 curve: [np.float64(94.25), np.float64(85.17), np.float64(76.17), np.float64(75.4), np.float64(66.12), np.float64(64.83), np.float64(60.73)]
2026-07-01 16:09:39,383 [trainer.py] => CNN top5 curve: [np.float64(99.36), np.float64(96.53), np.float64(93.94), np.float64(92.29), np.float64(88.69), np.float64(86.97), np.float64(83.41)]

2026-07-01 16:09:39,383 [trainer.py] => Average Accuracy (CNN): 74.66714285714285 

2026-07-01 16:09:39,385 [trainer.py] => All params: 87660358
2026-07-01 16:09:39,386 [trainer.py] => Trainable params: 348742
2026-07-01 16:09:39,388 [lora.py] => Learning on 70-80
2026-07-01 16:09:39,392 [lora.py] => Trainable params this task: 356,432 / 87,668,048
2026-07-01 16:11:00,989 [lora.py] => Task 7 finished. Train_accy 92.96
2026-07-01 16:11:04,170 [sketchlora.py] => [SketchDiag] task 7: retained-energy mean=0.992 min=0.990 | ||ΔW||_F mean=0.635 | r_hat mean=45.1 total=1082
2026-07-01 16:11:26,754 [til_base.py] => TIL top1: 86.28
2026-07-01 16:11:26,754 [til_base.py] => CIL top1: 58.15 | TIL top1: 86.28
2026-07-01 16:11:26,754 [trainer.py] => No NME accuracy.
2026-07-01 16:11:26,754 [trainer.py] => CNN: {'total': np.float64(58.15), '00-09': np.float64(27.16), '10-19': np.float64(38.94), '20-29': np.float64(36.93), '30-39': np.float64(72.83), '40-49': np.float64(68.26), '50-59': np.float64(55.71), '60-69': np.float64(76.06), '70-79': np.float64(83.93), 'old': np.float64(54.72), 'new': np.float64(83.93)}
2026-07-01 16:11:26,754 [trainer.py] => CNN top1 curve: [np.float64(94.25), np.float64(85.17), np.float64(76.17), np.float64(75.4), np.float64(66.12), np.float64(64.83), np.float64(60.73), np.float64(58.15)]
2026-07-01 16:11:26,754 [trainer.py] => CNN top5 curve: [np.float64(99.36), np.float64(96.53), np.float64(93.94), np.float64(92.29), np.float64(88.69), np.float64(86.97), np.float64(83.41), np.float64(83.51)]

2026-07-01 16:11:26,754 [trainer.py] => Average Accuracy (CNN): 72.60249999999999 

2026-07-01 16:11:26,755 [trainer.py] => All params: 87817040
2026-07-01 16:11:26,756 [trainer.py] => Trainable params: 356432
2026-07-01 16:11:26,757 [lora.py] => Learning on 80-90
2026-07-01 16:11:26,759 [lora.py] => Trainable params this task: 364,122 / 87,824,730
2026-07-01 16:12:23,568 [lora.py] => Task 8 finished. Train_accy 87.15
2026-07-01 16:12:26,814 [sketchlora.py] => [SketchDiag] task 8: retained-energy mean=0.992 min=0.990 | ||ΔW||_F mean=0.659 | r_hat mean=48.4 total=1162
2026-07-01 16:12:51,286 [til_base.py] => TIL top1: 84.59
2026-07-01 16:12:51,286 [til_base.py] => CIL top1: 52.84 | TIL top1: 84.59
2026-07-01 16:12:51,286 [trainer.py] => No NME accuracy.
2026-07-01 16:12:51,286 [trainer.py] => CNN: {'total': np.float64(52.84), '00-09': np.float64(29.39), '10-19': np.float64(38.94), '20-29': np.float64(24.51), '30-39': np.float64(62.75), '40-49': np.float64(61.8), '50-59': np.float64(51.9), '60-69': np.float64(74.65), '70-79': np.float64(73.44), '80-89': np.float64(52.74), 'old': np.float64(52.84), 'new': np.float64(52.74)}
2026-07-01 16:12:51,286 [trainer.py] => CNN top1 curve: [np.float64(94.25), np.float64(85.17), np.float64(76.17), np.float64(75.4), np.float64(66.12), np.float64(64.83), np.float64(60.73), np.float64(58.15), np.float64(52.84)]
2026-07-01 16:12:51,286 [trainer.py] => CNN top5 curve: [np.float64(99.36), np.float64(96.53), np.float64(93.94), np.float64(92.29), np.float64(88.69), np.float64(86.97), np.float64(83.41), np.float64(83.51), np.float64(80.34)]

2026-07-01 16:12:51,286 [trainer.py] => Average Accuracy (CNN): 70.40666666666667 

2026-07-01 16:12:51,287 [trainer.py] => All params: 87947610
2026-07-01 16:12:51,288 [trainer.py] => Trainable params: 364122
2026-07-01 16:12:51,289 [lora.py] => Learning on 90-100
2026-07-01 16:12:51,291 [lora.py] => Trainable params this task: 371,812 / 87,955,300
2026-07-01 16:13:44,892 [lora.py] => Task 9 finished. Train_accy 93.95
2026-07-01 16:13:48,161 [sketchlora.py] => [SketchDiag] task 9: retained-energy mean=0.992 min=0.990 | ||ΔW||_F mean=0.681 | r_hat mean=51.5 total=1235
2026-07-01 16:14:14,493 [til_base.py] => TIL top1: 85.36
2026-07-01 16:14:14,493 [til_base.py] => CIL top1: 53.31 | TIL top1: 85.36
2026-07-01 16:14:14,493 [trainer.py] => No NME accuracy.
2026-07-01 16:14:14,493 [trainer.py] => CNN: {'total': np.float64(53.31), '00-09': np.float64(17.25), '10-19': np.float64(47.66), '20-29': np.float64(24.51), '30-39': np.float64(64.99), '40-49': np.float64(59.55), '50-59': np.float64(52.94), '60-69': np.float64(68.45), '70-79': np.float64(71.48), '80-89': np.float64(44.78), '90-99': np.float64(87.3), 'old': np.float64(51.02), 'new': np.float64(87.3)}
2026-07-01 16:14:14,493 [trainer.py] => CNN top1 curve: [np.float64(94.25), np.float64(85.17), np.float64(76.17), np.float64(75.4), np.float64(66.12), np.float64(64.83), np.float64(60.73), np.float64(58.15), np.float64(52.84), np.float64(53.31)]
2026-07-01 16:14:14,493 [trainer.py] => CNN top5 curve: [np.float64(99.36), np.float64(96.53), np.float64(93.94), np.float64(92.29), np.float64(88.69), np.float64(86.97), np.float64(83.41), np.float64(83.51), np.float64(80.34), np.float64(78.31)]

2026-07-01 16:14:14,493 [trainer.py] => Average Accuracy (CNN): 68.697 

2026-07-01 16:14:14,494 [trainer.py] => All params: 88067428
2026-07-01 16:14:14,495 [trainer.py] => Trainable params: 371812
2026-07-01 16:14:14,496 [lora.py] => Learning on 100-110
2026-07-01 16:14:14,498 [lora.py] => Trainable params this task: 379,502 / 88,075,118
2026-07-01 16:15:32,453 [lora.py] => Task 10 finished. Train_accy 92.00
2026-07-01 16:15:35,817 [sketchlora.py] => [SketchDiag] task 10: retained-energy mean=0.992 min=0.990 | ||ΔW||_F mean=0.714 | r_hat mean=54.7 total=1312
2026-07-01 16:16:04,653 [til_base.py] => TIL top1: 84.65
2026-07-01 16:16:04,654 [til_base.py] => CIL top1: 52.76 | TIL top1: 84.65
2026-07-01 16:16:04,654 [trainer.py] => No NME accuracy.
2026-07-01 16:16:04,654 [trainer.py] => CNN: {'total': np.float64(52.76), '00-09': np.float64(17.89), '10-19': np.float64(41.43), '20-29': np.float64(23.86), '30-39': np.float64(63.03), '40-49': np.float64(53.09), '50-59': np.float64(53.29), '60-69': np.float64(63.38), '70-79': np.float64(66.23), '80-89': np.float64(40.3), '90-99': np.float64(74.6), '100-109': np.float64(87.72), 'old': np.float64(49.43), 'new': np.float64(87.72)}
2026-07-01 16:16:04,654 [trainer.py] => CNN top1 curve: [np.float64(94.25), np.float64(85.17), np.float64(76.17), np.float64(75.4), np.float64(66.12), np.float64(64.83), np.float64(60.73), np.float64(58.15), np.float64(52.84), np.float64(53.31), np.float64(52.76)]
2026-07-01 16:16:04,654 [trainer.py] => CNN top5 curve: [np.float64(99.36), np.float64(96.53), np.float64(93.94), np.float64(92.29), np.float64(88.69), np.float64(86.97), np.float64(83.41), np.float64(83.51), np.float64(80.34), np.float64(78.31), np.float64(76.53)]

2026-07-01 16:16:04,654 [trainer.py] => Average Accuracy (CNN): 67.24818181818182 

2026-07-01 16:16:04,655 [trainer.py] => All params: 88193390
2026-07-01 16:16:04,655 [trainer.py] => Trainable params: 379502
2026-07-01 16:16:04,657 [lora.py] => Learning on 110-120
2026-07-01 16:16:04,658 [lora.py] => Trainable params this task: 387,192 / 88,201,080
2026-07-01 16:17:35,703 [lora.py] => Task 11 finished. Train_accy 91.85
2026-07-01 16:17:39,027 [sketchlora.py] => [SketchDiag] task 11: retained-energy mean=0.992 min=0.990 | ||ΔW||_F mean=0.746 | r_hat mean=57.8 total=1386
2026-07-01 16:18:10,640 [til_base.py] => TIL top1: 82.18
2026-07-01 16:18:10,641 [til_base.py] => CIL top1: 49.59 | TIL top1: 82.18
2026-07-01 16:18:10,641 [trainer.py] => No NME accuracy.
2026-07-01 16:18:10,641 [trainer.py] => CNN: {'total': np.float64(49.59), '00-09': np.float64(18.53), '10-19': np.float64(39.25), '20-29': np.float64(31.37), '30-39': np.float64(50.98), '40-49': np.float64(52.53), '50-59': np.float64(42.21), '60-69': np.float64(46.76), '70-79': np.float64(46.56), '80-89': np.float64(38.81), '90-99': np.float64(63.49), '100-109': np.float64(77.54), '110-119': np.float64(86.59), 'old': np.float64(45.71), 'new': np.float64(86.59)}
2026-07-01 16:18:10,641 [trainer.py] => CNN top1 curve: [np.float64(94.25), np.float64(85.17), np.float64(76.17), np.float64(75.4), np.float64(66.12), np.float64(64.83), np.float64(60.73), np.float64(58.15), np.float64(52.84), np.float64(53.31), np.float64(52.76), np.float64(49.59)]
2026-07-01 16:18:10,641 [trainer.py] => CNN top5 curve: [np.float64(99.36), np.float64(96.53), np.float64(93.94), np.float64(92.29), np.float64(88.69), np.float64(86.97), np.float64(83.41), np.float64(83.51), np.float64(80.34), np.float64(78.31), np.float64(76.53), np.float64(74.48)]

2026-07-01 16:18:10,641 [trainer.py] => Average Accuracy (CNN): 65.77666666666667 

2026-07-01 16:18:10,642 [trainer.py] => All params: 88314744
2026-07-01 16:18:10,642 [trainer.py] => Trainable params: 387192
2026-07-01 16:18:10,644 [lora.py] => Learning on 120-130
2026-07-01 16:18:10,646 [lora.py] => Trainable params this task: 394,882 / 88,322,434
2026-07-01 16:19:11,715 [lora.py] => Task 12 finished. Train_accy 90.06
2026-07-01 16:19:15,083 [sketchlora.py] => [SketchDiag] task 12: retained-energy mean=0.991 min=0.990 | ||ΔW||_F mean=0.768 | r_hat mean=60.2 total=1444
2026-07-01 16:19:49,000 [til_base.py] => TIL top1: 84.5
2026-07-01 16:19:49,000 [til_base.py] => CIL top1: 51.52 | TIL top1: 84.5
2026-07-01 16:19:49,001 [trainer.py] => No NME accuracy.
2026-07-01 16:19:49,001 [trainer.py] => CNN: {'total': np.float64(51.52), '00-09': np.float64(19.81), '10-19': np.float64(38.32), '20-29': np.float64(24.84), '30-39': np.float64(56.58), '40-49': np.float64(57.87), '50-59': np.float64(39.45), '60-69': np.float64(51.83), '70-79': np.float64(53.11), '80-89': np.float64(44.78), '90-99': np.float64(59.79), '100-109': np.float64(76.49), '110-119': np.float64(78.72), '120-129': np.float64(72.15), 'old': np.float64(50.28), 'new': np.float64(72.15)}
2026-07-01 16:19:49,001 [trainer.py] => CNN top1 curve: [np.float64(94.25), np.float64(85.17), np.float64(76.17), np.float64(75.4), np.float64(66.12), np.float64(64.83), np.float64(60.73), np.float64(58.15), np.float64(52.84), np.float64(53.31), np.float64(52.76), np.float64(49.59), np.float64(51.52)]
2026-07-01 16:19:49,001 [trainer.py] => CNN top5 curve: [np.float64(99.36), np.float64(96.53), np.float64(93.94), np.float64(92.29), np.float64(88.69), np.float64(86.97), np.float64(83.41), np.float64(83.51), np.float64(80.34), np.float64(78.31), np.float64(76.53), np.float64(74.48), np.float64(75.51)]

2026-07-01 16:19:49,001 [trainer.py] => Average Accuracy (CNN): 64.68 

2026-07-01 16:19:49,002 [trainer.py] => All params: 88411522
2026-07-01 16:19:49,002 [trainer.py] => Trainable params: 394882
2026-07-01 16:19:49,004 [lora.py] => Learning on 130-140
2026-07-01 16:19:49,006 [lora.py] => Trainable params this task: 402,572 / 88,419,212
2026-07-01 16:21:11,969 [lora.py] => Task 13 finished. Train_accy 89.61
2026-07-01 16:21:15,309 [sketchlora.py] => [SketchDiag] task 13: retained-energy mean=0.992 min=0.990 | ||ΔW||_F mean=0.796 | r_hat mean=62.9 total=1510
2026-07-01 16:21:52,357 [til_base.py] => TIL top1: 83.24
2026-07-01 16:21:52,357 [til_base.py] => CIL top1: 47.71 | TIL top1: 83.24
2026-07-01 16:21:52,357 [trainer.py] => No NME accuracy.
2026-07-01 16:21:52,357 [trainer.py] => CNN: {'total': np.float64(47.71), '00-09': np.float64(20.77), '10-19': np.float64(30.53), '20-29': np.float64(21.24), '30-39': np.float64(45.66), '40-49': np.float64(49.44), '50-59': np.float64(41.87), '60-69': np.float64(50.42), '70-79': np.float64(47.54), '80-89': np.float64(36.82), '90-99': np.float64(52.38), '100-109': np.float64(70.53), '110-119': np.float64(71.72), '120-129': np.float64(58.45), '130-139': np.float64(71.01), 'old': np.float64(45.85), 'new': np.float64(71.01)}
2026-07-01 16:21:52,357 [trainer.py] => CNN top1 curve: [np.float64(94.25), np.float64(85.17), np.float64(76.17), np.float64(75.4), np.float64(66.12), np.float64(64.83), np.float64(60.73), np.float64(58.15), np.float64(52.84), np.float64(53.31), np.float64(52.76), np.float64(49.59), np.float64(51.52), np.float64(47.71)]
2026-07-01 16:21:52,357 [trainer.py] => CNN top5 curve: [np.float64(99.36), np.float64(96.53), np.float64(93.94), np.float64(92.29), np.float64(88.69), np.float64(86.97), np.float64(83.41), np.float64(83.51), np.float64(80.34), np.float64(78.31), np.float64(76.53), np.float64(74.48), np.float64(75.51), np.float64(73.49)]

2026-07-01 16:21:52,357 [trainer.py] => Average Accuracy (CNN): 63.46785714285715 

2026-07-01 16:21:52,358 [trainer.py] => All params: 88520588
2026-07-01 16:21:52,359 [trainer.py] => Trainable params: 402572
2026-07-01 16:21:52,360 [lora.py] => Learning on 140-150
2026-07-01 16:21:52,362 [lora.py] => Trainable params this task: 410,262 / 88,528,278
2026-07-01 16:23:03,399 [lora.py] => Task 14 finished. Train_accy 91.32
2026-07-01 16:23:06,722 [sketchlora.py] => [SketchDiag] task 14: retained-energy mean=0.991 min=0.990 | ||ΔW||_F mean=0.821 | r_hat mean=65.1 total=1562
2026-07-01 16:23:46,396 [til_base.py] => TIL top1: 82.14
2026-07-01 16:23:46,396 [til_base.py] => CIL top1: 45.8 | TIL top1: 82.14
2026-07-01 16:23:46,396 [trainer.py] => No NME accuracy.
2026-07-01 16:23:46,396 [trainer.py] => CNN: {'total': np.float64(45.8), '00-09': np.float64(24.28), '10-19': np.float64(25.23), '20-29': np.float64(18.63), '30-39': np.float64(49.02), '40-49': np.float64(43.82), '50-59': np.float64(43.94), '60-69': np.float64(40.56), '70-79': np.float64(50.49), '80-89': np.float64(23.88), '90-99': np.float64(48.15), '100-109': np.float64(72.63), '110-119': np.float64(61.52), '120-129': np.float64(49.32), '130-139': np.float64(58.31), '140-149': np.float64(78.91), 'old': np.float64(43.75), 'new': np.float64(78.91)}
2026-07-01 16:23:46,396 [trainer.py] => CNN top1 curve: [np.float64(94.25), np.float64(85.17), np.float64(76.17), np.float64(75.4), np.float64(66.12), np.float64(64.83), np.float64(60.73), np.float64(58.15), np.float64(52.84), np.float64(53.31), np.float64(52.76), np.float64(49.59), np.float64(51.52), np.float64(47.71), np.float64(45.8)]
2026-07-01 16:23:46,396 [trainer.py] => CNN top5 curve: [np.float64(99.36), np.float64(96.53), np.float64(93.94), np.float64(92.29), np.float64(88.69), np.float64(86.97), np.float64(83.41), np.float64(83.51), np.float64(80.34), np.float64(78.31), np.float64(76.53), np.float64(74.48), np.float64(75.51), np.float64(73.49), np.float64(71.31)]

2026-07-01 16:23:46,396 [trainer.py] => Average Accuracy (CNN): 62.29 

2026-07-01 16:23:46,397 [trainer.py] => All params: 88608150
2026-07-01 16:23:46,398 [trainer.py] => Trainable params: 410262
2026-07-01 16:23:46,399 [lora.py] => Learning on 150-160
2026-07-01 16:23:46,401 [lora.py] => Trainable params this task: 417,952 / 88,615,840
2026-07-01 16:25:02,755 [lora.py] => Task 15 finished. Train_accy 92.29
2026-07-01 16:25:06,135 [sketchlora.py] => [SketchDiag] task 15: retained-energy mean=0.992 min=0.990 | ||ΔW||_F mean=0.841 | r_hat mean=67.2 total=1612
2026-07-01 16:25:48,364 [til_base.py] => TIL top1: 84.34
2026-07-01 16:25:48,364 [til_base.py] => CIL top1: 47.61 | TIL top1: 84.34
2026-07-01 16:25:48,365 [trainer.py] => No NME accuracy.
2026-07-01 16:25:48,365 [trainer.py] => CNN: {'total': np.float64(47.61), '00-09': np.float64(22.68), '10-19': np.float64(20.56), '20-29': np.float64(20.59), '30-39': np.float64(50.98), '40-49': np.float64(57.3), '50-59': np.float64(41.18), '60-69': np.float64(44.51), '70-79': np.float64(50.16), '80-89': np.float64(26.37), '90-99': np.float64(52.38), '100-109': np.float64(72.63), '110-119': np.float64(55.69), '120-129': np.float64(51.14), '130-139': np.float64(55.7), '140-149': np.float64(71.09), '150-159': np.float64(70.86), 'old': np.float64(46.14), 'new': np.float64(70.86)}
2026-07-01 16:25:48,365 [trainer.py] => CNN top1 curve: [np.float64(94.25), np.float64(85.17), np.float64(76.17), np.float64(75.4), np.float64(66.12), np.float64(64.83), np.float64(60.73), np.float64(58.15), np.float64(52.84), np.float64(53.31), np.float64(52.76), np.float64(49.59), np.float64(51.52), np.float64(47.71), np.float64(45.8), np.float64(47.61)]
2026-07-01 16:25:48,365 [trainer.py] => CNN top5 curve: [np.float64(99.36), np.float64(96.53), np.float64(93.94), np.float64(92.29), np.float64(88.69), np.float64(86.97), np.float64(83.41), np.float64(83.51), np.float64(80.34), np.float64(78.31), np.float64(76.53), np.float64(74.48), np.float64(75.51), np.float64(73.49), np.float64(71.31), np.float64(72.46)]

2026-07-01 16:25:48,365 [trainer.py] => Average Accuracy (CNN): 61.3725 

2026-07-01 16:25:48,366 [trainer.py] => All params: 88692640
2026-07-01 16:25:48,366 [trainer.py] => Trainable params: 417952
2026-07-01 16:25:48,368 [lora.py] => Learning on 160-170
2026-07-01 16:25:48,369 [lora.py] => Trainable params this task: 425,642 / 88,700,330
2026-07-01 16:27:15,526 [lora.py] => Task 16 finished. Train_accy 89.54
2026-07-01 16:27:18,913 [sketchlora.py] => [SketchDiag] task 16: retained-energy mean=0.991 min=0.990 | ||ΔW||_F mean=0.870 | r_hat mean=69.2 total=1662
2026-07-01 16:28:03,841 [til_base.py] => TIL top1: 82.12
2026-07-01 16:28:03,841 [til_base.py] => CIL top1: 43.05 | TIL top1: 82.12
2026-07-01 16:28:03,841 [trainer.py] => No NME accuracy.
2026-07-01 16:28:03,841 [trainer.py] => CNN: {'total': np.float64(43.05), '00-09': np.float64(15.65), '10-19': np.float64(16.2), '20-29': np.float64(21.57), '30-39': np.float64(40.62), '40-49': np.float64(53.65), '50-59': np.float64(32.87), '60-69': np.float64(38.87), '70-79': np.float64(45.25), '80-89': np.float64(23.88), '90-99': np.float64(40.21), '100-109': np.float64(61.4), '110-119': np.float64(48.4), '120-129': np.float64(40.18), '130-139': np.float64(48.86), '140-149': np.float64(53.52), '150-159': np.float64(61.51), '160-169': np.float64(83.49), 'old': np.float64(40.28), 'new': np.float64(83.49)}
2026-07-01 16:28:03,841 [trainer.py] => CNN top1 curve: [np.float64(94.25), np.float64(85.17), np.float64(76.17), np.float64(75.4), np.float64(66.12), np.float64(64.83), np.float64(60.73), np.float64(58.15), np.float64(52.84), np.float64(53.31), np.float64(52.76), np.float64(49.59), np.float64(51.52), np.float64(47.71), np.float64(45.8), np.float64(47.61), np.float64(43.05)]
2026-07-01 16:28:03,842 [trainer.py] => CNN top5 curve: [np.float64(99.36), np.float64(96.53), np.float64(93.94), np.float64(92.29), np.float64(88.69), np.float64(86.97), np.float64(83.41), np.float64(83.51), np.float64(80.34), np.float64(78.31), np.float64(76.53), np.float64(74.48), np.float64(75.51), np.float64(73.49), np.float64(71.31), np.float64(72.46), np.float64(69.17)]

2026-07-01 16:28:03,842 [trainer.py] => Average Accuracy (CNN): 60.29470588235294 

2026-07-01 16:28:03,842 [trainer.py] => All params: 88777130
2026-07-01 16:28:03,843 [trainer.py] => Trainable params: 425642
2026-07-01 16:28:03,844 [lora.py] => Learning on 170-180
2026-07-01 16:28:03,846 [lora.py] => Trainable params this task: 433,332 / 88,784,820
2026-07-01 16:29:19,093 [lora.py] => Task 17 finished. Train_accy 88.57
2026-07-01 16:29:22,480 [sketchlora.py] => [SketchDiag] task 17: retained-energy mean=0.991 min=0.990 | ||ΔW||_F mean=0.896 | r_hat mean=71.1 total=1707
2026-07-01 16:30:09,975 [til_base.py] => TIL top1: 81.62
2026-07-01 16:30:09,976 [til_base.py] => CIL top1: 42.25 | TIL top1: 81.62
2026-07-01 16:30:09,976 [trainer.py] => No NME accuracy.
2026-07-01 16:30:09,976 [trainer.py] => CNN: {'total': np.float64(42.25), '00-09': np.float64(20.77), '10-19': np.float64(15.26), '20-29': np.float64(22.88), '30-39': np.float64(39.22), '40-49': np.float64(45.22), '50-59': np.float64(27.34), '60-69': np.float64(39.72), '70-79': np.float64(43.61), '80-89': np.float64(14.43), '90-99': np.float64(33.86), '100-109': np.float64(54.39), '110-119': np.float64(41.4), '120-129': np.float64(40.64), '130-139': np.float64(49.84), '140-149': np.float64(47.27), '150-159': np.float64(59.35), '160-169': np.float64(80.37), '170-179': np.float64(78.68), 'old': np.float64(40.27), 'new': np.float64(78.68)}
2026-07-01 16:30:09,976 [trainer.py] => CNN top1 curve: [np.float64(94.25), np.float64(85.17), np.float64(76.17), np.float64(75.4), np.float64(66.12), np.float64(64.83), np.float64(60.73), np.float64(58.15), np.float64(52.84), np.float64(53.31), np.float64(52.76), np.float64(49.59), np.float64(51.52), np.float64(47.71), np.float64(45.8), np.float64(47.61), np.float64(43.05), np.float64(42.25)]
2026-07-01 16:30:09,976 [trainer.py] => CNN top5 curve: [np.float64(99.36), np.float64(96.53), np.float64(93.94), np.float64(92.29), np.float64(88.69), np.float64(86.97), np.float64(83.41), np.float64(83.51), np.float64(80.34), np.float64(78.31), np.float64(76.53), np.float64(74.48), np.float64(75.51), np.float64(73.49), np.float64(71.31), np.float64(72.46), np.float64(69.17), np.float64(68.58)]

2026-07-01 16:30:09,976 [trainer.py] => Average Accuracy (CNN): 59.29222222222222 

2026-07-01 16:30:09,977 [trainer.py] => All params: 88853940
2026-07-01 16:30:09,977 [trainer.py] => Trainable params: 433332
2026-07-01 16:30:09,979 [lora.py] => Learning on 180-190
2026-07-01 16:30:09,981 [lora.py] => Trainable params this task: 441,022 / 88,861,630
2026-07-01 16:31:40,823 [lora.py] => Task 18 finished. Train_accy 91.78
2026-07-01 16:31:44,218 [sketchlora.py] => [SketchDiag] task 18: retained-energy mean=0.992 min=0.990 | ||ΔW||_F mean=0.923 | r_hat mean=73.2 total=1757
2026-07-01 16:32:34,433 [til_base.py] => TIL top1: 82.37
2026-07-01 16:32:34,433 [til_base.py] => CIL top1: 43.64 | TIL top1: 82.37
2026-07-01 16:32:34,433 [trainer.py] => No NME accuracy.
2026-07-01 16:32:34,434 [trainer.py] => CNN: {'total': np.float64(43.64), '00-09': np.float64(14.06), '10-19': np.float64(17.13), '20-29': np.float64(22.88), '30-39': np.float64(43.14), '40-49': np.float64(46.91), '50-59': np.float64(22.49), '60-69': np.float64(39.72), '70-79': np.float64(54.1), '80-89': np.float64(16.92), '90-99': np.float64(34.39), '100-109': np.float64(60.0), '110-119': np.float64(34.69), '120-129': np.float64(36.07), '130-139': np.float64(48.53), '140-149': np.float64(39.84), '150-159': np.float64(58.99), '160-169': np.float64(70.4), '170-179': np.float64(68.01), '180-189': np.float64(86.94), 'old': np.float64(40.87), 'new': np.float64(86.94)}
2026-07-01 16:32:34,434 [trainer.py] => CNN top1 curve: [np.float64(94.25), np.float64(85.17), np.float64(76.17), np.float64(75.4), np.float64(66.12), np.float64(64.83), np.float64(60.73), np.float64(58.15), np.float64(52.84), np.float64(53.31), np.float64(52.76), np.float64(49.59), np.float64(51.52), np.float64(47.71), np.float64(45.8), np.float64(47.61), np.float64(43.05), np.float64(42.25), np.float64(43.64)]
2026-07-01 16:32:34,434 [trainer.py] => CNN top5 curve: [np.float64(99.36), np.float64(96.53), np.float64(93.94), np.float64(92.29), np.float64(88.69), np.float64(86.97), np.float64(83.41), np.float64(83.51), np.float64(80.34), np.float64(78.31), np.float64(76.53), np.float64(74.48), np.float64(75.51), np.float64(73.49), np.float64(71.31), np.float64(72.46), np.float64(69.17), np.float64(68.58), np.float64(67.65)]

2026-07-01 16:32:34,434 [trainer.py] => Average Accuracy (CNN): 58.468421052631584 

2026-07-01 16:32:34,435 [trainer.py] => All params: 88938430
2026-07-01 16:32:34,435 [trainer.py] => Trainable params: 441022
2026-07-01 16:32:34,437 [lora.py] => Learning on 190-200
2026-07-01 16:32:34,439 [lora.py] => Trainable params this task: 448,712 / 88,946,120
2026-07-01 16:33:59,854 [lora.py] => Task 19 finished. Train_accy 93.63
2026-07-01 16:34:03,289 [sketchlora.py] => [SketchDiag] task 19: retained-energy mean=0.991 min=0.990 | ||ΔW||_F mean=0.945 | r_hat mean=75.1 total=1803
2026-07-01 16:34:56,243 [til_base.py] => TIL top1: 83.69
2026-07-01 16:34:56,243 [til_base.py] => CIL top1: 42.35 | TIL top1: 83.69
2026-07-01 16:34:56,243 [trainer.py] => No NME accuracy.
2026-07-01 16:34:56,244 [trainer.py] => CNN: {'total': np.float64(42.35), '00-09': np.float64(15.34), '10-19': np.float64(14.33), '20-29': np.float64(18.3), '30-39': np.float64(42.3), '40-49': np.float64(35.11), '50-59': np.float64(23.88), '60-69': np.float64(36.62), '70-79': np.float64(49.84), '80-89': np.float64(11.94), '90-99': np.float64(34.92), '100-109': np.float64(55.79), '110-119': np.float64(36.44), '120-129': np.float64(37.44), '130-139': np.float64(41.69), '140-149': np.float64(35.16), '150-159': np.float64(54.32), '160-169': np.float64(67.91), '170-179': np.float64(62.87), '180-189': np.float64(75.67), '190-199': np.float64(83.76), 'old': np.float64(40.04), 'new': np.float64(83.76)}
2026-07-01 16:34:56,244 [trainer.py] => CNN top1 curve: [np.float64(94.25), np.float64(85.17), np.float64(76.17), np.float64(75.4), np.float64(66.12), np.float64(64.83), np.float64(60.73), np.float64(58.15), np.float64(52.84), np.float64(53.31), np.float64(52.76), np.float64(49.59), np.float64(51.52), np.float64(47.71), np.float64(45.8), np.float64(47.61), np.float64(43.05), np.float64(42.25), np.float64(43.64), np.float64(42.35)]
2026-07-01 16:34:56,244 [trainer.py] => CNN top5 curve: [np.float64(99.36), np.float64(96.53), np.float64(93.94), np.float64(92.29), np.float64(88.69), np.float64(86.97), np.float64(83.41), np.float64(83.51), np.float64(80.34), np.float64(78.31), np.float64(76.53), np.float64(74.48), np.float64(75.51), np.float64(73.49), np.float64(71.31), np.float64(72.46), np.float64(69.17), np.float64(68.58), np.float64(67.65), np.float64(67.98)]

2026-07-01 16:34:56,244 [trainer.py] => Average Accuracy (CNN): 57.6625 

2026-07-01 16:34:56,246 [trainer.py] => Forgetting (CNN): 43.01894736842106
2026-07-01 16:34:56,246 [trainer.py] => Forgetting (NME): 43.01894736842106
2026-07-01 16:34:56,247 [trainer.py] => Forgetting (TIL): 10.45894736842105
