2026-07-01 06:21:35,608 [trainer.py] => config: ./exps/inflora_inr20t_task_s1994.json
2026-07-01 06:21:35,608 [trainer.py] => dataset: imagenetr
2026-07-01 06:21:35,608 [trainer.py] => memory_size: 0
2026-07-01 06:21:35,608 [trainer.py] => memory_per_class: 0
2026-07-01 06:21:35,608 [trainer.py] => fixed_memory: False
2026-07-01 06:21:35,608 [trainer.py] => shuffle: True
2026-07-01 06:21:35,608 [trainer.py] => init_cls: 10
2026-07-01 06:21:35,608 [trainer.py] => increment: 10
2026-07-01 06:21:35,608 [trainer.py] => backbone_type: vit_base_patch16_224_lora
2026-07-01 06:21:35,608 [trainer.py] => device: [device(type='cuda', index=0)]
2026-07-01 06:21:35,608 [trainer.py] => seed: 1994
2026-07-01 06:21:35,608 [trainer.py] => scenario: both
2026-07-01 06:21:35,608 [trainer.py] => lora_rank: 8
2026-07-01 06:21:35,608 [trainer.py] => n_lora_blocks: 3
2026-07-01 06:21:35,608 [trainer.py] => tuned_epoch: 10
2026-07-01 06:21:35,608 [trainer.py] => init_lr: 0.005
2026-07-01 06:21:35,608 [trainer.py] => batch_size: 48
2026-07-01 06:21:35,608 [trainer.py] => weight_decay: 0.0005
2026-07-01 06:21:35,608 [trainer.py] => min_lr: 0.0
2026-07-01 06:21:35,608 [trainer.py] => pretrained: True
2026-07-01 06:21:35,608 [trainer.py] => print_forget: True
2026-07-01 06:21:35,608 [trainer.py] => model_name: inflora
2026-07-01 06:21:35,608 [trainer.py] => lora_alpha: 32
2026-07-01 06:21:35,608 [trainer.py] => lora_merge: True
2026-07-01 06:21:35,609 [trainer.py] => lamb: 0.98
2026-07-01 06:21:35,609 [trainer.py] => lame: 0.98
2026-07-01 06:21:35,609 [trainer.py] => prefix: inr20t_task
2026-07-01 06:21:35,691 [data_manager.py] => [85, 41, 23, 28, 70, 87, 134, 151, 51, 159, 178, 119, 50, 117, 73, 95, 86, 147, 63, 22, 79, 175, 40, 155, 174, 54, 132, 72, 124, 157, 93, 26, 196, 74, 44, 15, 169, 122, 88, 171, 184, 6, 18, 145, 48, 197, 64, 172, 126, 96, 11, 55, 193, 66, 128, 21, 77, 113, 140, 116, 141, 133, 120, 29, 115, 14, 103, 127, 114, 19, 9, 38, 33, 195, 81, 35, 69, 181, 47, 129, 112, 168, 198, 71, 101, 188, 68, 90, 158, 163, 52, 8, 185, 59, 154, 92, 56, 183, 32, 136, 65, 45, 46, 173, 189, 108, 102, 144, 0, 107, 187, 100, 98, 192, 43, 161, 104, 75, 150, 166, 121, 60, 160, 3, 143, 153, 62, 142, 61, 110, 194, 97, 25, 177, 179, 17, 49, 31, 94, 111, 16, 53, 91, 58, 135, 83, 2, 12, 13, 165, 42, 36, 186, 105, 1, 7, 149, 170, 27, 24, 78, 167, 137, 138, 118, 10, 139, 164, 20, 57, 123, 199, 89, 130, 82, 162, 176, 148, 109, 125, 67, 106, 37, 146, 131, 180, 156, 39, 5, 84, 4, 190, 152, 191, 30, 76, 80, 34, 99, 182]
2026-07-01 06:21:38,358 [trainer.py] => All params: 91696896
2026-07-01 06:21:38,361 [trainer.py] => Trainable params: 5898240
2026-07-01 06:21:39,045 [inflora.py] => [InfLoRA] Learning on 0-10
2026-07-01 06:21:46,305 [lora.py] => Trainable params this task: 44,554 / 91,704,586
2026-07-01 06:23:19,365 [lora.py] => Task 0 finished. Train_accy 83.72
2026-07-01 06:23:27,250 [inflora.py] => [InfLoRA] DualGPM threshold: 0.9800
2026-07-01 06:23:31,074 [inflora.py] => [InfLoRA] Layer 1: 7/768 type remove
2026-07-01 06:23:31,074 [inflora.py] => [InfLoRA] Layer 2: 8/768 type remove
2026-07-01 06:23:31,074 [inflora.py] => [InfLoRA] Layer 3: 9/768 type remove
2026-07-01 06:23:31,074 [inflora.py] => [InfLoRA] Layer 4: 10/768 type remove
2026-07-01 06:23:31,074 [inflora.py] => [InfLoRA] Layer 5: 13/768 type remove
2026-07-01 06:23:31,075 [inflora.py] => [InfLoRA] Layer 6: 16/768 type remove
2026-07-01 06:23:31,075 [inflora.py] => [InfLoRA] Layer 7: 19/768 type remove
2026-07-01 06:23:31,075 [inflora.py] => [InfLoRA] Layer 8: 31/768 type remove
2026-07-01 06:23:31,075 [inflora.py] => [InfLoRA] Layer 9: 36/768 type remove
2026-07-01 06:23:31,075 [inflora.py] => [InfLoRA] Layer 10: 23/768 type remove
2026-07-01 06:23:31,075 [inflora.py] => [InfLoRA] Layer 11: 7/768 type remove
2026-07-01 06:23:31,075 [inflora.py] => [InfLoRA] Layer 12: 48/768 type remove
2026-07-01 06:23:35,118 [til_base.py] => TIL top1: 82.55
2026-07-01 06:23:35,118 [til_base.py] => CIL top1: 82.55 | TIL top1: 82.55
2026-07-01 06:23:35,118 [trainer.py] => No NME accuracy.
2026-07-01 06:23:35,118 [trainer.py] => CNN: {'total': np.float64(82.55), '00-09': np.float64(82.55), 'old': 0, 'new': np.float64(82.55)}
2026-07-01 06:23:35,119 [trainer.py] => CNN top1 curve: [np.float64(82.55)]
2026-07-01 06:23:35,119 [trainer.py] => CNN top5 curve: [np.float64(97.23)]

2026-07-01 06:23:35,119 [trainer.py] => Average Accuracy (CNN): 82.55 

2026-07-01 06:23:35,123 [trainer.py] => All params: 91704586
2026-07-01 06:23:35,126 [trainer.py] => Trainable params: 44554
2026-07-01 06:23:35,128 [inflora.py] => [InfLoRA] Learning on 10-20
2026-07-01 06:23:46,421 [lora.py] => Trainable params this task: 52,244 / 91,712,276
2026-07-01 06:25:13,218 [lora.py] => Task 1 finished. Train_accy 90.32
2026-07-01 06:25:20,649 [inflora.py] => [InfLoRA] DualGPM threshold: 0.9800
2026-07-01 06:25:25,314 [inflora.py] => [InfLoRA] Layer 1: 8/768 type remove
2026-07-01 06:25:25,314 [inflora.py] => [InfLoRA] Layer 2: 9/768 type remove
2026-07-01 06:25:25,314 [inflora.py] => [InfLoRA] Layer 3: 12/768 type remove
2026-07-01 06:25:25,314 [inflora.py] => [InfLoRA] Layer 4: 18/768 type remove
2026-07-01 06:25:25,314 [inflora.py] => [InfLoRA] Layer 5: 23/768 type remove
2026-07-01 06:25:25,314 [inflora.py] => [InfLoRA] Layer 6: 26/768 type remove
2026-07-01 06:25:25,314 [inflora.py] => [InfLoRA] Layer 7: 28/768 type remove
2026-07-01 06:25:25,314 [inflora.py] => [InfLoRA] Layer 8: 42/768 type remove
2026-07-01 06:25:25,315 [inflora.py] => [InfLoRA] Layer 9: 49/768 type remove
2026-07-01 06:25:25,315 [inflora.py] => [InfLoRA] Layer 10: 32/768 type remove
2026-07-01 06:25:25,315 [inflora.py] => [InfLoRA] Layer 11: 11/768 type remove
2026-07-01 06:25:25,315 [inflora.py] => [InfLoRA] Layer 12: 56/768 type remove
2026-07-01 06:25:32,280 [til_base.py] => TIL top1: 82.82
2026-07-01 06:25:32,280 [til_base.py] => CIL top1: 75.04 | TIL top1: 82.82
2026-07-01 06:25:32,280 [trainer.py] => No NME accuracy.
2026-07-01 06:25:32,280 [trainer.py] => CNN: {'total': np.float64(75.04), '00-09': np.float64(64.27), '10-19': np.float64(87.19), 'old': np.float64(64.27), 'new': np.float64(87.19)}
2026-07-01 06:25:32,280 [trainer.py] => CNN top1 curve: [np.float64(82.55), np.float64(75.04)]
2026-07-01 06:25:32,280 [trainer.py] => CNN top5 curve: [np.float64(97.23), np.float64(92.36)]

2026-07-01 06:25:32,280 [trainer.py] => Average Accuracy (CNN): 78.795 

2026-07-01 06:25:32,285 [trainer.py] => All params: 91712276
2026-07-01 06:25:32,289 [trainer.py] => Trainable params: 52244
2026-07-01 06:25:32,290 [inflora.py] => [InfLoRA] Learning on 20-30
2026-07-01 06:25:43,920 [lora.py] => Trainable params this task: 59,934 / 91,719,966
2026-07-01 06:26:56,190 [lora.py] => Task 2 finished. Train_accy 89.03
2026-07-01 06:27:03,657 [inflora.py] => [InfLoRA] DualGPM threshold: 0.9800
2026-07-01 06:27:08,579 [inflora.py] => [InfLoRA] Layer 1: 8/768 type remove
2026-07-01 06:27:08,580 [inflora.py] => [InfLoRA] Layer 2: 10/768 type remove
2026-07-01 06:27:08,580 [inflora.py] => [InfLoRA] Layer 3: 13/768 type remove
2026-07-01 06:27:08,580 [inflora.py] => [InfLoRA] Layer 4: 24/768 type remove
2026-07-01 06:27:08,580 [inflora.py] => [InfLoRA] Layer 5: 30/768 type remove
2026-07-01 06:27:08,580 [inflora.py] => [InfLoRA] Layer 6: 33/768 type remove
2026-07-01 06:27:08,580 [inflora.py] => [InfLoRA] Layer 7: 36/768 type remove
2026-07-01 06:27:08,580 [inflora.py] => [InfLoRA] Layer 8: 54/768 type remove
2026-07-01 06:27:08,580 [inflora.py] => [InfLoRA] Layer 9: 69/768 type remove
2026-07-01 06:27:08,580 [inflora.py] => [InfLoRA] Layer 10: 50/768 type remove
2026-07-01 06:27:08,580 [inflora.py] => [InfLoRA] Layer 11: 16/768 type remove
2026-07-01 06:27:08,580 [inflora.py] => [InfLoRA] Layer 12: 72/768 type remove
2026-07-01 06:27:17,785 [til_base.py] => TIL top1: 84.53
2026-07-01 06:27:17,785 [til_base.py] => CIL top1: 71.29 | TIL top1: 84.53
2026-07-01 06:27:17,785 [trainer.py] => No NME accuracy.
2026-07-01 06:27:17,786 [trainer.py] => CNN: {'total': np.float64(71.29), '00-09': np.float64(55.4), '10-19': np.float64(80.62), '20-29': np.float64(82.03), 'old': np.float64(67.25), 'new': np.float64(82.03)}
2026-07-01 06:27:17,786 [trainer.py] => CNN top1 curve: [np.float64(82.55), np.float64(75.04), np.float64(71.29)]
2026-07-01 06:27:17,786 [trainer.py] => CNN top5 curve: [np.float64(97.23), np.float64(92.36), np.float64(89.22)]

2026-07-01 06:27:17,786 [trainer.py] => Average Accuracy (CNN): 76.29333333333334 

2026-07-01 06:27:17,790 [trainer.py] => All params: 91719966
2026-07-01 06:27:17,792 [trainer.py] => Trainable params: 59934
2026-07-01 06:27:17,793 [inflora.py] => [InfLoRA] Learning on 30-40
2026-07-01 06:27:26,098 [lora.py] => Trainable params this task: 67,624 / 91,727,656
2026-07-01 06:29:00,816 [lora.py] => Task 3 finished. Train_accy 85.13
2026-07-01 06:29:07,389 [inflora.py] => [InfLoRA] DualGPM threshold: 0.9800
2026-07-01 06:29:15,974 [inflora.py] => [InfLoRA] Layer 1: 8/768 type remove
2026-07-01 06:29:15,975 [inflora.py] => [InfLoRA] Layer 2: 11/768 type remove
2026-07-01 06:29:15,975 [inflora.py] => [InfLoRA] Layer 3: 14/768 type remove
2026-07-01 06:29:15,975 [inflora.py] => [InfLoRA] Layer 4: 31/768 type remove
2026-07-01 06:29:15,975 [inflora.py] => [InfLoRA] Layer 5: 39/768 type remove
2026-07-01 06:29:15,975 [inflora.py] => [InfLoRA] Layer 6: 42/768 type remove
2026-07-01 06:29:15,975 [inflora.py] => [InfLoRA] Layer 7: 44/768 type remove
2026-07-01 06:29:15,975 [inflora.py] => [InfLoRA] Layer 8: 60/768 type remove
2026-07-01 06:29:15,976 [inflora.py] => [InfLoRA] Layer 9: 85/768 type remove
2026-07-01 06:29:15,976 [inflora.py] => [InfLoRA] Layer 10: 66/768 type remove
2026-07-01 06:29:15,976 [inflora.py] => [InfLoRA] Layer 11: 23/768 type remove
2026-07-01 06:29:15,976 [inflora.py] => [InfLoRA] Layer 12: 87/768 type remove
2026-07-01 06:29:28,271 [til_base.py] => TIL top1: 84.78
2026-07-01 06:29:28,271 [til_base.py] => CIL top1: 68.0 | TIL top1: 84.78
2026-07-01 06:29:28,272 [trainer.py] => No NME accuracy.
2026-07-01 06:29:28,272 [trainer.py] => CNN: {'total': np.float64(68.0), '00-09': np.float64(49.86), '10-19': np.float64(76.25), '20-29': np.float64(82.81), '30-39': np.float64(68.34), 'old': np.float64(67.88), 'new': np.float64(68.34)}
2026-07-01 06:29:28,272 [trainer.py] => CNN top1 curve: [np.float64(82.55), np.float64(75.04), np.float64(71.29), np.float64(68.0)]
2026-07-01 06:29:28,272 [trainer.py] => CNN top5 curve: [np.float64(97.23), np.float64(92.36), np.float64(89.22), np.float64(86.75)]

2026-07-01 06:29:28,272 [trainer.py] => Average Accuracy (CNN): 74.22 

2026-07-01 06:29:28,276 [trainer.py] => All params: 91727656
2026-07-01 06:29:28,279 [trainer.py] => Trainable params: 67624
2026-07-01 06:29:28,280 [inflora.py] => [InfLoRA] Learning on 40-50
2026-07-01 06:29:37,019 [lora.py] => Trainable params this task: 75,314 / 91,735,346
2026-07-01 06:31:06,598 [lora.py] => Task 4 finished. Train_accy 90.48
2026-07-01 06:31:12,017 [inflora.py] => [InfLoRA] DualGPM threshold: 0.9800
2026-07-01 06:31:16,315 [inflora.py] => [InfLoRA] Layer 1: 8/768 type remove
2026-07-01 06:31:16,315 [inflora.py] => [InfLoRA] Layer 2: 12/768 type remove
2026-07-01 06:31:16,315 [inflora.py] => [InfLoRA] Layer 3: 15/768 type remove
2026-07-01 06:31:16,315 [inflora.py] => [InfLoRA] Layer 4: 35/768 type remove
2026-07-01 06:31:16,316 [inflora.py] => [InfLoRA] Layer 5: 44/768 type remove
2026-07-01 06:31:16,316 [inflora.py] => [InfLoRA] Layer 6: 47/768 type remove
2026-07-01 06:31:16,316 [inflora.py] => [InfLoRA] Layer 7: 49/768 type remove
2026-07-01 06:31:16,316 [inflora.py] => [InfLoRA] Layer 8: 65/768 type remove
2026-07-01 06:31:16,316 [inflora.py] => [InfLoRA] Layer 9: 87/768 type remove
2026-07-01 06:31:16,316 [inflora.py] => [InfLoRA] Layer 10: 67/768 type remove
2026-07-01 06:31:16,316 [inflora.py] => [InfLoRA] Layer 11: 24/768 type remove
2026-07-01 06:31:16,316 [inflora.py] => [InfLoRA] Layer 12: 92/768 type remove
2026-07-01 06:31:31,937 [til_base.py] => TIL top1: 84.75
2026-07-01 06:31:31,937 [til_base.py] => CIL top1: 66.73 | TIL top1: 84.75
2026-07-01 06:31:31,937 [trainer.py] => No NME accuracy.
2026-07-01 06:31:31,937 [trainer.py] => CNN: {'total': np.float64(66.73), '00-09': np.float64(43.77), '10-19': np.float64(76.88), '20-29': np.float64(77.34), '30-39': np.float64(66.27), '40-49': np.float64(74.68), 'old': np.float64(64.78), 'new': np.float64(74.68)}
2026-07-01 06:31:31,937 [trainer.py] => CNN top1 curve: [np.float64(82.55), np.float64(75.04), np.float64(71.29), np.float64(68.0), np.float64(66.73)]
2026-07-01 06:31:31,938 [trainer.py] => CNN top5 curve: [np.float64(97.23), np.float64(92.36), np.float64(89.22), np.float64(86.75), np.float64(85.32)]

2026-07-01 06:31:31,938 [trainer.py] => Average Accuracy (CNN): 72.72200000000001 

2026-07-01 06:31:31,941 [trainer.py] => All params: 91735346
2026-07-01 06:31:31,943 [trainer.py] => Trainable params: 75314
2026-07-01 06:31:31,944 [inflora.py] => [InfLoRA] Learning on 50-60
2026-07-01 06:31:38,559 [lora.py] => Trainable params this task: 83,004 / 91,743,036
2026-07-01 06:33:05,835 [lora.py] => Task 5 finished. Train_accy 89.25
2026-07-01 06:33:10,941 [inflora.py] => [InfLoRA] DualGPM threshold: 0.9800
2026-07-01 06:33:15,425 [inflora.py] => [InfLoRA] Layer 1: 8/768 type remove
2026-07-01 06:33:15,425 [inflora.py] => [InfLoRA] Layer 2: 13/768 type remove
2026-07-01 06:33:15,425 [inflora.py] => [InfLoRA] Layer 3: 16/768 type remove
2026-07-01 06:33:15,425 [inflora.py] => [InfLoRA] Layer 4: 40/768 type remove
2026-07-01 06:33:15,426 [inflora.py] => [InfLoRA] Layer 5: 49/768 type remove
2026-07-01 06:33:15,426 [inflora.py] => [InfLoRA] Layer 6: 51/768 type remove
2026-07-01 06:33:15,426 [inflora.py] => [InfLoRA] Layer 7: 53/768 type remove
2026-07-01 06:33:15,426 [inflora.py] => [InfLoRA] Layer 8: 68/768 type remove
2026-07-01 06:33:15,426 [inflora.py] => [InfLoRA] Layer 9: 88/768 type remove
2026-07-01 06:33:15,426 [inflora.py] => [InfLoRA] Layer 10: 68/768 type remove
2026-07-01 06:33:15,426 [inflora.py] => [InfLoRA] Layer 11: 25/768 type remove
2026-07-01 06:33:15,426 [inflora.py] => [InfLoRA] Layer 12: 94/768 type remove
2026-07-01 06:33:34,070 [til_base.py] => TIL top1: 85.92
2026-07-01 06:33:34,070 [til_base.py] => CIL top1: 64.93 | TIL top1: 85.92
2026-07-01 06:33:34,070 [trainer.py] => No NME accuracy.
2026-07-01 06:33:34,070 [trainer.py] => CNN: {'total': np.float64(64.93), '00-09': np.float64(38.5), '10-19': np.float64(73.75), '20-29': np.float64(75.0), '30-39': np.float64(57.4), '40-49': np.float64(71.47), '50-59': np.float64(80.68), 'old': np.float64(62.0), 'new': np.float64(80.68)}
2026-07-01 06:33:34,071 [trainer.py] => CNN top1 curve: [np.float64(82.55), np.float64(75.04), np.float64(71.29), np.float64(68.0), np.float64(66.73), np.float64(64.93)]
2026-07-01 06:33:34,071 [trainer.py] => CNN top5 curve: [np.float64(97.23), np.float64(92.36), np.float64(89.22), np.float64(86.75), np.float64(85.32), np.float64(84.75)]

2026-07-01 06:33:34,071 [trainer.py] => Average Accuracy (CNN): 71.42333333333333 

2026-07-01 06:33:34,074 [trainer.py] => All params: 91743036
2026-07-01 06:33:34,076 [trainer.py] => Trainable params: 83004
2026-07-01 06:33:34,077 [inflora.py] => [InfLoRA] Learning on 60-70
2026-07-01 06:33:40,116 [lora.py] => Trainable params this task: 90,694 / 91,750,726
2026-07-01 06:34:57,713 [lora.py] => Task 6 finished. Train_accy 87.73
2026-07-01 06:35:02,354 [inflora.py] => [InfLoRA] DualGPM threshold: 0.9800
2026-07-01 06:35:06,995 [inflora.py] => [InfLoRA] Layer 1: 8/768 type remove
2026-07-01 06:35:06,995 [inflora.py] => [InfLoRA] Layer 2: 14/768 type remove
2026-07-01 06:35:06,995 [inflora.py] => [InfLoRA] Layer 3: 17/768 type remove
2026-07-01 06:35:06,995 [inflora.py] => [InfLoRA] Layer 4: 44/768 type remove
2026-07-01 06:35:06,995 [inflora.py] => [InfLoRA] Layer 5: 54/768 type remove
2026-07-01 06:35:06,995 [inflora.py] => [InfLoRA] Layer 6: 56/768 type remove
2026-07-01 06:35:06,995 [inflora.py] => [InfLoRA] Layer 7: 58/768 type remove
2026-07-01 06:35:06,995 [inflora.py] => [InfLoRA] Layer 8: 72/768 type remove
2026-07-01 06:35:06,995 [inflora.py] => [InfLoRA] Layer 9: 90/768 type remove
2026-07-01 06:35:06,995 [inflora.py] => [InfLoRA] Layer 10: 69/768 type remove
2026-07-01 06:35:06,995 [inflora.py] => [InfLoRA] Layer 11: 26/768 type remove
2026-07-01 06:35:06,995 [inflora.py] => [InfLoRA] Layer 12: 98/768 type remove
2026-07-01 06:35:28,289 [til_base.py] => TIL top1: 85.54
2026-07-01 06:35:28,290 [til_base.py] => CIL top1: 64.11 | TIL top1: 85.54
2026-07-01 06:35:28,290 [trainer.py] => No NME accuracy.
2026-07-01 06:35:28,290 [trainer.py] => CNN: {'total': np.float64(64.11), '00-09': np.float64(41.27), '10-19': np.float64(72.81), '20-29': np.float64(76.95), '30-39': np.float64(56.51), '40-49': np.float64(66.03), '50-59': np.float64(76.61), '60-69': np.float64(65.88), 'old': np.float64(63.87), 'new': np.float64(65.88)}
2026-07-01 06:35:28,290 [trainer.py] => CNN top1 curve: [np.float64(82.55), np.float64(75.04), np.float64(71.29), np.float64(68.0), np.float64(66.73), np.float64(64.93), np.float64(64.11)]
2026-07-01 06:35:28,290 [trainer.py] => CNN top5 curve: [np.float64(97.23), np.float64(92.36), np.float64(89.22), np.float64(86.75), np.float64(85.32), np.float64(84.75), np.float64(83.39)]

2026-07-01 06:35:28,290 [trainer.py] => Average Accuracy (CNN): 70.37857142857143 

2026-07-01 06:35:28,293 [trainer.py] => All params: 91750726
2026-07-01 06:35:28,295 [trainer.py] => Trainable params: 90694
2026-07-01 06:35:28,296 [inflora.py] => [InfLoRA] Learning on 70-80
2026-07-01 06:35:34,063 [lora.py] => Trainable params this task: 98,384 / 91,758,416
2026-07-01 06:36:47,207 [lora.py] => Task 7 finished. Train_accy 87.77
2026-07-01 06:36:51,874 [inflora.py] => [InfLoRA] DualGPM threshold: 0.9800
2026-07-01 06:37:00,290 [inflora.py] => [InfLoRA] Layer 1: 8/768 type remove
2026-07-01 06:37:00,291 [inflora.py] => [InfLoRA] Layer 2: 15/768 type remove
2026-07-01 06:37:00,291 [inflora.py] => [InfLoRA] Layer 3: 18/768 type remove
2026-07-01 06:37:00,291 [inflora.py] => [InfLoRA] Layer 4: 48/768 type remove
2026-07-01 06:37:00,291 [inflora.py] => [InfLoRA] Layer 5: 59/768 type remove
2026-07-01 06:37:00,291 [inflora.py] => [InfLoRA] Layer 6: 60/768 type remove
2026-07-01 06:37:00,291 [inflora.py] => [InfLoRA] Layer 7: 62/768 type remove
2026-07-01 06:37:00,291 [inflora.py] => [InfLoRA] Layer 8: 76/768 type remove
2026-07-01 06:37:00,291 [inflora.py] => [InfLoRA] Layer 9: 92/768 type remove
2026-07-01 06:37:00,291 [inflora.py] => [InfLoRA] Layer 10: 70/768 type remove
2026-07-01 06:37:00,291 [inflora.py] => [InfLoRA] Layer 11: 27/768 type remove
2026-07-01 06:37:00,291 [inflora.py] => [InfLoRA] Layer 12: 101/768 type remove
2026-07-01 06:37:24,550 [til_base.py] => TIL top1: 84.65
2026-07-01 06:37:24,550 [til_base.py] => CIL top1: 61.55 | TIL top1: 84.65
2026-07-01 06:37:24,550 [trainer.py] => No NME accuracy.
2026-07-01 06:37:24,550 [trainer.py] => CNN: {'total': np.float64(61.55), '00-09': np.float64(37.95), '10-19': np.float64(73.12), '20-29': np.float64(67.19), '30-39': np.float64(58.28), '40-49': np.float64(67.63), '50-59': np.float64(71.53), '60-69': np.float64(62.75), '70-79': np.float64(58.72), 'old': np.float64(61.86), 'new': np.float64(58.72)}
2026-07-01 06:37:24,550 [trainer.py] => CNN top1 curve: [np.float64(82.55), np.float64(75.04), np.float64(71.29), np.float64(68.0), np.float64(66.73), np.float64(64.93), np.float64(64.11), np.float64(61.55)]
2026-07-01 06:37:24,550 [trainer.py] => CNN top5 curve: [np.float64(97.23), np.float64(92.36), np.float64(89.22), np.float64(86.75), np.float64(85.32), np.float64(84.75), np.float64(83.39), np.float64(81.91)]

2026-07-01 06:37:24,550 [trainer.py] => Average Accuracy (CNN): 69.275 

2026-07-01 06:37:24,554 [trainer.py] => All params: 91758416
2026-07-01 06:37:24,556 [trainer.py] => Trainable params: 98384
2026-07-01 06:37:24,557 [inflora.py] => [InfLoRA] Learning on 80-90
2026-07-01 06:37:31,463 [lora.py] => Trainable params this task: 106,074 / 91,766,106
2026-07-01 06:39:04,133 [lora.py] => Task 8 finished. Train_accy 87.65
2026-07-01 06:39:09,679 [inflora.py] => [InfLoRA] DualGPM threshold: 0.9800
2026-07-01 06:39:14,328 [inflora.py] => [InfLoRA] Layer 1: 8/768 type remove
2026-07-01 06:39:14,329 [inflora.py] => [InfLoRA] Layer 2: 16/768 type remove
2026-07-01 06:39:14,329 [inflora.py] => [InfLoRA] Layer 3: 19/768 type remove
2026-07-01 06:39:14,329 [inflora.py] => [InfLoRA] Layer 4: 52/768 type remove
2026-07-01 06:39:14,329 [inflora.py] => [InfLoRA] Layer 5: 63/768 type remove
2026-07-01 06:39:14,329 [inflora.py] => [InfLoRA] Layer 6: 64/768 type remove
2026-07-01 06:39:14,329 [inflora.py] => [InfLoRA] Layer 7: 66/768 type remove
2026-07-01 06:39:14,329 [inflora.py] => [InfLoRA] Layer 8: 79/768 type remove
2026-07-01 06:39:14,329 [inflora.py] => [InfLoRA] Layer 9: 95/768 type remove
2026-07-01 06:39:14,329 [inflora.py] => [InfLoRA] Layer 10: 72/768 type remove
2026-07-01 06:39:14,329 [inflora.py] => [InfLoRA] Layer 11: 28/768 type remove
2026-07-01 06:39:14,329 [inflora.py] => [InfLoRA] Layer 12: 106/768 type remove
2026-07-01 06:39:41,757 [til_base.py] => TIL top1: 83.4
2026-07-01 06:39:41,757 [til_base.py] => CIL top1: 60.61 | TIL top1: 83.4
2026-07-01 06:39:41,757 [trainer.py] => No NME accuracy.
2026-07-01 06:39:41,757 [trainer.py] => CNN: {'total': np.float64(60.61), '00-09': np.float64(38.5), '10-19': np.float64(70.31), '20-29': np.float64(67.58), '30-39': np.float64(53.85), '40-49': np.float64(63.14), '50-59': np.float64(69.83), '60-69': np.float64(62.75), '70-79': np.float64(54.89), '80-89': np.float64(69.59), 'old': np.float64(59.49), 'new': np.float64(69.59)}
2026-07-01 06:39:41,757 [trainer.py] => CNN top1 curve: [np.float64(82.55), np.float64(75.04), np.float64(71.29), np.float64(68.0), np.float64(66.73), np.float64(64.93), np.float64(64.11), np.float64(61.55), np.float64(60.61)]
2026-07-01 06:39:41,757 [trainer.py] => CNN top5 curve: [np.float64(97.23), np.float64(92.36), np.float64(89.22), np.float64(86.75), np.float64(85.32), np.float64(84.75), np.float64(83.39), np.float64(81.91), np.float64(80.25)]

2026-07-01 06:39:41,757 [trainer.py] => Average Accuracy (CNN): 68.31222222222223 

2026-07-01 06:39:41,761 [trainer.py] => All params: 91766106
2026-07-01 06:39:41,764 [trainer.py] => Trainable params: 106074
2026-07-01 06:39:41,766 [inflora.py] => [InfLoRA] Learning on 90-100
2026-07-01 06:39:49,597 [lora.py] => Trainable params this task: 113,764 / 91,773,796
2026-07-01 06:41:10,159 [lora.py] => Task 9 finished. Train_accy 90.40
2026-07-01 06:41:15,015 [inflora.py] => [InfLoRA] DualGPM threshold: 0.9800
2026-07-01 06:41:19,545 [inflora.py] => [InfLoRA] Layer 1: 8/768 type remove
2026-07-01 06:41:19,545 [inflora.py] => [InfLoRA] Layer 2: 17/768 type remove
2026-07-01 06:41:19,545 [inflora.py] => [InfLoRA] Layer 3: 20/768 type remove
2026-07-01 06:41:19,545 [inflora.py] => [InfLoRA] Layer 4: 55/768 type remove
2026-07-01 06:41:19,545 [inflora.py] => [InfLoRA] Layer 5: 67/768 type remove
2026-07-01 06:41:19,546 [inflora.py] => [InfLoRA] Layer 6: 68/768 type remove
2026-07-01 06:41:19,546 [inflora.py] => [InfLoRA] Layer 7: 71/768 type remove
2026-07-01 06:41:19,546 [inflora.py] => [InfLoRA] Layer 8: 83/768 type remove
2026-07-01 06:41:19,546 [inflora.py] => [InfLoRA] Layer 9: 103/768 type remove
2026-07-01 06:41:19,546 [inflora.py] => [InfLoRA] Layer 10: 81/768 type remove
2026-07-01 06:41:19,546 [inflora.py] => [InfLoRA] Layer 11: 33/768 type remove
2026-07-01 06:41:19,546 [inflora.py] => [InfLoRA] Layer 12: 114/768 type remove
2026-07-01 06:41:49,799 [til_base.py] => TIL top1: 85.06
2026-07-01 06:41:49,799 [til_base.py] => CIL top1: 58.88 | TIL top1: 85.06
2026-07-01 06:41:49,800 [trainer.py] => No NME accuracy.
2026-07-01 06:41:49,800 [trainer.py] => CNN: {'total': np.float64(58.88), '00-09': np.float64(33.24), '10-19': np.float64(71.56), '20-29': np.float64(62.11), '30-39': np.float64(53.25), '40-49': np.float64(54.17), '50-59': np.float64(68.14), '60-69': np.float64(59.22), '70-79': np.float64(48.94), '80-89': np.float64(68.24), '90-99': np.float64(76.8), 'old': np.float64(57.2), 'new': np.float64(76.8)}
2026-07-01 06:41:49,800 [trainer.py] => CNN top1 curve: [np.float64(82.55), np.float64(75.04), np.float64(71.29), np.float64(68.0), np.float64(66.73), np.float64(64.93), np.float64(64.11), np.float64(61.55), np.float64(60.61), np.float64(58.88)]
2026-07-01 06:41:49,800 [trainer.py] => CNN top5 curve: [np.float64(97.23), np.float64(92.36), np.float64(89.22), np.float64(86.75), np.float64(85.32), np.float64(84.75), np.float64(83.39), np.float64(81.91), np.float64(80.25), np.float64(80.4)]

2026-07-01 06:41:49,800 [trainer.py] => Average Accuracy (CNN): 67.369 

2026-07-01 06:41:49,805 [trainer.py] => All params: 91773796
2026-07-01 06:41:49,808 [trainer.py] => Trainable params: 113764
2026-07-01 06:41:49,810 [inflora.py] => [InfLoRA] Learning on 100-110
2026-07-01 06:41:59,468 [lora.py] => Trainable params this task: 121,454 / 91,781,486
2026-07-01 06:43:27,549 [lora.py] => Task 10 finished. Train_accy 86.10
2026-07-01 06:43:32,736 [inflora.py] => [InfLoRA] DualGPM threshold: 0.9800
2026-07-01 06:43:36,899 [inflora.py] => [InfLoRA] Layer 1: 8/768 type remove
2026-07-01 06:43:36,899 [inflora.py] => [InfLoRA] Layer 2: 18/768 type remove
2026-07-01 06:43:36,899 [inflora.py] => [InfLoRA] Layer 3: 21/768 type remove
2026-07-01 06:43:36,899 [inflora.py] => [InfLoRA] Layer 4: 57/768 type remove
2026-07-01 06:43:36,899 [inflora.py] => [InfLoRA] Layer 5: 70/768 type remove
2026-07-01 06:43:36,899 [inflora.py] => [InfLoRA] Layer 6: 71/768 type remove
2026-07-01 06:43:36,899 [inflora.py] => [InfLoRA] Layer 7: 75/768 type remove
2026-07-01 06:43:36,899 [inflora.py] => [InfLoRA] Layer 8: 86/768 type remove
2026-07-01 06:43:36,899 [inflora.py] => [InfLoRA] Layer 9: 106/768 type remove
2026-07-01 06:43:36,899 [inflora.py] => [InfLoRA] Layer 10: 82/768 type remove
2026-07-01 06:43:36,899 [inflora.py] => [InfLoRA] Layer 11: 34/768 type remove
2026-07-01 06:43:36,899 [inflora.py] => [InfLoRA] Layer 12: 118/768 type remove
2026-07-01 06:44:10,607 [til_base.py] => TIL top1: 84.36
2026-07-01 06:44:10,607 [til_base.py] => CIL top1: 57.99 | TIL top1: 84.36
2026-07-01 06:44:10,607 [trainer.py] => No NME accuracy.
2026-07-01 06:44:10,608 [trainer.py] => CNN: {'total': np.float64(57.99), '00-09': np.float64(31.58), '10-19': np.float64(70.62), '20-29': np.float64(62.11), '30-39': np.float64(55.62), '40-49': np.float64(52.24), '50-59': np.float64(63.73), '60-69': np.float64(58.82), '70-79': np.float64(49.79), '80-89': np.float64(65.2), '90-99': np.float64(73.2), '100-109': np.float64(62.13), 'old': np.float64(57.61), 'new': np.float64(62.13)}
2026-07-01 06:44:10,608 [trainer.py] => CNN top1 curve: [np.float64(82.55), np.float64(75.04), np.float64(71.29), np.float64(68.0), np.float64(66.73), np.float64(64.93), np.float64(64.11), np.float64(61.55), np.float64(60.61), np.float64(58.88), np.float64(57.99)]
2026-07-01 06:44:10,608 [trainer.py] => CNN top5 curve: [np.float64(97.23), np.float64(92.36), np.float64(89.22), np.float64(86.75), np.float64(85.32), np.float64(84.75), np.float64(83.39), np.float64(81.91), np.float64(80.25), np.float64(80.4), np.float64(79.34)]

2026-07-01 06:44:10,608 [trainer.py] => Average Accuracy (CNN): 66.51636363636364 

2026-07-01 06:44:10,614 [trainer.py] => All params: 91781486
2026-07-01 06:44:10,618 [trainer.py] => Trainable params: 121454
2026-07-01 06:44:10,620 [inflora.py] => [InfLoRA] Learning on 110-120
2026-07-01 06:44:18,114 [lora.py] => Trainable params this task: 129,144 / 91,789,176
2026-07-01 06:46:04,279 [lora.py] => Task 11 finished. Train_accy 85.53
2026-07-01 06:46:10,500 [inflora.py] => [InfLoRA] DualGPM threshold: 0.9800
2026-07-01 06:46:15,041 [inflora.py] => [InfLoRA] Layer 1: 8/768 type remove
2026-07-01 06:46:15,041 [inflora.py] => [InfLoRA] Layer 2: 19/768 type remove
2026-07-01 06:46:15,041 [inflora.py] => [InfLoRA] Layer 3: 22/768 type remove
2026-07-01 06:46:15,041 [inflora.py] => [InfLoRA] Layer 4: 60/768 type remove
2026-07-01 06:46:15,041 [inflora.py] => [InfLoRA] Layer 5: 74/768 type remove
2026-07-01 06:46:15,041 [inflora.py] => [InfLoRA] Layer 6: 75/768 type remove
2026-07-01 06:46:15,041 [inflora.py] => [InfLoRA] Layer 7: 79/768 type remove
2026-07-01 06:46:15,041 [inflora.py] => [InfLoRA] Layer 8: 91/768 type remove
2026-07-01 06:46:15,041 [inflora.py] => [InfLoRA] Layer 9: 116/768 type remove
2026-07-01 06:46:15,041 [inflora.py] => [InfLoRA] Layer 10: 94/768 type remove
2026-07-01 06:46:15,041 [inflora.py] => [InfLoRA] Layer 11: 39/768 type remove
2026-07-01 06:46:15,041 [inflora.py] => [InfLoRA] Layer 12: 123/768 type remove
2026-07-01 06:46:52,847 [til_base.py] => TIL top1: 85.75
2026-07-01 06:46:52,848 [til_base.py] => CIL top1: 57.7 | TIL top1: 85.75
2026-07-01 06:46:52,848 [trainer.py] => No NME accuracy.
2026-07-01 06:46:52,848 [trainer.py] => CNN: {'total': np.float64(57.7), '00-09': np.float64(30.75), '10-19': np.float64(70.31), '20-29': np.float64(66.8), '30-39': np.float64(50.3), '40-49': np.float64(53.53), '50-59': np.float64(64.07), '60-69': np.float64(57.25), '70-79': np.float64(46.81), '80-89': np.float64(66.22), '90-99': np.float64(72.0), '100-109': np.float64(56.99), '110-119': np.float64(64.0), 'old': np.float64(57.05), 'new': np.float64(64.0)}
2026-07-01 06:46:52,848 [trainer.py] => CNN top1 curve: [np.float64(82.55), np.float64(75.04), np.float64(71.29), np.float64(68.0), np.float64(66.73), np.float64(64.93), np.float64(64.11), np.float64(61.55), np.float64(60.61), np.float64(58.88), np.float64(57.99), np.float64(57.7)]
2026-07-01 06:46:52,848 [trainer.py] => CNN top5 curve: [np.float64(97.23), np.float64(92.36), np.float64(89.22), np.float64(86.75), np.float64(85.32), np.float64(84.75), np.float64(83.39), np.float64(81.91), np.float64(80.25), np.float64(80.4), np.float64(79.34), np.float64(79.29)]

2026-07-01 06:46:52,848 [trainer.py] => Average Accuracy (CNN): 65.78166666666668 

2026-07-01 06:46:52,850 [trainer.py] => All params: 91789176
2026-07-01 06:46:52,853 [trainer.py] => Trainable params: 129144
2026-07-01 06:46:52,854 [inflora.py] => [InfLoRA] Learning on 120-130
2026-07-01 06:46:59,204 [lora.py] => Trainable params this task: 136,834 / 91,796,866
2026-07-01 06:48:22,679 [lora.py] => Task 12 finished. Train_accy 90.37
2026-07-01 06:48:27,734 [inflora.py] => [InfLoRA] DualGPM threshold: 0.9800
2026-07-01 06:48:32,028 [inflora.py] => [InfLoRA] Layer 1: 8/768 type remove
2026-07-01 06:48:32,029 [inflora.py] => [InfLoRA] Layer 2: 20/768 type remove
2026-07-01 06:48:32,029 [inflora.py] => [InfLoRA] Layer 3: 23/768 type remove
2026-07-01 06:48:32,029 [inflora.py] => [InfLoRA] Layer 4: 62/768 type remove
2026-07-01 06:48:32,029 [inflora.py] => [InfLoRA] Layer 5: 77/768 type remove
2026-07-01 06:48:32,029 [inflora.py] => [InfLoRA] Layer 6: 79/768 type remove
2026-07-01 06:48:32,029 [inflora.py] => [InfLoRA] Layer 7: 83/768 type remove
2026-07-01 06:48:32,029 [inflora.py] => [InfLoRA] Layer 8: 94/768 type remove
2026-07-01 06:48:32,029 [inflora.py] => [InfLoRA] Layer 9: 118/768 type remove
2026-07-01 06:48:32,029 [inflora.py] => [InfLoRA] Layer 10: 95/768 type remove
2026-07-01 06:48:32,029 [inflora.py] => [InfLoRA] Layer 11: 40/768 type remove
2026-07-01 06:48:32,029 [inflora.py] => [InfLoRA] Layer 12: 127/768 type remove
2026-07-01 06:49:12,812 [til_base.py] => TIL top1: 85.4
2026-07-01 06:49:12,812 [til_base.py] => CIL top1: 56.19 | TIL top1: 85.4
2026-07-01 06:49:12,812 [trainer.py] => No NME accuracy.
2026-07-01 06:49:12,812 [trainer.py] => CNN: {'total': np.float64(56.19), '00-09': np.float64(28.81), '10-19': np.float64(68.12), '20-29': np.float64(66.02), '30-39': np.float64(50.3), '40-49': np.float64(49.68), '50-59': np.float64(63.73), '60-69': np.float64(57.25), '70-79': np.float64(42.13), '80-89': np.float64(60.81), '90-99': np.float64(70.0), '100-109': np.float64(51.1), '110-119': np.float64(59.08), '120-129': np.float64(72.54), 'old': np.float64(55.05), 'new': np.float64(72.54)}
2026-07-01 06:49:12,812 [trainer.py] => CNN top1 curve: [np.float64(82.55), np.float64(75.04), np.float64(71.29), np.float64(68.0), np.float64(66.73), np.float64(64.93), np.float64(64.11), np.float64(61.55), np.float64(60.61), np.float64(58.88), np.float64(57.99), np.float64(57.7), np.float64(56.19)]
2026-07-01 06:49:12,812 [trainer.py] => CNN top5 curve: [np.float64(97.23), np.float64(92.36), np.float64(89.22), np.float64(86.75), np.float64(85.32), np.float64(84.75), np.float64(83.39), np.float64(81.91), np.float64(80.25), np.float64(80.4), np.float64(79.34), np.float64(79.29), np.float64(78.03)]

2026-07-01 06:49:12,812 [trainer.py] => Average Accuracy (CNN): 65.04384615384616 

2026-07-01 06:49:12,815 [trainer.py] => All params: 91796866
2026-07-01 06:49:12,818 [trainer.py] => Trainable params: 136834
2026-07-01 06:49:12,819 [inflora.py] => [InfLoRA] Learning on 130-140
2026-07-01 06:49:20,442 [lora.py] => Trainable params this task: 144,524 / 91,804,556
2026-07-01 06:51:09,505 [lora.py] => Task 13 finished. Train_accy 84.92
2026-07-01 06:51:16,006 [inflora.py] => [InfLoRA] DualGPM threshold: 0.9800
2026-07-01 06:51:20,845 [inflora.py] => [InfLoRA] Layer 1: 8/768 type remove
2026-07-01 06:51:20,845 [inflora.py] => [InfLoRA] Layer 2: 21/768 type remove
2026-07-01 06:51:20,845 [inflora.py] => [InfLoRA] Layer 3: 24/768 type remove
2026-07-01 06:51:20,845 [inflora.py] => [InfLoRA] Layer 4: 64/768 type remove
2026-07-01 06:51:20,845 [inflora.py] => [InfLoRA] Layer 5: 80/768 type remove
2026-07-01 06:51:20,846 [inflora.py] => [InfLoRA] Layer 6: 81/768 type remove
2026-07-01 06:51:20,846 [inflora.py] => [InfLoRA] Layer 7: 86/768 type remove
2026-07-01 06:51:20,846 [inflora.py] => [InfLoRA] Layer 8: 97/768 type remove
2026-07-01 06:51:20,846 [inflora.py] => [InfLoRA] Layer 9: 120/768 type remove
2026-07-01 06:51:20,846 [inflora.py] => [InfLoRA] Layer 10: 96/768 type remove
2026-07-01 06:51:20,846 [inflora.py] => [InfLoRA] Layer 11: 41/768 type remove
2026-07-01 06:51:20,846 [inflora.py] => [InfLoRA] Layer 12: 128/768 type remove
2026-07-01 06:52:05,523 [til_base.py] => TIL top1: 84.82
2026-07-01 06:52:05,524 [til_base.py] => CIL top1: 54.86 | TIL top1: 84.82
2026-07-01 06:52:05,524 [trainer.py] => No NME accuracy.
2026-07-01 06:52:05,524 [trainer.py] => CNN: {'total': np.float64(54.86), '00-09': np.float64(26.32), '10-19': np.float64(66.25), '20-29': np.float64(64.84), '30-39': np.float64(48.82), '40-49': np.float64(52.56), '50-59': np.float64(61.69), '60-69': np.float64(51.37), '70-79': np.float64(43.4), '80-89': np.float64(61.15), '90-99': np.float64(65.2), '100-109': np.float64(48.53), '110-119': np.float64(59.38), '120-129': np.float64(68.85), '130-139': np.float64(57.37), 'old': np.float64(54.64), 'new': np.float64(57.37)}
2026-07-01 06:52:05,524 [trainer.py] => CNN top1 curve: [np.float64(82.55), np.float64(75.04), np.float64(71.29), np.float64(68.0), np.float64(66.73), np.float64(64.93), np.float64(64.11), np.float64(61.55), np.float64(60.61), np.float64(58.88), np.float64(57.99), np.float64(57.7), np.float64(56.19), np.float64(54.86)]
2026-07-01 06:52:05,524 [trainer.py] => CNN top5 curve: [np.float64(97.23), np.float64(92.36), np.float64(89.22), np.float64(86.75), np.float64(85.32), np.float64(84.75), np.float64(83.39), np.float64(81.91), np.float64(80.25), np.float64(80.4), np.float64(79.34), np.float64(79.29), np.float64(78.03), np.float64(77.12)]

2026-07-01 06:52:05,524 [trainer.py] => Average Accuracy (CNN): 64.31642857142859 

2026-07-01 06:52:05,527 [trainer.py] => All params: 91804556
2026-07-01 06:52:05,529 [trainer.py] => Trainable params: 144524
2026-07-01 06:52:05,530 [inflora.py] => [InfLoRA] Learning on 140-150
2026-07-01 06:52:13,358 [lora.py] => Trainable params this task: 152,214 / 91,812,246
2026-07-01 06:53:52,744 [lora.py] => Task 14 finished. Train_accy 87.84
2026-07-01 06:54:01,262 [inflora.py] => [InfLoRA] DualGPM threshold: 0.9800
2026-07-01 06:54:05,824 [inflora.py] => [InfLoRA] Layer 1: 8/768 type remove
2026-07-01 06:54:05,824 [inflora.py] => [InfLoRA] Layer 2: 22/768 type remove
2026-07-01 06:54:05,824 [inflora.py] => [InfLoRA] Layer 3: 25/768 type remove
2026-07-01 06:54:05,824 [inflora.py] => [InfLoRA] Layer 4: 68/768 type remove
2026-07-01 06:54:05,824 [inflora.py] => [InfLoRA] Layer 5: 83/768 type remove
2026-07-01 06:54:05,824 [inflora.py] => [InfLoRA] Layer 6: 84/768 type remove
2026-07-01 06:54:05,824 [inflora.py] => [InfLoRA] Layer 7: 89/768 type remove
2026-07-01 06:54:05,824 [inflora.py] => [InfLoRA] Layer 8: 100/768 type remove
2026-07-01 06:54:05,824 [inflora.py] => [InfLoRA] Layer 9: 123/768 type remove
2026-07-01 06:54:05,824 [inflora.py] => [InfLoRA] Layer 10: 98/768 type remove
2026-07-01 06:54:05,824 [inflora.py] => [InfLoRA] Layer 11: 42/768 type remove
2026-07-01 06:54:05,824 [inflora.py] => [InfLoRA] Layer 12: 130/768 type remove
2026-07-01 06:54:54,190 [til_base.py] => TIL top1: 85.27
2026-07-01 06:54:54,190 [til_base.py] => CIL top1: 55.57 | TIL top1: 85.27
2026-07-01 06:54:54,190 [trainer.py] => No NME accuracy.
2026-07-01 06:54:54,191 [trainer.py] => CNN: {'total': np.float64(55.57), '00-09': np.float64(26.87), '10-19': np.float64(67.19), '20-29': np.float64(64.45), '30-39': np.float64(47.34), '40-49': np.float64(53.85), '50-59': np.float64(60.68), '60-69': np.float64(56.47), '70-79': np.float64(44.68), '80-89': np.float64(60.47), '90-99': np.float64(64.0), '100-109': np.float64(51.1), '110-119': np.float64(57.54), '120-129': np.float64(67.62), '130-139': np.float64(56.74), '140-149': np.float64(63.29), 'old': np.float64(55.03), 'new': np.float64(63.29)}
2026-07-01 06:54:54,191 [trainer.py] => CNN top1 curve: [np.float64(82.55), np.float64(75.04), np.float64(71.29), np.float64(68.0), np.float64(66.73), np.float64(64.93), np.float64(64.11), np.float64(61.55), np.float64(60.61), np.float64(58.88), np.float64(57.99), np.float64(57.7), np.float64(56.19), np.float64(54.86), np.float64(55.57)]
2026-07-01 06:54:54,191 [trainer.py] => CNN top5 curve: [np.float64(97.23), np.float64(92.36), np.float64(89.22), np.float64(86.75), np.float64(85.32), np.float64(84.75), np.float64(83.39), np.float64(81.91), np.float64(80.25), np.float64(80.4), np.float64(79.34), np.float64(79.29), np.float64(78.03), np.float64(77.12), np.float64(76.44)]

2026-07-01 06:54:54,191 [trainer.py] => Average Accuracy (CNN): 63.73333333333335 

2026-07-01 06:54:54,197 [trainer.py] => All params: 91812246
2026-07-01 06:54:54,201 [trainer.py] => Trainable params: 152214
2026-07-01 06:54:54,204 [inflora.py] => [InfLoRA] Learning on 150-160
2026-07-01 06:55:02,989 [lora.py] => Trainable params this task: 159,904 / 91,819,936
2026-07-01 06:57:10,514 [lora.py] => Task 15 finished. Train_accy 86.56
2026-07-01 06:57:17,644 [inflora.py] => [InfLoRA] DualGPM threshold: 0.9800
2026-07-01 06:57:22,264 [inflora.py] => [InfLoRA] Layer 1: 8/768 type remove
2026-07-01 06:57:22,264 [inflora.py] => [InfLoRA] Layer 2: 23/768 type remove
2026-07-01 06:57:22,264 [inflora.py] => [InfLoRA] Layer 3: 26/768 type remove
2026-07-01 06:57:22,264 [inflora.py] => [InfLoRA] Layer 4: 70/768 type remove
2026-07-01 06:57:22,264 [inflora.py] => [InfLoRA] Layer 5: 85/768 type remove
2026-07-01 06:57:22,264 [inflora.py] => [InfLoRA] Layer 6: 87/768 type remove
2026-07-01 06:57:22,264 [inflora.py] => [InfLoRA] Layer 7: 92/768 type remove
2026-07-01 06:57:22,264 [inflora.py] => [InfLoRA] Layer 8: 102/768 type remove
2026-07-01 06:57:22,264 [inflora.py] => [InfLoRA] Layer 9: 124/768 type remove
2026-07-01 06:57:22,264 [inflora.py] => [InfLoRA] Layer 10: 99/768 type remove
2026-07-01 06:57:22,264 [inflora.py] => [InfLoRA] Layer 11: 43/768 type remove
2026-07-01 06:57:22,265 [inflora.py] => [InfLoRA] Layer 12: 132/768 type remove
2026-07-01 06:58:14,966 [til_base.py] => TIL top1: 85.18
2026-07-01 06:58:14,966 [til_base.py] => CIL top1: 53.39 | TIL top1: 85.18
2026-07-01 06:58:14,967 [trainer.py] => No NME accuracy.
2026-07-01 06:58:14,967 [trainer.py] => CNN: {'total': np.float64(53.39), '00-09': np.float64(17.73), '10-19': np.float64(66.56), '20-29': np.float64(60.16), '30-39': np.float64(47.04), '40-49': np.float64(47.76), '50-59': np.float64(60.0), '60-69': np.float64(51.37), '70-79': np.float64(40.85), '80-89': np.float64(57.77), '90-99': np.float64(60.8), '100-109': np.float64(50.0), '110-119': np.float64(54.46), '120-129': np.float64(71.31), '130-139': np.float64(52.04), '140-149': np.float64(56.64), '150-159': np.float64(66.76), 'old': np.float64(52.27), 'new': np.float64(66.76)}
2026-07-01 06:58:14,967 [trainer.py] => CNN top1 curve: [np.float64(82.55), np.float64(75.04), np.float64(71.29), np.float64(68.0), np.float64(66.73), np.float64(64.93), np.float64(64.11), np.float64(61.55), np.float64(60.61), np.float64(58.88), np.float64(57.99), np.float64(57.7), np.float64(56.19), np.float64(54.86), np.float64(55.57), np.float64(53.39)]
2026-07-01 06:58:14,967 [trainer.py] => CNN top5 curve: [np.float64(97.23), np.float64(92.36), np.float64(89.22), np.float64(86.75), np.float64(85.32), np.float64(84.75), np.float64(83.39), np.float64(81.91), np.float64(80.25), np.float64(80.4), np.float64(79.34), np.float64(79.29), np.float64(78.03), np.float64(77.12), np.float64(76.44), np.float64(75.18)]

2026-07-01 06:58:14,967 [trainer.py] => Average Accuracy (CNN): 63.08687500000001 

2026-07-01 06:58:14,972 [trainer.py] => All params: 91819936
2026-07-01 06:58:14,977 [trainer.py] => Trainable params: 159904
2026-07-01 06:58:14,980 [inflora.py] => [InfLoRA] Learning on 160-170
2026-07-01 06:58:22,414 [lora.py] => Trainable params this task: 167,594 / 91,827,626
2026-07-01 07:00:05,281 [lora.py] => Task 16 finished. Train_accy 87.01
2026-07-01 07:00:11,260 [inflora.py] => [InfLoRA] DualGPM threshold: 0.9800
2026-07-01 07:00:15,780 [inflora.py] => [InfLoRA] Layer 1: 8/768 type remove
2026-07-01 07:00:15,781 [inflora.py] => [InfLoRA] Layer 2: 24/768 type remove
2026-07-01 07:00:15,781 [inflora.py] => [InfLoRA] Layer 3: 27/768 type remove
2026-07-01 07:00:15,781 [inflora.py] => [InfLoRA] Layer 4: 72/768 type remove
2026-07-01 07:00:15,781 [inflora.py] => [InfLoRA] Layer 5: 88/768 type remove
2026-07-01 07:00:15,781 [inflora.py] => [InfLoRA] Layer 6: 89/768 type remove
2026-07-01 07:00:15,781 [inflora.py] => [InfLoRA] Layer 7: 95/768 type remove
2026-07-01 07:00:15,781 [inflora.py] => [InfLoRA] Layer 8: 104/768 type remove
2026-07-01 07:00:15,781 [inflora.py] => [InfLoRA] Layer 9: 125/768 type remove
2026-07-01 07:00:15,781 [inflora.py] => [InfLoRA] Layer 10: 100/768 type remove
2026-07-01 07:00:15,781 [inflora.py] => [InfLoRA] Layer 11: 44/768 type remove
2026-07-01 07:00:15,781 [inflora.py] => [InfLoRA] Layer 12: 135/768 type remove
2026-07-01 07:01:12,216 [til_base.py] => TIL top1: 84.33
2026-07-01 07:01:12,216 [til_base.py] => CIL top1: 52.32 | TIL top1: 84.33
2026-07-01 07:01:12,216 [trainer.py] => No NME accuracy.
2026-07-01 07:01:12,216 [trainer.py] => CNN: {'total': np.float64(52.32), '00-09': np.float64(19.94), '10-19': np.float64(66.88), '20-29': np.float64(60.55), '30-39': np.float64(42.9), '40-49': np.float64(47.44), '50-59': np.float64(59.66), '60-69': np.float64(49.41), '70-79': np.float64(40.0), '80-89': np.float64(55.07), '90-99': np.float64(63.6), '100-109': np.float64(46.32), '110-119': np.float64(48.31), '120-129': np.float64(67.62), '130-139': np.float64(52.04), '140-149': np.float64(58.74), '150-159': np.float64(62.13), '160-169': np.float64(56.99), 'old': np.float64(52.04), 'new': np.float64(56.99)}
2026-07-01 07:01:12,216 [trainer.py] => CNN top1 curve: [np.float64(82.55), np.float64(75.04), np.float64(71.29), np.float64(68.0), np.float64(66.73), np.float64(64.93), np.float64(64.11), np.float64(61.55), np.float64(60.61), np.float64(58.88), np.float64(57.99), np.float64(57.7), np.float64(56.19), np.float64(54.86), np.float64(55.57), np.float64(53.39), np.float64(52.32)]
2026-07-01 07:01:12,216 [trainer.py] => CNN top5 curve: [np.float64(97.23), np.float64(92.36), np.float64(89.22), np.float64(86.75), np.float64(85.32), np.float64(84.75), np.float64(83.39), np.float64(81.91), np.float64(80.25), np.float64(80.4), np.float64(79.34), np.float64(79.29), np.float64(78.03), np.float64(77.12), np.float64(76.44), np.float64(75.18), np.float64(74.47)]

2026-07-01 07:01:12,216 [trainer.py] => Average Accuracy (CNN): 62.45352941176472 

2026-07-01 07:01:12,219 [trainer.py] => All params: 91827626
2026-07-01 07:01:12,221 [trainer.py] => Trainable params: 167594
2026-07-01 07:01:12,222 [inflora.py] => [InfLoRA] Learning on 170-180
2026-07-01 07:01:20,186 [lora.py] => Trainable params this task: 175,284 / 91,835,316
2026-07-01 07:03:13,354 [lora.py] => Task 17 finished. Train_accy 85.53
2026-07-01 07:03:20,107 [inflora.py] => [InfLoRA] DualGPM threshold: 0.9800
2026-07-01 07:03:24,679 [inflora.py] => [InfLoRA] Layer 1: 8/768 type remove
2026-07-01 07:03:24,679 [inflora.py] => [InfLoRA] Layer 2: 25/768 type remove
2026-07-01 07:03:24,679 [inflora.py] => [InfLoRA] Layer 3: 28/768 type remove
2026-07-01 07:03:24,679 [inflora.py] => [InfLoRA] Layer 4: 75/768 type remove
2026-07-01 07:03:24,679 [inflora.py] => [InfLoRA] Layer 5: 91/768 type remove
2026-07-01 07:03:24,679 [inflora.py] => [InfLoRA] Layer 6: 92/768 type remove
2026-07-01 07:03:24,679 [inflora.py] => [InfLoRA] Layer 7: 98/768 type remove
2026-07-01 07:03:24,679 [inflora.py] => [InfLoRA] Layer 8: 107/768 type remove
2026-07-01 07:03:24,679 [inflora.py] => [InfLoRA] Layer 9: 129/768 type remove
2026-07-01 07:03:24,679 [inflora.py] => [InfLoRA] Layer 10: 102/768 type remove
2026-07-01 07:03:24,679 [inflora.py] => [InfLoRA] Layer 11: 45/768 type remove
2026-07-01 07:03:24,679 [inflora.py] => [InfLoRA] Layer 12: 140/768 type remove
2026-07-01 07:04:25,403 [til_base.py] => TIL top1: 84.18
2026-07-01 07:04:25,404 [til_base.py] => CIL top1: 51.65 | TIL top1: 84.18
2026-07-01 07:04:25,404 [trainer.py] => No NME accuracy.
2026-07-01 07:04:25,404 [trainer.py] => CNN: {'total': np.float64(51.65), '00-09': np.float64(21.88), '10-19': np.float64(65.0), '20-29': np.float64(62.5), '30-39': np.float64(43.2), '40-49': np.float64(44.23), '50-59': np.float64(55.93), '60-69': np.float64(50.59), '70-79': np.float64(40.85), '80-89': np.float64(53.72), '90-99': np.float64(64.8), '100-109': np.float64(47.43), '110-119': np.float64(50.77), '120-129': np.float64(66.39), '130-139': np.float64(52.66), '140-149': np.float64(55.94), '150-159': np.float64(59.4), '160-169': np.float64(53.15), '170-179': np.float64(50.16), 'old': np.float64(51.74), 'new': np.float64(50.16)}
2026-07-01 07:04:25,404 [trainer.py] => CNN top1 curve: [np.float64(82.55), np.float64(75.04), np.float64(71.29), np.float64(68.0), np.float64(66.73), np.float64(64.93), np.float64(64.11), np.float64(61.55), np.float64(60.61), np.float64(58.88), np.float64(57.99), np.float64(57.7), np.float64(56.19), np.float64(54.86), np.float64(55.57), np.float64(53.39), np.float64(52.32), np.float64(51.65)]
2026-07-01 07:04:25,404 [trainer.py] => CNN top5 curve: [np.float64(97.23), np.float64(92.36), np.float64(89.22), np.float64(86.75), np.float64(85.32), np.float64(84.75), np.float64(83.39), np.float64(81.91), np.float64(80.25), np.float64(80.4), np.float64(79.34), np.float64(79.29), np.float64(78.03), np.float64(77.12), np.float64(76.44), np.float64(75.18), np.float64(74.47), np.float64(73.59)]

2026-07-01 07:04:25,404 [trainer.py] => Average Accuracy (CNN): 61.85333333333335 

2026-07-01 07:04:25,407 [trainer.py] => All params: 91835316
2026-07-01 07:04:25,409 [trainer.py] => Trainable params: 175284
2026-07-01 07:04:25,410 [inflora.py] => [InfLoRA] Learning on 180-190
2026-07-01 07:04:32,489 [lora.py] => Trainable params this task: 182,974 / 91,843,006
2026-07-01 07:06:10,306 [lora.py] => Task 18 finished. Train_accy 86.32
2026-07-01 07:06:16,041 [inflora.py] => [InfLoRA] DualGPM threshold: 0.9800
2026-07-01 07:06:20,609 [inflora.py] => [InfLoRA] Layer 1: 8/768 type remove
2026-07-01 07:06:20,609 [inflora.py] => [InfLoRA] Layer 2: 26/768 type remove
2026-07-01 07:06:20,609 [inflora.py] => [InfLoRA] Layer 3: 29/768 type remove
2026-07-01 07:06:20,609 [inflora.py] => [InfLoRA] Layer 4: 76/768 type remove
2026-07-01 07:06:20,609 [inflora.py] => [InfLoRA] Layer 5: 93/768 type remove
2026-07-01 07:06:20,609 [inflora.py] => [InfLoRA] Layer 6: 94/768 type remove
2026-07-01 07:06:20,609 [inflora.py] => [InfLoRA] Layer 7: 100/768 type remove
2026-07-01 07:06:20,609 [inflora.py] => [InfLoRA] Layer 8: 108/768 type remove
2026-07-01 07:06:20,609 [inflora.py] => [InfLoRA] Layer 9: 130/768 type remove
2026-07-01 07:06:20,609 [inflora.py] => [InfLoRA] Layer 10: 103/768 type remove
2026-07-01 07:06:20,609 [inflora.py] => [InfLoRA] Layer 11: 46/768 type remove
2026-07-01 07:06:20,609 [inflora.py] => [InfLoRA] Layer 12: 142/768 type remove
2026-07-01 07:07:25,574 [til_base.py] => TIL top1: 83.52
2026-07-01 07:07:25,575 [til_base.py] => CIL top1: 50.72 | TIL top1: 83.52
2026-07-01 07:07:25,575 [trainer.py] => No NME accuracy.
2026-07-01 07:07:25,575 [trainer.py] => CNN: {'total': np.float64(50.72), '00-09': np.float64(16.62), '10-19': np.float64(63.44), '20-29': np.float64(58.2), '30-39': np.float64(40.24), '40-49': np.float64(49.36), '50-59': np.float64(57.29), '60-69': np.float64(49.02), '70-79': np.float64(36.6), '80-89': np.float64(53.04), '90-99': np.float64(63.2), '100-109': np.float64(45.59), '110-119': np.float64(47.38), '120-129': np.float64(61.07), '130-139': np.float64(51.72), '140-149': np.float64(54.9), '150-159': np.float64(60.22), '160-169': np.float64(52.1), '170-179': np.float64(47.91), '180-189': np.float64(65.13), 'old': np.float64(50.02), 'new': np.float64(65.13)}
2026-07-01 07:07:25,575 [trainer.py] => CNN top1 curve: [np.float64(82.55), np.float64(75.04), np.float64(71.29), np.float64(68.0), np.float64(66.73), np.float64(64.93), np.float64(64.11), np.float64(61.55), np.float64(60.61), np.float64(58.88), np.float64(57.99), np.float64(57.7), np.float64(56.19), np.float64(54.86), np.float64(55.57), np.float64(53.39), np.float64(52.32), np.float64(51.65), np.float64(50.72)]
2026-07-01 07:07:25,575 [trainer.py] => CNN top5 curve: [np.float64(97.23), np.float64(92.36), np.float64(89.22), np.float64(86.75), np.float64(85.32), np.float64(84.75), np.float64(83.39), np.float64(81.91), np.float64(80.25), np.float64(80.4), np.float64(79.34), np.float64(79.29), np.float64(78.03), np.float64(77.12), np.float64(76.44), np.float64(75.18), np.float64(74.47), np.float64(73.59), np.float64(72.95)]

2026-07-01 07:07:25,575 [trainer.py] => Average Accuracy (CNN): 61.26736842105265 

2026-07-01 07:07:25,578 [trainer.py] => All params: 91843006
2026-07-01 07:07:25,580 [trainer.py] => Trainable params: 182974
2026-07-01 07:07:25,582 [inflora.py] => [InfLoRA] Learning on 190-200
2026-07-01 07:07:34,152 [lora.py] => Trainable params this task: 190,664 / 91,850,696
2026-07-01 07:09:38,612 [lora.py] => Task 19 finished. Train_accy 89.19
2026-07-01 07:09:45,681 [inflora.py] => [InfLoRA] DualGPM threshold: 0.9800
2026-07-01 07:09:50,207 [inflora.py] => [InfLoRA] Layer 1: 8/768 type remove
2026-07-01 07:09:50,207 [inflora.py] => [InfLoRA] Layer 2: 27/768 type remove
2026-07-01 07:09:50,207 [inflora.py] => [InfLoRA] Layer 3: 30/768 type remove
2026-07-01 07:09:50,207 [inflora.py] => [InfLoRA] Layer 4: 79/768 type remove
2026-07-01 07:09:50,207 [inflora.py] => [InfLoRA] Layer 5: 96/768 type remove
2026-07-01 07:09:50,207 [inflora.py] => [InfLoRA] Layer 6: 97/768 type remove
2026-07-01 07:09:50,207 [inflora.py] => [InfLoRA] Layer 7: 103/768 type remove
2026-07-01 07:09:50,207 [inflora.py] => [InfLoRA] Layer 8: 111/768 type remove
2026-07-01 07:09:50,207 [inflora.py] => [InfLoRA] Layer 9: 132/768 type remove
2026-07-01 07:09:50,207 [inflora.py] => [InfLoRA] Layer 10: 104/768 type remove
2026-07-01 07:09:50,208 [inflora.py] => [InfLoRA] Layer 11: 47/768 type remove
2026-07-01 07:09:50,208 [inflora.py] => [InfLoRA] Layer 12: 145/768 type remove
2026-07-01 07:10:59,617 [til_base.py] => TIL top1: 83.85
2026-07-01 07:10:59,618 [til_base.py] => CIL top1: 51.27 | TIL top1: 83.85
2026-07-01 07:10:59,618 [trainer.py] => No NME accuracy.
2026-07-01 07:10:59,618 [trainer.py] => CNN: {'total': np.float64(51.27), '00-09': np.float64(16.07), '10-19': np.float64(60.31), '20-29': np.float64(58.2), '30-39': np.float64(39.64), '40-49': np.float64(45.51), '50-59': np.float64(56.27), '60-69': np.float64(50.98), '70-79': np.float64(38.72), '80-89': np.float64(52.36), '90-99': np.float64(64.4), '100-109': np.float64(44.49), '110-119': np.float64(46.77), '120-129': np.float64(64.34), '130-139': np.float64(50.47), '140-149': np.float64(56.29), '150-159': np.float64(58.04), '160-169': np.float64(52.1), '170-179': np.float64(51.13), '180-189': np.float64(62.84), '190-199': np.float64(65.97), 'old': np.float64(50.38), 'new': np.float64(65.97)}
2026-07-01 07:10:59,618 [trainer.py] => CNN top1 curve: [np.float64(82.55), np.float64(75.04), np.float64(71.29), np.float64(68.0), np.float64(66.73), np.float64(64.93), np.float64(64.11), np.float64(61.55), np.float64(60.61), np.float64(58.88), np.float64(57.99), np.float64(57.7), np.float64(56.19), np.float64(54.86), np.float64(55.57), np.float64(53.39), np.float64(52.32), np.float64(51.65), np.float64(50.72), np.float64(51.27)]
2026-07-01 07:10:59,618 [trainer.py] => CNN top5 curve: [np.float64(97.23), np.float64(92.36), np.float64(89.22), np.float64(86.75), np.float64(85.32), np.float64(84.75), np.float64(83.39), np.float64(81.91), np.float64(80.25), np.float64(80.4), np.float64(79.34), np.float64(79.29), np.float64(78.03), np.float64(77.12), np.float64(76.44), np.float64(75.18), np.float64(74.47), np.float64(73.59), np.float64(72.95), np.float64(72.77)]

2026-07-01 07:10:59,618 [trainer.py] => Average Accuracy (CNN): 60.76750000000002 

2026-07-01 07:10:59,622 [trainer.py] => Forgetting (CNN): 17.771052631578947
2026-07-01 07:10:59,622 [trainer.py] => Forgetting (NME): 17.771052631578947
2026-07-01 07:10:59,625 [trainer.py] => Forgetting (TIL): 3.5826315789473675
2026-07-01 17:21:13,021 [trainer.py] => config: ./exps/inflora_inr20t_task_s1994.json
2026-07-01 17:21:13,021 [trainer.py] => dataset: imagenetr
2026-07-01 17:21:13,021 [trainer.py] => memory_size: 0
2026-07-01 17:21:13,021 [trainer.py] => memory_per_class: 0
2026-07-01 17:21:13,021 [trainer.py] => fixed_memory: False
2026-07-01 17:21:13,022 [trainer.py] => shuffle: True
2026-07-01 17:21:13,022 [trainer.py] => init_cls: 10
2026-07-01 17:21:13,022 [trainer.py] => increment: 10
2026-07-01 17:21:13,022 [trainer.py] => backbone_type: vit_base_patch16_224_lora
2026-07-01 17:21:13,022 [trainer.py] => device: [device(type='cuda', index=0)]
2026-07-01 17:21:13,022 [trainer.py] => seed: 1994
2026-07-01 17:21:13,022 [trainer.py] => scenario: both
2026-07-01 17:21:13,022 [trainer.py] => lora_rank: 8
2026-07-01 17:21:13,022 [trainer.py] => tuned_epoch: 10
2026-07-01 17:21:13,022 [trainer.py] => init_lr: 0.0003
2026-07-01 17:21:13,022 [trainer.py] => batch_size: 48
2026-07-01 17:21:13,022 [trainer.py] => weight_decay: 0.0005
2026-07-01 17:21:13,022 [trainer.py] => min_lr: 0.0
2026-07-01 17:21:13,022 [trainer.py] => pretrained: True
2026-07-01 17:21:13,022 [trainer.py] => print_forget: True
2026-07-01 17:21:13,022 [trainer.py] => model_name: inflora
2026-07-01 17:21:13,022 [trainer.py] => lora_alpha: 32
2026-07-01 17:21:13,022 [trainer.py] => lora_merge: True
2026-07-01 17:21:13,022 [trainer.py] => lamb: 0.98
2026-07-01 17:21:13,022 [trainer.py] => lame: 0.98
2026-07-01 17:21:13,022 [trainer.py] => prefix: inr20t_task
2026-07-01 17:21:13,103 [data_manager.py] => [85, 41, 23, 28, 70, 87, 134, 151, 51, 159, 178, 119, 50, 117, 73, 95, 86, 147, 63, 22, 79, 175, 40, 155, 174, 54, 132, 72, 124, 157, 93, 26, 196, 74, 44, 15, 169, 122, 88, 171, 184, 6, 18, 145, 48, 197, 64, 172, 126, 96, 11, 55, 193, 66, 128, 21, 77, 113, 140, 116, 141, 133, 120, 29, 115, 14, 103, 127, 114, 19, 9, 38, 33, 195, 81, 35, 69, 181, 47, 129, 112, 168, 198, 71, 101, 188, 68, 90, 158, 163, 52, 8, 185, 59, 154, 92, 56, 183, 32, 136, 65, 45, 46, 173, 189, 108, 102, 144, 0, 107, 187, 100, 98, 192, 43, 161, 104, 75, 150, 166, 121, 60, 160, 3, 143, 153, 62, 142, 61, 110, 194, 97, 25, 177, 179, 17, 49, 31, 94, 111, 16, 53, 91, 58, 135, 83, 2, 12, 13, 165, 42, 36, 186, 105, 1, 7, 149, 170, 27, 24, 78, 167, 137, 138, 118, 10, 139, 164, 20, 57, 123, 199, 89, 130, 82, 162, 176, 148, 109, 125, 67, 106, 37, 146, 131, 180, 156, 39, 5, 84, 4, 190, 152, 191, 30, 76, 80, 34, 99, 182]
2026-07-01 17:21:15,733 [trainer.py] => All params: 91696896
2026-07-01 17:21:15,735 [trainer.py] => Trainable params: 5898240
2026-07-01 17:21:16,476 [inflora.py] => [InfLoRA] Learning on 0-10
2026-07-01 17:21:23,488 [lora.py] => Trainable params this task: 155,146 / 91,704,586
2026-07-01 17:22:57,856 [lora.py] => Task 0 finished. Train_accy 87.82
2026-07-01 17:23:03,222 [inflora.py] => [InfLoRA] DualGPM threshold: 0.9800
2026-07-01 17:23:05,488 [inflora.py] => [InfLoRA] Layer 1: 7/768 type remove
2026-07-01 17:23:05,488 [inflora.py] => [InfLoRA] Layer 2: 10/768 type remove
2026-07-01 17:23:05,488 [inflora.py] => [InfLoRA] Layer 3: 16/768 type remove
2026-07-01 17:23:05,488 [inflora.py] => [InfLoRA] Layer 4: 19/768 type remove
2026-07-01 17:23:05,488 [inflora.py] => [InfLoRA] Layer 5: 32/768 type remove
2026-07-01 17:23:05,488 [inflora.py] => [InfLoRA] Layer 6: 34/768 type remove
2026-07-01 17:23:05,488 [inflora.py] => [InfLoRA] Layer 7: 39/768 type remove
2026-07-01 17:23:05,488 [inflora.py] => [InfLoRA] Layer 8: 32/768 type remove
2026-07-01 17:23:05,488 [inflora.py] => [InfLoRA] Layer 9: 40/768 type remove
2026-07-01 17:23:05,489 [inflora.py] => [InfLoRA] Layer 10: 31/768 type remove
2026-07-01 17:23:05,489 [inflora.py] => [InfLoRA] Layer 11: 15/768 type remove
2026-07-01 17:23:05,489 [inflora.py] => [InfLoRA] Layer 12: 16/768 type remove
2026-07-01 17:23:09,251 [til_base.py] => TIL top1: 89.2
2026-07-01 17:23:09,251 [til_base.py] => CIL top1: 89.2 | TIL top1: 89.2
2026-07-01 17:23:09,251 [trainer.py] => No NME accuracy.
2026-07-01 17:23:09,251 [trainer.py] => CNN: {'total': np.float64(89.2), '00-09': np.float64(89.2), 'old': 0, 'new': np.float64(89.2)}
2026-07-01 17:23:09,251 [trainer.py] => CNN top1 curve: [np.float64(89.2)]
2026-07-01 17:23:09,251 [trainer.py] => CNN top5 curve: [np.float64(98.61)]

2026-07-01 17:23:09,252 [trainer.py] => Average Accuracy (CNN): 89.2 

2026-07-01 17:23:09,255 [trainer.py] => All params: 91704586
2026-07-01 17:23:09,257 [trainer.py] => Trainable params: 155146
2026-07-01 17:23:09,258 [inflora.py] => [InfLoRA] Learning on 10-20
2026-07-01 17:23:15,789 [lora.py] => Trainable params this task: 162,836 / 91,712,276
2026-07-01 17:24:43,647 [lora.py] => Task 1 finished. Train_accy 90.86
2026-07-01 17:24:48,782 [inflora.py] => [InfLoRA] DualGPM threshold: 0.9800
2026-07-01 17:24:53,431 [inflora.py] => [InfLoRA] Layer 1: 8/768 type remove
2026-07-01 17:24:53,431 [inflora.py] => [InfLoRA] Layer 2: 12/768 type remove
2026-07-01 17:24:53,431 [inflora.py] => [InfLoRA] Layer 3: 19/768 type remove
2026-07-01 17:24:53,432 [inflora.py] => [InfLoRA] Layer 4: 22/768 type remove
2026-07-01 17:24:53,432 [inflora.py] => [InfLoRA] Layer 5: 37/768 type remove
2026-07-01 17:24:53,432 [inflora.py] => [InfLoRA] Layer 6: 37/768 type remove
2026-07-01 17:24:53,432 [inflora.py] => [InfLoRA] Layer 7: 41/768 type remove
2026-07-01 17:24:53,432 [inflora.py] => [InfLoRA] Layer 8: 34/768 type remove
2026-07-01 17:24:53,432 [inflora.py] => [InfLoRA] Layer 9: 43/768 type remove
2026-07-01 17:24:53,432 [inflora.py] => [InfLoRA] Layer 10: 36/768 type remove
2026-07-01 17:24:53,432 [inflora.py] => [InfLoRA] Layer 11: 19/768 type remove
2026-07-01 17:24:53,432 [inflora.py] => [InfLoRA] Layer 12: 21/768 type remove
2026-07-01 17:25:00,176 [til_base.py] => TIL top1: 91.19
2026-07-01 17:25:00,176 [til_base.py] => CIL top1: 85.76 | TIL top1: 91.19
2026-07-01 17:25:00,176 [trainer.py] => No NME accuracy.
2026-07-01 17:25:00,176 [trainer.py] => CNN: {'total': np.float64(85.76), '00-09': np.float64(86.15), '10-19': np.float64(85.31), 'old': np.float64(86.15), 'new': np.float64(85.31)}
2026-07-01 17:25:00,176 [trainer.py] => CNN top1 curve: [np.float64(89.2), np.float64(85.76)]
2026-07-01 17:25:00,176 [trainer.py] => CNN top5 curve: [np.float64(98.61), np.float64(96.62)]

2026-07-01 17:25:00,176 [trainer.py] => Average Accuracy (CNN): 87.48 

2026-07-01 17:25:00,179 [trainer.py] => All params: 91712276
2026-07-01 17:25:00,181 [trainer.py] => Trainable params: 162836
2026-07-01 17:25:00,182 [inflora.py] => [InfLoRA] Learning on 20-30
2026-07-01 17:25:06,158 [lora.py] => Trainable params this task: 170,526 / 91,719,966
2026-07-01 17:26:19,774 [lora.py] => Task 2 finished. Train_accy 88.93
2026-07-01 17:26:24,406 [inflora.py] => [InfLoRA] DualGPM threshold: 0.9800
2026-07-01 17:26:28,915 [inflora.py] => [InfLoRA] Layer 1: 8/768 type remove
2026-07-01 17:26:28,915 [inflora.py] => [InfLoRA] Layer 2: 13/768 type remove
2026-07-01 17:26:28,915 [inflora.py] => [InfLoRA] Layer 3: 21/768 type remove
2026-07-01 17:26:28,915 [inflora.py] => [InfLoRA] Layer 4: 24/768 type remove
2026-07-01 17:26:28,915 [inflora.py] => [InfLoRA] Layer 5: 41/768 type remove
2026-07-01 17:26:28,915 [inflora.py] => [InfLoRA] Layer 6: 41/768 type remove
2026-07-01 17:26:28,915 [inflora.py] => [InfLoRA] Layer 7: 44/768 type remove
2026-07-01 17:26:28,915 [inflora.py] => [InfLoRA] Layer 8: 38/768 type remove
2026-07-01 17:26:28,915 [inflora.py] => [InfLoRA] Layer 9: 48/768 type remove
2026-07-01 17:26:28,915 [inflora.py] => [InfLoRA] Layer 10: 42/768 type remove
2026-07-01 17:26:28,915 [inflora.py] => [InfLoRA] Layer 11: 23/768 type remove
2026-07-01 17:26:28,915 [inflora.py] => [InfLoRA] Layer 12: 29/768 type remove
2026-07-01 17:26:38,205 [til_base.py] => TIL top1: 89.22
2026-07-01 17:26:38,205 [til_base.py] => CIL top1: 77.37 | TIL top1: 89.22
2026-07-01 17:26:38,205 [trainer.py] => No NME accuracy.
2026-07-01 17:26:38,205 [trainer.py] => CNN: {'total': np.float64(77.37), '00-09': np.float64(70.64), '10-19': np.float64(76.25), '20-29': np.float64(88.28), 'old': np.float64(73.27), 'new': np.float64(88.28)}
2026-07-01 17:26:38,205 [trainer.py] => CNN top1 curve: [np.float64(89.2), np.float64(85.76), np.float64(77.37)]
2026-07-01 17:26:38,205 [trainer.py] => CNN top5 curve: [np.float64(98.61), np.float64(96.62), np.float64(91.68)]

2026-07-01 17:26:38,206 [trainer.py] => Average Accuracy (CNN): 84.11 

2026-07-01 17:26:38,209 [trainer.py] => All params: 91719966
2026-07-01 17:26:38,211 [trainer.py] => Trainable params: 170526
2026-07-01 17:26:38,212 [inflora.py] => [InfLoRA] Learning on 30-40
2026-07-01 17:26:45,370 [lora.py] => Trainable params this task: 178,216 / 91,727,656
2026-07-01 17:28:21,495 [lora.py] => Task 3 finished. Train_accy 86.37
2026-07-01 17:28:27,304 [inflora.py] => [InfLoRA] DualGPM threshold: 0.9800
2026-07-01 17:28:31,838 [inflora.py] => [InfLoRA] Layer 1: 8/768 type remove
2026-07-01 17:28:31,838 [inflora.py] => [InfLoRA] Layer 2: 15/768 type remove
2026-07-01 17:28:31,838 [inflora.py] => [InfLoRA] Layer 3: 26/768 type remove
2026-07-01 17:28:31,838 [inflora.py] => [InfLoRA] Layer 4: 29/768 type remove
2026-07-01 17:28:31,838 [inflora.py] => [InfLoRA] Layer 5: 48/768 type remove
2026-07-01 17:28:31,838 [inflora.py] => [InfLoRA] Layer 6: 48/768 type remove
2026-07-01 17:28:31,838 [inflora.py] => [InfLoRA] Layer 7: 50/768 type remove
2026-07-01 17:28:31,838 [inflora.py] => [InfLoRA] Layer 8: 45/768 type remove
2026-07-01 17:28:31,838 [inflora.py] => [InfLoRA] Layer 9: 56/768 type remove
2026-07-01 17:28:31,838 [inflora.py] => [InfLoRA] Layer 10: 54/768 type remove
2026-07-01 17:28:31,838 [inflora.py] => [InfLoRA] Layer 11: 29/768 type remove
2026-07-01 17:28:31,838 [inflora.py] => [InfLoRA] Layer 12: 40/768 type remove
2026-07-01 17:28:44,262 [til_base.py] => TIL top1: 86.9
2026-07-01 17:28:44,262 [til_base.py] => CIL top1: 73.33 | TIL top1: 86.9
2026-07-01 17:28:44,263 [trainer.py] => No NME accuracy.
2026-07-01 17:28:44,263 [trainer.py] => CNN: {'total': np.float64(73.33), '00-09': np.float64(61.77), '10-19': np.float64(75.94), '20-29': np.float64(77.34), '30-39': np.float64(80.18), 'old': np.float64(70.86), 'new': np.float64(80.18)}
2026-07-01 17:28:44,263 [trainer.py] => CNN top1 curve: [np.float64(89.2), np.float64(85.76), np.float64(77.37), np.float64(73.33)]
2026-07-01 17:28:44,263 [trainer.py] => CNN top5 curve: [np.float64(98.61), np.float64(96.62), np.float64(91.68), np.float64(90.67)]

2026-07-01 17:28:44,263 [trainer.py] => Average Accuracy (CNN): 81.415 

2026-07-01 17:28:44,268 [trainer.py] => All params: 91727656
2026-07-01 17:28:44,271 [trainer.py] => Trainable params: 178216
2026-07-01 17:28:44,272 [inflora.py] => [InfLoRA] Learning on 40-50
2026-07-01 17:28:51,363 [lora.py] => Trainable params this task: 185,906 / 91,735,346
2026-07-01 17:30:22,184 [lora.py] => Task 4 finished. Train_accy 91.75
2026-07-01 17:30:27,702 [inflora.py] => [InfLoRA] DualGPM threshold: 0.9800
2026-07-01 17:30:32,283 [inflora.py] => [InfLoRA] Layer 1: 8/768 type remove
2026-07-01 17:30:32,283 [inflora.py] => [InfLoRA] Layer 2: 16/768 type remove
2026-07-01 17:30:32,283 [inflora.py] => [InfLoRA] Layer 3: 27/768 type remove
2026-07-01 17:30:32,283 [inflora.py] => [InfLoRA] Layer 4: 30/768 type remove
2026-07-01 17:30:32,283 [inflora.py] => [InfLoRA] Layer 5: 51/768 type remove
2026-07-01 17:30:32,283 [inflora.py] => [InfLoRA] Layer 6: 51/768 type remove
2026-07-01 17:30:32,283 [inflora.py] => [InfLoRA] Layer 7: 54/768 type remove
2026-07-01 17:30:32,283 [inflora.py] => [InfLoRA] Layer 8: 48/768 type remove
2026-07-01 17:30:32,283 [inflora.py] => [InfLoRA] Layer 9: 60/768 type remove
2026-07-01 17:30:32,284 [inflora.py] => [InfLoRA] Layer 10: 61/768 type remove
2026-07-01 17:30:32,284 [inflora.py] => [InfLoRA] Layer 11: 33/768 type remove
2026-07-01 17:30:32,284 [inflora.py] => [InfLoRA] Layer 12: 50/768 type remove
2026-07-01 17:30:47,830 [til_base.py] => TIL top1: 87.71
2026-07-01 17:30:47,831 [til_base.py] => CIL top1: 72.09 | TIL top1: 87.71
2026-07-01 17:30:47,831 [trainer.py] => No NME accuracy.
2026-07-01 17:30:47,831 [trainer.py] => CNN: {'total': np.float64(72.09), '00-09': np.float64(59.83), '10-19': np.float64(71.56), '20-29': np.float64(69.14), '30-39': np.float64(77.81), '40-49': np.float64(83.01), 'old': np.float64(69.41), 'new': np.float64(83.01)}
2026-07-01 17:30:47,831 [trainer.py] => CNN top1 curve: [np.float64(89.2), np.float64(85.76), np.float64(77.37), np.float64(73.33), np.float64(72.09)]
2026-07-01 17:30:47,831 [trainer.py] => CNN top5 curve: [np.float64(98.61), np.float64(96.62), np.float64(91.68), np.float64(90.67), np.float64(89.16)]

2026-07-01 17:30:47,831 [trainer.py] => Average Accuracy (CNN): 79.55 

2026-07-01 17:30:47,834 [trainer.py] => All params: 91735346
2026-07-01 17:30:47,836 [trainer.py] => Trainable params: 185906
2026-07-01 17:30:47,837 [inflora.py] => [InfLoRA] Learning on 50-60
2026-07-01 17:30:54,571 [lora.py] => Trainable params this task: 193,596 / 91,743,036
2026-07-01 17:32:23,178 [lora.py] => Task 5 finished. Train_accy 90.50
2026-07-01 17:32:28,492 [inflora.py] => [InfLoRA] DualGPM threshold: 0.9800
2026-07-01 17:32:33,078 [inflora.py] => [InfLoRA] Layer 1: 8/768 type remove
2026-07-01 17:32:33,078 [inflora.py] => [InfLoRA] Layer 2: 16/768 type remove
2026-07-01 17:32:33,078 [inflora.py] => [InfLoRA] Layer 3: 28/768 type remove
2026-07-01 17:32:33,078 [inflora.py] => [InfLoRA] Layer 4: 32/768 type remove
2026-07-01 17:32:33,078 [inflora.py] => [InfLoRA] Layer 5: 53/768 type remove
2026-07-01 17:32:33,078 [inflora.py] => [InfLoRA] Layer 6: 54/768 type remove
2026-07-01 17:32:33,078 [inflora.py] => [InfLoRA] Layer 7: 57/768 type remove
2026-07-01 17:32:33,079 [inflora.py] => [InfLoRA] Layer 8: 51/768 type remove
2026-07-01 17:32:33,079 [inflora.py] => [InfLoRA] Layer 9: 64/768 type remove
2026-07-01 17:32:33,079 [inflora.py] => [InfLoRA] Layer 10: 63/768 type remove
2026-07-01 17:32:33,079 [inflora.py] => [InfLoRA] Layer 11: 35/768 type remove
2026-07-01 17:32:33,079 [inflora.py] => [InfLoRA] Layer 12: 58/768 type remove
2026-07-01 17:32:51,631 [til_base.py] => TIL top1: 88.63
2026-07-01 17:32:51,631 [til_base.py] => CIL top1: 69.66 | TIL top1: 88.63
2026-07-01 17:32:51,632 [trainer.py] => No NME accuracy.
2026-07-01 17:32:51,632 [trainer.py] => CNN: {'total': np.float64(69.66), '00-09': np.float64(50.42), '10-19': np.float64(69.69), '20-29': np.float64(72.66), '30-39': np.float64(71.89), '40-49': np.float64(80.45), '50-59': np.float64(76.61), 'old': np.float64(68.37), 'new': np.float64(76.61)}
2026-07-01 17:32:51,632 [trainer.py] => CNN top1 curve: [np.float64(89.2), np.float64(85.76), np.float64(77.37), np.float64(73.33), np.float64(72.09), np.float64(69.66)]
2026-07-01 17:32:51,632 [trainer.py] => CNN top5 curve: [np.float64(98.61), np.float64(96.62), np.float64(91.68), np.float64(90.67), np.float64(89.16), np.float64(88.63)]

2026-07-01 17:32:51,632 [trainer.py] => Average Accuracy (CNN): 77.90166666666666 

2026-07-01 17:32:51,635 [trainer.py] => All params: 91743036
2026-07-01 17:32:51,637 [trainer.py] => Trainable params: 193596
2026-07-01 17:32:51,638 [inflora.py] => [InfLoRA] Learning on 60-70
2026-07-01 17:32:57,847 [lora.py] => Trainable params this task: 201,286 / 91,750,726
2026-07-01 17:34:16,551 [lora.py] => Task 6 finished. Train_accy 87.05
2026-07-01 17:34:23,793 [inflora.py] => [InfLoRA] DualGPM threshold: 0.9800
2026-07-01 17:34:32,100 [inflora.py] => [InfLoRA] Layer 1: 8/768 type remove
2026-07-01 17:34:32,101 [inflora.py] => [InfLoRA] Layer 2: 16/768 type remove
2026-07-01 17:34:32,101 [inflora.py] => [InfLoRA] Layer 3: 29/768 type remove
2026-07-01 17:34:32,101 [inflora.py] => [InfLoRA] Layer 4: 34/768 type remove
2026-07-01 17:34:32,101 [inflora.py] => [InfLoRA] Layer 5: 57/768 type remove
2026-07-01 17:34:32,101 [inflora.py] => [InfLoRA] Layer 6: 58/768 type remove
2026-07-01 17:34:32,101 [inflora.py] => [InfLoRA] Layer 7: 63/768 type remove
2026-07-01 17:34:32,101 [inflora.py] => [InfLoRA] Layer 8: 60/768 type remove
2026-07-01 17:34:32,101 [inflora.py] => [InfLoRA] Layer 9: 81/768 type remove
2026-07-01 17:34:32,102 [inflora.py] => [InfLoRA] Layer 10: 83/768 type remove
2026-07-01 17:34:32,102 [inflora.py] => [InfLoRA] Layer 11: 43/768 type remove
2026-07-01 17:34:32,102 [inflora.py] => [InfLoRA] Layer 12: 70/768 type remove
2026-07-01 17:34:53,755 [til_base.py] => TIL top1: 88.68
2026-07-01 17:34:53,755 [til_base.py] => CIL top1: 69.58 | TIL top1: 88.68
2026-07-01 17:34:53,755 [trainer.py] => No NME accuracy.
2026-07-01 17:34:53,755 [trainer.py] => CNN: {'total': np.float64(69.58), '00-09': np.float64(50.69), '10-19': np.float64(69.69), '20-29': np.float64(67.58), '30-39': np.float64(71.89), '40-49': np.float64(79.17), '50-59': np.float64(75.93), '60-69': np.float64(76.08), 'old': np.float64(68.7), 'new': np.float64(76.08)}
2026-07-01 17:34:53,755 [trainer.py] => CNN top1 curve: [np.float64(89.2), np.float64(85.76), np.float64(77.37), np.float64(73.33), np.float64(72.09), np.float64(69.66), np.float64(69.58)]
2026-07-01 17:34:53,755 [trainer.py] => CNN top5 curve: [np.float64(98.61), np.float64(96.62), np.float64(91.68), np.float64(90.67), np.float64(89.16), np.float64(88.63), np.float64(87.13)]

2026-07-01 17:34:53,755 [trainer.py] => Average Accuracy (CNN): 76.71285714285715 

2026-07-01 17:34:53,758 [trainer.py] => All params: 91750726
2026-07-01 17:34:53,760 [trainer.py] => Trainable params: 201286
2026-07-01 17:34:53,762 [inflora.py] => [InfLoRA] Learning on 70-80
2026-07-01 17:34:59,702 [lora.py] => Trainable params this task: 208,976 / 91,758,416
2026-07-01 17:36:14,028 [lora.py] => Task 7 finished. Train_accy 87.67
2026-07-01 17:36:23,545 [inflora.py] => [InfLoRA] DualGPM threshold: 0.9800
2026-07-01 17:36:28,459 [inflora.py] => [InfLoRA] Layer 1: 8/768 type remove
2026-07-01 17:36:28,459 [inflora.py] => [InfLoRA] Layer 2: 17/768 type remove
2026-07-01 17:36:28,459 [inflora.py] => [InfLoRA] Layer 3: 31/768 type remove
2026-07-01 17:36:28,459 [inflora.py] => [InfLoRA] Layer 4: 36/768 type remove
2026-07-01 17:36:28,459 [inflora.py] => [InfLoRA] Layer 5: 60/768 type remove
2026-07-01 17:36:28,459 [inflora.py] => [InfLoRA] Layer 6: 60/768 type remove
2026-07-01 17:36:28,459 [inflora.py] => [InfLoRA] Layer 7: 65/768 type remove
2026-07-01 17:36:28,459 [inflora.py] => [InfLoRA] Layer 8: 62/768 type remove
2026-07-01 17:36:28,459 [inflora.py] => [InfLoRA] Layer 9: 83/768 type remove
2026-07-01 17:36:28,459 [inflora.py] => [InfLoRA] Layer 10: 85/768 type remove
2026-07-01 17:36:28,459 [inflora.py] => [InfLoRA] Layer 11: 46/768 type remove
2026-07-01 17:36:28,459 [inflora.py] => [InfLoRA] Layer 12: 75/768 type remove
2026-07-01 17:36:53,005 [til_base.py] => TIL top1: 87.18
2026-07-01 17:36:53,006 [til_base.py] => CIL top1: 65.6 | TIL top1: 87.18
2026-07-01 17:36:53,006 [trainer.py] => No NME accuracy.
2026-07-01 17:36:53,006 [trainer.py] => CNN: {'total': np.float64(65.6), '00-09': np.float64(40.17), '10-19': np.float64(65.94), '20-29': np.float64(60.94), '30-39': np.float64(70.12), '40-49': np.float64(75.96), '50-59': np.float64(71.86), '60-69': np.float64(72.94), '70-79': np.float64(73.19), 'old': np.float64(64.76), 'new': np.float64(73.19)}
2026-07-01 17:36:53,006 [trainer.py] => CNN top1 curve: [np.float64(89.2), np.float64(85.76), np.float64(77.37), np.float64(73.33), np.float64(72.09), np.float64(69.66), np.float64(69.58), np.float64(65.6)]
2026-07-01 17:36:53,006 [trainer.py] => CNN top5 curve: [np.float64(98.61), np.float64(96.62), np.float64(91.68), np.float64(90.67), np.float64(89.16), np.float64(88.63), np.float64(87.13), np.float64(85.58)]

2026-07-01 17:36:53,006 [trainer.py] => Average Accuracy (CNN): 75.32375 

2026-07-01 17:36:53,013 [trainer.py] => All params: 91758416
2026-07-01 17:36:53,018 [trainer.py] => Trainable params: 208976
2026-07-01 17:36:53,020 [inflora.py] => [InfLoRA] Learning on 80-90
2026-07-01 17:37:00,281 [lora.py] => Trainable params this task: 216,666 / 91,766,106
2026-07-01 17:38:34,891 [lora.py] => Task 8 finished. Train_accy 89.14
2026-07-01 17:38:40,692 [inflora.py] => [InfLoRA] DualGPM threshold: 0.9800
2026-07-01 17:38:45,979 [inflora.py] => [InfLoRA] Layer 1: 8/768 type remove
2026-07-01 17:38:45,979 [inflora.py] => [InfLoRA] Layer 2: 18/768 type remove
2026-07-01 17:38:45,979 [inflora.py] => [InfLoRA] Layer 3: 34/768 type remove
2026-07-01 17:38:45,979 [inflora.py] => [InfLoRA] Layer 4: 40/768 type remove
2026-07-01 17:38:45,979 [inflora.py] => [InfLoRA] Layer 5: 64/768 type remove
2026-07-01 17:38:45,979 [inflora.py] => [InfLoRA] Layer 6: 64/768 type remove
2026-07-01 17:38:45,979 [inflora.py] => [InfLoRA] Layer 7: 71/768 type remove
2026-07-01 17:38:45,979 [inflora.py] => [InfLoRA] Layer 8: 72/768 type remove
2026-07-01 17:38:45,980 [inflora.py] => [InfLoRA] Layer 9: 95/768 type remove
2026-07-01 17:38:45,980 [inflora.py] => [InfLoRA] Layer 10: 97/768 type remove
2026-07-01 17:38:45,980 [inflora.py] => [InfLoRA] Layer 11: 52/768 type remove
2026-07-01 17:38:45,980 [inflora.py] => [InfLoRA] Layer 12: 85/768 type remove
2026-07-01 17:39:13,706 [til_base.py] => TIL top1: 86.88
2026-07-01 17:39:13,707 [til_base.py] => CIL top1: 65.25 | TIL top1: 86.88
2026-07-01 17:39:13,707 [trainer.py] => No NME accuracy.
2026-07-01 17:39:13,707 [trainer.py] => CNN: {'total': np.float64(65.25), '00-09': np.float64(33.8), '10-19': np.float64(63.44), '20-29': np.float64(62.11), '30-39': np.float64(68.64), '40-49': np.float64(78.85), '50-59': np.float64(68.47), '60-69': np.float64(69.8), '70-79': np.float64(73.19), '80-89': np.float64(76.69), 'old': np.float64(63.83), 'new': np.float64(76.69)}
2026-07-01 17:39:13,707 [trainer.py] => CNN top1 curve: [np.float64(89.2), np.float64(85.76), np.float64(77.37), np.float64(73.33), np.float64(72.09), np.float64(69.66), np.float64(69.58), np.float64(65.6), np.float64(65.25)]
2026-07-01 17:39:13,707 [trainer.py] => CNN top5 curve: [np.float64(98.61), np.float64(96.62), np.float64(91.68), np.float64(90.67), np.float64(89.16), np.float64(88.63), np.float64(87.13), np.float64(85.58), np.float64(83.62)]

2026-07-01 17:39:13,707 [trainer.py] => Average Accuracy (CNN): 74.20444444444445 

2026-07-01 17:39:13,712 [trainer.py] => All params: 91766106
2026-07-01 17:39:13,715 [trainer.py] => Trainable params: 216666
2026-07-01 17:39:13,717 [inflora.py] => [InfLoRA] Learning on 90-100
2026-07-01 17:39:20,124 [lora.py] => Trainable params this task: 224,356 / 91,773,796
2026-07-01 17:40:42,749 [lora.py] => Task 9 finished. Train_accy 90.21
2026-07-01 17:40:47,770 [inflora.py] => [InfLoRA] DualGPM threshold: 0.9800
2026-07-01 17:40:52,383 [inflora.py] => [InfLoRA] Layer 1: 8/768 type remove
2026-07-01 17:40:52,383 [inflora.py] => [InfLoRA] Layer 2: 19/768 type remove
2026-07-01 17:40:52,383 [inflora.py] => [InfLoRA] Layer 3: 35/768 type remove
2026-07-01 17:40:52,383 [inflora.py] => [InfLoRA] Layer 4: 42/768 type remove
2026-07-01 17:40:52,383 [inflora.py] => [InfLoRA] Layer 5: 66/768 type remove
2026-07-01 17:40:52,383 [inflora.py] => [InfLoRA] Layer 6: 66/768 type remove
2026-07-01 17:40:52,383 [inflora.py] => [InfLoRA] Layer 7: 75/768 type remove
2026-07-01 17:40:52,384 [inflora.py] => [InfLoRA] Layer 8: 75/768 type remove
2026-07-01 17:40:52,384 [inflora.py] => [InfLoRA] Layer 9: 100/768 type remove
2026-07-01 17:40:52,384 [inflora.py] => [InfLoRA] Layer 10: 106/768 type remove
2026-07-01 17:40:52,384 [inflora.py] => [InfLoRA] Layer 11: 61/768 type remove
2026-07-01 17:40:52,384 [inflora.py] => [InfLoRA] Layer 12: 91/768 type remove
2026-07-01 17:41:22,969 [til_base.py] => TIL top1: 87.53
2026-07-01 17:41:22,969 [til_base.py] => CIL top1: 64.84 | TIL top1: 87.53
2026-07-01 17:41:22,969 [trainer.py] => No NME accuracy.
2026-07-01 17:41:22,969 [trainer.py] => CNN: {'total': np.float64(64.84), '00-09': np.float64(35.73), '10-19': np.float64(65.62), '20-29': np.float64(61.33), '30-39': np.float64(68.34), '40-49': np.float64(77.88), '50-59': np.float64(65.42), '60-69': np.float64(70.2), '70-79': np.float64(73.19), '80-89': np.float64(69.93), '90-99': np.float64(68.4), 'old': np.float64(64.51), 'new': np.float64(68.4)}
2026-07-01 17:41:22,969 [trainer.py] => CNN top1 curve: [np.float64(89.2), np.float64(85.76), np.float64(77.37), np.float64(73.33), np.float64(72.09), np.float64(69.66), np.float64(69.58), np.float64(65.6), np.float64(65.25), np.float64(64.84)]
2026-07-01 17:41:22,969 [trainer.py] => CNN top5 curve: [np.float64(98.61), np.float64(96.62), np.float64(91.68), np.float64(90.67), np.float64(89.16), np.float64(88.63), np.float64(87.13), np.float64(85.58), np.float64(83.62), np.float64(84.06)]

2026-07-01 17:41:22,969 [trainer.py] => Average Accuracy (CNN): 73.268 

2026-07-01 17:41:22,972 [trainer.py] => All params: 91773796
2026-07-01 17:41:22,974 [trainer.py] => Trainable params: 224356
2026-07-01 17:41:22,976 [inflora.py] => [InfLoRA] Learning on 100-110
2026-07-01 17:41:29,805 [lora.py] => Trainable params this task: 232,046 / 91,781,486
2026-07-01 17:42:59,549 [lora.py] => Task 10 finished. Train_accy 85.92
2026-07-01 17:43:04,973 [inflora.py] => [InfLoRA] DualGPM threshold: 0.9800
2026-07-01 17:43:09,827 [inflora.py] => [InfLoRA] Layer 1: 8/768 type remove
2026-07-01 17:43:09,827 [inflora.py] => [InfLoRA] Layer 2: 19/768 type remove
2026-07-01 17:43:09,828 [inflora.py] => [InfLoRA] Layer 3: 36/768 type remove
2026-07-01 17:43:09,828 [inflora.py] => [InfLoRA] Layer 4: 43/768 type remove
2026-07-01 17:43:09,828 [inflora.py] => [InfLoRA] Layer 5: 68/768 type remove
2026-07-01 17:43:09,828 [inflora.py] => [InfLoRA] Layer 6: 68/768 type remove
2026-07-01 17:43:09,828 [inflora.py] => [InfLoRA] Layer 7: 77/768 type remove
2026-07-01 17:43:09,828 [inflora.py] => [InfLoRA] Layer 8: 76/768 type remove
2026-07-01 17:43:09,828 [inflora.py] => [InfLoRA] Layer 9: 101/768 type remove
2026-07-01 17:43:09,828 [inflora.py] => [InfLoRA] Layer 10: 107/768 type remove
2026-07-01 17:43:09,828 [inflora.py] => [InfLoRA] Layer 11: 62/768 type remove
2026-07-01 17:43:09,828 [inflora.py] => [InfLoRA] Layer 12: 96/768 type remove
2026-07-01 17:43:44,340 [til_base.py] => TIL top1: 87.27
2026-07-01 17:43:44,340 [til_base.py] => CIL top1: 63.13 | TIL top1: 87.27
2026-07-01 17:43:44,340 [trainer.py] => No NME accuracy.
2026-07-01 17:43:44,340 [trainer.py] => CNN: {'total': np.float64(63.13), '00-09': np.float64(33.8), '10-19': np.float64(64.38), '20-29': np.float64(56.64), '30-39': np.float64(62.43), '40-49': np.float64(75.96), '50-59': np.float64(63.73), '60-69': np.float64(71.37), '70-79': np.float64(73.62), '80-89': np.float64(69.26), '90-99': np.float64(67.2), '100-109': np.float64(65.07), 'old': np.float64(62.95), 'new': np.float64(65.07)}
2026-07-01 17:43:44,340 [trainer.py] => CNN top1 curve: [np.float64(89.2), np.float64(85.76), np.float64(77.37), np.float64(73.33), np.float64(72.09), np.float64(69.66), np.float64(69.58), np.float64(65.6), np.float64(65.25), np.float64(64.84), np.float64(63.13)]
2026-07-01 17:43:44,340 [trainer.py] => CNN top5 curve: [np.float64(98.61), np.float64(96.62), np.float64(91.68), np.float64(90.67), np.float64(89.16), np.float64(88.63), np.float64(87.13), np.float64(85.58), np.float64(83.62), np.float64(84.06), np.float64(82.88)]

2026-07-01 17:43:44,340 [trainer.py] => Average Accuracy (CNN): 72.34636363636365 

2026-07-01 17:43:44,343 [trainer.py] => All params: 91781486
2026-07-01 17:43:44,345 [trainer.py] => Trainable params: 232046
2026-07-01 17:43:44,346 [inflora.py] => [InfLoRA] Learning on 110-120
2026-07-01 17:43:52,293 [lora.py] => Trainable params this task: 239,736 / 91,789,176
2026-07-01 17:45:40,611 [lora.py] => Task 11 finished. Train_accy 85.91
2026-07-01 17:45:50,513 [inflora.py] => [InfLoRA] DualGPM threshold: 0.9800
2026-07-01 17:45:55,265 [inflora.py] => [InfLoRA] Layer 1: 8/768 type remove
2026-07-01 17:45:55,266 [inflora.py] => [InfLoRA] Layer 2: 20/768 type remove
2026-07-01 17:45:55,266 [inflora.py] => [InfLoRA] Layer 3: 39/768 type remove
2026-07-01 17:45:55,266 [inflora.py] => [InfLoRA] Layer 4: 49/768 type remove
2026-07-01 17:45:55,266 [inflora.py] => [InfLoRA] Layer 5: 74/768 type remove
2026-07-01 17:45:55,266 [inflora.py] => [InfLoRA] Layer 6: 74/768 type remove
2026-07-01 17:45:55,266 [inflora.py] => [InfLoRA] Layer 7: 84/768 type remove
2026-07-01 17:45:55,266 [inflora.py] => [InfLoRA] Layer 8: 80/768 type remove
2026-07-01 17:45:55,266 [inflora.py] => [InfLoRA] Layer 9: 105/768 type remove
2026-07-01 17:45:55,266 [inflora.py] => [InfLoRA] Layer 10: 113/768 type remove
2026-07-01 17:45:55,266 [inflora.py] => [InfLoRA] Layer 11: 68/768 type remove
2026-07-01 17:45:55,266 [inflora.py] => [InfLoRA] Layer 12: 102/768 type remove
2026-07-01 17:46:33,074 [til_base.py] => TIL top1: 86.15
2026-07-01 17:46:33,074 [til_base.py] => CIL top1: 60.54 | TIL top1: 86.15
2026-07-01 17:46:33,074 [trainer.py] => No NME accuracy.
2026-07-01 17:46:33,074 [trainer.py] => CNN: {'total': np.float64(60.54), '00-09': np.float64(32.13), '10-19': np.float64(61.56), '20-29': np.float64(54.69), '30-39': np.float64(55.03), '40-49': np.float64(70.51), '50-59': np.float64(63.05), '60-69': np.float64(67.84), '70-79': np.float64(69.79), '80-89': np.float64(65.54), '90-99': np.float64(67.6), '100-109': np.float64(62.87), '110-119': np.float64(65.23), 'old': np.float64(60.06), 'new': np.float64(65.23)}
2026-07-01 17:46:33,074 [trainer.py] => CNN top1 curve: [np.float64(89.2), np.float64(85.76), np.float64(77.37), np.float64(73.33), np.float64(72.09), np.float64(69.66), np.float64(69.58), np.float64(65.6), np.float64(65.25), np.float64(64.84), np.float64(63.13), np.float64(60.54)]
2026-07-01 17:46:33,074 [trainer.py] => CNN top5 curve: [np.float64(98.61), np.float64(96.62), np.float64(91.68), np.float64(90.67), np.float64(89.16), np.float64(88.63), np.float64(87.13), np.float64(85.58), np.float64(83.62), np.float64(84.06), np.float64(82.88), np.float64(80.94)]

2026-07-01 17:46:33,074 [trainer.py] => Average Accuracy (CNN): 71.3625 

2026-07-01 17:46:33,077 [trainer.py] => All params: 91789176
2026-07-01 17:46:33,079 [trainer.py] => Trainable params: 239736
2026-07-01 17:46:33,081 [inflora.py] => [InfLoRA] Learning on 120-130
2026-07-01 17:46:41,376 [lora.py] => Trainable params this task: 247,426 / 91,796,866
2026-07-01 17:48:06,239 [lora.py] => Task 12 finished. Train_accy 90.67
2026-07-01 17:48:11,780 [inflora.py] => [InfLoRA] DualGPM threshold: 0.9800
2026-07-01 17:48:16,732 [inflora.py] => [InfLoRA] Layer 1: 8/768 type remove
2026-07-01 17:48:16,733 [inflora.py] => [InfLoRA] Layer 2: 21/768 type remove
2026-07-01 17:48:16,733 [inflora.py] => [InfLoRA] Layer 3: 40/768 type remove
2026-07-01 17:48:16,733 [inflora.py] => [InfLoRA] Layer 4: 50/768 type remove
2026-07-01 17:48:16,733 [inflora.py] => [InfLoRA] Layer 5: 75/768 type remove
2026-07-01 17:48:16,733 [inflora.py] => [InfLoRA] Layer 6: 75/768 type remove
2026-07-01 17:48:16,733 [inflora.py] => [InfLoRA] Layer 7: 86/768 type remove
2026-07-01 17:48:16,733 [inflora.py] => [InfLoRA] Layer 8: 84/768 type remove
2026-07-01 17:48:16,733 [inflora.py] => [InfLoRA] Layer 9: 108/768 type remove
2026-07-01 17:48:16,733 [inflora.py] => [InfLoRA] Layer 10: 118/768 type remove
2026-07-01 17:48:16,733 [inflora.py] => [InfLoRA] Layer 11: 74/768 type remove
2026-07-01 17:48:16,733 [inflora.py] => [InfLoRA] Layer 12: 110/768 type remove
2026-07-01 17:48:58,058 [til_base.py] => TIL top1: 86.41
2026-07-01 17:48:58,058 [til_base.py] => CIL top1: 60.23 | TIL top1: 86.41
2026-07-01 17:48:58,058 [trainer.py] => No NME accuracy.
2026-07-01 17:48:58,058 [trainer.py] => CNN: {'total': np.float64(60.23), '00-09': np.float64(29.09), '10-19': np.float64(59.38), '20-29': np.float64(51.56), '30-39': np.float64(58.28), '40-49': np.float64(69.87), '50-59': np.float64(61.36), '60-69': np.float64(66.67), '70-79': np.float64(61.7), '80-89': np.float64(64.53), '90-99': np.float64(67.2), '100-109': np.float64(61.76), '110-119': np.float64(64.0), '120-129': np.float64(78.28), 'old': np.float64(58.98), 'new': np.float64(78.28)}
2026-07-01 17:48:58,058 [trainer.py] => CNN top1 curve: [np.float64(89.2), np.float64(85.76), np.float64(77.37), np.float64(73.33), np.float64(72.09), np.float64(69.66), np.float64(69.58), np.float64(65.6), np.float64(65.25), np.float64(64.84), np.float64(63.13), np.float64(60.54), np.float64(60.23)]
2026-07-01 17:48:58,059 [trainer.py] => CNN top5 curve: [np.float64(98.61), np.float64(96.62), np.float64(91.68), np.float64(90.67), np.float64(89.16), np.float64(88.63), np.float64(87.13), np.float64(85.58), np.float64(83.62), np.float64(84.06), np.float64(82.88), np.float64(80.94), np.float64(80.98)]

2026-07-01 17:48:58,059 [trainer.py] => Average Accuracy (CNN): 70.50615384615385 

2026-07-01 17:48:58,061 [trainer.py] => All params: 91796866
2026-07-01 17:48:58,063 [trainer.py] => Trainable params: 247426
2026-07-01 17:48:58,065 [inflora.py] => [InfLoRA] Learning on 130-140
2026-07-01 17:49:06,073 [lora.py] => Trainable params this task: 255,116 / 91,804,556
2026-07-01 17:50:57,107 [lora.py] => Task 13 finished. Train_accy 86.31
2026-07-01 17:51:03,861 [inflora.py] => [InfLoRA] DualGPM threshold: 0.9800
2026-07-01 17:51:08,549 [inflora.py] => [InfLoRA] Layer 1: 8/768 type remove
2026-07-01 17:51:08,549 [inflora.py] => [InfLoRA] Layer 2: 21/768 type remove
2026-07-01 17:51:08,549 [inflora.py] => [InfLoRA] Layer 3: 41/768 type remove
2026-07-01 17:51:08,549 [inflora.py] => [InfLoRA] Layer 4: 51/768 type remove
2026-07-01 17:51:08,549 [inflora.py] => [InfLoRA] Layer 5: 77/768 type remove
2026-07-01 17:51:08,549 [inflora.py] => [InfLoRA] Layer 6: 76/768 type remove
2026-07-01 17:51:08,549 [inflora.py] => [InfLoRA] Layer 7: 88/768 type remove
2026-07-01 17:51:08,549 [inflora.py] => [InfLoRA] Layer 8: 86/768 type remove
2026-07-01 17:51:08,549 [inflora.py] => [InfLoRA] Layer 9: 110/768 type remove
2026-07-01 17:51:08,549 [inflora.py] => [InfLoRA] Layer 10: 122/768 type remove
2026-07-01 17:51:08,550 [inflora.py] => [InfLoRA] Layer 11: 78/768 type remove
2026-07-01 17:51:08,550 [inflora.py] => [InfLoRA] Layer 12: 118/768 type remove
2026-07-01 17:51:54,283 [til_base.py] => TIL top1: 86.95
2026-07-01 17:51:54,283 [til_base.py] => CIL top1: 60.94 | TIL top1: 86.95
2026-07-01 17:51:54,284 [trainer.py] => No NME accuracy.
2026-07-01 17:51:54,284 [trainer.py] => CNN: {'total': np.float64(60.94), '00-09': np.float64(26.04), '10-19': np.float64(58.44), '20-29': np.float64(53.91), '30-39': np.float64(58.58), '40-49': np.float64(73.4), '50-59': np.float64(66.44), '60-69': np.float64(65.49), '70-79': np.float64(63.83), '80-89': np.float64(59.12), '90-99': np.float64(64.0), '100-109': np.float64(61.03), '110-119': np.float64(62.46), '120-129': np.float64(79.1), '130-139': np.float64(71.79), 'old': np.float64(60.02), 'new': np.float64(71.79)}
2026-07-01 17:51:54,284 [trainer.py] => CNN top1 curve: [np.float64(89.2), np.float64(85.76), np.float64(77.37), np.float64(73.33), np.float64(72.09), np.float64(69.66), np.float64(69.58), np.float64(65.6), np.float64(65.25), np.float64(64.84), np.float64(63.13), np.float64(60.54), np.float64(60.23), np.float64(60.94)]
2026-07-01 17:51:54,284 [trainer.py] => CNN top5 curve: [np.float64(98.61), np.float64(96.62), np.float64(91.68), np.float64(90.67), np.float64(89.16), np.float64(88.63), np.float64(87.13), np.float64(85.58), np.float64(83.62), np.float64(84.06), np.float64(82.88), np.float64(80.94), np.float64(80.98), np.float64(80.09)]

2026-07-01 17:51:54,284 [trainer.py] => Average Accuracy (CNN): 69.82285714285715 

2026-07-01 17:51:54,288 [trainer.py] => All params: 91804556
2026-07-01 17:51:54,292 [trainer.py] => Trainable params: 255116
2026-07-01 17:51:54,294 [inflora.py] => [InfLoRA] Learning on 140-150
2026-07-01 17:52:01,737 [lora.py] => Trainable params this task: 262,806 / 91,812,246
2026-07-01 17:53:42,729 [lora.py] => Task 14 finished. Train_accy 90.34
2026-07-01 17:53:49,958 [inflora.py] => [InfLoRA] DualGPM threshold: 0.9800
2026-07-01 17:53:54,524 [inflora.py] => [InfLoRA] Layer 1: 8/768 type remove
2026-07-01 17:53:54,524 [inflora.py] => [InfLoRA] Layer 2: 22/768 type remove
2026-07-01 17:53:54,524 [inflora.py] => [InfLoRA] Layer 3: 43/768 type remove
2026-07-01 17:53:54,525 [inflora.py] => [InfLoRA] Layer 4: 53/768 type remove
2026-07-01 17:53:54,525 [inflora.py] => [InfLoRA] Layer 5: 79/768 type remove
2026-07-01 17:53:54,525 [inflora.py] => [InfLoRA] Layer 6: 78/768 type remove
2026-07-01 17:53:54,525 [inflora.py] => [InfLoRA] Layer 7: 90/768 type remove
2026-07-01 17:53:54,525 [inflora.py] => [InfLoRA] Layer 8: 88/768 type remove
2026-07-01 17:53:54,525 [inflora.py] => [InfLoRA] Layer 9: 112/768 type remove
2026-07-01 17:53:54,525 [inflora.py] => [InfLoRA] Layer 10: 124/768 type remove
2026-07-01 17:53:54,525 [inflora.py] => [InfLoRA] Layer 11: 81/768 type remove
2026-07-01 17:53:54,525 [inflora.py] => [InfLoRA] Layer 12: 124/768 type remove
2026-07-01 17:54:44,174 [til_base.py] => TIL top1: 88.11
2026-07-01 17:54:44,174 [til_base.py] => CIL top1: 59.95 | TIL top1: 88.11
2026-07-01 17:54:44,174 [trainer.py] => No NME accuracy.
2026-07-01 17:54:44,175 [trainer.py] => CNN: {'total': np.float64(59.95), '00-09': np.float64(24.93), '10-19': np.float64(61.25), '20-29': np.float64(54.3), '30-39': np.float64(57.69), '40-49': np.float64(72.76), '50-59': np.float64(65.42), '60-69': np.float64(67.84), '70-79': np.float64(58.3), '80-89': np.float64(57.09), '90-99': np.float64(64.0), '100-109': np.float64(59.93), '110-119': np.float64(59.38), '120-129': np.float64(79.51), '130-139': np.float64(68.34), '140-149': np.float64(59.09), 'old': np.float64(60.0), 'new': np.float64(59.09)}
2026-07-01 17:54:44,175 [trainer.py] => CNN top1 curve: [np.float64(89.2), np.float64(85.76), np.float64(77.37), np.float64(73.33), np.float64(72.09), np.float64(69.66), np.float64(69.58), np.float64(65.6), np.float64(65.25), np.float64(64.84), np.float64(63.13), np.float64(60.54), np.float64(60.23), np.float64(60.94), np.float64(59.95)]
2026-07-01 17:54:44,175 [trainer.py] => CNN top5 curve: [np.float64(98.61), np.float64(96.62), np.float64(91.68), np.float64(90.67), np.float64(89.16), np.float64(88.63), np.float64(87.13), np.float64(85.58), np.float64(83.62), np.float64(84.06), np.float64(82.88), np.float64(80.94), np.float64(80.98), np.float64(80.09), np.float64(81.07)]

2026-07-01 17:54:44,175 [trainer.py] => Average Accuracy (CNN): 69.16466666666666 

2026-07-01 17:54:44,179 [trainer.py] => All params: 91812246
2026-07-01 17:54:44,183 [trainer.py] => Trainable params: 262806
2026-07-01 17:54:44,185 [inflora.py] => [InfLoRA] Learning on 150-160
2026-07-01 17:54:53,377 [lora.py] => Trainable params this task: 270,496 / 91,819,936
2026-07-01 17:57:03,485 [lora.py] => Task 15 finished. Train_accy 89.65
2026-07-01 17:57:10,998 [inflora.py] => [InfLoRA] DualGPM threshold: 0.9800
2026-07-01 17:57:15,960 [inflora.py] => [InfLoRA] Layer 1: 8/768 type remove
2026-07-01 17:57:15,960 [inflora.py] => [InfLoRA] Layer 2: 23/768 type remove
2026-07-01 17:57:15,960 [inflora.py] => [InfLoRA] Layer 3: 44/768 type remove
2026-07-01 17:57:15,960 [inflora.py] => [InfLoRA] Layer 4: 55/768 type remove
2026-07-01 17:57:15,960 [inflora.py] => [InfLoRA] Layer 5: 83/768 type remove
2026-07-01 17:57:15,960 [inflora.py] => [InfLoRA] Layer 6: 81/768 type remove
2026-07-01 17:57:15,960 [inflora.py] => [InfLoRA] Layer 7: 93/768 type remove
2026-07-01 17:57:15,961 [inflora.py] => [InfLoRA] Layer 8: 91/768 type remove
2026-07-01 17:57:15,961 [inflora.py] => [InfLoRA] Layer 9: 116/768 type remove
2026-07-01 17:57:15,961 [inflora.py] => [InfLoRA] Layer 10: 129/768 type remove
2026-07-01 17:57:15,961 [inflora.py] => [InfLoRA] Layer 11: 85/768 type remove
2026-07-01 17:57:15,961 [inflora.py] => [InfLoRA] Layer 12: 129/768 type remove
2026-07-01 17:58:09,640 [til_base.py] => TIL top1: 88.04
2026-07-01 17:58:09,641 [til_base.py] => CIL top1: 58.36 | TIL top1: 88.04
2026-07-01 17:58:09,641 [trainer.py] => No NME accuracy.
2026-07-01 17:58:09,641 [trainer.py] => CNN: {'total': np.float64(58.36), '00-09': np.float64(25.48), '10-19': np.float64(61.56), '20-29': np.float64(51.95), '30-39': np.float64(52.66), '40-49': np.float64(69.23), '50-59': np.float64(63.39), '60-69': np.float64(66.67), '70-79': np.float64(56.17), '80-89': np.float64(56.76), '90-99': np.float64(65.6), '100-109': np.float64(58.82), '110-119': np.float64(56.92), '120-129': np.float64(76.23), '130-139': np.float64(65.2), '140-149': np.float64(56.64), '150-159': np.float64(60.76), 'old': np.float64(58.16), 'new': np.float64(60.76)}
2026-07-01 17:58:09,641 [trainer.py] => CNN top1 curve: [np.float64(89.2), np.float64(85.76), np.float64(77.37), np.float64(73.33), np.float64(72.09), np.float64(69.66), np.float64(69.58), np.float64(65.6), np.float64(65.25), np.float64(64.84), np.float64(63.13), np.float64(60.54), np.float64(60.23), np.float64(60.94), np.float64(59.95), np.float64(58.36)]
2026-07-01 17:58:09,641 [trainer.py] => CNN top5 curve: [np.float64(98.61), np.float64(96.62), np.float64(91.68), np.float64(90.67), np.float64(89.16), np.float64(88.63), np.float64(87.13), np.float64(85.58), np.float64(83.62), np.float64(84.06), np.float64(82.88), np.float64(80.94), np.float64(80.98), np.float64(80.09), np.float64(81.07), np.float64(80.49)]

2026-07-01 17:58:09,641 [trainer.py] => Average Accuracy (CNN): 68.489375 

2026-07-01 17:58:09,644 [trainer.py] => All params: 91819936
2026-07-01 17:58:09,646 [trainer.py] => Trainable params: 270496
2026-07-01 17:58:09,647 [inflora.py] => [InfLoRA] Learning on 160-170
2026-07-01 17:58:17,471 [lora.py] => Trainable params this task: 278,186 / 91,827,626
2026-07-01 18:00:02,170 [lora.py] => Task 16 finished. Train_accy 85.97
2026-07-01 18:00:09,389 [inflora.py] => [InfLoRA] DualGPM threshold: 0.9800
2026-07-01 18:00:14,000 [inflora.py] => [InfLoRA] Layer 1: 8/768 type remove
2026-07-01 18:00:14,000 [inflora.py] => [InfLoRA] Layer 2: 23/768 type remove
2026-07-01 18:00:14,000 [inflora.py] => [InfLoRA] Layer 3: 46/768 type remove
2026-07-01 18:00:14,000 [inflora.py] => [InfLoRA] Layer 4: 57/768 type remove
2026-07-01 18:00:14,000 [inflora.py] => [InfLoRA] Layer 5: 86/768 type remove
2026-07-01 18:00:14,000 [inflora.py] => [InfLoRA] Layer 6: 83/768 type remove
2026-07-01 18:00:14,000 [inflora.py] => [InfLoRA] Layer 7: 96/768 type remove
2026-07-01 18:00:14,000 [inflora.py] => [InfLoRA] Layer 8: 94/768 type remove
2026-07-01 18:00:14,000 [inflora.py] => [InfLoRA] Layer 9: 120/768 type remove
2026-07-01 18:00:14,000 [inflora.py] => [InfLoRA] Layer 10: 137/768 type remove
2026-07-01 18:00:14,000 [inflora.py] => [InfLoRA] Layer 11: 91/768 type remove
2026-07-01 18:00:14,000 [inflora.py] => [InfLoRA] Layer 12: 138/768 type remove
2026-07-01 18:01:11,648 [til_base.py] => TIL top1: 88.14
2026-07-01 18:01:11,648 [til_base.py] => CIL top1: 58.94 | TIL top1: 88.14
2026-07-01 18:01:11,649 [trainer.py] => No NME accuracy.
2026-07-01 18:01:11,649 [trainer.py] => CNN: {'total': np.float64(58.94), '00-09': np.float64(22.99), '10-19': np.float64(60.0), '20-29': np.float64(51.56), '30-39': np.float64(53.85), '40-49': np.float64(70.83), '50-59': np.float64(61.69), '60-69': np.float64(66.27), '70-79': np.float64(59.15), '80-89': np.float64(58.11), '90-99': np.float64(67.6), '100-109': np.float64(60.29), '110-119': np.float64(57.23), '120-129': np.float64(76.23), '130-139': np.float64(66.46), '140-149': np.float64(58.04), '150-159': np.float64(61.04), '160-169': np.float64(62.24), 'old': np.float64(58.74), 'new': np.float64(62.24)}
2026-07-01 18:01:11,649 [trainer.py] => CNN top1 curve: [np.float64(89.2), np.float64(85.76), np.float64(77.37), np.float64(73.33), np.float64(72.09), np.float64(69.66), np.float64(69.58), np.float64(65.6), np.float64(65.25), np.float64(64.84), np.float64(63.13), np.float64(60.54), np.float64(60.23), np.float64(60.94), np.float64(59.95), np.float64(58.36), np.float64(58.94)]
2026-07-01 18:01:11,649 [trainer.py] => CNN top5 curve: [np.float64(98.61), np.float64(96.62), np.float64(91.68), np.float64(90.67), np.float64(89.16), np.float64(88.63), np.float64(87.13), np.float64(85.58), np.float64(83.62), np.float64(84.06), np.float64(82.88), np.float64(80.94), np.float64(80.98), np.float64(80.09), np.float64(81.07), np.float64(80.49), np.float64(80.03)]

2026-07-01 18:01:11,649 [trainer.py] => Average Accuracy (CNN): 67.92764705882352 

2026-07-01 18:01:11,651 [trainer.py] => All params: 91827626
2026-07-01 18:01:11,653 [trainer.py] => Trainable params: 278186
2026-07-01 18:01:11,655 [inflora.py] => [InfLoRA] Learning on 170-180
2026-07-01 18:01:20,716 [lora.py] => Trainable params this task: 285,876 / 91,835,316
2026-07-01 18:03:16,267 [lora.py] => Task 17 finished. Train_accy 83.32
2026-07-01 18:03:23,198 [inflora.py] => [InfLoRA] DualGPM threshold: 0.9800
2026-07-01 18:03:27,812 [inflora.py] => [InfLoRA] Layer 1: 8/768 type remove
2026-07-01 18:03:27,813 [inflora.py] => [InfLoRA] Layer 2: 24/768 type remove
2026-07-01 18:03:27,813 [inflora.py] => [InfLoRA] Layer 3: 47/768 type remove
2026-07-01 18:03:27,813 [inflora.py] => [InfLoRA] Layer 4: 59/768 type remove
2026-07-01 18:03:27,813 [inflora.py] => [InfLoRA] Layer 5: 88/768 type remove
2026-07-01 18:03:27,813 [inflora.py] => [InfLoRA] Layer 6: 86/768 type remove
2026-07-01 18:03:27,813 [inflora.py] => [InfLoRA] Layer 7: 99/768 type remove
2026-07-01 18:03:27,813 [inflora.py] => [InfLoRA] Layer 8: 98/768 type remove
2026-07-01 18:03:27,813 [inflora.py] => [InfLoRA] Layer 9: 126/768 type remove
2026-07-01 18:03:27,813 [inflora.py] => [InfLoRA] Layer 10: 148/768 type remove
2026-07-01 18:03:27,813 [inflora.py] => [InfLoRA] Layer 11: 97/768 type remove
2026-07-01 18:03:27,813 [inflora.py] => [InfLoRA] Layer 12: 159/768 type remove
2026-07-01 18:04:29,650 [til_base.py] => TIL top1: 87.44
2026-07-01 18:04:29,650 [til_base.py] => CIL top1: 59.14 | TIL top1: 87.44
2026-07-01 18:04:29,650 [trainer.py] => No NME accuracy.
2026-07-01 18:04:29,650 [trainer.py] => CNN: {'total': np.float64(59.14), '00-09': np.float64(26.04), '10-19': np.float64(58.44), '20-29': np.float64(48.05), '30-39': np.float64(52.66), '40-49': np.float64(72.76), '50-59': np.float64(62.03), '60-69': np.float64(66.67), '70-79': np.float64(55.32), '80-89': np.float64(58.78), '90-99': np.float64(66.8), '100-109': np.float64(59.93), '110-119': np.float64(58.46), '120-129': np.float64(71.72), '130-139': np.float64(65.2), '140-149': np.float64(59.79), '150-159': np.float64(61.58), '160-169': np.float64(59.09), '170-179': np.float64(69.45), 'old': np.float64(58.5), 'new': np.float64(69.45)}
2026-07-01 18:04:29,651 [trainer.py] => CNN top1 curve: [np.float64(89.2), np.float64(85.76), np.float64(77.37), np.float64(73.33), np.float64(72.09), np.float64(69.66), np.float64(69.58), np.float64(65.6), np.float64(65.25), np.float64(64.84), np.float64(63.13), np.float64(60.54), np.float64(60.23), np.float64(60.94), np.float64(59.95), np.float64(58.36), np.float64(58.94), np.float64(59.14)]
2026-07-01 18:04:29,651 [trainer.py] => CNN top5 curve: [np.float64(98.61), np.float64(96.62), np.float64(91.68), np.float64(90.67), np.float64(89.16), np.float64(88.63), np.float64(87.13), np.float64(85.58), np.float64(83.62), np.float64(84.06), np.float64(82.88), np.float64(80.94), np.float64(80.98), np.float64(80.09), np.float64(81.07), np.float64(80.49), np.float64(80.03), np.float64(79.02)]

2026-07-01 18:04:29,651 [trainer.py] => Average Accuracy (CNN): 67.43944444444445 

2026-07-01 18:04:29,655 [trainer.py] => All params: 91835316
2026-07-01 18:04:29,658 [trainer.py] => Trainable params: 285876
2026-07-01 18:04:29,660 [inflora.py] => [InfLoRA] Learning on 180-190
2026-07-01 18:04:36,972 [lora.py] => Trainable params this task: 293,566 / 91,843,006
2026-07-01 18:06:16,949 [lora.py] => Task 18 finished. Train_accy 87.92
2026-07-01 18:06:24,435 [inflora.py] => [InfLoRA] DualGPM threshold: 0.9800
2026-07-01 18:06:28,980 [inflora.py] => [InfLoRA] Layer 1: 8/768 type remove
2026-07-01 18:06:28,980 [inflora.py] => [InfLoRA] Layer 2: 24/768 type remove
2026-07-01 18:06:28,980 [inflora.py] => [InfLoRA] Layer 3: 48/768 type remove
2026-07-01 18:06:28,981 [inflora.py] => [InfLoRA] Layer 4: 60/768 type remove
2026-07-01 18:06:28,981 [inflora.py] => [InfLoRA] Layer 5: 90/768 type remove
2026-07-01 18:06:28,981 [inflora.py] => [InfLoRA] Layer 6: 87/768 type remove
2026-07-01 18:06:28,981 [inflora.py] => [InfLoRA] Layer 7: 100/768 type remove
2026-07-01 18:06:28,981 [inflora.py] => [InfLoRA] Layer 8: 100/768 type remove
2026-07-01 18:06:28,981 [inflora.py] => [InfLoRA] Layer 9: 129/768 type remove
2026-07-01 18:06:28,981 [inflora.py] => [InfLoRA] Layer 10: 154/768 type remove
2026-07-01 18:06:28,981 [inflora.py] => [InfLoRA] Layer 11: 103/768 type remove
2026-07-01 18:06:28,981 [inflora.py] => [InfLoRA] Layer 12: 165/768 type remove
2026-07-01 18:07:34,828 [til_base.py] => TIL top1: 87.58
2026-07-01 18:07:34,828 [til_base.py] => CIL top1: 58.2 | TIL top1: 87.58
2026-07-01 18:07:34,828 [trainer.py] => No NME accuracy.
2026-07-01 18:07:34,828 [trainer.py] => CNN: {'total': np.float64(58.2), '00-09': np.float64(17.73), '10-19': np.float64(55.31), '20-29': np.float64(49.22), '30-39': np.float64(52.37), '40-49': np.float64(71.79), '50-59': np.float64(58.31), '60-69': np.float64(64.71), '70-79': np.float64(56.6), '80-89': np.float64(58.11), '90-99': np.float64(66.8), '100-109': np.float64(57.35), '110-119': np.float64(55.08), '120-129': np.float64(75.82), '130-139': np.float64(62.07), '140-149': np.float64(61.89), '150-159': np.float64(58.04), '160-169': np.float64(56.64), '170-179': np.float64(69.77), '180-189': np.float64(72.41), 'old': np.float64(57.51), 'new': np.float64(72.41)}
2026-07-01 18:07:34,828 [trainer.py] => CNN top1 curve: [np.float64(89.2), np.float64(85.76), np.float64(77.37), np.float64(73.33), np.float64(72.09), np.float64(69.66), np.float64(69.58), np.float64(65.6), np.float64(65.25), np.float64(64.84), np.float64(63.13), np.float64(60.54), np.float64(60.23), np.float64(60.94), np.float64(59.95), np.float64(58.36), np.float64(58.94), np.float64(59.14), np.float64(58.2)]
2026-07-01 18:07:34,828 [trainer.py] => CNN top5 curve: [np.float64(98.61), np.float64(96.62), np.float64(91.68), np.float64(90.67), np.float64(89.16), np.float64(88.63), np.float64(87.13), np.float64(85.58), np.float64(83.62), np.float64(84.06), np.float64(82.88), np.float64(80.94), np.float64(80.98), np.float64(80.09), np.float64(81.07), np.float64(80.49), np.float64(80.03), np.float64(79.02), np.float64(78.76)]

2026-07-01 18:07:34,828 [trainer.py] => Average Accuracy (CNN): 66.95315789473685 

2026-07-01 18:07:34,833 [trainer.py] => All params: 91843006
2026-07-01 18:07:34,836 [trainer.py] => Trainable params: 293566
2026-07-01 18:07:34,839 [inflora.py] => [InfLoRA] Learning on 190-200
2026-07-01 18:07:43,693 [lora.py] => Trainable params this task: 301,256 / 91,850,696
2026-07-01 18:09:50,303 [lora.py] => Task 19 finished. Train_accy 88.31
2026-07-01 18:09:57,617 [inflora.py] => [InfLoRA] DualGPM threshold: 0.9800
2026-07-01 18:10:02,214 [inflora.py] => [InfLoRA] Layer 1: 8/768 type remove
2026-07-01 18:10:02,214 [inflora.py] => [InfLoRA] Layer 2: 25/768 type remove
2026-07-01 18:10:02,214 [inflora.py] => [InfLoRA] Layer 3: 49/768 type remove
2026-07-01 18:10:02,214 [inflora.py] => [InfLoRA] Layer 4: 62/768 type remove
2026-07-01 18:10:02,214 [inflora.py] => [InfLoRA] Layer 5: 92/768 type remove
2026-07-01 18:10:02,214 [inflora.py] => [InfLoRA] Layer 6: 90/768 type remove
2026-07-01 18:10:02,214 [inflora.py] => [InfLoRA] Layer 7: 103/768 type remove
2026-07-01 18:10:02,214 [inflora.py] => [InfLoRA] Layer 8: 106/768 type remove
2026-07-01 18:10:02,215 [inflora.py] => [InfLoRA] Layer 9: 135/768 type remove
2026-07-01 18:10:02,215 [inflora.py] => [InfLoRA] Layer 10: 158/768 type remove
2026-07-01 18:10:02,215 [inflora.py] => [InfLoRA] Layer 11: 108/768 type remove
2026-07-01 18:10:02,215 [inflora.py] => [InfLoRA] Layer 12: 171/768 type remove
2026-07-01 18:11:12,510 [til_base.py] => TIL top1: 86.72
2026-07-01 18:11:12,510 [til_base.py] => CIL top1: 58.32 | TIL top1: 86.72
2026-07-01 18:11:12,510 [trainer.py] => No NME accuracy.
2026-07-01 18:11:12,510 [trainer.py] => CNN: {'total': np.float64(58.32), '00-09': np.float64(16.62), '10-19': np.float64(55.62), '20-29': np.float64(50.39), '30-39': np.float64(50.59), '40-49': np.float64(67.63), '50-59': np.float64(56.95), '60-69': np.float64(63.92), '70-79': np.float64(55.32), '80-89': np.float64(54.39), '90-99': np.float64(64.0), '100-109': np.float64(55.88), '110-119': np.float64(55.38), '120-129': np.float64(73.36), '130-139': np.float64(60.5), '140-149': np.float64(62.94), '150-159': np.float64(59.13), '160-169': np.float64(56.64), '170-179': np.float64(68.81), '180-189': np.float64(72.03), '190-199': np.float64(77.31), 'old': np.float64(57.18), 'new': np.float64(77.31)}
2026-07-01 18:11:12,510 [trainer.py] => CNN top1 curve: [np.float64(89.2), np.float64(85.76), np.float64(77.37), np.float64(73.33), np.float64(72.09), np.float64(69.66), np.float64(69.58), np.float64(65.6), np.float64(65.25), np.float64(64.84), np.float64(63.13), np.float64(60.54), np.float64(60.23), np.float64(60.94), np.float64(59.95), np.float64(58.36), np.float64(58.94), np.float64(59.14), np.float64(58.2), np.float64(58.32)]
2026-07-01 18:11:12,510 [trainer.py] => CNN top5 curve: [np.float64(98.61), np.float64(96.62), np.float64(91.68), np.float64(90.67), np.float64(89.16), np.float64(88.63), np.float64(87.13), np.float64(85.58), np.float64(83.62), np.float64(84.06), np.float64(82.88), np.float64(80.94), np.float64(80.98), np.float64(80.09), np.float64(81.07), np.float64(80.49), np.float64(80.03), np.float64(79.02), np.float64(78.76), np.float64(77.55)]

2026-07-01 18:11:12,510 [trainer.py] => Average Accuracy (CNN): 66.5215 

2026-07-01 18:11:12,513 [trainer.py] => Forgetting (CNN): 16.201052631578946
2026-07-01 18:11:12,513 [trainer.py] => Forgetting (NME): 16.201052631578946
2026-07-01 18:11:12,514 [trainer.py] => Forgetting (TIL): 5.75578947368421
