2026-07-01 06:21:44,290 [trainer.py] => config: ./exps/inflora_inr20t_task_s1995.json
2026-07-01 06:21:44,290 [trainer.py] => dataset: imagenetr
2026-07-01 06:21:44,290 [trainer.py] => memory_size: 0
2026-07-01 06:21:44,290 [trainer.py] => memory_per_class: 0
2026-07-01 06:21:44,291 [trainer.py] => fixed_memory: False
2026-07-01 06:21:44,291 [trainer.py] => shuffle: True
2026-07-01 06:21:44,291 [trainer.py] => init_cls: 10
2026-07-01 06:21:44,291 [trainer.py] => increment: 10
2026-07-01 06:21:44,291 [trainer.py] => backbone_type: vit_base_patch16_224_lora
2026-07-01 06:21:44,291 [trainer.py] => device: [device(type='cuda', index=0)]
2026-07-01 06:21:44,291 [trainer.py] => seed: 1995
2026-07-01 06:21:44,291 [trainer.py] => scenario: both
2026-07-01 06:21:44,291 [trainer.py] => lora_rank: 8
2026-07-01 06:21:44,291 [trainer.py] => n_lora_blocks: 3
2026-07-01 06:21:44,291 [trainer.py] => tuned_epoch: 10
2026-07-01 06:21:44,291 [trainer.py] => init_lr: 0.005
2026-07-01 06:21:44,291 [trainer.py] => batch_size: 48
2026-07-01 06:21:44,291 [trainer.py] => weight_decay: 0.0005
2026-07-01 06:21:44,291 [trainer.py] => min_lr: 0.0
2026-07-01 06:21:44,291 [trainer.py] => pretrained: True
2026-07-01 06:21:44,291 [trainer.py] => print_forget: True
2026-07-01 06:21:44,291 [trainer.py] => model_name: inflora
2026-07-01 06:21:44,291 [trainer.py] => lora_alpha: 32
2026-07-01 06:21:44,291 [trainer.py] => lora_merge: True
2026-07-01 06:21:44,291 [trainer.py] => lamb: 0.98
2026-07-01 06:21:44,291 [trainer.py] => lame: 0.98
2026-07-01 06:21:44,291 [trainer.py] => prefix: inr20t_task
2026-07-01 06:21:44,373 [data_manager.py] => [146, 198, 169, 126, 142, 183, 108, 86, 79, 35, 112, 29, 0, 2, 59, 178, 143, 31, 147, 33, 123, 114, 194, 54, 138, 75, 158, 26, 131, 141, 180, 132, 22, 49, 116, 111, 24, 98, 107, 89, 151, 83, 185, 15, 27, 136, 65, 1, 82, 87, 99, 153, 47, 144, 145, 175, 155, 77, 191, 199, 46, 28, 76, 71, 93, 137, 5, 188, 187, 74, 103, 173, 18, 80, 88, 48, 109, 81, 91, 101, 43, 102, 61, 182, 3, 14, 40, 42, 167, 66, 57, 73, 135, 39, 45, 184, 161, 85, 148, 121, 8, 195, 21, 4, 106, 133, 118, 10, 176, 50, 36, 192, 162, 172, 96, 197, 20, 117, 140, 186, 92, 97, 44, 149, 13, 37, 170, 25, 181, 171, 23, 104, 189, 11, 159, 67, 94, 68, 55, 6, 150, 165, 120, 139, 72, 154, 115, 125, 53, 58, 16, 113, 41, 190, 174, 127, 110, 7, 38, 32, 95, 19, 196, 51, 78, 34, 122, 152, 119, 134, 129, 130, 128, 17, 30, 90, 124, 160, 100, 193, 12, 56, 64, 168, 105, 63, 177, 70, 60, 163, 9, 62, 156, 52, 84, 157, 69, 179, 166, 164]
2026-07-01 06:21:47,520 [trainer.py] => All params: 91696896
2026-07-01 06:21:47,522 [trainer.py] => Trainable params: 5898240
2026-07-01 06:21:48,184 [inflora.py] => [InfLoRA] Learning on 0-10
2026-07-01 06:21:55,204 [lora.py] => Trainable params this task: 44,554 / 91,704,586
2026-07-01 06:23:15,653 [lora.py] => Task 0 finished. Train_accy 86.40
2026-07-01 06:23:20,431 [inflora.py] => [InfLoRA] DualGPM threshold: 0.9800
2026-07-01 06:23:22,737 [inflora.py] => [InfLoRA] Layer 1: 7/768 type remove
2026-07-01 06:23:22,738 [inflora.py] => [InfLoRA] Layer 2: 9/768 type remove
2026-07-01 06:23:22,738 [inflora.py] => [InfLoRA] Layer 3: 10/768 type remove
2026-07-01 06:23:22,738 [inflora.py] => [InfLoRA] Layer 4: 10/768 type remove
2026-07-01 06:23:22,738 [inflora.py] => [InfLoRA] Layer 5: 12/768 type remove
2026-07-01 06:23:22,738 [inflora.py] => [InfLoRA] Layer 6: 16/768 type remove
2026-07-01 06:23:22,738 [inflora.py] => [InfLoRA] Layer 7: 19/768 type remove
2026-07-01 06:23:22,738 [inflora.py] => [InfLoRA] Layer 8: 34/768 type remove
2026-07-01 06:23:22,738 [inflora.py] => [InfLoRA] Layer 9: 50/768 type remove
2026-07-01 06:23:22,738 [inflora.py] => [InfLoRA] Layer 10: 39/768 type remove
2026-07-01 06:23:22,738 [inflora.py] => [InfLoRA] Layer 11: 11/768 type remove
2026-07-01 06:23:22,738 [inflora.py] => [InfLoRA] Layer 12: 38/768 type remove
2026-07-01 06:23:26,172 [til_base.py] => TIL top1: 89.46
2026-07-01 06:23:26,172 [til_base.py] => CIL top1: 89.46 | TIL top1: 89.46
2026-07-01 06:23:26,173 [trainer.py] => No NME accuracy.
2026-07-01 06:23:26,173 [trainer.py] => CNN: {'total': np.float64(89.46), '00-09': np.float64(89.46), 'old': 0, 'new': np.float64(89.46)}
2026-07-01 06:23:26,173 [trainer.py] => CNN top1 curve: [np.float64(89.46)]
2026-07-01 06:23:26,173 [trainer.py] => CNN top5 curve: [np.float64(98.72)]

2026-07-01 06:23:26,173 [trainer.py] => Average Accuracy (CNN): 89.46 

2026-07-01 06:23:26,176 [trainer.py] => All params: 91704586
2026-07-01 06:23:26,179 [trainer.py] => Trainable params: 44554
2026-07-01 06:23:26,180 [inflora.py] => [InfLoRA] Learning on 10-20
2026-07-01 06:23:42,054 [lora.py] => Trainable params this task: 52,244 / 91,712,276
2026-07-01 06:25:06,931 [lora.py] => Task 1 finished. Train_accy 88.02
2026-07-01 06:25:12,185 [inflora.py] => [InfLoRA] DualGPM threshold: 0.9800
2026-07-01 06:25:16,922 [inflora.py] => [InfLoRA] Layer 1: 8/768 type remove
2026-07-01 06:25:16,923 [inflora.py] => [InfLoRA] Layer 2: 10/768 type remove
2026-07-01 06:25:16,923 [inflora.py] => [InfLoRA] Layer 3: 12/768 type remove
2026-07-01 06:25:16,923 [inflora.py] => [InfLoRA] Layer 4: 18/768 type remove
2026-07-01 06:25:16,923 [inflora.py] => [InfLoRA] Layer 5: 21/768 type remove
2026-07-01 06:25:16,923 [inflora.py] => [InfLoRA] Layer 6: 26/768 type remove
2026-07-01 06:25:16,923 [inflora.py] => [InfLoRA] Layer 7: 29/768 type remove
2026-07-01 06:25:16,923 [inflora.py] => [InfLoRA] Layer 8: 49/768 type remove
2026-07-01 06:25:16,923 [inflora.py] => [InfLoRA] Layer 9: 72/768 type remove
2026-07-01 06:25:16,923 [inflora.py] => [InfLoRA] Layer 10: 59/768 type remove
2026-07-01 06:25:16,923 [inflora.py] => [InfLoRA] Layer 11: 20/768 type remove
2026-07-01 06:25:16,923 [inflora.py] => [InfLoRA] Layer 12: 73/768 type remove
2026-07-01 06:25:23,631 [til_base.py] => TIL top1: 88.01
2026-07-01 06:25:23,631 [til_base.py] => CIL top1: 81.7 | TIL top1: 88.01
2026-07-01 06:25:23,632 [trainer.py] => No NME accuracy.
2026-07-01 06:25:23,632 [trainer.py] => CNN: {'total': np.float64(81.7), '00-09': np.float64(76.04), '10-19': np.float64(87.23), 'old': np.float64(76.04), 'new': np.float64(87.23)}
2026-07-01 06:25:23,632 [trainer.py] => CNN top1 curve: [np.float64(89.46), np.float64(81.7)]
2026-07-01 06:25:23,632 [trainer.py] => CNN top5 curve: [np.float64(98.72), np.float64(94.95)]

2026-07-01 06:25:23,632 [trainer.py] => Average Accuracy (CNN): 85.58 

2026-07-01 06:25:23,638 [trainer.py] => All params: 91712276
2026-07-01 06:25:23,642 [trainer.py] => Trainable params: 52244
2026-07-01 06:25:23,643 [inflora.py] => [InfLoRA] Learning on 20-30
2026-07-01 06:25:30,930 [lora.py] => Trainable params this task: 59,934 / 91,719,966
2026-07-01 06:26:54,399 [lora.py] => Task 2 finished. Train_accy 83.80
2026-07-01 06:26:59,749 [inflora.py] => [InfLoRA] DualGPM threshold: 0.9800
2026-07-01 06:27:04,962 [inflora.py] => [InfLoRA] Layer 1: 8/768 type remove
2026-07-01 06:27:04,963 [inflora.py] => [InfLoRA] Layer 2: 11/768 type remove
2026-07-01 06:27:04,963 [inflora.py] => [InfLoRA] Layer 3: 13/768 type remove
2026-07-01 06:27:04,963 [inflora.py] => [InfLoRA] Layer 4: 24/768 type remove
2026-07-01 06:27:04,963 [inflora.py] => [InfLoRA] Layer 5: 29/768 type remove
2026-07-01 06:27:04,963 [inflora.py] => [InfLoRA] Layer 6: 33/768 type remove
2026-07-01 06:27:04,963 [inflora.py] => [InfLoRA] Layer 7: 37/768 type remove
2026-07-01 06:27:04,963 [inflora.py] => [InfLoRA] Layer 8: 59/768 type remove
2026-07-01 06:27:04,963 [inflora.py] => [InfLoRA] Layer 9: 87/768 type remove
2026-07-01 06:27:04,963 [inflora.py] => [InfLoRA] Layer 10: 72/768 type remove
2026-07-01 06:27:04,963 [inflora.py] => [InfLoRA] Layer 11: 23/768 type remove
2026-07-01 06:27:04,964 [inflora.py] => [InfLoRA] Layer 12: 81/768 type remove
2026-07-01 06:27:14,444 [til_base.py] => TIL top1: 86.38
2026-07-01 06:27:14,445 [til_base.py] => CIL top1: 75.21 | TIL top1: 86.38
2026-07-01 06:27:14,445 [trainer.py] => No NME accuracy.
2026-07-01 06:27:14,445 [trainer.py] => CNN: {'total': np.float64(75.21), '00-09': np.float64(66.77), '10-19': np.float64(85.05), '20-29': np.float64(73.53), 'old': np.float64(76.03), 'new': np.float64(73.53)}
2026-07-01 06:27:14,445 [trainer.py] => CNN top1 curve: [np.float64(89.46), np.float64(81.7), np.float64(75.21)]
2026-07-01 06:27:14,445 [trainer.py] => CNN top5 curve: [np.float64(98.72), np.float64(94.95), np.float64(91.6)]

2026-07-01 06:27:14,445 [trainer.py] => Average Accuracy (CNN): 82.12333333333333 

2026-07-01 06:27:14,449 [trainer.py] => All params: 91719966
2026-07-01 06:27:14,451 [trainer.py] => Trainable params: 59934
2026-07-01 06:27:14,452 [inflora.py] => [InfLoRA] Learning on 30-40
2026-07-01 06:27:22,583 [lora.py] => Trainable params this task: 67,624 / 91,727,656
2026-07-01 06:29:00,207 [lora.py] => Task 3 finished. Train_accy 89.72
2026-07-01 06:29:06,604 [inflora.py] => [InfLoRA] DualGPM threshold: 0.9800
2026-07-01 06:29:15,753 [inflora.py] => [InfLoRA] Layer 1: 8/768 type remove
2026-07-01 06:29:15,753 [inflora.py] => [InfLoRA] Layer 2: 12/768 type remove
2026-07-01 06:29:15,754 [inflora.py] => [InfLoRA] Layer 3: 14/768 type remove
2026-07-01 06:29:15,754 [inflora.py] => [InfLoRA] Layer 4: 30/768 type remove
2026-07-01 06:29:15,754 [inflora.py] => [InfLoRA] Layer 5: 36/768 type remove
2026-07-01 06:29:15,754 [inflora.py] => [InfLoRA] Layer 6: 41/768 type remove
2026-07-01 06:29:15,754 [inflora.py] => [InfLoRA] Layer 7: 44/768 type remove
2026-07-01 06:29:15,754 [inflora.py] => [InfLoRA] Layer 8: 66/768 type remove
2026-07-01 06:29:15,754 [inflora.py] => [InfLoRA] Layer 9: 93/768 type remove
2026-07-01 06:29:15,754 [inflora.py] => [InfLoRA] Layer 10: 76/768 type remove
2026-07-01 06:29:15,755 [inflora.py] => [InfLoRA] Layer 11: 24/768 type remove
2026-07-01 06:29:15,755 [inflora.py] => [InfLoRA] Layer 12: 85/768 type remove
2026-07-01 06:29:28,295 [til_base.py] => TIL top1: 85.97
2026-07-01 06:29:28,295 [til_base.py] => CIL top1: 71.94 | TIL top1: 85.97
2026-07-01 06:29:28,295 [trainer.py] => No NME accuracy.
2026-07-01 06:29:28,295 [trainer.py] => CNN: {'total': np.float64(71.94), '00-09': np.float64(63.26), '10-19': np.float64(76.32), '20-29': np.float64(68.3), '30-39': np.float64(78.71), 'old': np.float64(69.36), 'new': np.float64(78.71)}
2026-07-01 06:29:28,295 [trainer.py] => CNN top1 curve: [np.float64(89.46), np.float64(81.7), np.float64(75.21), np.float64(71.94)]
2026-07-01 06:29:28,295 [trainer.py] => CNN top5 curve: [np.float64(98.72), np.float64(94.95), np.float64(91.6), np.float64(88.59)]

2026-07-01 06:29:28,295 [trainer.py] => Average Accuracy (CNN): 79.5775 

2026-07-01 06:29:28,298 [trainer.py] => All params: 91727656
2026-07-01 06:29:28,301 [trainer.py] => Trainable params: 67624
2026-07-01 06:29:28,302 [inflora.py] => [InfLoRA] Learning on 40-50
2026-07-01 06:29:37,765 [lora.py] => Trainable params this task: 75,314 / 91,735,346
2026-07-01 06:31:16,659 [lora.py] => Task 4 finished. Train_accy 88.32
2026-07-01 06:31:22,548 [inflora.py] => [InfLoRA] DualGPM threshold: 0.9800
2026-07-01 06:31:27,142 [inflora.py] => [InfLoRA] Layer 1: 8/768 type remove
2026-07-01 06:31:27,142 [inflora.py] => [InfLoRA] Layer 2: 13/768 type remove
2026-07-01 06:31:27,142 [inflora.py] => [InfLoRA] Layer 3: 15/768 type remove
2026-07-01 06:31:27,142 [inflora.py] => [InfLoRA] Layer 4: 35/768 type remove
2026-07-01 06:31:27,142 [inflora.py] => [InfLoRA] Layer 5: 41/768 type remove
2026-07-01 06:31:27,142 [inflora.py] => [InfLoRA] Layer 6: 46/768 type remove
2026-07-01 06:31:27,142 [inflora.py] => [InfLoRA] Layer 7: 49/768 type remove
2026-07-01 06:31:27,142 [inflora.py] => [InfLoRA] Layer 8: 70/768 type remove
2026-07-01 06:31:27,143 [inflora.py] => [InfLoRA] Layer 9: 97/768 type remove
2026-07-01 06:31:27,143 [inflora.py] => [InfLoRA] Layer 10: 78/768 type remove
2026-07-01 06:31:27,143 [inflora.py] => [InfLoRA] Layer 11: 25/768 type remove
2026-07-01 06:31:27,143 [inflora.py] => [InfLoRA] Layer 12: 89/768 type remove
2026-07-01 06:31:42,983 [til_base.py] => TIL top1: 87.17
2026-07-01 06:31:42,983 [til_base.py] => CIL top1: 70.84 | TIL top1: 87.17
2026-07-01 06:31:42,983 [trainer.py] => No NME accuracy.
2026-07-01 06:31:42,984 [trainer.py] => CNN: {'total': np.float64(70.84), '00-09': np.float64(61.66), '10-19': np.float64(73.52), '20-29': np.float64(68.95), '30-39': np.float64(75.07), '40-49': np.float64(73.88), 'old': np.float64(70.01), 'new': np.float64(73.88)}
2026-07-01 06:31:42,984 [trainer.py] => CNN top1 curve: [np.float64(89.46), np.float64(81.7), np.float64(75.21), np.float64(71.94), np.float64(70.84)]
2026-07-01 06:31:42,984 [trainer.py] => CNN top5 curve: [np.float64(98.72), np.float64(94.95), np.float64(91.6), np.float64(88.59), np.float64(87.3)]

2026-07-01 06:31:42,984 [trainer.py] => Average Accuracy (CNN): 77.83 

2026-07-01 06:31:42,987 [trainer.py] => All params: 91735346
2026-07-01 06:31:42,989 [trainer.py] => Trainable params: 75314
2026-07-01 06:31:42,990 [inflora.py] => [InfLoRA] Learning on 50-60
2026-07-01 06:31:52,791 [lora.py] => Trainable params this task: 83,004 / 91,743,036
2026-07-01 06:33:17,285 [lora.py] => Task 5 finished. Train_accy 89.85
2026-07-01 06:33:22,452 [inflora.py] => [InfLoRA] DualGPM threshold: 0.9800
2026-07-01 06:33:26,996 [inflora.py] => [InfLoRA] Layer 1: 8/768 type remove
2026-07-01 06:33:26,996 [inflora.py] => [InfLoRA] Layer 2: 14/768 type remove
2026-07-01 06:33:26,996 [inflora.py] => [InfLoRA] Layer 3: 16/768 type remove
2026-07-01 06:33:26,997 [inflora.py] => [InfLoRA] Layer 4: 40/768 type remove
2026-07-01 06:33:26,997 [inflora.py] => [InfLoRA] Layer 5: 46/768 type remove
2026-07-01 06:33:26,997 [inflora.py] => [InfLoRA] Layer 6: 51/768 type remove
2026-07-01 06:33:26,997 [inflora.py] => [InfLoRA] Layer 7: 54/768 type remove
2026-07-01 06:33:26,997 [inflora.py] => [InfLoRA] Layer 8: 74/768 type remove
2026-07-01 06:33:26,997 [inflora.py] => [InfLoRA] Layer 9: 99/768 type remove
2026-07-01 06:33:26,997 [inflora.py] => [InfLoRA] Layer 10: 79/768 type remove
2026-07-01 06:33:26,997 [inflora.py] => [InfLoRA] Layer 11: 26/768 type remove
2026-07-01 06:33:26,997 [inflora.py] => [InfLoRA] Layer 12: 93/768 type remove
2026-07-01 06:33:46,036 [til_base.py] => TIL top1: 86.25
2026-07-01 06:33:46,036 [til_base.py] => CIL top1: 67.35 | TIL top1: 86.25
2026-07-01 06:33:46,036 [trainer.py] => No NME accuracy.
2026-07-01 06:33:46,036 [trainer.py] => CNN: {'total': np.float64(67.35), '00-09': np.float64(59.42), '10-19': np.float64(69.16), '20-29': np.float64(62.09), '30-39': np.float64(68.91), '40-49': np.float64(67.98), '50-59': np.float64(76.82), 'old': np.float64(65.7), 'new': np.float64(76.82)}
2026-07-01 06:33:46,036 [trainer.py] => CNN top1 curve: [np.float64(89.46), np.float64(81.7), np.float64(75.21), np.float64(71.94), np.float64(70.84), np.float64(67.35)]
2026-07-01 06:33:46,036 [trainer.py] => CNN top5 curve: [np.float64(98.72), np.float64(94.95), np.float64(91.6), np.float64(88.59), np.float64(87.3), np.float64(87.13)]

2026-07-01 06:33:46,036 [trainer.py] => Average Accuracy (CNN): 76.08333333333333 

2026-07-01 06:33:46,039 [trainer.py] => All params: 91743036
2026-07-01 06:33:46,041 [trainer.py] => Trainable params: 83004
2026-07-01 06:33:46,042 [inflora.py] => [InfLoRA] Learning on 60-70
2026-07-01 06:33:53,572 [lora.py] => Trainable params this task: 90,694 / 91,750,726
2026-07-01 06:35:37,053 [lora.py] => Task 6 finished. Train_accy 87.99
2026-07-01 06:35:43,136 [inflora.py] => [InfLoRA] DualGPM threshold: 0.9800
2026-07-01 06:35:47,715 [inflora.py] => [InfLoRA] Layer 1: 8/768 type remove
2026-07-01 06:35:47,715 [inflora.py] => [InfLoRA] Layer 2: 15/768 type remove
2026-07-01 06:35:47,716 [inflora.py] => [InfLoRA] Layer 3: 17/768 type remove
2026-07-01 06:35:47,716 [inflora.py] => [InfLoRA] Layer 4: 45/768 type remove
2026-07-01 06:35:47,716 [inflora.py] => [InfLoRA] Layer 5: 51/768 type remove
2026-07-01 06:35:47,716 [inflora.py] => [InfLoRA] Layer 6: 56/768 type remove
2026-07-01 06:35:47,716 [inflora.py] => [InfLoRA] Layer 7: 59/768 type remove
2026-07-01 06:35:47,716 [inflora.py] => [InfLoRA] Layer 8: 79/768 type remove
2026-07-01 06:35:47,716 [inflora.py] => [InfLoRA] Layer 9: 103/768 type remove
2026-07-01 06:35:47,716 [inflora.py] => [InfLoRA] Layer 10: 81/768 type remove
2026-07-01 06:35:47,716 [inflora.py] => [InfLoRA] Layer 11: 28/768 type remove
2026-07-01 06:35:47,716 [inflora.py] => [InfLoRA] Layer 12: 96/768 type remove
2026-07-01 06:36:10,346 [til_base.py] => TIL top1: 86.63
2026-07-01 06:36:10,347 [til_base.py] => CIL top1: 65.61 | TIL top1: 86.63
2026-07-01 06:36:10,347 [trainer.py] => No NME accuracy.
2026-07-01 06:36:10,347 [trainer.py] => CNN: {'total': np.float64(65.61), '00-09': np.float64(58.47), '10-19': np.float64(61.99), '20-29': np.float64(59.48), '30-39': np.float64(69.19), '40-49': np.float64(68.82), '50-59': np.float64(72.32), '60-69': np.float64(68.17), 'old': np.float64(65.14), 'new': np.float64(68.17)}
2026-07-01 06:36:10,347 [trainer.py] => CNN top1 curve: [np.float64(89.46), np.float64(81.7), np.float64(75.21), np.float64(71.94), np.float64(70.84), np.float64(67.35), np.float64(65.61)]
2026-07-01 06:36:10,347 [trainer.py] => CNN top5 curve: [np.float64(98.72), np.float64(94.95), np.float64(91.6), np.float64(88.59), np.float64(87.3), np.float64(87.13), np.float64(84.81)]

2026-07-01 06:36:10,347 [trainer.py] => Average Accuracy (CNN): 74.58714285714287 

2026-07-01 06:36:10,352 [trainer.py] => All params: 91750726
2026-07-01 06:36:10,355 [trainer.py] => Trainable params: 90694
2026-07-01 06:36:10,357 [inflora.py] => [InfLoRA] Learning on 70-80
2026-07-01 06:36:17,306 [lora.py] => Trainable params this task: 98,384 / 91,758,416
2026-07-01 06:37:49,170 [lora.py] => Task 7 finished. Train_accy 89.80
2026-07-01 06:37:54,606 [inflora.py] => [InfLoRA] DualGPM threshold: 0.9800
2026-07-01 06:37:59,166 [inflora.py] => [InfLoRA] Layer 1: 8/768 type remove
2026-07-01 06:37:59,166 [inflora.py] => [InfLoRA] Layer 2: 16/768 type remove
2026-07-01 06:37:59,166 [inflora.py] => [InfLoRA] Layer 3: 18/768 type remove
2026-07-01 06:37:59,166 [inflora.py] => [InfLoRA] Layer 4: 48/768 type remove
2026-07-01 06:37:59,166 [inflora.py] => [InfLoRA] Layer 5: 54/768 type remove
2026-07-01 06:37:59,166 [inflora.py] => [InfLoRA] Layer 6: 59/768 type remove
2026-07-01 06:37:59,166 [inflora.py] => [InfLoRA] Layer 7: 63/768 type remove
2026-07-01 06:37:59,166 [inflora.py] => [InfLoRA] Layer 8: 84/768 type remove
2026-07-01 06:37:59,166 [inflora.py] => [InfLoRA] Layer 9: 107/768 type remove
2026-07-01 06:37:59,166 [inflora.py] => [InfLoRA] Layer 10: 84/768 type remove
2026-07-01 06:37:59,167 [inflora.py] => [InfLoRA] Layer 11: 30/768 type remove
2026-07-01 06:37:59,167 [inflora.py] => [InfLoRA] Layer 12: 100/768 type remove
2026-07-01 06:38:24,911 [til_base.py] => TIL top1: 86.05
2026-07-01 06:38:24,911 [til_base.py] => CIL top1: 63.87 | TIL top1: 86.05
2026-07-01 06:38:24,911 [trainer.py] => No NME accuracy.
2026-07-01 06:38:24,911 [trainer.py] => CNN: {'total': np.float64(63.87), '00-09': np.float64(55.27), '10-19': np.float64(64.17), '20-29': np.float64(56.54), '30-39': np.float64(67.23), '40-49': np.float64(66.01), '50-59': np.float64(72.66), '60-69': np.float64(63.94), '70-79': np.float64(64.92), 'old': np.float64(63.74), 'new': np.float64(64.92)}
2026-07-01 06:38:24,911 [trainer.py] => CNN top1 curve: [np.float64(89.46), np.float64(81.7), np.float64(75.21), np.float64(71.94), np.float64(70.84), np.float64(67.35), np.float64(65.61), np.float64(63.87)]
2026-07-01 06:38:24,912 [trainer.py] => CNN top5 curve: [np.float64(98.72), np.float64(94.95), np.float64(91.6), np.float64(88.59), np.float64(87.3), np.float64(87.13), np.float64(84.81), np.float64(84.36)]

2026-07-01 06:38:24,912 [trainer.py] => Average Accuracy (CNN): 73.2475 

2026-07-01 06:38:24,916 [trainer.py] => All params: 91758416
2026-07-01 06:38:24,919 [trainer.py] => Trainable params: 98384
2026-07-01 06:38:24,921 [inflora.py] => [InfLoRA] Learning on 80-90
2026-07-01 06:38:30,503 [lora.py] => Trainable params this task: 106,074 / 91,766,106
2026-07-01 06:39:35,936 [lora.py] => Task 8 finished. Train_accy 86.42
2026-07-01 06:39:39,966 [inflora.py] => [InfLoRA] DualGPM threshold: 0.9800
2026-07-01 06:39:44,698 [inflora.py] => [InfLoRA] Layer 1: 8/768 type remove
2026-07-01 06:39:44,698 [inflora.py] => [InfLoRA] Layer 2: 17/768 type remove
2026-07-01 06:39:44,698 [inflora.py] => [InfLoRA] Layer 3: 19/768 type remove
2026-07-01 06:39:44,698 [inflora.py] => [InfLoRA] Layer 4: 51/768 type remove
2026-07-01 06:39:44,698 [inflora.py] => [InfLoRA] Layer 5: 58/768 type remove
2026-07-01 06:39:44,698 [inflora.py] => [InfLoRA] Layer 6: 62/768 type remove
2026-07-01 06:39:44,698 [inflora.py] => [InfLoRA] Layer 7: 67/768 type remove
2026-07-01 06:39:44,698 [inflora.py] => [InfLoRA] Layer 8: 88/768 type remove
2026-07-01 06:39:44,698 [inflora.py] => [InfLoRA] Layer 9: 111/768 type remove
2026-07-01 06:39:44,698 [inflora.py] => [InfLoRA] Layer 10: 87/768 type remove
2026-07-01 06:39:44,698 [inflora.py] => [InfLoRA] Layer 11: 32/768 type remove
2026-07-01 06:39:44,698 [inflora.py] => [InfLoRA] Layer 12: 103/768 type remove
2026-07-01 06:40:13,022 [til_base.py] => TIL top1: 84.2
2026-07-01 06:40:13,022 [til_base.py] => CIL top1: 58.47 | TIL top1: 84.2
2026-07-01 06:40:13,022 [trainer.py] => No NME accuracy.
2026-07-01 06:40:13,023 [trainer.py] => CNN: {'total': np.float64(58.47), '00-09': np.float64(47.6), '10-19': np.float64(56.07), '20-29': np.float64(50.98), '30-39': np.float64(64.15), '40-49': np.float64(57.02), '50-59': np.float64(66.09), '60-69': np.float64(60.0), '70-79': np.float64(59.34), '80-89': np.float64(68.16), 'old': np.float64(57.72), 'new': np.float64(68.16)}
2026-07-01 06:40:13,023 [trainer.py] => CNN top1 curve: [np.float64(89.46), np.float64(81.7), np.float64(75.21), np.float64(71.94), np.float64(70.84), np.float64(67.35), np.float64(65.61), np.float64(63.87), np.float64(58.47)]
2026-07-01 06:40:13,023 [trainer.py] => CNN top5 curve: [np.float64(98.72), np.float64(94.95), np.float64(91.6), np.float64(88.59), np.float64(87.3), np.float64(87.13), np.float64(84.81), np.float64(84.36), np.float64(79.84)]

2026-07-01 06:40:13,023 [trainer.py] => Average Accuracy (CNN): 71.60555555555555 

2026-07-01 06:40:13,028 [trainer.py] => All params: 91766106
2026-07-01 06:40:13,031 [trainer.py] => Trainable params: 106074
2026-07-01 06:40:13,033 [inflora.py] => [InfLoRA] Learning on 90-100
2026-07-01 06:40:18,314 [lora.py] => Trainable params this task: 113,764 / 91,773,796
2026-07-01 06:41:20,501 [lora.py] => Task 9 finished. Train_accy 91.76
2026-07-01 06:41:24,436 [inflora.py] => [InfLoRA] DualGPM threshold: 0.9800
2026-07-01 06:41:29,063 [inflora.py] => [InfLoRA] Layer 1: 8/768 type remove
2026-07-01 06:41:29,063 [inflora.py] => [InfLoRA] Layer 2: 18/768 type remove
2026-07-01 06:41:29,063 [inflora.py] => [InfLoRA] Layer 3: 20/768 type remove
2026-07-01 06:41:29,063 [inflora.py] => [InfLoRA] Layer 4: 55/768 type remove
2026-07-01 06:41:29,063 [inflora.py] => [InfLoRA] Layer 5: 62/768 type remove
2026-07-01 06:41:29,063 [inflora.py] => [InfLoRA] Layer 6: 66/768 type remove
2026-07-01 06:41:29,063 [inflora.py] => [InfLoRA] Layer 7: 70/768 type remove
2026-07-01 06:41:29,063 [inflora.py] => [InfLoRA] Layer 8: 91/768 type remove
2026-07-01 06:41:29,063 [inflora.py] => [InfLoRA] Layer 9: 112/768 type remove
2026-07-01 06:41:29,064 [inflora.py] => [InfLoRA] Layer 10: 88/768 type remove
2026-07-01 06:41:29,064 [inflora.py] => [InfLoRA] Layer 11: 33/768 type remove
2026-07-01 06:41:29,064 [inflora.py] => [InfLoRA] Layer 12: 105/768 type remove
2026-07-01 06:42:00,739 [til_base.py] => TIL top1: 84.32
2026-07-01 06:42:00,740 [til_base.py] => CIL top1: 58.86 | TIL top1: 84.32
2026-07-01 06:42:00,740 [trainer.py] => No NME accuracy.
2026-07-01 06:42:00,740 [trainer.py] => CNN: {'total': np.float64(58.86), '00-09': np.float64(47.92), '10-19': np.float64(56.39), '20-29': np.float64(53.27), '30-39': np.float64(62.46), '40-49': np.float64(61.24), '50-59': np.float64(67.13), '60-69': np.float64(56.06), '70-79': np.float64(64.26), '80-89': np.float64(57.71), '90-99': np.float64(64.02), 'old': np.float64(58.51), 'new': np.float64(64.02)}
2026-07-01 06:42:00,740 [trainer.py] => CNN top1 curve: [np.float64(89.46), np.float64(81.7), np.float64(75.21), np.float64(71.94), np.float64(70.84), np.float64(67.35), np.float64(65.61), np.float64(63.87), np.float64(58.47), np.float64(58.86)]
2026-07-01 06:42:00,740 [trainer.py] => CNN top5 curve: [np.float64(98.72), np.float64(94.95), np.float64(91.6), np.float64(88.59), np.float64(87.3), np.float64(87.13), np.float64(84.81), np.float64(84.36), np.float64(79.84), np.float64(79.81)]

2026-07-01 06:42:00,740 [trainer.py] => Average Accuracy (CNN): 70.331 

2026-07-01 06:42:00,743 [trainer.py] => All params: 91773796
2026-07-01 06:42:00,745 [trainer.py] => Trainable params: 113764
2026-07-01 06:42:00,746 [inflora.py] => [InfLoRA] Learning on 100-110
2026-07-01 06:42:07,822 [lora.py] => Trainable params this task: 121,454 / 91,781,486
2026-07-01 06:43:39,118 [lora.py] => Task 10 finished. Train_accy 87.69
2026-07-01 06:43:44,581 [inflora.py] => [InfLoRA] DualGPM threshold: 0.9800
2026-07-01 06:43:49,126 [inflora.py] => [InfLoRA] Layer 1: 8/768 type remove
2026-07-01 06:43:49,126 [inflora.py] => [InfLoRA] Layer 2: 19/768 type remove
2026-07-01 06:43:49,127 [inflora.py] => [InfLoRA] Layer 3: 21/768 type remove
2026-07-01 06:43:49,127 [inflora.py] => [InfLoRA] Layer 4: 57/768 type remove
2026-07-01 06:43:49,127 [inflora.py] => [InfLoRA] Layer 5: 64/768 type remove
2026-07-01 06:43:49,127 [inflora.py] => [InfLoRA] Layer 6: 68/768 type remove
2026-07-01 06:43:49,127 [inflora.py] => [InfLoRA] Layer 7: 72/768 type remove
2026-07-01 06:43:49,127 [inflora.py] => [InfLoRA] Layer 8: 93/768 type remove
2026-07-01 06:43:49,127 [inflora.py] => [InfLoRA] Layer 9: 113/768 type remove
2026-07-01 06:43:49,127 [inflora.py] => [InfLoRA] Layer 10: 89/768 type remove
2026-07-01 06:43:49,127 [inflora.py] => [InfLoRA] Layer 11: 34/768 type remove
2026-07-01 06:43:49,127 [inflora.py] => [InfLoRA] Layer 12: 108/768 type remove
2026-07-01 06:44:23,216 [til_base.py] => TIL top1: 85.41
2026-07-01 06:44:23,217 [til_base.py] => CIL top1: 57.77 | TIL top1: 85.41
2026-07-01 06:44:23,217 [trainer.py] => No NME accuracy.
2026-07-01 06:44:23,217 [trainer.py] => CNN: {'total': np.float64(57.77), '00-09': np.float64(44.09), '10-19': np.float64(56.07), '20-29': np.float64(53.27), '30-39': np.float64(63.03), '40-49': np.float64(54.49), '50-59': np.float64(64.01), '60-69': np.float64(59.72), '70-79': np.float64(58.03), '80-89': np.float64(61.69), '90-99': np.float64(59.79), '100-109': np.float64(63.86), 'old': np.float64(57.19), 'new': np.float64(63.86)}
2026-07-01 06:44:23,217 [trainer.py] => CNN top1 curve: [np.float64(89.46), np.float64(81.7), np.float64(75.21), np.float64(71.94), np.float64(70.84), np.float64(67.35), np.float64(65.61), np.float64(63.87), np.float64(58.47), np.float64(58.86), np.float64(57.77)]
2026-07-01 06:44:23,217 [trainer.py] => CNN top5 curve: [np.float64(98.72), np.float64(94.95), np.float64(91.6), np.float64(88.59), np.float64(87.3), np.float64(87.13), np.float64(84.81), np.float64(84.36), np.float64(79.84), np.float64(79.81), np.float64(79.28)]

2026-07-01 06:44:23,217 [trainer.py] => Average Accuracy (CNN): 69.18909090909091 

2026-07-01 06:44:23,221 [trainer.py] => All params: 91781486
2026-07-01 06:44:23,225 [trainer.py] => Trainable params: 121454
2026-07-01 06:44:23,227 [inflora.py] => [InfLoRA] Learning on 110-120
2026-07-01 06:44:31,016 [lora.py] => Trainable params this task: 129,144 / 91,789,176
2026-07-01 06:46:20,258 [lora.py] => Task 11 finished. Train_accy 87.88
2026-07-01 06:46:26,587 [inflora.py] => [InfLoRA] DualGPM threshold: 0.9800
2026-07-01 06:46:31,196 [inflora.py] => [InfLoRA] Layer 1: 8/768 type remove
2026-07-01 06:46:31,196 [inflora.py] => [InfLoRA] Layer 2: 20/768 type remove
2026-07-01 06:46:31,196 [inflora.py] => [InfLoRA] Layer 3: 22/768 type remove
2026-07-01 06:46:31,196 [inflora.py] => [InfLoRA] Layer 4: 61/768 type remove
2026-07-01 06:46:31,196 [inflora.py] => [InfLoRA] Layer 5: 69/768 type remove
2026-07-01 06:46:31,196 [inflora.py] => [InfLoRA] Layer 6: 73/768 type remove
2026-07-01 06:46:31,196 [inflora.py] => [InfLoRA] Layer 7: 77/768 type remove
2026-07-01 06:46:31,196 [inflora.py] => [InfLoRA] Layer 8: 98/768 type remove
2026-07-01 06:46:31,196 [inflora.py] => [InfLoRA] Layer 9: 117/768 type remove
2026-07-01 06:46:31,196 [inflora.py] => [InfLoRA] Layer 10: 91/768 type remove
2026-07-01 06:46:31,196 [inflora.py] => [InfLoRA] Layer 11: 35/768 type remove
2026-07-01 06:46:31,196 [inflora.py] => [InfLoRA] Layer 12: 112/768 type remove
2026-07-01 06:47:09,385 [til_base.py] => TIL top1: 85.69
2026-07-01 06:47:09,385 [til_base.py] => CIL top1: 58.87 | TIL top1: 85.69
2026-07-01 06:47:09,386 [trainer.py] => No NME accuracy.
2026-07-01 06:47:09,386 [trainer.py] => CNN: {'total': np.float64(58.87), '00-09': np.float64(45.37), '10-19': np.float64(59.5), '20-29': np.float64(51.31), '30-39': np.float64(62.18), '40-49': np.float64(57.58), '50-59': np.float64(65.05), '60-69': np.float64(57.75), '70-79': np.float64(61.31), '80-89': np.float64(60.7), '90-99': np.float64(62.43), '100-109': np.float64(63.16), '110-119': np.float64(62.39), 'old': np.float64(58.5), 'new': np.float64(62.39)}
2026-07-01 06:47:09,386 [trainer.py] => CNN top1 curve: [np.float64(89.46), np.float64(81.7), np.float64(75.21), np.float64(71.94), np.float64(70.84), np.float64(67.35), np.float64(65.61), np.float64(63.87), np.float64(58.47), np.float64(58.86), np.float64(57.77), np.float64(58.87)]
2026-07-01 06:47:09,386 [trainer.py] => CNN top5 curve: [np.float64(98.72), np.float64(94.95), np.float64(91.6), np.float64(88.59), np.float64(87.3), np.float64(87.13), np.float64(84.81), np.float64(84.36), np.float64(79.84), np.float64(79.81), np.float64(79.28), np.float64(79.97)]

2026-07-01 06:47:09,386 [trainer.py] => Average Accuracy (CNN): 68.32916666666667 

2026-07-01 06:47:09,391 [trainer.py] => All params: 91789176
2026-07-01 06:47:09,396 [trainer.py] => Trainable params: 129144
2026-07-01 06:47:09,398 [inflora.py] => [InfLoRA] Learning on 120-130
2026-07-01 06:47:15,364 [lora.py] => Trainable params this task: 136,834 / 91,796,866
2026-07-01 06:48:29,705 [lora.py] => Task 12 finished. Train_accy 88.27
2026-07-01 06:48:35,352 [inflora.py] => [InfLoRA] DualGPM threshold: 0.9800
2026-07-01 06:48:40,046 [inflora.py] => [InfLoRA] Layer 1: 8/768 type remove
2026-07-01 06:48:40,046 [inflora.py] => [InfLoRA] Layer 2: 21/768 type remove
2026-07-01 06:48:40,046 [inflora.py] => [InfLoRA] Layer 3: 23/768 type remove
2026-07-01 06:48:40,046 [inflora.py] => [InfLoRA] Layer 4: 64/768 type remove
2026-07-01 06:48:40,046 [inflora.py] => [InfLoRA] Layer 5: 72/768 type remove
2026-07-01 06:48:40,046 [inflora.py] => [InfLoRA] Layer 6: 76/768 type remove
2026-07-01 06:48:40,046 [inflora.py] => [InfLoRA] Layer 7: 81/768 type remove
2026-07-01 06:48:40,047 [inflora.py] => [InfLoRA] Layer 8: 100/768 type remove
2026-07-01 06:48:40,047 [inflora.py] => [InfLoRA] Layer 9: 119/768 type remove
2026-07-01 06:48:40,047 [inflora.py] => [InfLoRA] Layer 10: 92/768 type remove
2026-07-01 06:48:40,047 [inflora.py] => [InfLoRA] Layer 11: 36/768 type remove
2026-07-01 06:48:40,047 [inflora.py] => [InfLoRA] Layer 12: 115/768 type remove
2026-07-01 06:49:21,368 [til_base.py] => TIL top1: 85.57
2026-07-01 06:49:21,368 [til_base.py] => CIL top1: 57.72 | TIL top1: 85.57
2026-07-01 06:49:21,368 [trainer.py] => No NME accuracy.
2026-07-01 06:49:21,368 [trainer.py] => CNN: {'total': np.float64(57.72), '00-09': np.float64(47.92), '10-19': np.float64(55.45), '20-29': np.float64(49.67), '30-39': np.float64(63.59), '40-49': np.float64(54.78), '50-59': np.float64(65.05), '60-69': np.float64(57.18), '70-79': np.float64(59.34), '80-89': np.float64(58.21), '90-99': np.float64(63.49), '100-109': np.float64(62.11), '110-119': np.float64(60.93), '120-129': np.float64(54.34), 'old': np.float64(57.93), 'new': np.float64(54.34)}
2026-07-01 06:49:21,368 [trainer.py] => CNN top1 curve: [np.float64(89.46), np.float64(81.7), np.float64(75.21), np.float64(71.94), np.float64(70.84), np.float64(67.35), np.float64(65.61), np.float64(63.87), np.float64(58.47), np.float64(58.86), np.float64(57.77), np.float64(58.87), np.float64(57.72)]
2026-07-01 06:49:21,369 [trainer.py] => CNN top5 curve: [np.float64(98.72), np.float64(94.95), np.float64(91.6), np.float64(88.59), np.float64(87.3), np.float64(87.13), np.float64(84.81), np.float64(84.36), np.float64(79.84), np.float64(79.81), np.float64(79.28), np.float64(79.97), np.float64(79.14)]

2026-07-01 06:49:21,369 [trainer.py] => Average Accuracy (CNN): 67.51307692307692 

2026-07-01 06:49:21,372 [trainer.py] => All params: 91796866
2026-07-01 06:49:21,374 [trainer.py] => Trainable params: 136834
2026-07-01 06:49:21,375 [inflora.py] => [InfLoRA] Learning on 130-140
2026-07-01 06:49:28,928 [lora.py] => Trainable params this task: 144,524 / 91,804,556
2026-07-01 06:51:11,265 [lora.py] => Task 13 finished. Train_accy 86.31
2026-07-01 06:51:20,779 [inflora.py] => [InfLoRA] DualGPM threshold: 0.9800
2026-07-01 06:51:25,501 [inflora.py] => [InfLoRA] Layer 1: 8/768 type remove
2026-07-01 06:51:25,501 [inflora.py] => [InfLoRA] Layer 2: 22/768 type remove
2026-07-01 06:51:25,501 [inflora.py] => [InfLoRA] Layer 3: 24/768 type remove
2026-07-01 06:51:25,501 [inflora.py] => [InfLoRA] Layer 4: 67/768 type remove
2026-07-01 06:51:25,501 [inflora.py] => [InfLoRA] Layer 5: 76/768 type remove
2026-07-01 06:51:25,501 [inflora.py] => [InfLoRA] Layer 6: 79/768 type remove
2026-07-01 06:51:25,501 [inflora.py] => [InfLoRA] Layer 7: 84/768 type remove
2026-07-01 06:51:25,501 [inflora.py] => [InfLoRA] Layer 8: 103/768 type remove
2026-07-01 06:51:25,501 [inflora.py] => [InfLoRA] Layer 9: 121/768 type remove
2026-07-01 06:51:25,501 [inflora.py] => [InfLoRA] Layer 10: 93/768 type remove
2026-07-01 06:51:25,501 [inflora.py] => [InfLoRA] Layer 11: 37/768 type remove
2026-07-01 06:51:25,501 [inflora.py] => [InfLoRA] Layer 12: 120/768 type remove
2026-07-01 06:52:10,673 [til_base.py] => TIL top1: 84.78
2026-07-01 06:52:10,673 [til_base.py] => CIL top1: 57.33 | TIL top1: 84.78
2026-07-01 06:52:10,674 [trainer.py] => No NME accuracy.
2026-07-01 06:52:10,674 [trainer.py] => CNN: {'total': np.float64(57.33), '00-09': np.float64(47.28), '10-19': np.float64(58.88), '20-29': np.float64(45.42), '30-39': np.float64(64.15), '40-49': np.float64(55.62), '50-59': np.float64(62.98), '60-69': np.float64(57.75), '70-79': np.float64(59.67), '80-89': np.float64(60.2), '90-99': np.float64(61.38), '100-109': np.float64(62.46), '110-119': np.float64(61.22), '120-129': np.float64(51.6), '130-139': np.float64(54.4), 'old': np.float64(57.57), 'new': np.float64(54.4)}
2026-07-01 06:52:10,674 [trainer.py] => CNN top1 curve: [np.float64(89.46), np.float64(81.7), np.float64(75.21), np.float64(71.94), np.float64(70.84), np.float64(67.35), np.float64(65.61), np.float64(63.87), np.float64(58.47), np.float64(58.86), np.float64(57.77), np.float64(58.87), np.float64(57.72), np.float64(57.33)]
2026-07-01 06:52:10,674 [trainer.py] => CNN top5 curve: [np.float64(98.72), np.float64(94.95), np.float64(91.6), np.float64(88.59), np.float64(87.3), np.float64(87.13), np.float64(84.81), np.float64(84.36), np.float64(79.84), np.float64(79.81), np.float64(79.28), np.float64(79.97), np.float64(79.14), np.float64(77.91)]

2026-07-01 06:52:10,674 [trainer.py] => Average Accuracy (CNN): 66.78571428571429 

2026-07-01 06:52:10,679 [trainer.py] => All params: 91804556
2026-07-01 06:52:10,683 [trainer.py] => Trainable params: 144524
2026-07-01 06:52:10,686 [inflora.py] => [InfLoRA] Learning on 140-150
2026-07-01 06:52:18,302 [lora.py] => Trainable params this task: 152,214 / 91,812,246
2026-07-01 06:53:47,610 [lora.py] => Task 14 finished. Train_accy 89.69
2026-07-01 06:53:52,884 [inflora.py] => [InfLoRA] DualGPM threshold: 0.9800
2026-07-01 06:53:57,595 [inflora.py] => [InfLoRA] Layer 1: 8/768 type remove
2026-07-01 06:53:57,595 [inflora.py] => [InfLoRA] Layer 2: 23/768 type remove
2026-07-01 06:53:57,595 [inflora.py] => [InfLoRA] Layer 3: 25/768 type remove
2026-07-01 06:53:57,595 [inflora.py] => [InfLoRA] Layer 4: 70/768 type remove
2026-07-01 06:53:57,595 [inflora.py] => [InfLoRA] Layer 5: 80/768 type remove
2026-07-01 06:53:57,595 [inflora.py] => [InfLoRA] Layer 6: 82/768 type remove
2026-07-01 06:53:57,595 [inflora.py] => [InfLoRA] Layer 7: 88/768 type remove
2026-07-01 06:53:57,595 [inflora.py] => [InfLoRA] Layer 8: 106/768 type remove
2026-07-01 06:53:57,595 [inflora.py] => [InfLoRA] Layer 9: 126/768 type remove
2026-07-01 06:53:57,596 [inflora.py] => [InfLoRA] Layer 10: 99/768 type remove
2026-07-01 06:53:57,596 [inflora.py] => [InfLoRA] Layer 11: 39/768 type remove
2026-07-01 06:53:57,596 [inflora.py] => [InfLoRA] Layer 12: 126/768 type remove
2026-07-01 06:54:46,111 [til_base.py] => TIL top1: 84.69
2026-07-01 06:54:46,111 [til_base.py] => CIL top1: 55.82 | TIL top1: 84.69
2026-07-01 06:54:46,111 [trainer.py] => No NME accuracy.
2026-07-01 06:54:46,111 [trainer.py] => CNN: {'total': np.float64(55.82), '00-09': np.float64(41.85), '10-19': np.float64(55.76), '20-29': np.float64(46.41), '30-39': np.float64(60.78), '40-49': np.float64(56.46), '50-59': np.float64(62.63), '60-69': np.float64(54.37), '70-79': np.float64(59.02), '80-89': np.float64(57.21), '90-99': np.float64(60.32), '100-109': np.float64(61.05), '110-119': np.float64(59.18), '120-129': np.float64(48.86), '130-139': np.float64(49.51), '140-149': np.float64(65.62), 'old': np.float64(55.21), 'new': np.float64(65.62)}
2026-07-01 06:54:46,112 [trainer.py] => CNN top1 curve: [np.float64(89.46), np.float64(81.7), np.float64(75.21), np.float64(71.94), np.float64(70.84), np.float64(67.35), np.float64(65.61), np.float64(63.87), np.float64(58.47), np.float64(58.86), np.float64(57.77), np.float64(58.87), np.float64(57.72), np.float64(57.33), np.float64(55.82)]
2026-07-01 06:54:46,112 [trainer.py] => CNN top5 curve: [np.float64(98.72), np.float64(94.95), np.float64(91.6), np.float64(88.59), np.float64(87.3), np.float64(87.13), np.float64(84.81), np.float64(84.36), np.float64(79.84), np.float64(79.81), np.float64(79.28), np.float64(79.97), np.float64(79.14), np.float64(77.91), np.float64(76.44)]

2026-07-01 06:54:46,112 [trainer.py] => Average Accuracy (CNN): 66.05466666666668 

2026-07-01 06:54:46,114 [trainer.py] => All params: 91812246
2026-07-01 06:54:46,117 [trainer.py] => Trainable params: 152214
2026-07-01 06:54:46,118 [inflora.py] => [InfLoRA] Learning on 150-160
2026-07-01 06:54:53,227 [lora.py] => Trainable params this task: 159,904 / 91,819,936
2026-07-01 06:56:29,935 [lora.py] => Task 15 finished. Train_accy 90.52
2026-07-01 06:56:35,674 [inflora.py] => [InfLoRA] DualGPM threshold: 0.9800
2026-07-01 06:56:40,238 [inflora.py] => [InfLoRA] Layer 1: 8/768 type remove
2026-07-01 06:56:40,238 [inflora.py] => [InfLoRA] Layer 2: 24/768 type remove
2026-07-01 06:56:40,238 [inflora.py] => [InfLoRA] Layer 3: 26/768 type remove
2026-07-01 06:56:40,238 [inflora.py] => [InfLoRA] Layer 4: 72/768 type remove
2026-07-01 06:56:40,238 [inflora.py] => [InfLoRA] Layer 5: 82/768 type remove
2026-07-01 06:56:40,238 [inflora.py] => [InfLoRA] Layer 6: 84/768 type remove
2026-07-01 06:56:40,238 [inflora.py] => [InfLoRA] Layer 7: 91/768 type remove
2026-07-01 06:56:40,238 [inflora.py] => [InfLoRA] Layer 8: 108/768 type remove
2026-07-01 06:56:40,238 [inflora.py] => [InfLoRA] Layer 9: 127/768 type remove
2026-07-01 06:56:40,238 [inflora.py] => [InfLoRA] Layer 10: 100/768 type remove
2026-07-01 06:56:40,238 [inflora.py] => [InfLoRA] Layer 11: 40/768 type remove
2026-07-01 06:56:40,238 [inflora.py] => [InfLoRA] Layer 12: 129/768 type remove
2026-07-01 06:57:32,523 [til_base.py] => TIL top1: 85.34
2026-07-01 06:57:32,523 [til_base.py] => CIL top1: 55.45 | TIL top1: 85.34
2026-07-01 06:57:32,523 [trainer.py] => No NME accuracy.
2026-07-01 06:57:32,523 [trainer.py] => CNN: {'total': np.float64(55.45), '00-09': np.float64(43.45), '10-19': np.float64(54.21), '20-29': np.float64(46.08), '30-39': np.float64(59.66), '40-49': np.float64(52.81), '50-59': np.float64(58.13), '60-69': np.float64(53.24), '70-79': np.float64(60.98), '80-89': np.float64(56.22), '90-99': np.float64(57.14), '100-109': np.float64(60.35), '110-119': np.float64(58.02), '120-129': np.float64(45.21), '130-139': np.float64(50.49), '140-149': np.float64(65.62), '150-159': np.float64(66.91), 'old': np.float64(54.73), 'new': np.float64(66.91)}
2026-07-01 06:57:32,523 [trainer.py] => CNN top1 curve: [np.float64(89.46), np.float64(81.7), np.float64(75.21), np.float64(71.94), np.float64(70.84), np.float64(67.35), np.float64(65.61), np.float64(63.87), np.float64(58.47), np.float64(58.86), np.float64(57.77), np.float64(58.87), np.float64(57.72), np.float64(57.33), np.float64(55.82), np.float64(55.45)]
2026-07-01 06:57:32,524 [trainer.py] => CNN top5 curve: [np.float64(98.72), np.float64(94.95), np.float64(91.6), np.float64(88.59), np.float64(87.3), np.float64(87.13), np.float64(84.81), np.float64(84.36), np.float64(79.84), np.float64(79.81), np.float64(79.28), np.float64(79.97), np.float64(79.14), np.float64(77.91), np.float64(76.44), np.float64(77.03)]

2026-07-01 06:57:32,524 [trainer.py] => Average Accuracy (CNN): 65.39187500000001 

2026-07-01 06:57:32,527 [trainer.py] => All params: 91819936
2026-07-01 06:57:32,529 [trainer.py] => Trainable params: 159904
2026-07-01 06:57:32,531 [inflora.py] => [InfLoRA] Learning on 160-170
2026-07-01 06:57:41,024 [lora.py] => Trainable params this task: 167,594 / 91,827,626
2026-07-01 06:59:34,066 [lora.py] => Task 16 finished. Train_accy 86.15
2026-07-01 06:59:40,657 [inflora.py] => [InfLoRA] DualGPM threshold: 0.9800
2026-07-01 06:59:45,177 [inflora.py] => [InfLoRA] Layer 1: 8/768 type remove
2026-07-01 06:59:45,177 [inflora.py] => [InfLoRA] Layer 2: 25/768 type remove
2026-07-01 06:59:45,177 [inflora.py] => [InfLoRA] Layer 3: 27/768 type remove
2026-07-01 06:59:45,177 [inflora.py] => [InfLoRA] Layer 4: 74/768 type remove
2026-07-01 06:59:45,177 [inflora.py] => [InfLoRA] Layer 5: 84/768 type remove
2026-07-01 06:59:45,177 [inflora.py] => [InfLoRA] Layer 6: 86/768 type remove
2026-07-01 06:59:45,177 [inflora.py] => [InfLoRA] Layer 7: 94/768 type remove
2026-07-01 06:59:45,177 [inflora.py] => [InfLoRA] Layer 8: 110/768 type remove
2026-07-01 06:59:45,177 [inflora.py] => [InfLoRA] Layer 9: 128/768 type remove
2026-07-01 06:59:45,177 [inflora.py] => [InfLoRA] Layer 10: 101/768 type remove
2026-07-01 06:59:45,177 [inflora.py] => [InfLoRA] Layer 11: 41/768 type remove
2026-07-01 06:59:45,177 [inflora.py] => [InfLoRA] Layer 12: 132/768 type remove
2026-07-01 07:00:42,184 [til_base.py] => TIL top1: 84.9
2026-07-01 07:00:42,184 [til_base.py] => CIL top1: 54.73 | TIL top1: 84.9
2026-07-01 07:00:42,184 [trainer.py] => No NME accuracy.
2026-07-01 07:00:42,185 [trainer.py] => CNN: {'total': np.float64(54.73), '00-09': np.float64(42.17), '10-19': np.float64(50.47), '20-29': np.float64(48.69), '30-39': np.float64(60.5), '40-49': np.float64(53.65), '50-59': np.float64(62.63), '60-69': np.float64(52.39), '70-79': np.float64(60.33), '80-89': np.float64(54.73), '90-99': np.float64(58.73), '100-109': np.float64(56.14), '110-119': np.float64(53.94), '120-129': np.float64(45.66), '130-139': np.float64(45.28), '140-149': np.float64(60.55), '150-159': np.float64(66.91), '160-169': np.float64(59.19), 'old': np.float64(54.42), 'new': np.float64(59.19)}
2026-07-01 07:00:42,185 [trainer.py] => CNN top1 curve: [np.float64(89.46), np.float64(81.7), np.float64(75.21), np.float64(71.94), np.float64(70.84), np.float64(67.35), np.float64(65.61), np.float64(63.87), np.float64(58.47), np.float64(58.86), np.float64(57.77), np.float64(58.87), np.float64(57.72), np.float64(57.33), np.float64(55.82), np.float64(55.45), np.float64(54.73)]
2026-07-01 07:00:42,185 [trainer.py] => CNN top5 curve: [np.float64(98.72), np.float64(94.95), np.float64(91.6), np.float64(88.59), np.float64(87.3), np.float64(87.13), np.float64(84.81), np.float64(84.36), np.float64(79.84), np.float64(79.81), np.float64(79.28), np.float64(79.97), np.float64(79.14), np.float64(77.91), np.float64(76.44), np.float64(77.03), np.float64(75.8)]

2026-07-01 07:00:42,185 [trainer.py] => Average Accuracy (CNN): 64.76470588235296 

2026-07-01 07:00:42,191 [trainer.py] => All params: 91827626
2026-07-01 07:00:42,195 [trainer.py] => Trainable params: 167594
2026-07-01 07:00:42,198 [inflora.py] => [InfLoRA] Learning on 170-180
2026-07-01 07:00:49,421 [lora.py] => Trainable params this task: 175,284 / 91,835,316
2026-07-01 07:02:28,473 [lora.py] => Task 17 finished. Train_accy 83.26
2026-07-01 07:02:34,212 [inflora.py] => [InfLoRA] DualGPM threshold: 0.9800
2026-07-01 07:02:38,827 [inflora.py] => [InfLoRA] Layer 1: 8/768 type remove
2026-07-01 07:02:38,827 [inflora.py] => [InfLoRA] Layer 2: 26/768 type remove
2026-07-01 07:02:38,827 [inflora.py] => [InfLoRA] Layer 3: 28/768 type remove
2026-07-01 07:02:38,827 [inflora.py] => [InfLoRA] Layer 4: 75/768 type remove
2026-07-01 07:02:38,827 [inflora.py] => [InfLoRA] Layer 5: 86/768 type remove
2026-07-01 07:02:38,827 [inflora.py] => [InfLoRA] Layer 6: 89/768 type remove
2026-07-01 07:02:38,827 [inflora.py] => [InfLoRA] Layer 7: 97/768 type remove
2026-07-01 07:02:38,827 [inflora.py] => [InfLoRA] Layer 8: 112/768 type remove
2026-07-01 07:02:38,827 [inflora.py] => [InfLoRA] Layer 9: 130/768 type remove
2026-07-01 07:02:38,827 [inflora.py] => [InfLoRA] Layer 10: 103/768 type remove
2026-07-01 07:02:38,828 [inflora.py] => [InfLoRA] Layer 11: 42/768 type remove
2026-07-01 07:02:38,828 [inflora.py] => [InfLoRA] Layer 12: 135/768 type remove
2026-07-01 07:03:39,538 [til_base.py] => TIL top1: 84.7
2026-07-01 07:03:39,539 [til_base.py] => CIL top1: 53.92 | TIL top1: 84.7
2026-07-01 07:03:39,539 [trainer.py] => No NME accuracy.
2026-07-01 07:03:39,539 [trainer.py] => CNN: {'total': np.float64(53.92), '00-09': np.float64(42.17), '10-19': np.float64(52.65), '20-29': np.float64(46.73), '30-39': np.float64(57.98), '40-49': np.float64(50.56), '50-59': np.float64(61.59), '60-69': np.float64(54.37), '70-79': np.float64(60.98), '80-89': np.float64(56.72), '90-99': np.float64(56.61), '100-109': np.float64(55.44), '110-119': np.float64(55.69), '120-129': np.float64(45.21), '130-139': np.float64(43.0), '140-149': np.float64(61.72), '150-159': np.float64(62.95), '160-169': np.float64(55.14), '170-179': np.float64(52.94), 'old': np.float64(53.97), 'new': np.float64(52.94)}
2026-07-01 07:03:39,539 [trainer.py] => CNN top1 curve: [np.float64(89.46), np.float64(81.7), np.float64(75.21), np.float64(71.94), np.float64(70.84), np.float64(67.35), np.float64(65.61), np.float64(63.87), np.float64(58.47), np.float64(58.86), np.float64(57.77), np.float64(58.87), np.float64(57.72), np.float64(57.33), np.float64(55.82), np.float64(55.45), np.float64(54.73), np.float64(53.92)]
2026-07-01 07:03:39,539 [trainer.py] => CNN top5 curve: [np.float64(98.72), np.float64(94.95), np.float64(91.6), np.float64(88.59), np.float64(87.3), np.float64(87.13), np.float64(84.81), np.float64(84.36), np.float64(79.84), np.float64(79.81), np.float64(79.28), np.float64(79.97), np.float64(79.14), np.float64(77.91), np.float64(76.44), np.float64(77.03), np.float64(75.8), np.float64(75.14)]

2026-07-01 07:03:39,539 [trainer.py] => Average Accuracy (CNN): 64.16222222222224 

2026-07-01 07:03:39,543 [trainer.py] => All params: 91835316
2026-07-01 07:03:39,546 [trainer.py] => Trainable params: 175284
2026-07-01 07:03:39,549 [inflora.py] => [InfLoRA] Learning on 180-190
2026-07-01 07:03:47,901 [lora.py] => Trainable params this task: 182,974 / 91,843,006
2026-07-01 07:05:49,233 [lora.py] => Task 18 finished. Train_accy 88.04
2026-07-01 07:05:56,272 [inflora.py] => [InfLoRA] DualGPM threshold: 0.9800
2026-07-01 07:06:00,904 [inflora.py] => [InfLoRA] Layer 1: 8/768 type remove
2026-07-01 07:06:00,904 [inflora.py] => [InfLoRA] Layer 2: 27/768 type remove
2026-07-01 07:06:00,904 [inflora.py] => [InfLoRA] Layer 3: 29/768 type remove
2026-07-01 07:06:00,904 [inflora.py] => [InfLoRA] Layer 4: 78/768 type remove
2026-07-01 07:06:00,904 [inflora.py] => [InfLoRA] Layer 5: 88/768 type remove
2026-07-01 07:06:00,904 [inflora.py] => [InfLoRA] Layer 6: 91/768 type remove
2026-07-01 07:06:00,905 [inflora.py] => [InfLoRA] Layer 7: 100/768 type remove
2026-07-01 07:06:00,905 [inflora.py] => [InfLoRA] Layer 8: 115/768 type remove
2026-07-01 07:06:00,905 [inflora.py] => [InfLoRA] Layer 9: 133/768 type remove
2026-07-01 07:06:00,905 [inflora.py] => [InfLoRA] Layer 10: 105/768 type remove
2026-07-01 07:06:00,905 [inflora.py] => [InfLoRA] Layer 11: 44/768 type remove
2026-07-01 07:06:00,905 [inflora.py] => [InfLoRA] Layer 12: 139/768 type remove
2026-07-01 07:07:05,184 [til_base.py] => TIL top1: 85.35
2026-07-01 07:07:05,184 [til_base.py] => CIL top1: 53.81 | TIL top1: 85.35
2026-07-01 07:07:05,184 [trainer.py] => No NME accuracy.
2026-07-01 07:07:05,184 [trainer.py] => CNN: {'total': np.float64(53.81), '00-09': np.float64(38.02), '10-19': np.float64(49.22), '20-29': np.float64(44.12), '30-39': np.float64(59.38), '40-49': np.float64(53.37), '50-59': np.float64(59.52), '60-69': np.float64(53.8), '70-79': np.float64(60.66), '80-89': np.float64(52.74), '90-99': np.float64(53.97), '100-109': np.float64(55.44), '110-119': np.float64(58.6), '120-129': np.float64(49.32), '130-139': np.float64(44.3), '140-149': np.float64(59.77), '150-159': np.float64(65.11), '160-169': np.float64(55.14), '170-179': np.float64(49.26), '180-189': np.float64(59.64), 'old': np.float64(53.44), 'new': np.float64(59.64)}
2026-07-01 07:07:05,185 [trainer.py] => CNN top1 curve: [np.float64(89.46), np.float64(81.7), np.float64(75.21), np.float64(71.94), np.float64(70.84), np.float64(67.35), np.float64(65.61), np.float64(63.87), np.float64(58.47), np.float64(58.86), np.float64(57.77), np.float64(58.87), np.float64(57.72), np.float64(57.33), np.float64(55.82), np.float64(55.45), np.float64(54.73), np.float64(53.92), np.float64(53.81)]
2026-07-01 07:07:05,185 [trainer.py] => CNN top5 curve: [np.float64(98.72), np.float64(94.95), np.float64(91.6), np.float64(88.59), np.float64(87.3), np.float64(87.13), np.float64(84.81), np.float64(84.36), np.float64(79.84), np.float64(79.81), np.float64(79.28), np.float64(79.97), np.float64(79.14), np.float64(77.91), np.float64(76.44), np.float64(77.03), np.float64(75.8), np.float64(75.14), np.float64(74.8)]

2026-07-01 07:07:05,185 [trainer.py] => Average Accuracy (CNN): 63.617368421052646 

2026-07-01 07:07:05,187 [trainer.py] => All params: 91843006
2026-07-01 07:07:05,189 [trainer.py] => Trainable params: 182974
2026-07-01 07:07:05,191 [inflora.py] => [InfLoRA] Learning on 190-200
2026-07-01 07:07:13,342 [lora.py] => Trainable params this task: 190,664 / 91,850,696
2026-07-01 07:09:08,671 [lora.py] => Task 19 finished. Train_accy 90.57
2026-07-01 07:09:15,395 [inflora.py] => [InfLoRA] DualGPM threshold: 0.9800
2026-07-01 07:09:19,909 [inflora.py] => [InfLoRA] Layer 1: 8/768 type remove
2026-07-01 07:09:19,910 [inflora.py] => [InfLoRA] Layer 2: 28/768 type remove
2026-07-01 07:09:19,910 [inflora.py] => [InfLoRA] Layer 3: 30/768 type remove
2026-07-01 07:09:19,910 [inflora.py] => [InfLoRA] Layer 4: 80/768 type remove
2026-07-01 07:09:19,910 [inflora.py] => [InfLoRA] Layer 5: 92/768 type remove
2026-07-01 07:09:19,910 [inflora.py] => [InfLoRA] Layer 6: 95/768 type remove
2026-07-01 07:09:19,910 [inflora.py] => [InfLoRA] Layer 7: 103/768 type remove
2026-07-01 07:09:19,910 [inflora.py] => [InfLoRA] Layer 8: 116/768 type remove
2026-07-01 07:09:19,910 [inflora.py] => [InfLoRA] Layer 9: 135/768 type remove
2026-07-01 07:09:19,910 [inflora.py] => [InfLoRA] Layer 10: 107/768 type remove
2026-07-01 07:09:19,910 [inflora.py] => [InfLoRA] Layer 11: 45/768 type remove
2026-07-01 07:09:19,910 [inflora.py] => [InfLoRA] Layer 12: 143/768 type remove
2026-07-01 07:10:29,202 [til_base.py] => TIL top1: 85.48
2026-07-01 07:10:29,203 [til_base.py] => CIL top1: 53.07 | TIL top1: 85.48
2026-07-01 07:10:29,203 [trainer.py] => No NME accuracy.
2026-07-01 07:10:29,203 [trainer.py] => CNN: {'total': np.float64(53.07), '00-09': np.float64(38.34), '10-19': np.float64(46.42), '20-29': np.float64(41.83), '30-39': np.float64(56.02), '40-49': np.float64(48.88), '50-59': np.float64(60.55), '60-69': np.float64(53.24), '70-79': np.float64(56.07), '80-89': np.float64(53.23), '90-99': np.float64(56.08), '100-109': np.float64(57.19), '110-119': np.float64(57.14), '120-129': np.float64(46.58), '130-139': np.float64(42.02), '140-149': np.float64(61.33), '150-159': np.float64(65.47), '160-169': np.float64(52.65), '170-179': np.float64(47.43), '180-189': np.float64(58.16), '190-199': np.float64(64.33), 'old': np.float64(52.44), 'new': np.float64(64.33)}
2026-07-01 07:10:29,203 [trainer.py] => CNN top1 curve: [np.float64(89.46), np.float64(81.7), np.float64(75.21), np.float64(71.94), np.float64(70.84), np.float64(67.35), np.float64(65.61), np.float64(63.87), np.float64(58.47), np.float64(58.86), np.float64(57.77), np.float64(58.87), np.float64(57.72), np.float64(57.33), np.float64(55.82), np.float64(55.45), np.float64(54.73), np.float64(53.92), np.float64(53.81), np.float64(53.07)]
2026-07-01 07:10:29,203 [trainer.py] => CNN top5 curve: [np.float64(98.72), np.float64(94.95), np.float64(91.6), np.float64(88.59), np.float64(87.3), np.float64(87.13), np.float64(84.81), np.float64(84.36), np.float64(79.84), np.float64(79.81), np.float64(79.28), np.float64(79.97), np.float64(79.14), np.float64(77.91), np.float64(76.44), np.float64(77.03), np.float64(75.8), np.float64(75.14), np.float64(74.8), np.float64(75.03)]

2026-07-01 07:10:29,203 [trainer.py] => Average Accuracy (CNN): 63.09000000000001 

2026-07-01 07:10:29,205 [trainer.py] => Forgetting (CNN): 15.029473684210526
2026-07-01 07:10:29,205 [trainer.py] => Forgetting (NME): 15.029473684210526
2026-07-01 07:10:29,207 [trainer.py] => Forgetting (TIL): 2.3394736842105264
2026-07-01 17:20:03,076 [trainer.py] => config: ./exps/inflora_inr20t_task_s1995.json
2026-07-01 17:20:03,076 [trainer.py] => dataset: imagenetr
2026-07-01 17:20:03,076 [trainer.py] => memory_size: 0
2026-07-01 17:20:03,076 [trainer.py] => memory_per_class: 0
2026-07-01 17:20:03,076 [trainer.py] => fixed_memory: False
2026-07-01 17:20:03,076 [trainer.py] => shuffle: True
2026-07-01 17:20:03,076 [trainer.py] => init_cls: 10
2026-07-01 17:20:03,076 [trainer.py] => increment: 10
2026-07-01 17:20:03,076 [trainer.py] => backbone_type: vit_base_patch16_224_lora
2026-07-01 17:20:03,076 [trainer.py] => device: [device(type='cuda', index=0)]
2026-07-01 17:20:03,076 [trainer.py] => seed: 1995
2026-07-01 17:20:03,076 [trainer.py] => scenario: both
2026-07-01 17:20:03,076 [trainer.py] => lora_rank: 8
2026-07-01 17:20:03,076 [trainer.py] => tuned_epoch: 10
2026-07-01 17:20:03,076 [trainer.py] => init_lr: 0.0003
2026-07-01 17:20:03,076 [trainer.py] => batch_size: 48
2026-07-01 17:20:03,076 [trainer.py] => weight_decay: 0.0005
2026-07-01 17:20:03,077 [trainer.py] => min_lr: 0.0
2026-07-01 17:20:03,077 [trainer.py] => pretrained: True
2026-07-01 17:20:03,077 [trainer.py] => print_forget: True
2026-07-01 17:20:03,077 [trainer.py] => model_name: inflora
2026-07-01 17:20:03,077 [trainer.py] => lora_alpha: 32
2026-07-01 17:20:03,077 [trainer.py] => lora_merge: True
2026-07-01 17:20:03,077 [trainer.py] => lamb: 0.98
2026-07-01 17:20:03,077 [trainer.py] => lame: 0.98
2026-07-01 17:20:03,077 [trainer.py] => prefix: inr20t_task
2026-07-01 17:20:03,158 [data_manager.py] => [146, 198, 169, 126, 142, 183, 108, 86, 79, 35, 112, 29, 0, 2, 59, 178, 143, 31, 147, 33, 123, 114, 194, 54, 138, 75, 158, 26, 131, 141, 180, 132, 22, 49, 116, 111, 24, 98, 107, 89, 151, 83, 185, 15, 27, 136, 65, 1, 82, 87, 99, 153, 47, 144, 145, 175, 155, 77, 191, 199, 46, 28, 76, 71, 93, 137, 5, 188, 187, 74, 103, 173, 18, 80, 88, 48, 109, 81, 91, 101, 43, 102, 61, 182, 3, 14, 40, 42, 167, 66, 57, 73, 135, 39, 45, 184, 161, 85, 148, 121, 8, 195, 21, 4, 106, 133, 118, 10, 176, 50, 36, 192, 162, 172, 96, 197, 20, 117, 140, 186, 92, 97, 44, 149, 13, 37, 170, 25, 181, 171, 23, 104, 189, 11, 159, 67, 94, 68, 55, 6, 150, 165, 120, 139, 72, 154, 115, 125, 53, 58, 16, 113, 41, 190, 174, 127, 110, 7, 38, 32, 95, 19, 196, 51, 78, 34, 122, 152, 119, 134, 129, 130, 128, 17, 30, 90, 124, 160, 100, 193, 12, 56, 64, 168, 105, 63, 177, 70, 60, 163, 9, 62, 156, 52, 84, 157, 69, 179, 166, 164]
2026-07-01 17:20:05,911 [trainer.py] => All params: 91696896
2026-07-01 17:20:05,914 [trainer.py] => Trainable params: 5898240
2026-07-01 17:20:06,731 [inflora.py] => [InfLoRA] Learning on 0-10
2026-07-01 17:20:15,120 [lora.py] => Trainable params this task: 155,146 / 91,704,586
2026-07-01 17:21:36,177 [lora.py] => Task 0 finished. Train_accy 88.92
2026-07-01 17:21:40,849 [inflora.py] => [InfLoRA] DualGPM threshold: 0.9800
2026-07-01 17:21:43,171 [inflora.py] => [InfLoRA] Layer 1: 7/768 type remove
2026-07-01 17:21:43,171 [inflora.py] => [InfLoRA] Layer 2: 11/768 type remove
2026-07-01 17:21:43,171 [inflora.py] => [InfLoRA] Layer 3: 15/768 type remove
2026-07-01 17:21:43,171 [inflora.py] => [InfLoRA] Layer 4: 20/768 type remove
2026-07-01 17:21:43,171 [inflora.py] => [InfLoRA] Layer 5: 32/768 type remove
2026-07-01 17:21:43,171 [inflora.py] => [InfLoRA] Layer 6: 29/768 type remove
2026-07-01 17:21:43,171 [inflora.py] => [InfLoRA] Layer 7: 27/768 type remove
2026-07-01 17:21:43,171 [inflora.py] => [InfLoRA] Layer 8: 26/768 type remove
2026-07-01 17:21:43,171 [inflora.py] => [InfLoRA] Layer 9: 25/768 type remove
2026-07-01 17:21:43,171 [inflora.py] => [InfLoRA] Layer 10: 30/768 type remove
2026-07-01 17:21:43,171 [inflora.py] => [InfLoRA] Layer 11: 10/768 type remove
2026-07-01 17:21:43,171 [inflora.py] => [InfLoRA] Layer 12: 14/768 type remove
2026-07-01 17:21:46,598 [til_base.py] => TIL top1: 93.61
2026-07-01 17:21:46,598 [til_base.py] => CIL top1: 93.61 | TIL top1: 93.61
2026-07-01 17:21:46,598 [trainer.py] => No NME accuracy.
2026-07-01 17:21:46,598 [trainer.py] => CNN: {'total': np.float64(93.61), '00-09': np.float64(93.61), 'old': 0, 'new': np.float64(93.61)}
2026-07-01 17:21:46,598 [trainer.py] => CNN top1 curve: [np.float64(93.61)]
2026-07-01 17:21:46,599 [trainer.py] => CNN top5 curve: [np.float64(99.04)]

2026-07-01 17:21:46,599 [trainer.py] => Average Accuracy (CNN): 93.61 

2026-07-01 17:21:46,602 [trainer.py] => All params: 91704586
2026-07-01 17:21:46,604 [trainer.py] => Trainable params: 155146
2026-07-01 17:21:46,605 [inflora.py] => [InfLoRA] Learning on 10-20
2026-07-01 17:21:53,061 [lora.py] => Trainable params this task: 162,836 / 91,712,276
2026-07-01 17:23:19,127 [lora.py] => Task 1 finished. Train_accy 90.25
2026-07-01 17:23:24,321 [inflora.py] => [InfLoRA] DualGPM threshold: 0.9800
2026-07-01 17:23:29,038 [inflora.py] => [InfLoRA] Layer 1: 8/768 type remove
2026-07-01 17:23:29,039 [inflora.py] => [InfLoRA] Layer 2: 13/768 type remove
2026-07-01 17:23:29,039 [inflora.py] => [InfLoRA] Layer 3: 20/768 type remove
2026-07-01 17:23:29,039 [inflora.py] => [InfLoRA] Layer 4: 26/768 type remove
2026-07-01 17:23:29,039 [inflora.py] => [InfLoRA] Layer 5: 41/768 type remove
2026-07-01 17:23:29,039 [inflora.py] => [InfLoRA] Layer 6: 38/768 type remove
2026-07-01 17:23:29,039 [inflora.py] => [InfLoRA] Layer 7: 37/768 type remove
2026-07-01 17:23:29,039 [inflora.py] => [InfLoRA] Layer 8: 40/768 type remove
2026-07-01 17:23:29,039 [inflora.py] => [InfLoRA] Layer 9: 42/768 type remove
2026-07-01 17:23:29,039 [inflora.py] => [InfLoRA] Layer 10: 49/768 type remove
2026-07-01 17:23:29,039 [inflora.py] => [InfLoRA] Layer 11: 21/768 type remove
2026-07-01 17:23:29,039 [inflora.py] => [InfLoRA] Layer 12: 28/768 type remove
2026-07-01 17:23:35,721 [til_base.py] => TIL top1: 93.38
2026-07-01 17:23:35,722 [til_base.py] => CIL top1: 88.64 | TIL top1: 93.38
2026-07-01 17:23:35,722 [trainer.py] => No NME accuracy.
2026-07-01 17:23:35,722 [trainer.py] => CNN: {'total': np.float64(88.64), '00-09': np.float64(85.94), '10-19': np.float64(91.28), 'old': np.float64(85.94), 'new': np.float64(91.28)}
2026-07-01 17:23:35,722 [trainer.py] => CNN top1 curve: [np.float64(93.61), np.float64(88.64)]
2026-07-01 17:23:35,722 [trainer.py] => CNN top5 curve: [np.float64(99.04), np.float64(97.16)]

2026-07-01 17:23:35,722 [trainer.py] => Average Accuracy (CNN): 91.125 

2026-07-01 17:23:35,725 [trainer.py] => All params: 91712276
2026-07-01 17:23:35,728 [trainer.py] => Trainable params: 162836
2026-07-01 17:23:35,728 [inflora.py] => [InfLoRA] Learning on 20-30
2026-07-01 17:23:42,386 [lora.py] => Trainable params this task: 170,526 / 91,719,966
2026-07-01 17:25:06,860 [lora.py] => Task 2 finished. Train_accy 85.00
2026-07-01 17:25:11,894 [inflora.py] => [InfLoRA] DualGPM threshold: 0.9800
2026-07-01 17:25:16,562 [inflora.py] => [InfLoRA] Layer 1: 8/768 type remove
2026-07-01 17:25:16,562 [inflora.py] => [InfLoRA] Layer 2: 14/768 type remove
2026-07-01 17:25:16,562 [inflora.py] => [InfLoRA] Layer 3: 22/768 type remove
2026-07-01 17:25:16,563 [inflora.py] => [InfLoRA] Layer 4: 30/768 type remove
2026-07-01 17:25:16,563 [inflora.py] => [InfLoRA] Layer 5: 46/768 type remove
2026-07-01 17:25:16,563 [inflora.py] => [InfLoRA] Layer 6: 43/768 type remove
2026-07-01 17:25:16,563 [inflora.py] => [InfLoRA] Layer 7: 43/768 type remove
2026-07-01 17:25:16,563 [inflora.py] => [InfLoRA] Layer 8: 46/768 type remove
2026-07-01 17:25:16,563 [inflora.py] => [InfLoRA] Layer 9: 51/768 type remove
2026-07-01 17:25:16,563 [inflora.py] => [InfLoRA] Layer 10: 64/768 type remove
2026-07-01 17:25:16,563 [inflora.py] => [InfLoRA] Layer 11: 30/768 type remove
2026-07-01 17:25:16,563 [inflora.py] => [InfLoRA] Layer 12: 42/768 type remove
2026-07-01 17:25:25,882 [til_base.py] => TIL top1: 90.85
2026-07-01 17:25:25,882 [til_base.py] => CIL top1: 83.19 | TIL top1: 90.85
2026-07-01 17:25:25,883 [trainer.py] => No NME accuracy.
2026-07-01 17:25:25,883 [trainer.py] => CNN: {'total': np.float64(83.19), '00-09': np.float64(78.59), '10-19': np.float64(86.92), '20-29': np.float64(83.99), 'old': np.float64(82.81), 'new': np.float64(83.99)}
2026-07-01 17:25:25,883 [trainer.py] => CNN top1 curve: [np.float64(93.61), np.float64(88.64), np.float64(83.19)]
2026-07-01 17:25:25,883 [trainer.py] => CNN top5 curve: [np.float64(99.04), np.float64(97.16), np.float64(94.79)]

2026-07-01 17:25:25,883 [trainer.py] => Average Accuracy (CNN): 88.48 

2026-07-01 17:25:25,886 [trainer.py] => All params: 91719966
2026-07-01 17:25:25,888 [trainer.py] => Trainable params: 170526
2026-07-01 17:25:25,889 [inflora.py] => [InfLoRA] Learning on 30-40
2026-07-01 17:25:33,130 [lora.py] => Trainable params this task: 178,216 / 91,727,656
2026-07-01 17:27:12,381 [lora.py] => Task 3 finished. Train_accy 92.34
2026-07-01 17:27:18,279 [inflora.py] => [InfLoRA] DualGPM threshold: 0.9800
2026-07-01 17:27:22,764 [inflora.py] => [InfLoRA] Layer 1: 8/768 type remove
2026-07-01 17:27:22,764 [inflora.py] => [InfLoRA] Layer 2: 15/768 type remove
2026-07-01 17:27:22,764 [inflora.py] => [InfLoRA] Layer 3: 26/768 type remove
2026-07-01 17:27:22,764 [inflora.py] => [InfLoRA] Layer 4: 34/768 type remove
2026-07-01 17:27:22,764 [inflora.py] => [InfLoRA] Layer 5: 54/768 type remove
2026-07-01 17:27:22,764 [inflora.py] => [InfLoRA] Layer 6: 51/768 type remove
2026-07-01 17:27:22,764 [inflora.py] => [InfLoRA] Layer 7: 54/768 type remove
2026-07-01 17:27:22,765 [inflora.py] => [InfLoRA] Layer 8: 57/768 type remove
2026-07-01 17:27:22,765 [inflora.py] => [InfLoRA] Layer 9: 63/768 type remove
2026-07-01 17:27:22,765 [inflora.py] => [InfLoRA] Layer 10: 78/768 type remove
2026-07-01 17:27:22,765 [inflora.py] => [InfLoRA] Layer 11: 40/768 type remove
2026-07-01 17:27:22,765 [inflora.py] => [InfLoRA] Layer 12: 50/768 type remove
2026-07-01 17:27:35,298 [til_base.py] => TIL top1: 91.06
2026-07-01 17:27:35,298 [til_base.py] => CIL top1: 81.96 | TIL top1: 91.06
2026-07-01 17:27:35,298 [trainer.py] => No NME accuracy.
2026-07-01 17:27:35,298 [trainer.py] => CNN: {'total': np.float64(81.96), '00-09': np.float64(74.76), '10-19': np.float64(85.36), '20-29': np.float64(78.76), '30-39': np.float64(87.96), 'old': np.float64(79.68), 'new': np.float64(87.96)}
2026-07-01 17:27:35,298 [trainer.py] => CNN top1 curve: [np.float64(93.61), np.float64(88.64), np.float64(83.19), np.float64(81.96)]
2026-07-01 17:27:35,298 [trainer.py] => CNN top5 curve: [np.float64(99.04), np.float64(97.16), np.float64(94.79), np.float64(93.75)]

2026-07-01 17:27:35,298 [trainer.py] => Average Accuracy (CNN): 86.85 

2026-07-01 17:27:35,301 [trainer.py] => All params: 91727656
2026-07-01 17:27:35,303 [trainer.py] => Trainable params: 178216
2026-07-01 17:27:35,304 [inflora.py] => [InfLoRA] Learning on 40-50
2026-07-01 17:27:46,122 [lora.py] => Trainable params this task: 185,906 / 91,735,346
2026-07-01 17:29:26,455 [lora.py] => Task 4 finished. Train_accy 90.33
2026-07-01 17:29:32,539 [inflora.py] => [InfLoRA] DualGPM threshold: 0.9800
2026-07-01 17:29:37,310 [inflora.py] => [InfLoRA] Layer 1: 8/768 type remove
2026-07-01 17:29:37,310 [inflora.py] => [InfLoRA] Layer 2: 16/768 type remove
2026-07-01 17:29:37,310 [inflora.py] => [InfLoRA] Layer 3: 28/768 type remove
2026-07-01 17:29:37,310 [inflora.py] => [InfLoRA] Layer 4: 37/768 type remove
2026-07-01 17:29:37,310 [inflora.py] => [InfLoRA] Layer 5: 58/768 type remove
2026-07-01 17:29:37,311 [inflora.py] => [InfLoRA] Layer 6: 53/768 type remove
2026-07-01 17:29:37,311 [inflora.py] => [InfLoRA] Layer 7: 58/768 type remove
2026-07-01 17:29:37,311 [inflora.py] => [InfLoRA] Layer 8: 63/768 type remove
2026-07-01 17:29:37,311 [inflora.py] => [InfLoRA] Layer 9: 71/768 type remove
2026-07-01 17:29:37,311 [inflora.py] => [InfLoRA] Layer 10: 90/768 type remove
2026-07-01 17:29:37,311 [inflora.py] => [InfLoRA] Layer 11: 46/768 type remove
2026-07-01 17:29:37,311 [inflora.py] => [InfLoRA] Layer 12: 59/768 type remove
2026-07-01 17:29:53,594 [til_base.py] => TIL top1: 91.77
2026-07-01 17:29:53,595 [til_base.py] => CIL top1: 80.76 | TIL top1: 91.77
2026-07-01 17:29:53,595 [trainer.py] => No NME accuracy.
2026-07-01 17:29:53,595 [trainer.py] => CNN: {'total': np.float64(80.76), '00-09': np.float64(68.69), '10-19': np.float64(84.11), '20-29': np.float64(74.51), '30-39': np.float64(85.71), '40-49': np.float64(88.76), 'old': np.float64(78.57), 'new': np.float64(88.76)}
2026-07-01 17:29:53,595 [trainer.py] => CNN top1 curve: [np.float64(93.61), np.float64(88.64), np.float64(83.19), np.float64(81.96), np.float64(80.76)]
2026-07-01 17:29:53,595 [trainer.py] => CNN top5 curve: [np.float64(99.04), np.float64(97.16), np.float64(94.79), np.float64(93.75), np.float64(92.74)]

2026-07-01 17:29:53,595 [trainer.py] => Average Accuracy (CNN): 85.63199999999999 

2026-07-01 17:29:53,598 [trainer.py] => All params: 91735346
2026-07-01 17:29:53,600 [trainer.py] => Trainable params: 185906
2026-07-01 17:29:53,601 [inflora.py] => [InfLoRA] Learning on 50-60
2026-07-01 17:30:00,351 [lora.py] => Trainable params this task: 193,596 / 91,743,036
2026-07-01 17:31:25,903 [lora.py] => Task 5 finished. Train_accy 91.46
2026-07-01 17:31:31,150 [inflora.py] => [InfLoRA] DualGPM threshold: 0.9800
2026-07-01 17:31:35,658 [inflora.py] => [InfLoRA] Layer 1: 8/768 type remove
2026-07-01 17:31:35,658 [inflora.py] => [InfLoRA] Layer 2: 17/768 type remove
2026-07-01 17:31:35,658 [inflora.py] => [InfLoRA] Layer 3: 29/768 type remove
2026-07-01 17:31:35,658 [inflora.py] => [InfLoRA] Layer 4: 39/768 type remove
2026-07-01 17:31:35,658 [inflora.py] => [InfLoRA] Layer 5: 60/768 type remove
2026-07-01 17:31:35,658 [inflora.py] => [InfLoRA] Layer 6: 56/768 type remove
2026-07-01 17:31:35,658 [inflora.py] => [InfLoRA] Layer 7: 63/768 type remove
2026-07-01 17:31:35,658 [inflora.py] => [InfLoRA] Layer 8: 69/768 type remove
2026-07-01 17:31:35,658 [inflora.py] => [InfLoRA] Layer 9: 78/768 type remove
2026-07-01 17:31:35,658 [inflora.py] => [InfLoRA] Layer 10: 104/768 type remove
2026-07-01 17:31:35,658 [inflora.py] => [InfLoRA] Layer 11: 53/768 type remove
2026-07-01 17:31:35,658 [inflora.py] => [InfLoRA] Layer 12: 70/768 type remove
2026-07-01 17:31:55,205 [til_base.py] => TIL top1: 91.4
2026-07-01 17:31:55,206 [til_base.py] => CIL top1: 77.86 | TIL top1: 91.4
2026-07-01 17:31:55,206 [trainer.py] => No NME accuracy.
2026-07-01 17:31:55,206 [trainer.py] => CNN: {'total': np.float64(77.86), '00-09': np.float64(62.62), '10-19': np.float64(81.31), '20-29': np.float64(71.24), '30-39': np.float64(83.47), '40-49': np.float64(86.8), '50-59': np.float64(79.58), 'old': np.float64(77.56), 'new': np.float64(79.58)}
2026-07-01 17:31:55,206 [trainer.py] => CNN top1 curve: [np.float64(93.61), np.float64(88.64), np.float64(83.19), np.float64(81.96), np.float64(80.76), np.float64(77.86)]
2026-07-01 17:31:55,206 [trainer.py] => CNN top5 curve: [np.float64(99.04), np.float64(97.16), np.float64(94.79), np.float64(93.75), np.float64(92.74), np.float64(91.19)]

2026-07-01 17:31:55,206 [trainer.py] => Average Accuracy (CNN): 84.33666666666666 

2026-07-01 17:31:55,211 [trainer.py] => All params: 91743036
2026-07-01 17:31:55,214 [trainer.py] => Trainable params: 193596
2026-07-01 17:31:55,216 [inflora.py] => [InfLoRA] Learning on 60-70
2026-07-01 17:32:02,861 [lora.py] => Trainable params this task: 201,286 / 91,750,726
2026-07-01 17:33:47,514 [lora.py] => Task 6 finished. Train_accy 88.12
2026-07-01 17:33:54,006 [inflora.py] => [InfLoRA] DualGPM threshold: 0.9800
2026-07-01 17:33:58,527 [inflora.py] => [InfLoRA] Layer 1: 8/768 type remove
2026-07-01 17:33:58,527 [inflora.py] => [InfLoRA] Layer 2: 18/768 type remove
2026-07-01 17:33:58,527 [inflora.py] => [InfLoRA] Layer 3: 32/768 type remove
2026-07-01 17:33:58,527 [inflora.py] => [InfLoRA] Layer 4: 43/768 type remove
2026-07-01 17:33:58,527 [inflora.py] => [InfLoRA] Layer 5: 66/768 type remove
2026-07-01 17:33:58,527 [inflora.py] => [InfLoRA] Layer 6: 60/768 type remove
2026-07-01 17:33:58,527 [inflora.py] => [InfLoRA] Layer 7: 66/768 type remove
2026-07-01 17:33:58,527 [inflora.py] => [InfLoRA] Layer 8: 72/768 type remove
2026-07-01 17:33:58,527 [inflora.py] => [InfLoRA] Layer 9: 80/768 type remove
2026-07-01 17:33:58,527 [inflora.py] => [InfLoRA] Layer 10: 107/768 type remove
2026-07-01 17:33:58,527 [inflora.py] => [InfLoRA] Layer 11: 57/768 type remove
2026-07-01 17:33:58,527 [inflora.py] => [InfLoRA] Layer 12: 76/768 type remove
2026-07-01 17:34:21,260 [til_base.py] => TIL top1: 91.38
2026-07-01 17:34:21,260 [til_base.py] => CIL top1: 74.1 | TIL top1: 91.38
2026-07-01 17:34:21,260 [trainer.py] => No NME accuracy.
2026-07-01 17:34:21,260 [trainer.py] => CNN: {'total': np.float64(74.1), '00-09': np.float64(58.47), '10-19': np.float64(78.82), '20-29': np.float64(70.92), '30-39': np.float64(80.95), '40-49': np.float64(82.58), '50-59': np.float64(73.7), '60-69': np.float64(71.27), 'old': np.float64(74.61), 'new': np.float64(71.27)}
2026-07-01 17:34:21,260 [trainer.py] => CNN top1 curve: [np.float64(93.61), np.float64(88.64), np.float64(83.19), np.float64(81.96), np.float64(80.76), np.float64(77.86), np.float64(74.1)]
2026-07-01 17:34:21,260 [trainer.py] => CNN top5 curve: [np.float64(99.04), np.float64(97.16), np.float64(94.79), np.float64(93.75), np.float64(92.74), np.float64(91.19), np.float64(90.47)]

2026-07-01 17:34:21,261 [trainer.py] => Average Accuracy (CNN): 82.87428571428572 

2026-07-01 17:34:21,266 [trainer.py] => All params: 91750726
2026-07-01 17:34:21,269 [trainer.py] => Trainable params: 201286
2026-07-01 17:34:21,270 [inflora.py] => [InfLoRA] Learning on 70-80
2026-07-01 17:34:36,718 [lora.py] => Trainable params this task: 208,976 / 91,758,416
2026-07-01 17:36:09,146 [lora.py] => Task 7 finished. Train_accy 91.17
2026-07-01 17:36:14,599 [inflora.py] => [InfLoRA] DualGPM threshold: 0.9800
2026-07-01 17:36:21,331 [inflora.py] => [InfLoRA] Layer 1: 8/768 type remove
2026-07-01 17:36:21,331 [inflora.py] => [InfLoRA] Layer 2: 19/768 type remove
2026-07-01 17:36:21,331 [inflora.py] => [InfLoRA] Layer 3: 34/768 type remove
2026-07-01 17:36:21,331 [inflora.py] => [InfLoRA] Layer 4: 45/768 type remove
2026-07-01 17:36:21,331 [inflora.py] => [InfLoRA] Layer 5: 70/768 type remove
2026-07-01 17:36:21,331 [inflora.py] => [InfLoRA] Layer 6: 64/768 type remove
2026-07-01 17:36:21,331 [inflora.py] => [InfLoRA] Layer 7: 72/768 type remove
2026-07-01 17:36:21,331 [inflora.py] => [InfLoRA] Layer 8: 79/768 type remove
2026-07-01 17:36:21,332 [inflora.py] => [InfLoRA] Layer 9: 84/768 type remove
2026-07-01 17:36:21,332 [inflora.py] => [InfLoRA] Layer 10: 110/768 type remove
2026-07-01 17:36:21,332 [inflora.py] => [InfLoRA] Layer 11: 62/768 type remove
2026-07-01 17:36:21,332 [inflora.py] => [InfLoRA] Layer 12: 83/768 type remove
2026-07-01 17:36:47,398 [til_base.py] => TIL top1: 90.85
2026-07-01 17:36:47,398 [til_base.py] => CIL top1: 73.37 | TIL top1: 90.85
2026-07-01 17:36:47,399 [trainer.py] => No NME accuracy.
2026-07-01 17:36:47,399 [trainer.py] => CNN: {'total': np.float64(73.37), '00-09': np.float64(59.42), '10-19': np.float64(76.01), '20-29': np.float64(72.22), '30-39': np.float64(79.83), '40-49': np.float64(84.55), '50-59': np.float64(76.47), '60-69': np.float64(68.17), '70-79': np.float64(68.52), 'old': np.float64(74.01), 'new': np.float64(68.52)}
2026-07-01 17:36:47,399 [trainer.py] => CNN top1 curve: [np.float64(93.61), np.float64(88.64), np.float64(83.19), np.float64(81.96), np.float64(80.76), np.float64(77.86), np.float64(74.1), np.float64(73.37)]
2026-07-01 17:36:47,399 [trainer.py] => CNN top5 curve: [np.float64(99.04), np.float64(97.16), np.float64(94.79), np.float64(93.75), np.float64(92.74), np.float64(91.19), np.float64(90.47), np.float64(89.24)]

2026-07-01 17:36:47,399 [trainer.py] => Average Accuracy (CNN): 81.68625 

2026-07-01 17:36:47,404 [trainer.py] => All params: 91758416
2026-07-01 17:36:47,407 [trainer.py] => Trainable params: 208976
2026-07-01 17:36:47,409 [inflora.py] => [InfLoRA] Learning on 80-90
2026-07-01 17:36:53,046 [lora.py] => Trainable params this task: 216,666 / 91,766,106
2026-07-01 17:37:59,349 [lora.py] => Task 8 finished. Train_accy 86.79
2026-07-01 17:38:03,470 [inflora.py] => [InfLoRA] DualGPM threshold: 0.9800
2026-07-01 17:38:08,202 [inflora.py] => [InfLoRA] Layer 1: 8/768 type remove
2026-07-01 17:38:08,203 [inflora.py] => [InfLoRA] Layer 2: 20/768 type remove
2026-07-01 17:38:08,203 [inflora.py] => [InfLoRA] Layer 3: 35/768 type remove
2026-07-01 17:38:08,203 [inflora.py] => [InfLoRA] Layer 4: 47/768 type remove
2026-07-01 17:38:08,203 [inflora.py] => [InfLoRA] Layer 5: 72/768 type remove
2026-07-01 17:38:08,203 [inflora.py] => [InfLoRA] Layer 6: 66/768 type remove
2026-07-01 17:38:08,203 [inflora.py] => [InfLoRA] Layer 7: 74/768 type remove
2026-07-01 17:38:08,203 [inflora.py] => [InfLoRA] Layer 8: 81/768 type remove
2026-07-01 17:38:08,203 [inflora.py] => [InfLoRA] Layer 9: 87/768 type remove
2026-07-01 17:38:08,203 [inflora.py] => [InfLoRA] Layer 10: 114/768 type remove
2026-07-01 17:38:08,203 [inflora.py] => [InfLoRA] Layer 11: 67/768 type remove
2026-07-01 17:38:08,203 [inflora.py] => [InfLoRA] Layer 12: 88/768 type remove
2026-07-01 17:38:36,863 [til_base.py] => TIL top1: 89.23
2026-07-01 17:38:36,863 [til_base.py] => CIL top1: 68.53 | TIL top1: 89.23
2026-07-01 17:38:36,863 [trainer.py] => No NME accuracy.
2026-07-01 17:38:36,863 [trainer.py] => CNN: {'total': np.float64(68.53), '00-09': np.float64(55.91), '10-19': np.float64(75.08), '20-29': np.float64(70.59), '30-39': np.float64(76.75), '40-49': np.float64(78.93), '50-59': np.float64(70.59), '60-69': np.float64(65.07), '70-79': np.float64(61.31), '80-89': np.float64(55.72), 'old': np.float64(69.52), 'new': np.float64(55.72)}
2026-07-01 17:38:36,863 [trainer.py] => CNN top1 curve: [np.float64(93.61), np.float64(88.64), np.float64(83.19), np.float64(81.96), np.float64(80.76), np.float64(77.86), np.float64(74.1), np.float64(73.37), np.float64(68.53)]
2026-07-01 17:38:36,863 [trainer.py] => CNN top5 curve: [np.float64(99.04), np.float64(97.16), np.float64(94.79), np.float64(93.75), np.float64(92.74), np.float64(91.19), np.float64(90.47), np.float64(89.24), np.float64(86.98)]

2026-07-01 17:38:36,864 [trainer.py] => Average Accuracy (CNN): 80.22444444444444 

2026-07-01 17:38:36,867 [trainer.py] => All params: 91766106
2026-07-01 17:38:36,869 [trainer.py] => Trainable params: 216666
2026-07-01 17:38:36,870 [inflora.py] => [InfLoRA] Learning on 90-100
2026-07-01 17:38:47,455 [lora.py] => Trainable params this task: 224,356 / 91,773,796
2026-07-01 17:39:50,451 [lora.py] => Task 9 finished. Train_accy 91.63
2026-07-01 17:39:54,445 [inflora.py] => [InfLoRA] DualGPM threshold: 0.9800
2026-07-01 17:39:59,031 [inflora.py] => [InfLoRA] Layer 1: 8/768 type remove
2026-07-01 17:39:59,031 [inflora.py] => [InfLoRA] Layer 2: 20/768 type remove
2026-07-01 17:39:59,031 [inflora.py] => [InfLoRA] Layer 3: 36/768 type remove
2026-07-01 17:39:59,031 [inflora.py] => [InfLoRA] Layer 4: 48/768 type remove
2026-07-01 17:39:59,031 [inflora.py] => [InfLoRA] Layer 5: 74/768 type remove
2026-07-01 17:39:59,031 [inflora.py] => [InfLoRA] Layer 6: 68/768 type remove
2026-07-01 17:39:59,031 [inflora.py] => [InfLoRA] Layer 7: 76/768 type remove
2026-07-01 17:39:59,031 [inflora.py] => [InfLoRA] Layer 8: 83/768 type remove
2026-07-01 17:39:59,031 [inflora.py] => [InfLoRA] Layer 9: 90/768 type remove
2026-07-01 17:39:59,031 [inflora.py] => [InfLoRA] Layer 10: 117/768 type remove
2026-07-01 17:39:59,031 [inflora.py] => [InfLoRA] Layer 11: 71/768 type remove
2026-07-01 17:39:59,031 [inflora.py] => [InfLoRA] Layer 12: 95/768 type remove
2026-07-01 17:40:30,361 [til_base.py] => TIL top1: 89.37
2026-07-01 17:40:30,362 [til_base.py] => CIL top1: 68.28 | TIL top1: 89.37
2026-07-01 17:40:30,362 [trainer.py] => No NME accuracy.
2026-07-01 17:40:30,362 [trainer.py] => CNN: {'total': np.float64(68.28), '00-09': np.float64(53.99), '10-19': np.float64(71.34), '20-29': np.float64(67.32), '30-39': np.float64(77.31), '40-49': np.float64(81.18), '50-59': np.float64(71.63), '60-69': np.float64(65.35), '70-79': np.float64(66.23), '80-89': np.float64(54.23), '90-99': np.float64(65.61), 'old': np.float64(68.46), 'new': np.float64(65.61)}
2026-07-01 17:40:30,362 [trainer.py] => CNN top1 curve: [np.float64(93.61), np.float64(88.64), np.float64(83.19), np.float64(81.96), np.float64(80.76), np.float64(77.86), np.float64(74.1), np.float64(73.37), np.float64(68.53), np.float64(68.28)]
2026-07-01 17:40:30,362 [trainer.py] => CNN top5 curve: [np.float64(99.04), np.float64(97.16), np.float64(94.79), np.float64(93.75), np.float64(92.74), np.float64(91.19), np.float64(90.47), np.float64(89.24), np.float64(86.98), np.float64(86.76)]

2026-07-01 17:40:30,362 [trainer.py] => Average Accuracy (CNN): 79.03 

2026-07-01 17:40:30,368 [trainer.py] => All params: 91773796
2026-07-01 17:40:30,372 [trainer.py] => Trainable params: 224356
2026-07-01 17:40:30,374 [inflora.py] => [InfLoRA] Learning on 100-110
2026-07-01 17:40:41,062 [lora.py] => Trainable params this task: 232,046 / 91,781,486
2026-07-01 17:42:13,901 [lora.py] => Task 10 finished. Train_accy 88.47
2026-07-01 17:42:19,505 [inflora.py] => [InfLoRA] DualGPM threshold: 0.9800
2026-07-01 17:42:24,176 [inflora.py] => [InfLoRA] Layer 1: 8/768 type remove
2026-07-01 17:42:24,176 [inflora.py] => [InfLoRA] Layer 2: 21/768 type remove
2026-07-01 17:42:24,176 [inflora.py] => [InfLoRA] Layer 3: 38/768 type remove
2026-07-01 17:42:24,176 [inflora.py] => [InfLoRA] Layer 4: 51/768 type remove
2026-07-01 17:42:24,176 [inflora.py] => [InfLoRA] Layer 5: 77/768 type remove
2026-07-01 17:42:24,176 [inflora.py] => [InfLoRA] Layer 6: 72/768 type remove
2026-07-01 17:42:24,176 [inflora.py] => [InfLoRA] Layer 7: 81/768 type remove
2026-07-01 17:42:24,176 [inflora.py] => [InfLoRA] Layer 8: 89/768 type remove
2026-07-01 17:42:24,176 [inflora.py] => [InfLoRA] Layer 9: 102/768 type remove
2026-07-01 17:42:24,176 [inflora.py] => [InfLoRA] Layer 10: 128/768 type remove
2026-07-01 17:42:24,176 [inflora.py] => [InfLoRA] Layer 11: 77/768 type remove
2026-07-01 17:42:24,176 [inflora.py] => [InfLoRA] Layer 12: 103/768 type remove
2026-07-01 17:42:59,037 [til_base.py] => TIL top1: 88.71
2026-07-01 17:42:59,038 [til_base.py] => CIL top1: 65.46 | TIL top1: 88.71
2026-07-01 17:42:59,038 [trainer.py] => No NME accuracy.
2026-07-01 17:42:59,038 [trainer.py] => CNN: {'total': np.float64(65.46), '00-09': np.float64(45.37), '10-19': np.float64(70.72), '20-29': np.float64(65.36), '30-39': np.float64(74.23), '40-49': np.float64(73.31), '50-59': np.float64(67.82), '60-69': np.float64(63.66), '70-79': np.float64(62.95), '80-89': np.float64(52.74), '90-99': np.float64(63.49), '100-109': np.float64(73.68), 'old': np.float64(64.67), 'new': np.float64(73.68)}
2026-07-01 17:42:59,038 [trainer.py] => CNN top1 curve: [np.float64(93.61), np.float64(88.64), np.float64(83.19), np.float64(81.96), np.float64(80.76), np.float64(77.86), np.float64(74.1), np.float64(73.37), np.float64(68.53), np.float64(68.28), np.float64(65.46)]
2026-07-01 17:42:59,038 [trainer.py] => CNN top5 curve: [np.float64(99.04), np.float64(97.16), np.float64(94.79), np.float64(93.75), np.float64(92.74), np.float64(91.19), np.float64(90.47), np.float64(89.24), np.float64(86.98), np.float64(86.76), np.float64(85.23)]

2026-07-01 17:42:59,038 [trainer.py] => Average Accuracy (CNN): 77.79636363636364 

2026-07-01 17:42:59,043 [trainer.py] => All params: 91781486
2026-07-01 17:42:59,047 [trainer.py] => Trainable params: 232046
2026-07-01 17:42:59,049 [inflora.py] => [InfLoRA] Learning on 110-120
2026-07-01 17:43:11,455 [lora.py] => Trainable params this task: 239,736 / 91,789,176
2026-07-01 17:45:02,291 [lora.py] => Task 11 finished. Train_accy 87.16
2026-07-01 17:45:08,720 [inflora.py] => [InfLoRA] DualGPM threshold: 0.9800
2026-07-01 17:45:13,186 [inflora.py] => [InfLoRA] Layer 1: 8/768 type remove
2026-07-01 17:45:13,186 [inflora.py] => [InfLoRA] Layer 2: 21/768 type remove
2026-07-01 17:45:13,186 [inflora.py] => [InfLoRA] Layer 3: 39/768 type remove
2026-07-01 17:45:13,186 [inflora.py] => [InfLoRA] Layer 4: 53/768 type remove
2026-07-01 17:45:13,186 [inflora.py] => [InfLoRA] Layer 5: 79/768 type remove
2026-07-01 17:45:13,186 [inflora.py] => [InfLoRA] Layer 6: 75/768 type remove
2026-07-01 17:45:13,186 [inflora.py] => [InfLoRA] Layer 7: 86/768 type remove
2026-07-01 17:45:13,186 [inflora.py] => [InfLoRA] Layer 8: 93/768 type remove
2026-07-01 17:45:13,186 [inflora.py] => [InfLoRA] Layer 9: 106/768 type remove
2026-07-01 17:45:13,186 [inflora.py] => [InfLoRA] Layer 10: 131/768 type remove
2026-07-01 17:45:13,187 [inflora.py] => [InfLoRA] Layer 11: 81/768 type remove
2026-07-01 17:45:13,187 [inflora.py] => [InfLoRA] Layer 12: 112/768 type remove
2026-07-01 17:45:52,337 [til_base.py] => TIL top1: 89.94
2026-07-01 17:45:52,337 [til_base.py] => CIL top1: 66.38 | TIL top1: 89.94
2026-07-01 17:45:52,337 [trainer.py] => No NME accuracy.
2026-07-01 17:45:52,337 [trainer.py] => CNN: {'total': np.float64(66.38), '00-09': np.float64(41.21), '10-19': np.float64(70.4), '20-29': np.float64(68.3), '30-39': np.float64(77.59), '40-49': np.float64(75.56), '50-59': np.float64(67.13), '60-69': np.float64(61.41), '70-79': np.float64(58.69), '80-89': np.float64(52.74), '90-99': np.float64(61.9), '100-109': np.float64(73.33), '110-119': np.float64(78.72), 'old': np.float64(65.09), 'new': np.float64(78.72)}
2026-07-01 17:45:52,338 [trainer.py] => CNN top1 curve: [np.float64(93.61), np.float64(88.64), np.float64(83.19), np.float64(81.96), np.float64(80.76), np.float64(77.86), np.float64(74.1), np.float64(73.37), np.float64(68.53), np.float64(68.28), np.float64(65.46), np.float64(66.38)]
2026-07-01 17:45:52,338 [trainer.py] => CNN top5 curve: [np.float64(99.04), np.float64(97.16), np.float64(94.79), np.float64(93.75), np.float64(92.74), np.float64(91.19), np.float64(90.47), np.float64(89.24), np.float64(86.98), np.float64(86.76), np.float64(85.23), np.float64(85.52)]

2026-07-01 17:45:52,338 [trainer.py] => Average Accuracy (CNN): 76.845 

2026-07-01 17:45:52,342 [trainer.py] => All params: 91789176
2026-07-01 17:45:52,345 [trainer.py] => Trainable params: 239736
2026-07-01 17:45:52,347 [inflora.py] => [InfLoRA] Learning on 120-130
2026-07-01 17:45:59,878 [lora.py] => Trainable params this task: 247,426 / 91,796,866
2026-07-01 17:47:15,359 [lora.py] => Task 12 finished. Train_accy 87.37
2026-07-01 17:47:19,943 [inflora.py] => [InfLoRA] DualGPM threshold: 0.9800
2026-07-01 17:47:24,620 [inflora.py] => [InfLoRA] Layer 1: 8/768 type remove
2026-07-01 17:47:24,620 [inflora.py] => [InfLoRA] Layer 2: 22/768 type remove
2026-07-01 17:47:24,620 [inflora.py] => [InfLoRA] Layer 3: 41/768 type remove
2026-07-01 17:47:24,620 [inflora.py] => [InfLoRA] Layer 4: 54/768 type remove
2026-07-01 17:47:24,620 [inflora.py] => [InfLoRA] Layer 5: 81/768 type remove
2026-07-01 17:47:24,620 [inflora.py] => [InfLoRA] Layer 6: 77/768 type remove
2026-07-01 17:47:24,620 [inflora.py] => [InfLoRA] Layer 7: 88/768 type remove
2026-07-01 17:47:24,620 [inflora.py] => [InfLoRA] Layer 8: 95/768 type remove
2026-07-01 17:47:24,620 [inflora.py] => [InfLoRA] Layer 9: 109/768 type remove
2026-07-01 17:47:24,620 [inflora.py] => [InfLoRA] Layer 10: 133/768 type remove
2026-07-01 17:47:24,620 [inflora.py] => [InfLoRA] Layer 11: 84/768 type remove
2026-07-01 17:47:24,621 [inflora.py] => [InfLoRA] Layer 12: 117/768 type remove
2026-07-01 17:48:06,477 [til_base.py] => TIL top1: 89.97
2026-07-01 17:48:06,477 [til_base.py] => CIL top1: 66.53 | TIL top1: 89.97
2026-07-01 17:48:06,478 [trainer.py] => No NME accuracy.
2026-07-01 17:48:06,478 [trainer.py] => CNN: {'total': np.float64(66.53), '00-09': np.float64(47.6), '10-19': np.float64(69.78), '20-29': np.float64(65.36), '30-39': np.float64(76.19), '40-49': np.float64(74.72), '50-59': np.float64(69.2), '60-69': np.float64(65.63), '70-79': np.float64(61.64), '80-89': np.float64(53.23), '90-99': np.float64(63.49), '100-109': np.float64(71.58), '110-119': np.float64(74.93), '120-129': np.float64(61.19), 'old': np.float64(66.85), 'new': np.float64(61.19)}
2026-07-01 17:48:06,478 [trainer.py] => CNN top1 curve: [np.float64(93.61), np.float64(88.64), np.float64(83.19), np.float64(81.96), np.float64(80.76), np.float64(77.86), np.float64(74.1), np.float64(73.37), np.float64(68.53), np.float64(68.28), np.float64(65.46), np.float64(66.38), np.float64(66.53)]
2026-07-01 17:48:06,478 [trainer.py] => CNN top5 curve: [np.float64(99.04), np.float64(97.16), np.float64(94.79), np.float64(93.75), np.float64(92.74), np.float64(91.19), np.float64(90.47), np.float64(89.24), np.float64(86.98), np.float64(86.76), np.float64(85.23), np.float64(85.52), np.float64(85.31)]

2026-07-01 17:48:06,478 [trainer.py] => Average Accuracy (CNN): 76.05153846153846 

2026-07-01 17:48:06,482 [trainer.py] => All params: 91796866
2026-07-01 17:48:06,486 [trainer.py] => Trainable params: 247426
2026-07-01 17:48:06,488 [inflora.py] => [InfLoRA] Learning on 130-140
2026-07-01 17:48:18,783 [lora.py] => Trainable params this task: 255,116 / 91,804,556
2026-07-01 17:50:02,808 [lora.py] => Task 13 finished. Train_accy 86.47
2026-07-01 17:50:08,846 [inflora.py] => [InfLoRA] DualGPM threshold: 0.9800
2026-07-01 17:50:13,418 [inflora.py] => [InfLoRA] Layer 1: 8/768 type remove
2026-07-01 17:50:13,419 [inflora.py] => [InfLoRA] Layer 2: 23/768 type remove
2026-07-01 17:50:13,419 [inflora.py] => [InfLoRA] Layer 3: 43/768 type remove
2026-07-01 17:50:13,419 [inflora.py] => [InfLoRA] Layer 4: 56/768 type remove
2026-07-01 17:50:13,419 [inflora.py] => [InfLoRA] Layer 5: 83/768 type remove
2026-07-01 17:50:13,419 [inflora.py] => [InfLoRA] Layer 6: 78/768 type remove
2026-07-01 17:50:13,419 [inflora.py] => [InfLoRA] Layer 7: 89/768 type remove
2026-07-01 17:50:13,419 [inflora.py] => [InfLoRA] Layer 8: 96/768 type remove
2026-07-01 17:50:13,419 [inflora.py] => [InfLoRA] Layer 9: 110/768 type remove
2026-07-01 17:50:13,419 [inflora.py] => [InfLoRA] Layer 10: 134/768 type remove
2026-07-01 17:50:13,419 [inflora.py] => [InfLoRA] Layer 11: 86/768 type remove
2026-07-01 17:50:13,419 [inflora.py] => [InfLoRA] Layer 12: 123/768 type remove
2026-07-01 17:50:59,020 [til_base.py] => TIL top1: 89.63
2026-07-01 17:50:59,020 [til_base.py] => CIL top1: 64.52 | TIL top1: 89.63
2026-07-01 17:50:59,020 [trainer.py] => No NME accuracy.
2026-07-01 17:50:59,021 [trainer.py] => CNN: {'total': np.float64(64.52), '00-09': np.float64(50.16), '10-19': np.float64(71.65), '20-29': np.float64(64.71), '30-39': np.float64(76.75), '40-49': np.float64(73.88), '50-59': np.float64(68.17), '60-69': np.float64(62.25), '70-79': np.float64(62.3), '80-89': np.float64(45.27), '90-99': np.float64(62.43), '100-109': np.float64(71.58), '110-119': np.float64(72.59), '120-129': np.float64(52.05), '130-139': np.float64(55.05), 'old': np.float64(65.28), 'new': np.float64(55.05)}
2026-07-01 17:50:59,021 [trainer.py] => CNN top1 curve: [np.float64(93.61), np.float64(88.64), np.float64(83.19), np.float64(81.96), np.float64(80.76), np.float64(77.86), np.float64(74.1), np.float64(73.37), np.float64(68.53), np.float64(68.28), np.float64(65.46), np.float64(66.38), np.float64(66.53), np.float64(64.52)]
2026-07-01 17:50:59,021 [trainer.py] => CNN top5 curve: [np.float64(99.04), np.float64(97.16), np.float64(94.79), np.float64(93.75), np.float64(92.74), np.float64(91.19), np.float64(90.47), np.float64(89.24), np.float64(86.98), np.float64(86.76), np.float64(85.23), np.float64(85.52), np.float64(85.31), np.float64(84.37)]

2026-07-01 17:50:59,021 [trainer.py] => Average Accuracy (CNN): 75.22785714285715 

2026-07-01 17:50:59,024 [trainer.py] => All params: 91804556
2026-07-01 17:50:59,026 [trainer.py] => Trainable params: 255116
2026-07-01 17:50:59,028 [inflora.py] => [InfLoRA] Learning on 140-150
2026-07-01 17:51:10,101 [lora.py] => Trainable params this task: 262,806 / 91,812,246
2026-07-01 17:52:40,758 [lora.py] => Task 14 finished. Train_accy 89.31
2026-07-01 17:52:46,110 [inflora.py] => [InfLoRA] DualGPM threshold: 0.9800
2026-07-01 17:52:50,734 [inflora.py] => [InfLoRA] Layer 1: 8/768 type remove
2026-07-01 17:52:50,734 [inflora.py] => [InfLoRA] Layer 2: 24/768 type remove
2026-07-01 17:52:50,734 [inflora.py] => [InfLoRA] Layer 3: 44/768 type remove
2026-07-01 17:52:50,735 [inflora.py] => [InfLoRA] Layer 4: 57/768 type remove
2026-07-01 17:52:50,735 [inflora.py] => [InfLoRA] Layer 5: 86/768 type remove
2026-07-01 17:52:50,735 [inflora.py] => [InfLoRA] Layer 6: 80/768 type remove
2026-07-01 17:52:50,735 [inflora.py] => [InfLoRA] Layer 7: 91/768 type remove
2026-07-01 17:52:50,735 [inflora.py] => [InfLoRA] Layer 8: 99/768 type remove
2026-07-01 17:52:50,735 [inflora.py] => [InfLoRA] Layer 9: 113/768 type remove
2026-07-01 17:52:50,735 [inflora.py] => [InfLoRA] Layer 10: 140/768 type remove
2026-07-01 17:52:50,735 [inflora.py] => [InfLoRA] Layer 11: 91/768 type remove
2026-07-01 17:52:50,735 [inflora.py] => [InfLoRA] Layer 12: 130/768 type remove
2026-07-01 17:53:39,851 [til_base.py] => TIL top1: 88.37
2026-07-01 17:53:39,852 [til_base.py] => CIL top1: 63.38 | TIL top1: 88.37
2026-07-01 17:53:39,852 [trainer.py] => No NME accuracy.
2026-07-01 17:53:39,852 [trainer.py] => CNN: {'total': np.float64(63.38), '00-09': np.float64(51.12), '10-19': np.float64(69.16), '20-29': np.float64(66.34), '30-39': np.float64(75.63), '40-49': np.float64(73.88), '50-59': np.float64(67.13), '60-69': np.float64(62.54), '70-79': np.float64(57.05), '80-89': np.float64(43.78), '90-99': np.float64(58.73), '100-109': np.float64(71.23), '110-119': np.float64(70.55), '120-129': np.float64(50.23), '130-139': np.float64(50.16), '140-149': np.float64(67.97), 'old': np.float64(63.1), 'new': np.float64(67.97)}
2026-07-01 17:53:39,852 [trainer.py] => CNN top1 curve: [np.float64(93.61), np.float64(88.64), np.float64(83.19), np.float64(81.96), np.float64(80.76), np.float64(77.86), np.float64(74.1), np.float64(73.37), np.float64(68.53), np.float64(68.28), np.float64(65.46), np.float64(66.38), np.float64(66.53), np.float64(64.52), np.float64(63.38)]
2026-07-01 17:53:39,852 [trainer.py] => CNN top5 curve: [np.float64(99.04), np.float64(97.16), np.float64(94.79), np.float64(93.75), np.float64(92.74), np.float64(91.19), np.float64(90.47), np.float64(89.24), np.float64(86.98), np.float64(86.76), np.float64(85.23), np.float64(85.52), np.float64(85.31), np.float64(84.37), np.float64(82.92)]

2026-07-01 17:53:39,852 [trainer.py] => Average Accuracy (CNN): 74.43800000000002 

2026-07-01 17:53:39,855 [trainer.py] => All params: 91812246
2026-07-01 17:53:39,857 [trainer.py] => Trainable params: 262806
2026-07-01 17:53:39,858 [inflora.py] => [InfLoRA] Learning on 150-160
2026-07-01 17:53:47,851 [lora.py] => Trainable params this task: 270,496 / 91,819,936
2026-07-01 17:55:26,291 [lora.py] => Task 15 finished. Train_accy 90.52
2026-07-01 17:55:32,145 [inflora.py] => [InfLoRA] DualGPM threshold: 0.9800
2026-07-01 17:55:36,844 [inflora.py] => [InfLoRA] Layer 1: 8/768 type remove
2026-07-01 17:55:36,844 [inflora.py] => [InfLoRA] Layer 2: 24/768 type remove
2026-07-01 17:55:36,845 [inflora.py] => [InfLoRA] Layer 3: 45/768 type remove
2026-07-01 17:55:36,845 [inflora.py] => [InfLoRA] Layer 4: 59/768 type remove
2026-07-01 17:55:36,845 [inflora.py] => [InfLoRA] Layer 5: 88/768 type remove
2026-07-01 17:55:36,845 [inflora.py] => [InfLoRA] Layer 6: 84/768 type remove
2026-07-01 17:55:36,845 [inflora.py] => [InfLoRA] Layer 7: 96/768 type remove
2026-07-01 17:55:36,845 [inflora.py] => [InfLoRA] Layer 8: 105/768 type remove
2026-07-01 17:55:36,845 [inflora.py] => [InfLoRA] Layer 9: 116/768 type remove
2026-07-01 17:55:36,845 [inflora.py] => [InfLoRA] Layer 10: 142/768 type remove
2026-07-01 17:55:36,845 [inflora.py] => [InfLoRA] Layer 11: 95/768 type remove
2026-07-01 17:55:36,845 [inflora.py] => [InfLoRA] Layer 12: 137/768 type remove
2026-07-01 17:56:29,757 [til_base.py] => TIL top1: 87.8
2026-07-01 17:56:29,758 [til_base.py] => CIL top1: 60.47 | TIL top1: 87.8
2026-07-01 17:56:29,758 [trainer.py] => No NME accuracy.
2026-07-01 17:56:29,758 [trainer.py] => CNN: {'total': np.float64(60.47), '00-09': np.float64(47.6), '10-19': np.float64(68.54), '20-29': np.float64(60.78), '30-39': np.float64(72.83), '40-49': np.float64(72.75), '50-59': np.float64(60.9), '60-69': np.float64(60.28), '70-79': np.float64(58.03), '80-89': np.float64(41.29), '90-99': np.float64(58.2), '100-109': np.float64(67.37), '110-119': np.float64(66.76), '120-129': np.float64(47.03), '130-139': np.float64(45.28), '140-149': np.float64(58.2), '150-159': np.float64(66.19), 'old': np.float64(60.11), 'new': np.float64(66.19)}
2026-07-01 17:56:29,758 [trainer.py] => CNN top1 curve: [np.float64(93.61), np.float64(88.64), np.float64(83.19), np.float64(81.96), np.float64(80.76), np.float64(77.86), np.float64(74.1), np.float64(73.37), np.float64(68.53), np.float64(68.28), np.float64(65.46), np.float64(66.38), np.float64(66.53), np.float64(64.52), np.float64(63.38), np.float64(60.47)]
2026-07-01 17:56:29,758 [trainer.py] => CNN top5 curve: [np.float64(99.04), np.float64(97.16), np.float64(94.79), np.float64(93.75), np.float64(92.74), np.float64(91.19), np.float64(90.47), np.float64(89.24), np.float64(86.98), np.float64(86.76), np.float64(85.23), np.float64(85.52), np.float64(85.31), np.float64(84.37), np.float64(82.92), np.float64(81.94)]

2026-07-01 17:56:29,758 [trainer.py] => Average Accuracy (CNN): 73.56500000000001 

2026-07-01 17:56:29,760 [trainer.py] => All params: 91819936
2026-07-01 17:56:29,763 [trainer.py] => Trainable params: 270496
2026-07-01 17:56:29,764 [inflora.py] => [InfLoRA] Learning on 160-170
2026-07-01 17:56:37,901 [lora.py] => Trainable params this task: 278,186 / 91,827,626
2026-07-01 17:58:32,736 [lora.py] => Task 16 finished. Train_accy 87.08
2026-07-01 17:58:39,373 [inflora.py] => [InfLoRA] DualGPM threshold: 0.9800
2026-07-01 17:58:44,035 [inflora.py] => [InfLoRA] Layer 1: 8/768 type remove
2026-07-01 17:58:44,036 [inflora.py] => [InfLoRA] Layer 2: 25/768 type remove
2026-07-01 17:58:44,036 [inflora.py] => [InfLoRA] Layer 3: 47/768 type remove
2026-07-01 17:58:44,036 [inflora.py] => [InfLoRA] Layer 4: 62/768 type remove
2026-07-01 17:58:44,036 [inflora.py] => [InfLoRA] Layer 5: 91/768 type remove
2026-07-01 17:58:44,036 [inflora.py] => [InfLoRA] Layer 6: 89/768 type remove
2026-07-01 17:58:44,036 [inflora.py] => [InfLoRA] Layer 7: 103/768 type remove
2026-07-01 17:58:44,036 [inflora.py] => [InfLoRA] Layer 8: 111/768 type remove
2026-07-01 17:58:44,036 [inflora.py] => [InfLoRA] Layer 9: 122/768 type remove
2026-07-01 17:58:44,036 [inflora.py] => [InfLoRA] Layer 10: 146/768 type remove
2026-07-01 17:58:44,036 [inflora.py] => [InfLoRA] Layer 11: 99/768 type remove
2026-07-01 17:58:44,036 [inflora.py] => [InfLoRA] Layer 12: 149/768 type remove
2026-07-01 17:59:41,242 [til_base.py] => TIL top1: 87.9
2026-07-01 17:59:41,242 [til_base.py] => CIL top1: 60.53 | TIL top1: 87.9
2026-07-01 17:59:41,242 [trainer.py] => No NME accuracy.
2026-07-01 17:59:41,242 [trainer.py] => CNN: {'total': np.float64(60.53), '00-09': np.float64(42.49), '10-19': np.float64(68.54), '20-29': np.float64(61.76), '30-39': np.float64(73.11), '40-49': np.float64(71.07), '50-59': np.float64(59.86), '60-69': np.float64(61.69), '70-79': np.float64(56.07), '80-89': np.float64(43.78), '90-99': np.float64(59.79), '100-109': np.float64(68.77), '110-119': np.float64(68.22), '120-129': np.float64(46.58), '130-139': np.float64(43.65), '140-149': np.float64(56.64), '150-159': np.float64(67.63), '160-169': np.float64(64.8), 'old': np.float64(60.24), 'new': np.float64(64.8)}
2026-07-01 17:59:41,242 [trainer.py] => CNN top1 curve: [np.float64(93.61), np.float64(88.64), np.float64(83.19), np.float64(81.96), np.float64(80.76), np.float64(77.86), np.float64(74.1), np.float64(73.37), np.float64(68.53), np.float64(68.28), np.float64(65.46), np.float64(66.38), np.float64(66.53), np.float64(64.52), np.float64(63.38), np.float64(60.47), np.float64(60.53)]
2026-07-01 17:59:41,243 [trainer.py] => CNN top5 curve: [np.float64(99.04), np.float64(97.16), np.float64(94.79), np.float64(93.75), np.float64(92.74), np.float64(91.19), np.float64(90.47), np.float64(89.24), np.float64(86.98), np.float64(86.76), np.float64(85.23), np.float64(85.52), np.float64(85.31), np.float64(84.37), np.float64(82.92), np.float64(81.94), np.float64(81.56)]

2026-07-01 17:59:41,243 [trainer.py] => Average Accuracy (CNN): 72.79823529411766 

2026-07-01 17:59:41,245 [trainer.py] => All params: 91827626
2026-07-01 17:59:41,247 [trainer.py] => Trainable params: 278186
2026-07-01 17:59:41,249 [inflora.py] => [InfLoRA] Learning on 170-180
2026-07-01 17:59:48,689 [lora.py] => Trainable params this task: 285,876 / 91,835,316
2026-07-01 18:01:29,483 [lora.py] => Task 17 finished. Train_accy 83.62
2026-07-01 18:01:35,433 [inflora.py] => [InfLoRA] DualGPM threshold: 0.9800
2026-07-01 18:01:40,021 [inflora.py] => [InfLoRA] Layer 1: 8/768 type remove
2026-07-01 18:01:40,021 [inflora.py] => [InfLoRA] Layer 2: 26/768 type remove
2026-07-01 18:01:40,021 [inflora.py] => [InfLoRA] Layer 3: 49/768 type remove
2026-07-01 18:01:40,021 [inflora.py] => [InfLoRA] Layer 4: 64/768 type remove
2026-07-01 18:01:40,021 [inflora.py] => [InfLoRA] Layer 5: 94/768 type remove
2026-07-01 18:01:40,021 [inflora.py] => [InfLoRA] Layer 6: 91/768 type remove
2026-07-01 18:01:40,022 [inflora.py] => [InfLoRA] Layer 7: 105/768 type remove
2026-07-01 18:01:40,022 [inflora.py] => [InfLoRA] Layer 8: 115/768 type remove
2026-07-01 18:01:40,022 [inflora.py] => [InfLoRA] Layer 9: 127/768 type remove
2026-07-01 18:01:40,022 [inflora.py] => [InfLoRA] Layer 10: 151/768 type remove
2026-07-01 18:01:40,022 [inflora.py] => [InfLoRA] Layer 11: 102/768 type remove
2026-07-01 18:01:40,022 [inflora.py] => [InfLoRA] Layer 12: 158/768 type remove
2026-07-01 18:02:40,925 [til_base.py] => TIL top1: 87.73
2026-07-01 18:02:40,926 [til_base.py] => CIL top1: 60.74 | TIL top1: 87.73
2026-07-01 18:02:40,926 [trainer.py] => No NME accuracy.
2026-07-01 18:02:40,926 [trainer.py] => CNN: {'total': np.float64(60.74), '00-09': np.float64(39.94), '10-19': np.float64(67.6), '20-29': np.float64(58.5), '30-39': np.float64(75.63), '40-49': np.float64(75.56), '50-59': np.float64(61.59), '60-69': np.float64(64.51), '70-79': np.float64(55.74), '80-89': np.float64(40.3), '90-99': np.float64(60.85), '100-109': np.float64(65.26), '110-119': np.float64(65.89), '120-129': np.float64(46.58), '130-139': np.float64(42.67), '140-149': np.float64(59.38), '150-159': np.float64(67.99), '160-169': np.float64(64.17), '170-179': np.float64(65.44), 'old': np.float64(60.49), 'new': np.float64(65.44)}
2026-07-01 18:02:40,926 [trainer.py] => CNN top1 curve: [np.float64(93.61), np.float64(88.64), np.float64(83.19), np.float64(81.96), np.float64(80.76), np.float64(77.86), np.float64(74.1), np.float64(73.37), np.float64(68.53), np.float64(68.28), np.float64(65.46), np.float64(66.38), np.float64(66.53), np.float64(64.52), np.float64(63.38), np.float64(60.47), np.float64(60.53), np.float64(60.74)]
2026-07-01 18:02:40,926 [trainer.py] => CNN top5 curve: [np.float64(99.04), np.float64(97.16), np.float64(94.79), np.float64(93.75), np.float64(92.74), np.float64(91.19), np.float64(90.47), np.float64(89.24), np.float64(86.98), np.float64(86.76), np.float64(85.23), np.float64(85.52), np.float64(85.31), np.float64(84.37), np.float64(82.92), np.float64(81.94), np.float64(81.56), np.float64(80.71)]

2026-07-01 18:02:40,926 [trainer.py] => Average Accuracy (CNN): 72.12833333333334 

2026-07-01 18:02:40,929 [trainer.py] => All params: 91835316
2026-07-01 18:02:40,931 [trainer.py] => Trainable params: 285876
2026-07-01 18:02:40,933 [inflora.py] => [InfLoRA] Learning on 180-190
2026-07-01 18:02:49,556 [lora.py] => Trainable params this task: 293,566 / 91,843,006
2026-07-01 18:04:53,012 [lora.py] => Task 18 finished. Train_accy 90.39
2026-07-01 18:05:00,076 [inflora.py] => [InfLoRA] DualGPM threshold: 0.9800
2026-07-01 18:05:04,623 [inflora.py] => [InfLoRA] Layer 1: 8/768 type remove
2026-07-01 18:05:04,623 [inflora.py] => [InfLoRA] Layer 2: 27/768 type remove
2026-07-01 18:05:04,623 [inflora.py] => [InfLoRA] Layer 3: 51/768 type remove
2026-07-01 18:05:04,623 [inflora.py] => [InfLoRA] Layer 4: 67/768 type remove
2026-07-01 18:05:04,624 [inflora.py] => [InfLoRA] Layer 5: 97/768 type remove
2026-07-01 18:05:04,624 [inflora.py] => [InfLoRA] Layer 6: 93/768 type remove
2026-07-01 18:05:04,624 [inflora.py] => [InfLoRA] Layer 7: 107/768 type remove
2026-07-01 18:05:04,624 [inflora.py] => [InfLoRA] Layer 8: 117/768 type remove
2026-07-01 18:05:04,624 [inflora.py] => [InfLoRA] Layer 9: 129/768 type remove
2026-07-01 18:05:04,624 [inflora.py] => [InfLoRA] Layer 10: 154/768 type remove
2026-07-01 18:05:04,624 [inflora.py] => [InfLoRA] Layer 11: 106/768 type remove
2026-07-01 18:05:04,624 [inflora.py] => [InfLoRA] Layer 12: 163/768 type remove
2026-07-01 18:06:09,922 [til_base.py] => TIL top1: 88.2
2026-07-01 18:06:09,923 [til_base.py] => CIL top1: 59.3 | TIL top1: 88.2
2026-07-01 18:06:09,923 [trainer.py] => No NME accuracy.
2026-07-01 18:06:09,923 [trainer.py] => CNN: {'total': np.float64(59.3), '00-09': np.float64(41.21), '10-19': np.float64(68.85), '20-29': np.float64(61.11), '30-39': np.float64(72.55), '40-49': np.float64(75.0), '50-59': np.float64(60.21), '60-69': np.float64(62.25), '70-79': np.float64(59.34), '80-89': np.float64(40.8), '90-99': np.float64(58.73), '100-109': np.float64(64.56), '110-119': np.float64(63.56), '120-129': np.float64(43.84), '130-139': np.float64(41.37), '140-149': np.float64(52.34), '150-159': np.float64(62.23), '160-169': np.float64(55.45), '170-179': np.float64(57.35), '180-189': np.float64(67.95), 'old': np.float64(58.75), 'new': np.float64(67.95)}
2026-07-01 18:06:09,923 [trainer.py] => CNN top1 curve: [np.float64(93.61), np.float64(88.64), np.float64(83.19), np.float64(81.96), np.float64(80.76), np.float64(77.86), np.float64(74.1), np.float64(73.37), np.float64(68.53), np.float64(68.28), np.float64(65.46), np.float64(66.38), np.float64(66.53), np.float64(64.52), np.float64(63.38), np.float64(60.47), np.float64(60.53), np.float64(60.74), np.float64(59.3)]
2026-07-01 18:06:09,923 [trainer.py] => CNN top5 curve: [np.float64(99.04), np.float64(97.16), np.float64(94.79), np.float64(93.75), np.float64(92.74), np.float64(91.19), np.float64(90.47), np.float64(89.24), np.float64(86.98), np.float64(86.76), np.float64(85.23), np.float64(85.52), np.float64(85.31), np.float64(84.37), np.float64(82.92), np.float64(81.94), np.float64(81.56), np.float64(80.71), np.float64(79.64)]

2026-07-01 18:06:09,923 [trainer.py] => Average Accuracy (CNN): 71.45315789473685 

2026-07-01 18:06:09,926 [trainer.py] => All params: 91843006
2026-07-01 18:06:09,928 [trainer.py] => Trainable params: 293566
2026-07-01 18:06:09,930 [inflora.py] => [InfLoRA] Learning on 190-200
2026-07-01 18:06:22,343 [lora.py] => Trainable params this task: 301,256 / 91,850,696
2026-07-01 18:08:19,539 [lora.py] => Task 19 finished. Train_accy 91.82
2026-07-01 18:08:26,348 [inflora.py] => [InfLoRA] DualGPM threshold: 0.9800
2026-07-01 18:08:30,956 [inflora.py] => [InfLoRA] Layer 1: 8/768 type remove
2026-07-01 18:08:30,956 [inflora.py] => [InfLoRA] Layer 2: 28/768 type remove
2026-07-01 18:08:30,956 [inflora.py] => [InfLoRA] Layer 3: 53/768 type remove
2026-07-01 18:08:30,956 [inflora.py] => [InfLoRA] Layer 4: 69/768 type remove
2026-07-01 18:08:30,956 [inflora.py] => [InfLoRA] Layer 5: 100/768 type remove
2026-07-01 18:08:30,956 [inflora.py] => [InfLoRA] Layer 6: 95/768 type remove
2026-07-01 18:08:30,956 [inflora.py] => [InfLoRA] Layer 7: 109/768 type remove
2026-07-01 18:08:30,956 [inflora.py] => [InfLoRA] Layer 8: 119/768 type remove
2026-07-01 18:08:30,956 [inflora.py] => [InfLoRA] Layer 9: 131/768 type remove
2026-07-01 18:08:30,957 [inflora.py] => [InfLoRA] Layer 10: 157/768 type remove
2026-07-01 18:08:30,957 [inflora.py] => [InfLoRA] Layer 11: 110/768 type remove
2026-07-01 18:08:30,957 [inflora.py] => [InfLoRA] Layer 12: 168/768 type remove
2026-07-01 18:09:40,764 [til_base.py] => TIL top1: 88.57
2026-07-01 18:09:40,764 [til_base.py] => CIL top1: 59.12 | TIL top1: 88.57
2026-07-01 18:09:40,764 [trainer.py] => No NME accuracy.
2026-07-01 18:09:40,764 [trainer.py] => CNN: {'total': np.float64(59.12), '00-09': np.float64(40.89), '10-19': np.float64(68.22), '20-29': np.float64(58.82), '30-39': np.float64(73.67), '40-49': np.float64(74.16), '50-59': np.float64(59.86), '60-69': np.float64(59.44), '70-79': np.float64(57.38), '80-89': np.float64(43.28), '90-99': np.float64(53.97), '100-109': np.float64(63.86), '110-119': np.float64(67.06), '120-129': np.float64(43.84), '130-139': np.float64(41.69), '140-149': np.float64(48.83), '150-159': np.float64(60.43), '160-169': np.float64(52.65), '170-179': np.float64(53.31), '180-189': np.float64(64.69), '190-199': np.float64(76.11), 'old': np.float64(58.16), 'new': np.float64(76.11)}
2026-07-01 18:09:40,764 [trainer.py] => CNN top1 curve: [np.float64(93.61), np.float64(88.64), np.float64(83.19), np.float64(81.96), np.float64(80.76), np.float64(77.86), np.float64(74.1), np.float64(73.37), np.float64(68.53), np.float64(68.28), np.float64(65.46), np.float64(66.38), np.float64(66.53), np.float64(64.52), np.float64(63.38), np.float64(60.47), np.float64(60.53), np.float64(60.74), np.float64(59.3), np.float64(59.12)]
2026-07-01 18:09:40,764 [trainer.py] => CNN top5 curve: [np.float64(99.04), np.float64(97.16), np.float64(94.79), np.float64(93.75), np.float64(92.74), np.float64(91.19), np.float64(90.47), np.float64(89.24), np.float64(86.98), np.float64(86.76), np.float64(85.23), np.float64(85.52), np.float64(85.31), np.float64(84.37), np.float64(82.92), np.float64(81.94), np.float64(81.56), np.float64(80.71), np.float64(79.64), np.float64(80.65)]

2026-07-01 18:09:40,764 [trainer.py] => Average Accuracy (CNN): 70.8365 

2026-07-01 18:09:40,768 [trainer.py] => Forgetting (CNN): 15.949473684210524
2026-07-01 18:09:40,768 [trainer.py] => Forgetting (NME): 15.949473684210524
2026-07-01 18:09:40,771 [trainer.py] => Forgetting (TIL): 4.55473684210526
