2026-07-27 23:49:34,468 [trainer.py] => config: exps/round2_slurm_grid/inflora_200mb_s1993.json
2026-07-27 23:49:34,468 [trainer.py] => dataset: omnibenchmark1k
2026-07-27 23:49:34,468 [trainer.py] => memory_size: 0
2026-07-27 23:49:34,468 [trainer.py] => memory_per_class: 0
2026-07-27 23:49:34,468 [trainer.py] => fixed_memory: False
2026-07-27 23:49:34,468 [trainer.py] => shuffle: True
2026-07-27 23:49:34,468 [trainer.py] => init_cls: 10
2026-07-27 23:49:34,468 [trainer.py] => increment: 10
2026-07-27 23:49:34,468 [trainer.py] => scenario: cil
2026-07-27 23:49:34,468 [trainer.py] => pretrained: True
2026-07-27 23:49:34,469 [trainer.py] => print_forget: False
2026-07-27 23:49:34,469 [trainer.py] => final_metrics: False
2026-07-27 23:49:34,469 [trainer.py] => backbone_type: vit_base_patch16_224_lora
2026-07-27 23:49:34,469 [trainer.py] => lora_rank: 10
2026-07-27 23:49:34,469 [trainer.py] => lora_alpha: None
2026-07-27 23:49:34,469 [trainer.py] => batch_size: 48
2026-07-27 23:49:34,469 [trainer.py] => weight_decay: 0.0005
2026-07-27 23:49:34,469 [trainer.py] => min_lr: 0.0
2026-07-27 23:49:34,469 [trainer.py] => tuned_epoch: 20
2026-07-27 23:49:34,469 [trainer.py] => boundary_mode: bounded_memory
2026-07-27 23:49:34,469 [trainer.py] => stop_after_tasks: 100
2026-07-27 23:49:34,469 [trainer.py] => device: [device(type='cuda', index=0)]
2026-07-27 23:49:34,469 [trainer.py] => model_name: inflora
2026-07-27 23:49:34,469 [trainer.py] => lora_merge: True
2026-07-27 23:49:34,469 [trainer.py] => lamb: 0.975
2026-07-27 23:49:34,469 [trainer.py] => lame: 0.975
2026-07-27 23:49:34,469 [trainer.py] => init_lr: 0.0005
2026-07-27 23:49:34,469 [trainer.py] => seed: 1993
2026-07-27 23:49:34,469 [trainer.py] => bm_budget_mb: 200
2026-07-27 23:49:34,469 [trainer.py] => prefix: round2_slurm_grid_omni30t_200mb_inflora_s1993
2026-07-27 23:49:34,759 [data_manager.py] => [54, 7, 894, 512, 126, 337, 988, 11, 284, 493, 133, 783, 192, 979, 622, 215, 240, 548, 238, 419, 274, 108, 928, 856, 494, 836, 473, 650, 85, 262, 508, 590, 390, 174, 637, 288, 658, 219, 912, 142, 852, 160, 704, 289, 123, 323, 600, 542, 999, 634, 391, 761, 490, 842, 127, 850, 665, 990, 597, 722, 748, 14, 77, 437, 394, 859, 279, 539, 75, 466, 886, 312, 303, 62, 966, 413, 959, 782, 509, 400, 471, 632, 275, 730, 105, 523, 224, 186, 478, 507, 470, 906, 699, 989, 324, 812, 260, 911, 446, 44, 765, 759, 67, 36, 5, 30, 184, 797, 159, 741, 954, 465, 533, 585, 150, 101, 897, 363, 818, 620, 824, 154, 956, 176, 588, 986, 172, 223, 461, 94, 141, 621, 659, 360, 136, 578, 163, 427, 70, 226, 925, 596, 336, 412, 731, 755, 381, 810, 69, 898, 310, 120, 752, 93, 39, 326, 537, 905, 448, 347, 51, 615, 601, 229, 947, 348, 220, 949, 972, 73, 913, 522, 193, 753, 921, 257, 957, 691, 155, 820, 584, 948, 92, 582, 89, 379, 392, 64, 904, 169, 216, 694, 103, 410, 374, 515, 484, 624, 409, 156, 455, 846, 344, 371, 468, 844, 276, 740, 562, 503, 831, 516, 663, 630, 763, 456, 179, 996, 936, 248, 333, 941, 63, 738, 802, 372, 828, 74, 540, 299, 750, 335, 177, 822, 643, 593, 800, 459, 580, 933, 306, 378, 76, 227, 426, 403, 322, 321, 808, 393, 27, 200, 764, 651, 244, 479, 3, 415, 23, 964, 671, 195, 569, 917, 611, 644, 707, 355, 855, 8, 534, 657, 571, 811, 681, 543, 313, 129, 978, 592, 573, 128, 243, 520, 887, 892, 696, 26, 551, 168, 71, 398, 778, 529, 526, 792, 868, 266, 443, 24, 57, 15, 871, 678, 745, 845, 208, 188, 674, 175, 406, 421, 833, 106, 994, 815, 581, 676, 49, 619, 217, 631, 934, 932, 568, 353, 863, 827, 425, 420, 99, 823, 113, 974, 438, 874, 343, 118, 340, 472, 552, 937, 0, 10, 675, 316, 879, 561, 387, 726, 255, 407, 56, 927, 655, 809, 839, 640, 297, 34, 497, 210, 606, 971, 589, 138, 263, 587, 993, 973, 382, 572, 735, 535, 139, 524, 314, 463, 895, 376, 939, 157, 858, 457, 935, 183, 114, 903, 767, 666, 22, 525, 902, 233, 250, 825, 79, 843, 221, 214, 205, 166, 431, 860, 292, 976, 739, 899, 475, 242, 961, 531, 110, 769, 55, 701, 532, 586, 729, 253, 486, 787, 774, 165, 627, 32, 291, 962, 922, 222, 705, 454, 356, 445, 746, 776, 404, 950, 241, 452, 245, 487, 706, 2, 137, 6, 98, 647, 50, 91, 202, 556, 38, 68, 649, 258, 345, 361, 464, 514, 958, 504, 826, 668, 880, 28, 920, 918, 339, 315, 320, 768, 201, 733, 575, 781, 864, 617, 171, 795, 132, 145, 368, 147, 327, 713, 688, 848, 690, 975, 354, 853, 148, 648, 300, 436, 780, 693, 682, 246, 449, 492, 162, 97, 59, 357, 198, 519, 90, 236, 375, 359, 230, 476, 784, 117, 940, 396, 849, 102, 122, 282, 181, 130, 467, 88, 271, 793, 151, 847, 914, 42, 834, 521, 121, 29, 806, 607, 510, 837, 301, 669, 78, 256, 474, 840, 52, 505, 547, 641, 987, 801, 629, 491, 605, 112, 429, 401, 742, 528, 87, 442, 910, 638, 785, 264, 711, 369, 428, 805, 744, 380, 725, 480, 318, 997, 153, 384, 252, 985, 538, 654, 388, 100, 432, 832, 565, 908, 367, 591, 294, 272, 231, 213, 196, 743, 817, 433, 328, 970, 969, 4, 613, 182, 685, 724, 915, 311, 931, 865, 86, 119, 203, 268, 718, 317, 926, 269, 161, 209, 807, 645, 513, 261, 518, 305, 758, 872, 58, 65, 146, 395, 481, 747, 41, 283, 204, 564, 185, 777, 33, 500, 609, 286, 567, 80, 228, 683, 757, 942, 134, 673, 616, 960, 450, 350, 544, 830, 736, 170, 679, 838, 819, 485, 430, 190, 566, 511, 482, 232, 527, 411, 560, 281, 342, 614, 662, 47, 771, 861, 692, 686, 277, 373, 16, 946, 265, 35, 9, 884, 909, 610, 358, 18, 737, 977, 677, 803, 595, 135, 458, 12, 46, 418, 599, 187, 107, 992, 770, 298, 104, 351, 893, 698, 929, 502, 273, 20, 96, 791, 636, 708, 267, 867, 772, 604, 618, 346, 330, 554, 816, 664, 716, 189, 31, 721, 712, 397, 43, 943, 804, 296, 109, 576, 869, 955, 17, 506, 963, 786, 720, 628, 779, 982, 633, 891, 734, 980, 386, 365, 794, 325, 841, 878, 370, 695, 293, 951, 66, 594, 717, 116, 488, 796, 983, 646, 499, 53, 1, 603, 45, 424, 875, 254, 237, 199, 414, 307, 362, 557, 866, 341, 19, 965, 143, 555, 687, 235, 790, 125, 173, 364, 882, 727, 728, 563, 495, 21, 558, 709, 719, 877, 352, 83, 998, 991, 469, 967, 760, 498, 814, 612, 715, 290, 72, 131, 259, 441, 924, 773, 48, 625, 501, 440, 82, 684, 862, 574, 309, 408, 680, 623, 439, 180, 652, 968, 889, 334, 61, 766, 399, 598, 798, 653, 930, 149, 249, 890, 308, 881, 40, 835, 577, 422, 703, 813, 857, 995, 602, 583, 167, 670, 212, 751, 496, 608, 84, 639, 579, 178, 489, 37, 197, 789, 530, 111, 876, 570, 700, 444, 287, 366, 883, 385, 536, 460, 851, 81, 144, 60, 251, 13, 953, 270, 944, 319, 885, 710, 952, 517, 278, 656, 919, 377, 550, 207, 660, 984, 447, 553, 338, 234, 383, 749, 916, 626, 462, 788, 434, 714, 799, 821, 477, 549, 661, 206, 667, 541, 642, 689, 194, 152, 981, 938, 854, 483, 332, 280, 546, 389, 405, 545, 239, 896, 672, 923, 402, 423, 907, 888, 140, 870, 559, 756, 25, 211, 158, 723, 635, 302, 702, 453, 218, 164, 829, 247, 775, 191, 732, 115, 331, 901, 416, 873, 754, 900, 435, 762, 124, 304, 329, 349, 295, 95, 451, 285, 225, 945, 697, 417]
This is for the BaseNet initialization.
I'm using ViT with per-task LoRA (q,v).
_IncompatibleKeys(missing_keys=['blocks.0.attn.cur_matrix', 'blocks.0.attn.frozen_delta_q', 'blocks.0.attn.frozen_delta_v', 'blocks.0.attn.lora_A_q.0.weight', 'blocks.0.attn.lora_B_q.0.weight', 'blocks.0.attn.lora_A_v.0.weight', 'blocks.0.attn.lora_B_v.0.weight', 'blocks.1.attn.cur_matrix', 'blocks.1.attn.frozen_delta_q', 'blocks.1.attn.frozen_delta_v', 'blocks.1.attn.lora_A_q.0.weight', 'blocks.1.attn.lora_B_q.0.weight', 'blocks.1.attn.lora_A_v.0.weight', 'blocks.1.attn.lora_B_v.0.weight', 'blocks.2.attn.cur_matrix', 'blocks.2.attn.frozen_delta_q', 'blocks.2.attn.frozen_delta_v', 'blocks.2.attn.lora_A_q.0.weight', 'blocks.2.attn.lora_B_q.0.weight', 'blocks.2.attn.lora_A_v.0.weight', 'blocks.2.attn.lora_B_v.0.weight', 'blocks.3.attn.cur_matrix', 'blocks.3.attn.frozen_delta_q', 'blocks.3.attn.frozen_delta_v', 'blocks.3.attn.lora_A_q.0.weight', 'blocks.3.attn.lora_B_q.0.weight', 'blocks.3.attn.lora_A_v.0.weight', 'blocks.3.attn.lora_B_v.0.weight', 'blocks.4.attn.cur_matrix', 'blocks.4.attn.frozen_delta_q', 'blocks.4.attn.frozen_delta_v', 'blocks.4.attn.lora_A_q.0.weight', 'blocks.4.attn.lora_B_q.0.weight', 'blocks.4.attn.lora_A_v.0.weight', 'blocks.4.attn.lora_B_v.0.weight', 'blocks.5.attn.cur_matrix', 'blocks.5.attn.frozen_delta_q', 'blocks.5.attn.frozen_delta_v', 'blocks.5.attn.lora_A_q.0.weight', 'blocks.5.attn.lora_B_q.0.weight', 'blocks.5.attn.lora_A_v.0.weight', 'blocks.5.attn.lora_B_v.0.weight', 'blocks.6.attn.cur_matrix', 'blocks.6.attn.frozen_delta_q', 'blocks.6.attn.frozen_delta_v', 'blocks.6.attn.lora_A_q.0.weight', 'blocks.6.attn.lora_B_q.0.weight', 'blocks.6.attn.lora_A_v.0.weight', 'blocks.6.attn.lora_B_v.0.weight', 'blocks.7.attn.cur_matrix', 'blocks.7.attn.frozen_delta_q', 'blocks.7.attn.frozen_delta_v', 'blocks.7.attn.lora_A_q.0.weight', 'blocks.7.attn.lora_B_q.0.weight', 'blocks.7.attn.lora_A_v.0.weight', 'blocks.7.attn.lora_B_v.0.weight', 'blocks.8.attn.cur_matrix', 'blocks.8.attn.frozen_delta_q', 'blocks.8.attn.frozen_delta_v', 'blocks.8.attn.lora_A_q.0.weight', 'blocks.8.attn.lora_B_q.0.weight', 'blocks.8.attn.lora_A_v.0.weight', 'blocks.8.attn.lora_B_v.0.weight', 'blocks.9.attn.cur_matrix', 'blocks.9.attn.frozen_delta_q', 'blocks.9.attn.frozen_delta_v', 'blocks.9.attn.lora_A_q.0.weight', 'blocks.9.attn.lora_B_q.0.weight', 'blocks.9.attn.lora_A_v.0.weight', 'blocks.9.attn.lora_B_v.0.weight', 'blocks.10.attn.cur_matrix', 'blocks.10.attn.frozen_delta_q', 'blocks.10.attn.frozen_delta_v', 'blocks.10.attn.lora_A_q.0.weight', 'blocks.10.attn.lora_B_q.0.weight', 'blocks.10.attn.lora_A_v.0.weight', 'blocks.10.attn.lora_B_v.0.weight', 'blocks.11.attn.cur_matrix', 'blocks.11.attn.frozen_delta_q', 'blocks.11.attn.frozen_delta_v', 'blocks.11.attn.lora_A_q.0.weight', 'blocks.11.attn.lora_B_q.0.weight', 'blocks.11.attn.lora_A_v.0.weight', 'blocks.11.attn.lora_B_v.0.weight'], unexpected_keys=[])
After BaseNet initialization.
2026-07-27 23:49:41,718 [bounded_memory_mixin.py] => [bounded_mem] budget_mb=200.0 -> cycle=1393 images (mean_task=1687.2 images, so this budget is 0.83x mean task size); 168718 total images -> 122 cycles (T=122 sessions); 10 eval checkpoints
2026-07-27 23:51:44,554 [inflora.py] => [InfLoRA] DualGPM threshold: 0.9750
2026-07-27 23:51:45,132 [inflora.py] => [InfLoRA] Layer 1: 20/768 type remove
2026-07-27 23:51:45,132 [inflora.py] => [InfLoRA] Layer 2: 13/768 type remove
2026-07-27 23:51:45,132 [inflora.py] => [InfLoRA] Layer 3: 17/768 type remove
2026-07-27 23:51:45,132 [inflora.py] => [InfLoRA] Layer 4: 14/768 type remove
2026-07-27 23:51:45,132 [inflora.py] => [InfLoRA] Layer 5: 20/768 type remove
2026-07-27 23:51:45,132 [inflora.py] => [InfLoRA] Layer 6: 25/768 type remove
2026-07-27 23:51:45,132 [inflora.py] => [InfLoRA] Layer 7: 28/768 type remove
2026-07-27 23:51:45,132 [inflora.py] => [InfLoRA] Layer 8: 40/768 type remove
2026-07-27 23:51:45,132 [inflora.py] => [InfLoRA] Layer 9: 76/768 type remove
2026-07-27 23:51:45,132 [inflora.py] => [InfLoRA] Layer 10: 114/768 type remove
2026-07-27 23:51:45,132 [inflora.py] => [InfLoRA] Layer 11: 73/768 type remove
2026-07-27 23:51:45,132 [inflora.py] => [InfLoRA] Layer 12: 46/768 type remove
2026-07-27 23:53:11,229 [inflora.py] => [InfLoRA] DualGPM threshold: 0.9750
2026-07-27 23:53:12,142 [inflora.py] => [InfLoRA] Layer 1: 22/768 type remove
2026-07-27 23:53:12,142 [inflora.py] => [InfLoRA] Layer 2: 15/768 type remove
2026-07-27 23:53:12,142 [inflora.py] => [InfLoRA] Layer 3: 22/768 type remove
2026-07-27 23:53:12,142 [inflora.py] => [InfLoRA] Layer 4: 18/768 type remove
2026-07-27 23:53:12,142 [inflora.py] => [InfLoRA] Layer 5: 25/768 type remove
2026-07-27 23:53:12,142 [inflora.py] => [InfLoRA] Layer 6: 32/768 type remove
2026-07-27 23:53:12,142 [inflora.py] => [InfLoRA] Layer 7: 35/768 type remove
2026-07-27 23:53:12,142 [inflora.py] => [InfLoRA] Layer 8: 50/768 type remove
2026-07-27 23:53:12,142 [inflora.py] => [InfLoRA] Layer 9: 95/768 type remove
2026-07-27 23:53:12,142 [inflora.py] => [InfLoRA] Layer 10: 149/768 type remove
2026-07-27 23:53:12,142 [inflora.py] => [InfLoRA] Layer 11: 92/768 type remove
2026-07-27 23:53:12,142 [inflora.py] => [InfLoRA] Layer 12: 59/768 type remove
2026-07-27 23:54:42,543 [inflora.py] => [InfLoRA] DualGPM threshold: 0.9750
2026-07-27 23:54:43,482 [inflora.py] => [InfLoRA] Layer 1: 22/768 type remove
2026-07-27 23:54:43,483 [inflora.py] => [InfLoRA] Layer 2: 15/768 type remove
2026-07-27 23:54:43,483 [inflora.py] => [InfLoRA] Layer 3: 22/768 type remove
2026-07-27 23:54:43,483 [inflora.py] => [InfLoRA] Layer 4: 19/768 type remove
2026-07-27 23:54:43,483 [inflora.py] => [InfLoRA] Layer 5: 26/768 type remove
2026-07-27 23:54:43,483 [inflora.py] => [InfLoRA] Layer 6: 33/768 type remove
2026-07-27 23:54:43,484 [inflora.py] => [InfLoRA] Layer 7: 38/768 type remove
2026-07-27 23:54:43,484 [inflora.py] => [InfLoRA] Layer 8: 53/768 type remove
2026-07-27 23:54:43,484 [inflora.py] => [InfLoRA] Layer 9: 99/768 type remove
2026-07-27 23:54:43,484 [inflora.py] => [InfLoRA] Layer 10: 155/768 type remove
2026-07-27 23:54:43,484 [inflora.py] => [InfLoRA] Layer 11: 99/768 type remove
2026-07-27 23:54:43,484 [inflora.py] => [InfLoRA] Layer 12: 77/768 type remove
2026-07-27 23:56:09,736 [inflora.py] => [InfLoRA] DualGPM threshold: 0.9750
2026-07-27 23:56:10,667 [inflora.py] => [InfLoRA] Layer 1: 22/768 type remove
2026-07-27 23:56:10,667 [inflora.py] => [InfLoRA] Layer 2: 15/768 type remove
2026-07-27 23:56:10,667 [inflora.py] => [InfLoRA] Layer 3: 22/768 type remove
2026-07-27 23:56:10,667 [inflora.py] => [InfLoRA] Layer 4: 19/768 type remove
2026-07-27 23:56:10,667 [inflora.py] => [InfLoRA] Layer 5: 27/768 type remove
2026-07-27 23:56:10,667 [inflora.py] => [InfLoRA] Layer 6: 34/768 type remove
2026-07-27 23:56:10,667 [inflora.py] => [InfLoRA] Layer 7: 41/768 type remove
2026-07-27 23:56:10,667 [inflora.py] => [InfLoRA] Layer 8: 57/768 type remove
2026-07-27 23:56:10,667 [inflora.py] => [InfLoRA] Layer 9: 104/768 type remove
2026-07-27 23:56:10,667 [inflora.py] => [InfLoRA] Layer 10: 163/768 type remove
2026-07-27 23:56:10,667 [inflora.py] => [InfLoRA] Layer 11: 104/768 type remove
2026-07-27 23:56:10,667 [inflora.py] => [InfLoRA] Layer 12: 94/768 type remove
2026-07-27 23:57:36,077 [inflora.py] => [InfLoRA] DualGPM threshold: 0.9750
2026-07-27 23:57:37,204 [inflora.py] => [InfLoRA] Layer 1: 22/768 type remove
2026-07-27 23:57:37,205 [inflora.py] => [InfLoRA] Layer 2: 15/768 type remove
2026-07-27 23:57:37,205 [inflora.py] => [InfLoRA] Layer 3: 23/768 type remove
2026-07-27 23:57:37,205 [inflora.py] => [InfLoRA] Layer 4: 20/768 type remove
2026-07-27 23:57:37,205 [inflora.py] => [InfLoRA] Layer 5: 29/768 type remove
2026-07-27 23:57:37,205 [inflora.py] => [InfLoRA] Layer 6: 38/768 type remove
2026-07-27 23:57:37,205 [inflora.py] => [InfLoRA] Layer 7: 46/768 type remove
2026-07-27 23:57:37,205 [inflora.py] => [InfLoRA] Layer 8: 64/768 type remove
2026-07-27 23:57:37,205 [inflora.py] => [InfLoRA] Layer 9: 115/768 type remove
2026-07-27 23:57:37,205 [inflora.py] => [InfLoRA] Layer 10: 178/768 type remove
2026-07-27 23:57:37,205 [inflora.py] => [InfLoRA] Layer 11: 116/768 type remove
2026-07-27 23:57:37,205 [inflora.py] => [InfLoRA] Layer 12: 106/768 type remove
2026-07-27 23:59:02,834 [inflora.py] => [InfLoRA] DualGPM threshold: 0.9750
2026-07-27 23:59:03,782 [inflora.py] => [InfLoRA] Layer 1: 25/768 type remove
2026-07-27 23:59:03,782 [inflora.py] => [InfLoRA] Layer 2: 15/768 type remove
2026-07-27 23:59:03,782 [inflora.py] => [InfLoRA] Layer 3: 24/768 type remove
2026-07-27 23:59:03,782 [inflora.py] => [InfLoRA] Layer 4: 21/768 type remove
2026-07-27 23:59:03,782 [inflora.py] => [InfLoRA] Layer 5: 32/768 type remove
2026-07-27 23:59:03,782 [inflora.py] => [InfLoRA] Layer 6: 43/768 type remove
2026-07-27 23:59:03,782 [inflora.py] => [InfLoRA] Layer 7: 51/768 type remove
2026-07-27 23:59:03,782 [inflora.py] => [InfLoRA] Layer 8: 73/768 type remove
2026-07-27 23:59:03,782 [inflora.py] => [InfLoRA] Layer 9: 134/768 type remove
2026-07-27 23:59:03,782 [inflora.py] => [InfLoRA] Layer 10: 203/768 type remove
2026-07-27 23:59:03,782 [inflora.py] => [InfLoRA] Layer 11: 133/768 type remove
2026-07-27 23:59:03,782 [inflora.py] => [InfLoRA] Layer 12: 116/768 type remove
2026-07-28 00:00:30,468 [inflora.py] => [InfLoRA] DualGPM threshold: 0.9750
2026-07-28 00:00:31,442 [inflora.py] => [InfLoRA] Layer 1: 26/768 type remove
2026-07-28 00:00:31,442 [inflora.py] => [InfLoRA] Layer 2: 16/768 type remove
2026-07-28 00:00:31,442 [inflora.py] => [InfLoRA] Layer 3: 25/768 type remove
2026-07-28 00:00:31,442 [inflora.py] => [InfLoRA] Layer 4: 23/768 type remove
2026-07-28 00:00:31,442 [inflora.py] => [InfLoRA] Layer 5: 34/768 type remove
2026-07-28 00:00:31,442 [inflora.py] => [InfLoRA] Layer 6: 46/768 type remove
2026-07-28 00:00:31,442 [inflora.py] => [InfLoRA] Layer 7: 53/768 type remove
2026-07-28 00:00:31,442 [inflora.py] => [InfLoRA] Layer 8: 76/768 type remove
2026-07-28 00:00:31,442 [inflora.py] => [InfLoRA] Layer 9: 146/768 type remove
2026-07-28 00:00:31,442 [inflora.py] => [InfLoRA] Layer 10: 243/768 type remove
2026-07-28 00:00:31,442 [inflora.py] => [InfLoRA] Layer 11: 184/768 type remove
2026-07-28 00:00:31,442 [inflora.py] => [InfLoRA] Layer 12: 167/768 type remove
2026-07-28 00:01:57,703 [inflora.py] => [InfLoRA] DualGPM threshold: 0.9750
2026-07-28 00:01:58,669 [inflora.py] => [InfLoRA] Layer 1: 33/768 type remove
2026-07-28 00:01:58,670 [inflora.py] => [InfLoRA] Layer 2: 17/768 type remove
2026-07-28 00:01:58,670 [inflora.py] => [InfLoRA] Layer 3: 27/768 type remove
2026-07-28 00:01:58,670 [inflora.py] => [InfLoRA] Layer 4: 24/768 type remove
2026-07-28 00:01:58,670 [inflora.py] => [InfLoRA] Layer 5: 36/768 type remove
2026-07-28 00:01:58,670 [inflora.py] => [InfLoRA] Layer 6: 49/768 type remove
2026-07-28 00:01:58,670 [inflora.py] => [InfLoRA] Layer 7: 57/768 type remove
2026-07-28 00:01:58,670 [inflora.py] => [InfLoRA] Layer 8: 80/768 type remove
2026-07-28 00:01:58,670 [inflora.py] => [InfLoRA] Layer 9: 156/768 type remove
2026-07-28 00:01:58,670 [inflora.py] => [InfLoRA] Layer 10: 268/768 type remove
2026-07-28 00:01:58,670 [inflora.py] => [InfLoRA] Layer 11: 212/768 type remove
2026-07-28 00:01:58,670 [inflora.py] => [InfLoRA] Layer 12: 185/768 type remove
2026-07-28 00:03:24,598 [inflora.py] => [InfLoRA] DualGPM threshold: 0.9750
2026-07-28 00:03:25,756 [inflora.py] => [InfLoRA] Layer 1: 33/768 type remove
2026-07-28 00:03:25,756 [inflora.py] => [InfLoRA] Layer 2: 17/768 type remove
2026-07-28 00:03:25,756 [inflora.py] => [InfLoRA] Layer 3: 27/768 type remove
2026-07-28 00:03:25,756 [inflora.py] => [InfLoRA] Layer 4: 24/768 type remove
2026-07-28 00:03:25,756 [inflora.py] => [InfLoRA] Layer 5: 37/768 type remove
2026-07-28 00:03:25,756 [inflora.py] => [InfLoRA] Layer 6: 51/768 type remove
2026-07-28 00:03:25,756 [inflora.py] => [InfLoRA] Layer 7: 59/768 type remove
2026-07-28 00:03:25,756 [inflora.py] => [InfLoRA] Layer 8: 84/768 type remove
2026-07-28 00:03:25,756 [inflora.py] => [InfLoRA] Layer 9: 161/768 type remove
2026-07-28 00:03:25,756 [inflora.py] => [InfLoRA] Layer 10: 272/768 type remove
2026-07-28 00:03:25,756 [inflora.py] => [InfLoRA] Layer 11: 215/768 type remove
2026-07-28 00:03:25,756 [inflora.py] => [InfLoRA] Layer 12: 190/768 type remove
2026-07-28 00:04:53,700 [inflora.py] => [InfLoRA] DualGPM threshold: 0.9750
2026-07-28 00:04:54,686 [inflora.py] => [InfLoRA] Layer 1: 33/768 type remove
2026-07-28 00:04:54,686 [inflora.py] => [InfLoRA] Layer 2: 17/768 type remove
2026-07-28 00:04:54,686 [inflora.py] => [InfLoRA] Layer 3: 27/768 type remove
2026-07-28 00:04:54,686 [inflora.py] => [InfLoRA] Layer 4: 25/768 type remove
2026-07-28 00:04:54,686 [inflora.py] => [InfLoRA] Layer 5: 38/768 type remove
2026-07-28 00:04:54,686 [inflora.py] => [InfLoRA] Layer 6: 52/768 type remove
2026-07-28 00:04:54,686 [inflora.py] => [InfLoRA] Layer 7: 62/768 type remove
2026-07-28 00:04:54,686 [inflora.py] => [InfLoRA] Layer 8: 90/768 type remove
2026-07-28 00:04:54,686 [inflora.py] => [InfLoRA] Layer 9: 167/768 type remove
2026-07-28 00:04:54,686 [inflora.py] => [InfLoRA] Layer 10: 274/768 type remove
2026-07-28 00:04:54,686 [inflora.py] => [InfLoRA] Layer 11: 217/768 type remove
2026-07-28 00:04:54,686 [inflora.py] => [InfLoRA] Layer 12: 195/768 type remove
2026-07-28 00:06:22,328 [inflora.py] => [InfLoRA] DualGPM threshold: 0.9750
2026-07-28 00:06:23,312 [inflora.py] => [InfLoRA] Layer 1: 33/768 type remove
2026-07-28 00:06:23,312 [inflora.py] => [InfLoRA] Layer 2: 17/768 type remove
2026-07-28 00:06:23,312 [inflora.py] => [InfLoRA] Layer 3: 28/768 type remove
2026-07-28 00:06:23,312 [inflora.py] => [InfLoRA] Layer 4: 25/768 type remove
2026-07-28 00:06:23,312 [inflora.py] => [InfLoRA] Layer 5: 39/768 type remove
2026-07-28 00:06:23,312 [inflora.py] => [InfLoRA] Layer 6: 54/768 type remove
2026-07-28 00:06:23,312 [inflora.py] => [InfLoRA] Layer 7: 66/768 type remove
2026-07-28 00:06:23,312 [inflora.py] => [InfLoRA] Layer 8: 93/768 type remove
2026-07-28 00:06:23,312 [inflora.py] => [InfLoRA] Layer 9: 170/768 type remove
2026-07-28 00:06:23,312 [inflora.py] => [InfLoRA] Layer 10: 276/768 type remove
2026-07-28 00:06:23,312 [inflora.py] => [InfLoRA] Layer 11: 219/768 type remove
2026-07-28 00:06:23,312 [inflora.py] => [InfLoRA] Layer 12: 199/768 type remove
2026-07-28 00:07:49,045 [inflora.py] => [InfLoRA] DualGPM threshold: 0.9750
2026-07-28 00:07:50,194 [inflora.py] => [InfLoRA] Layer 1: 35/768 type remove
2026-07-28 00:07:50,194 [inflora.py] => [InfLoRA] Layer 2: 18/768 type remove
2026-07-28 00:07:50,194 [inflora.py] => [InfLoRA] Layer 3: 29/768 type remove
2026-07-28 00:07:50,194 [inflora.py] => [InfLoRA] Layer 4: 26/768 type remove
2026-07-28 00:07:50,194 [inflora.py] => [InfLoRA] Layer 5: 41/768 type remove
2026-07-28 00:07:50,194 [inflora.py] => [InfLoRA] Layer 6: 56/768 type remove
2026-07-28 00:07:50,194 [inflora.py] => [InfLoRA] Layer 7: 69/768 type remove
2026-07-28 00:07:50,194 [inflora.py] => [InfLoRA] Layer 8: 99/768 type remove
2026-07-28 00:07:50,194 [inflora.py] => [InfLoRA] Layer 9: 181/768 type remove
2026-07-28 00:07:50,194 [inflora.py] => [InfLoRA] Layer 10: 289/768 type remove
2026-07-28 00:07:50,194 [inflora.py] => [InfLoRA] Layer 11: 229/768 type remove
2026-07-28 00:07:50,194 [inflora.py] => [InfLoRA] Layer 12: 208/768 type remove
2026-07-28 00:09:16,075 [inflora.py] => [InfLoRA] DualGPM threshold: 0.9750
2026-07-28 00:09:17,201 [inflora.py] => [InfLoRA] Layer 1: 35/768 type remove
2026-07-28 00:09:17,201 [inflora.py] => [InfLoRA] Layer 2: 18/768 type remove
2026-07-28 00:09:17,201 [inflora.py] => [InfLoRA] Layer 3: 30/768 type remove
2026-07-28 00:09:17,201 [inflora.py] => [InfLoRA] Layer 4: 28/768 type remove
2026-07-28 00:09:17,201 [inflora.py] => [InfLoRA] Layer 5: 44/768 type remove
2026-07-28 00:09:17,201 [inflora.py] => [InfLoRA] Layer 6: 59/768 type remove
2026-07-28 00:09:17,201 [inflora.py] => [InfLoRA] Layer 7: 73/768 type remove
2026-07-28 00:09:17,201 [inflora.py] => [InfLoRA] Layer 8: 103/768 type remove
2026-07-28 00:09:17,201 [inflora.py] => [InfLoRA] Layer 9: 188/768 type remove
2026-07-28 00:09:17,201 [inflora.py] => [InfLoRA] Layer 10: 297/768 type remove
2026-07-28 00:09:17,201 [inflora.py] => [InfLoRA] Layer 11: 235/768 type remove
2026-07-28 00:09:17,201 [inflora.py] => [InfLoRA] Layer 12: 213/768 type remove
2026-07-28 00:09:21,261 [bounded_memory_mixin.py] => [bounded_mem eval] volume 0.10 | cycle 12 | classes_seen 110 | CIL top1 74.23 | top5 96.29 | (nearest latent task ~10) | param_hash 92b94a0966251267 | per-task [68.84, 73.74, 77.5, 59.5, 81.41, 80.4, 78.97, 80.9, 91.0, 63.96, 60.3]
2026-07-28 00:10:49,245 [inflora.py] => [InfLoRA] DualGPM threshold: 0.9750
2026-07-28 00:10:50,239 [inflora.py] => [InfLoRA] Layer 1: 35/768 type remove
2026-07-28 00:10:50,239 [inflora.py] => [InfLoRA] Layer 2: 18/768 type remove
2026-07-28 00:10:50,239 [inflora.py] => [InfLoRA] Layer 3: 31/768 type remove
2026-07-28 00:10:50,239 [inflora.py] => [InfLoRA] Layer 4: 29/768 type remove
2026-07-28 00:10:50,239 [inflora.py] => [InfLoRA] Layer 5: 45/768 type remove
2026-07-28 00:10:50,239 [inflora.py] => [InfLoRA] Layer 6: 60/768 type remove
2026-07-28 00:10:50,239 [inflora.py] => [InfLoRA] Layer 7: 74/768 type remove
2026-07-28 00:10:50,239 [inflora.py] => [InfLoRA] Layer 8: 105/768 type remove
2026-07-28 00:10:50,239 [inflora.py] => [InfLoRA] Layer 9: 190/768 type remove
2026-07-28 00:10:50,239 [inflora.py] => [InfLoRA] Layer 10: 299/768 type remove
2026-07-28 00:10:50,239 [inflora.py] => [InfLoRA] Layer 11: 237/768 type remove
2026-07-28 00:10:50,239 [inflora.py] => [InfLoRA] Layer 12: 218/768 type remove
2026-07-28 00:12:17,710 [inflora.py] => [InfLoRA] DualGPM threshold: 0.9750
2026-07-28 00:12:18,700 [inflora.py] => [InfLoRA] Layer 1: 35/768 type remove
2026-07-28 00:12:18,700 [inflora.py] => [InfLoRA] Layer 2: 18/768 type remove
2026-07-28 00:12:18,700 [inflora.py] => [InfLoRA] Layer 3: 31/768 type remove
2026-07-28 00:12:18,700 [inflora.py] => [InfLoRA] Layer 4: 30/768 type remove
2026-07-28 00:12:18,700 [inflora.py] => [InfLoRA] Layer 5: 47/768 type remove
2026-07-28 00:12:18,700 [inflora.py] => [InfLoRA] Layer 6: 61/768 type remove
2026-07-28 00:12:18,700 [inflora.py] => [InfLoRA] Layer 7: 76/768 type remove
2026-07-28 00:12:18,700 [inflora.py] => [InfLoRA] Layer 8: 107/768 type remove
2026-07-28 00:12:18,700 [inflora.py] => [InfLoRA] Layer 9: 192/768 type remove
2026-07-28 00:12:18,700 [inflora.py] => [InfLoRA] Layer 10: 300/768 type remove
2026-07-28 00:12:18,700 [inflora.py] => [InfLoRA] Layer 11: 238/768 type remove
2026-07-28 00:12:18,700 [inflora.py] => [InfLoRA] Layer 12: 221/768 type remove
2026-07-28 00:13:45,165 [inflora.py] => [InfLoRA] DualGPM threshold: 0.9750
2026-07-28 00:13:46,158 [inflora.py] => [InfLoRA] Layer 1: 35/768 type remove
2026-07-28 00:13:46,158 [inflora.py] => [InfLoRA] Layer 2: 18/768 type remove
2026-07-28 00:13:46,158 [inflora.py] => [InfLoRA] Layer 3: 33/768 type remove
2026-07-28 00:13:46,158 [inflora.py] => [InfLoRA] Layer 4: 32/768 type remove
2026-07-28 00:13:46,158 [inflora.py] => [InfLoRA] Layer 5: 50/768 type remove
2026-07-28 00:13:46,158 [inflora.py] => [InfLoRA] Layer 6: 64/768 type remove
2026-07-28 00:13:46,158 [inflora.py] => [InfLoRA] Layer 7: 79/768 type remove
2026-07-28 00:13:46,158 [inflora.py] => [InfLoRA] Layer 8: 110/768 type remove
2026-07-28 00:13:46,158 [inflora.py] => [InfLoRA] Layer 9: 195/768 type remove
2026-07-28 00:13:46,158 [inflora.py] => [InfLoRA] Layer 10: 302/768 type remove
2026-07-28 00:13:46,158 [inflora.py] => [InfLoRA] Layer 11: 240/768 type remove
2026-07-28 00:13:46,158 [inflora.py] => [InfLoRA] Layer 12: 223/768 type remove
2026-07-28 00:15:12,882 [inflora.py] => [InfLoRA] DualGPM threshold: 0.9750
2026-07-28 00:15:13,878 [inflora.py] => [InfLoRA] Layer 1: 35/768 type remove
2026-07-28 00:15:13,878 [inflora.py] => [InfLoRA] Layer 2: 18/768 type remove
2026-07-28 00:15:13,878 [inflora.py] => [InfLoRA] Layer 3: 33/768 type remove
2026-07-28 00:15:13,878 [inflora.py] => [InfLoRA] Layer 4: 32/768 type remove
2026-07-28 00:15:13,878 [inflora.py] => [InfLoRA] Layer 5: 50/768 type remove
2026-07-28 00:15:13,878 [inflora.py] => [InfLoRA] Layer 6: 65/768 type remove
2026-07-28 00:15:13,878 [inflora.py] => [InfLoRA] Layer 7: 80/768 type remove
2026-07-28 00:15:13,878 [inflora.py] => [InfLoRA] Layer 8: 111/768 type remove
2026-07-28 00:15:13,878 [inflora.py] => [InfLoRA] Layer 9: 195/768 type remove
2026-07-28 00:15:13,878 [inflora.py] => [InfLoRA] Layer 10: 302/768 type remove
2026-07-28 00:15:13,878 [inflora.py] => [InfLoRA] Layer 11: 240/768 type remove
2026-07-28 00:15:13,878 [inflora.py] => [InfLoRA] Layer 12: 224/768 type remove
2026-07-28 00:16:39,831 [inflora.py] => [InfLoRA] DualGPM threshold: 0.9750
2026-07-28 00:16:41,024 [inflora.py] => [InfLoRA] Layer 1: 35/768 type remove
2026-07-28 00:16:41,024 [inflora.py] => [InfLoRA] Layer 2: 18/768 type remove
2026-07-28 00:16:41,024 [inflora.py] => [InfLoRA] Layer 3: 34/768 type remove
2026-07-28 00:16:41,024 [inflora.py] => [InfLoRA] Layer 4: 33/768 type remove
2026-07-28 00:16:41,024 [inflora.py] => [InfLoRA] Layer 5: 51/768 type remove
2026-07-28 00:16:41,024 [inflora.py] => [InfLoRA] Layer 6: 66/768 type remove
2026-07-28 00:16:41,024 [inflora.py] => [InfLoRA] Layer 7: 82/768 type remove
2026-07-28 00:16:41,024 [inflora.py] => [InfLoRA] Layer 8: 115/768 type remove
2026-07-28 00:16:41,024 [inflora.py] => [InfLoRA] Layer 9: 201/768 type remove
2026-07-28 00:16:41,024 [inflora.py] => [InfLoRA] Layer 10: 304/768 type remove
2026-07-28 00:16:41,025 [inflora.py] => [InfLoRA] Layer 11: 242/768 type remove
2026-07-28 00:16:41,025 [inflora.py] => [InfLoRA] Layer 12: 229/768 type remove
2026-07-28 00:18:08,994 [inflora.py] => [InfLoRA] DualGPM threshold: 0.9750
2026-07-28 00:18:09,990 [inflora.py] => [InfLoRA] Layer 1: 35/768 type remove
2026-07-28 00:18:09,990 [inflora.py] => [InfLoRA] Layer 2: 19/768 type remove
2026-07-28 00:18:09,990 [inflora.py] => [InfLoRA] Layer 3: 36/768 type remove
2026-07-28 00:18:09,990 [inflora.py] => [InfLoRA] Layer 4: 34/768 type remove
2026-07-28 00:18:09,990 [inflora.py] => [InfLoRA] Layer 5: 53/768 type remove
2026-07-28 00:18:09,990 [inflora.py] => [InfLoRA] Layer 6: 68/768 type remove
2026-07-28 00:18:09,990 [inflora.py] => [InfLoRA] Layer 7: 85/768 type remove
2026-07-28 00:18:09,990 [inflora.py] => [InfLoRA] Layer 8: 119/768 type remove
2026-07-28 00:18:09,990 [inflora.py] => [InfLoRA] Layer 9: 208/768 type remove
2026-07-28 00:18:09,990 [inflora.py] => [InfLoRA] Layer 10: 309/768 type remove
2026-07-28 00:18:09,990 [inflora.py] => [InfLoRA] Layer 11: 247/768 type remove
2026-07-28 00:18:09,990 [inflora.py] => [InfLoRA] Layer 12: 233/768 type remove
2026-07-28 00:19:35,829 [inflora.py] => [InfLoRA] DualGPM threshold: 0.9750
2026-07-28 00:19:36,838 [inflora.py] => [InfLoRA] Layer 1: 35/768 type remove
2026-07-28 00:19:36,838 [inflora.py] => [InfLoRA] Layer 2: 19/768 type remove
2026-07-28 00:19:36,838 [inflora.py] => [InfLoRA] Layer 3: 37/768 type remove
2026-07-28 00:19:36,838 [inflora.py] => [InfLoRA] Layer 4: 35/768 type remove
2026-07-28 00:19:36,838 [inflora.py] => [InfLoRA] Layer 5: 55/768 type remove
2026-07-28 00:19:36,838 [inflora.py] => [InfLoRA] Layer 6: 71/768 type remove
2026-07-28 00:19:36,838 [inflora.py] => [InfLoRA] Layer 7: 86/768 type remove
2026-07-28 00:19:36,838 [inflora.py] => [InfLoRA] Layer 8: 121/768 type remove
2026-07-28 00:19:36,838 [inflora.py] => [InfLoRA] Layer 9: 212/768 type remove
2026-07-28 00:19:36,838 [inflora.py] => [InfLoRA] Layer 10: 313/768 type remove
2026-07-28 00:19:36,838 [inflora.py] => [InfLoRA] Layer 11: 251/768 type remove
2026-07-28 00:19:36,838 [inflora.py] => [InfLoRA] Layer 12: 237/768 type remove
2026-07-28 00:21:04,436 [inflora.py] => [InfLoRA] DualGPM threshold: 0.9750
2026-07-28 00:21:05,666 [inflora.py] => [InfLoRA] Layer 1: 35/768 type remove
2026-07-28 00:21:05,666 [inflora.py] => [InfLoRA] Layer 2: 19/768 type remove
2026-07-28 00:21:05,666 [inflora.py] => [InfLoRA] Layer 3: 39/768 type remove
2026-07-28 00:21:05,666 [inflora.py] => [InfLoRA] Layer 4: 37/768 type remove
2026-07-28 00:21:05,666 [inflora.py] => [InfLoRA] Layer 5: 58/768 type remove
2026-07-28 00:21:05,666 [inflora.py] => [InfLoRA] Layer 6: 74/768 type remove
2026-07-28 00:21:05,667 [inflora.py] => [InfLoRA] Layer 7: 90/768 type remove
2026-07-28 00:21:05,667 [inflora.py] => [InfLoRA] Layer 8: 131/768 type remove
2026-07-28 00:21:05,667 [inflora.py] => [InfLoRA] Layer 9: 226/768 type remove
2026-07-28 00:21:05,667 [inflora.py] => [InfLoRA] Layer 10: 324/768 type remove
2026-07-28 00:21:05,667 [inflora.py] => [InfLoRA] Layer 11: 260/768 type remove
2026-07-28 00:21:05,667 [inflora.py] => [InfLoRA] Layer 12: 246/768 type remove
2026-07-28 00:22:31,429 [inflora.py] => [InfLoRA] DualGPM threshold: 0.9750
2026-07-28 00:22:32,650 [inflora.py] => [InfLoRA] Layer 1: 35/768 type remove
2026-07-28 00:22:32,650 [inflora.py] => [InfLoRA] Layer 2: 19/768 type remove
2026-07-28 00:22:32,650 [inflora.py] => [InfLoRA] Layer 3: 39/768 type remove
2026-07-28 00:22:32,650 [inflora.py] => [InfLoRA] Layer 4: 37/768 type remove
2026-07-28 00:22:32,650 [inflora.py] => [InfLoRA] Layer 5: 59/768 type remove
2026-07-28 00:22:32,650 [inflora.py] => [InfLoRA] Layer 6: 75/768 type remove
2026-07-28 00:22:32,650 [inflora.py] => [InfLoRA] Layer 7: 91/768 type remove
2026-07-28 00:22:32,650 [inflora.py] => [InfLoRA] Layer 8: 132/768 type remove
2026-07-28 00:22:32,650 [inflora.py] => [InfLoRA] Layer 9: 227/768 type remove
2026-07-28 00:22:32,650 [inflora.py] => [InfLoRA] Layer 10: 325/768 type remove
2026-07-28 00:22:32,650 [inflora.py] => [InfLoRA] Layer 11: 262/768 type remove
2026-07-28 00:22:32,650 [inflora.py] => [InfLoRA] Layer 12: 249/768 type remove
2026-07-28 00:24:00,205 [inflora.py] => [InfLoRA] DualGPM threshold: 0.9750
2026-07-28 00:24:01,211 [inflora.py] => [InfLoRA] Layer 1: 35/768 type remove
2026-07-28 00:24:01,212 [inflora.py] => [InfLoRA] Layer 2: 19/768 type remove
2026-07-28 00:24:01,212 [inflora.py] => [InfLoRA] Layer 3: 39/768 type remove
2026-07-28 00:24:01,212 [inflora.py] => [InfLoRA] Layer 4: 37/768 type remove
2026-07-28 00:24:01,212 [inflora.py] => [InfLoRA] Layer 5: 59/768 type remove
2026-07-28 00:24:01,212 [inflora.py] => [InfLoRA] Layer 6: 76/768 type remove
2026-07-28 00:24:01,212 [inflora.py] => [InfLoRA] Layer 7: 92/768 type remove
2026-07-28 00:24:01,212 [inflora.py] => [InfLoRA] Layer 8: 133/768 type remove
2026-07-28 00:24:01,212 [inflora.py] => [InfLoRA] Layer 9: 228/768 type remove
2026-07-28 00:24:01,212 [inflora.py] => [InfLoRA] Layer 10: 327/768 type remove
2026-07-28 00:24:01,212 [inflora.py] => [InfLoRA] Layer 11: 264/768 type remove
2026-07-28 00:24:01,212 [inflora.py] => [InfLoRA] Layer 12: 254/768 type remove
2026-07-28 00:25:27,782 [inflora.py] => [InfLoRA] DualGPM threshold: 0.9750
2026-07-28 00:25:28,798 [inflora.py] => [InfLoRA] Layer 1: 35/768 type remove
2026-07-28 00:25:28,798 [inflora.py] => [InfLoRA] Layer 2: 19/768 type remove
2026-07-28 00:25:28,798 [inflora.py] => [InfLoRA] Layer 3: 39/768 type remove
2026-07-28 00:25:28,798 [inflora.py] => [InfLoRA] Layer 4: 37/768 type remove
2026-07-28 00:25:28,798 [inflora.py] => [InfLoRA] Layer 5: 60/768 type remove
2026-07-28 00:25:28,798 [inflora.py] => [InfLoRA] Layer 6: 77/768 type remove
2026-07-28 00:25:28,798 [inflora.py] => [InfLoRA] Layer 7: 93/768 type remove
2026-07-28 00:25:28,798 [inflora.py] => [InfLoRA] Layer 8: 134/768 type remove
2026-07-28 00:25:28,798 [inflora.py] => [InfLoRA] Layer 9: 229/768 type remove
2026-07-28 00:25:28,798 [inflora.py] => [InfLoRA] Layer 10: 333/768 type remove
2026-07-28 00:25:28,798 [inflora.py] => [InfLoRA] Layer 11: 273/768 type remove
2026-07-28 00:25:28,798 [inflora.py] => [InfLoRA] Layer 12: 260/768 type remove
2026-07-28 00:26:55,193 [inflora.py] => [InfLoRA] DualGPM threshold: 0.9750
2026-07-28 00:26:56,372 [inflora.py] => [InfLoRA] Layer 1: 35/768 type remove
2026-07-28 00:26:56,372 [inflora.py] => [InfLoRA] Layer 2: 19/768 type remove
2026-07-28 00:26:56,372 [inflora.py] => [InfLoRA] Layer 3: 40/768 type remove
2026-07-28 00:26:56,372 [inflora.py] => [InfLoRA] Layer 4: 38/768 type remove
2026-07-28 00:26:56,372 [inflora.py] => [InfLoRA] Layer 5: 61/768 type remove
2026-07-28 00:26:56,372 [inflora.py] => [InfLoRA] Layer 6: 78/768 type remove
2026-07-28 00:26:56,372 [inflora.py] => [InfLoRA] Layer 7: 94/768 type remove
2026-07-28 00:26:56,372 [inflora.py] => [InfLoRA] Layer 8: 134/768 type remove
2026-07-28 00:26:56,372 [inflora.py] => [InfLoRA] Layer 9: 230/768 type remove
2026-07-28 00:26:56,372 [inflora.py] => [InfLoRA] Layer 10: 338/768 type remove
2026-07-28 00:26:56,372 [inflora.py] => [InfLoRA] Layer 11: 277/768 type remove
2026-07-28 00:26:56,372 [inflora.py] => [InfLoRA] Layer 12: 263/768 type remove
2026-07-28 00:27:03,186 [bounded_memory_mixin.py] => [bounded_mem eval] volume 0.20 | cycle 24 | classes_seen 210 | CIL top1 65.32 | top5 91.31 | (nearest latent task ~20) | param_hash 06d5001eeb3a14de | per-task [54.27, 70.2, 75.0, 49.0, 73.37, 82.41, 78.46, 73.87, 76.0, 70.56, 65.83, 75.38, 58.38, 45.64, 61.81, 71.0, 70.85, 57.58, 71.86, 44.39, 45.5]
2026-07-28 00:28:29,650 [inflora.py] => [InfLoRA] DualGPM threshold: 0.9750
2026-07-28 00:28:30,825 [inflora.py] => [InfLoRA] Layer 1: 35/768 type remove
2026-07-28 00:28:30,825 [inflora.py] => [InfLoRA] Layer 2: 19/768 type remove
2026-07-28 00:28:30,825 [inflora.py] => [InfLoRA] Layer 3: 40/768 type remove
2026-07-28 00:28:30,825 [inflora.py] => [InfLoRA] Layer 4: 38/768 type remove
2026-07-28 00:28:30,825 [inflora.py] => [InfLoRA] Layer 5: 62/768 type remove
2026-07-28 00:28:30,825 [inflora.py] => [InfLoRA] Layer 6: 80/768 type remove
2026-07-28 00:28:30,825 [inflora.py] => [InfLoRA] Layer 7: 96/768 type remove
2026-07-28 00:28:30,825 [inflora.py] => [InfLoRA] Layer 8: 136/768 type remove
2026-07-28 00:28:30,825 [inflora.py] => [InfLoRA] Layer 9: 233/768 type remove
2026-07-28 00:28:30,825 [inflora.py] => [InfLoRA] Layer 10: 339/768 type remove
2026-07-28 00:28:30,825 [inflora.py] => [InfLoRA] Layer 11: 278/768 type remove
2026-07-28 00:28:30,825 [inflora.py] => [InfLoRA] Layer 12: 264/768 type remove
2026-07-28 00:29:56,807 [inflora.py] => [InfLoRA] DualGPM threshold: 0.9750
2026-07-28 00:29:58,051 [inflora.py] => [InfLoRA] Layer 1: 35/768 type remove
2026-07-28 00:29:58,051 [inflora.py] => [InfLoRA] Layer 2: 19/768 type remove
2026-07-28 00:29:58,051 [inflora.py] => [InfLoRA] Layer 3: 41/768 type remove
2026-07-28 00:29:58,051 [inflora.py] => [InfLoRA] Layer 4: 39/768 type remove
2026-07-28 00:29:58,051 [inflora.py] => [InfLoRA] Layer 5: 64/768 type remove
2026-07-28 00:29:58,051 [inflora.py] => [InfLoRA] Layer 6: 82/768 type remove
2026-07-28 00:29:58,051 [inflora.py] => [InfLoRA] Layer 7: 98/768 type remove
2026-07-28 00:29:58,051 [inflora.py] => [InfLoRA] Layer 8: 138/768 type remove
2026-07-28 00:29:58,051 [inflora.py] => [InfLoRA] Layer 9: 235/768 type remove
2026-07-28 00:29:58,051 [inflora.py] => [InfLoRA] Layer 10: 341/768 type remove
2026-07-28 00:29:58,051 [inflora.py] => [InfLoRA] Layer 11: 280/768 type remove
2026-07-28 00:29:58,051 [inflora.py] => [InfLoRA] Layer 12: 269/768 type remove
2026-07-28 00:31:24,638 [inflora.py] => [InfLoRA] DualGPM threshold: 0.9750
2026-07-28 00:31:25,849 [inflora.py] => [InfLoRA] Layer 1: 35/768 type remove
2026-07-28 00:31:25,849 [inflora.py] => [InfLoRA] Layer 2: 19/768 type remove
2026-07-28 00:31:25,849 [inflora.py] => [InfLoRA] Layer 3: 41/768 type remove
2026-07-28 00:31:25,849 [inflora.py] => [InfLoRA] Layer 4: 39/768 type remove
2026-07-28 00:31:25,849 [inflora.py] => [InfLoRA] Layer 5: 65/768 type remove
2026-07-28 00:31:25,849 [inflora.py] => [InfLoRA] Layer 6: 83/768 type remove
2026-07-28 00:31:25,849 [inflora.py] => [InfLoRA] Layer 7: 99/768 type remove
2026-07-28 00:31:25,849 [inflora.py] => [InfLoRA] Layer 8: 139/768 type remove
2026-07-28 00:31:25,849 [inflora.py] => [InfLoRA] Layer 9: 236/768 type remove
2026-07-28 00:31:25,849 [inflora.py] => [InfLoRA] Layer 10: 341/768 type remove
2026-07-28 00:31:25,849 [inflora.py] => [InfLoRA] Layer 11: 281/768 type remove
2026-07-28 00:31:25,849 [inflora.py] => [InfLoRA] Layer 12: 273/768 type remove
2026-07-28 00:32:54,134 [inflora.py] => [InfLoRA] DualGPM threshold: 0.9750
2026-07-28 00:32:55,155 [inflora.py] => [InfLoRA] Layer 1: 35/768 type remove
2026-07-28 00:32:55,155 [inflora.py] => [InfLoRA] Layer 2: 19/768 type remove
2026-07-28 00:32:55,155 [inflora.py] => [InfLoRA] Layer 3: 41/768 type remove
2026-07-28 00:32:55,155 [inflora.py] => [InfLoRA] Layer 4: 39/768 type remove
2026-07-28 00:32:55,155 [inflora.py] => [InfLoRA] Layer 5: 65/768 type remove
2026-07-28 00:32:55,155 [inflora.py] => [InfLoRA] Layer 6: 83/768 type remove
2026-07-28 00:32:55,155 [inflora.py] => [InfLoRA] Layer 7: 99/768 type remove
2026-07-28 00:32:55,155 [inflora.py] => [InfLoRA] Layer 8: 139/768 type remove
2026-07-28 00:32:55,155 [inflora.py] => [InfLoRA] Layer 9: 236/768 type remove
2026-07-28 00:32:55,155 [inflora.py] => [InfLoRA] Layer 10: 341/768 type remove
2026-07-28 00:32:55,155 [inflora.py] => [InfLoRA] Layer 11: 281/768 type remove
2026-07-28 00:32:55,155 [inflora.py] => [InfLoRA] Layer 12: 275/768 type remove
2026-07-28 00:34:22,199 [inflora.py] => [InfLoRA] DualGPM threshold: 0.9750
2026-07-28 00:34:23,211 [inflora.py] => [InfLoRA] Layer 1: 35/768 type remove
2026-07-28 00:34:23,211 [inflora.py] => [InfLoRA] Layer 2: 19/768 type remove
2026-07-28 00:34:23,211 [inflora.py] => [InfLoRA] Layer 3: 41/768 type remove
2026-07-28 00:34:23,211 [inflora.py] => [InfLoRA] Layer 4: 40/768 type remove
2026-07-28 00:34:23,211 [inflora.py] => [InfLoRA] Layer 5: 66/768 type remove
2026-07-28 00:34:23,211 [inflora.py] => [InfLoRA] Layer 6: 84/768 type remove
2026-07-28 00:34:23,211 [inflora.py] => [InfLoRA] Layer 7: 100/768 type remove
2026-07-28 00:34:23,211 [inflora.py] => [InfLoRA] Layer 8: 139/768 type remove
2026-07-28 00:34:23,211 [inflora.py] => [InfLoRA] Layer 9: 236/768 type remove
2026-07-28 00:34:23,211 [inflora.py] => [InfLoRA] Layer 10: 341/768 type remove
2026-07-28 00:34:23,211 [inflora.py] => [InfLoRA] Layer 11: 281/768 type remove
2026-07-28 00:34:23,211 [inflora.py] => [InfLoRA] Layer 12: 275/768 type remove
2026-07-28 00:35:49,033 [inflora.py] => [InfLoRA] DualGPM threshold: 0.9750
2026-07-28 00:35:50,204 [inflora.py] => [InfLoRA] Layer 1: 35/768 type remove
2026-07-28 00:35:50,205 [inflora.py] => [InfLoRA] Layer 2: 19/768 type remove
2026-07-28 00:35:50,205 [inflora.py] => [InfLoRA] Layer 3: 42/768 type remove
2026-07-28 00:35:50,205 [inflora.py] => [InfLoRA] Layer 4: 40/768 type remove
2026-07-28 00:35:50,205 [inflora.py] => [InfLoRA] Layer 5: 67/768 type remove
2026-07-28 00:35:50,205 [inflora.py] => [InfLoRA] Layer 6: 85/768 type remove
2026-07-28 00:35:50,205 [inflora.py] => [InfLoRA] Layer 7: 100/768 type remove
2026-07-28 00:35:50,205 [inflora.py] => [InfLoRA] Layer 8: 139/768 type remove
2026-07-28 00:35:50,205 [inflora.py] => [InfLoRA] Layer 9: 237/768 type remove
2026-07-28 00:35:50,205 [inflora.py] => [InfLoRA] Layer 10: 342/768 type remove
2026-07-28 00:35:50,205 [inflora.py] => [InfLoRA] Layer 11: 281/768 type remove
2026-07-28 00:35:50,205 [inflora.py] => [InfLoRA] Layer 12: 277/768 type remove
2026-07-28 00:37:18,109 [inflora.py] => [InfLoRA] DualGPM threshold: 0.9750
2026-07-28 00:37:19,125 [inflora.py] => [InfLoRA] Layer 1: 35/768 type remove
2026-07-28 00:37:19,125 [inflora.py] => [InfLoRA] Layer 2: 19/768 type remove
2026-07-28 00:37:19,125 [inflora.py] => [InfLoRA] Layer 3: 42/768 type remove
2026-07-28 00:37:19,125 [inflora.py] => [InfLoRA] Layer 4: 40/768 type remove
2026-07-28 00:37:19,125 [inflora.py] => [InfLoRA] Layer 5: 67/768 type remove
2026-07-28 00:37:19,125 [inflora.py] => [InfLoRA] Layer 6: 86/768 type remove
2026-07-28 00:37:19,125 [inflora.py] => [InfLoRA] Layer 7: 101/768 type remove
2026-07-28 00:37:19,125 [inflora.py] => [InfLoRA] Layer 8: 140/768 type remove
2026-07-28 00:37:19,125 [inflora.py] => [InfLoRA] Layer 9: 239/768 type remove
2026-07-28 00:37:19,125 [inflora.py] => [InfLoRA] Layer 10: 345/768 type remove
2026-07-28 00:37:19,125 [inflora.py] => [InfLoRA] Layer 11: 283/768 type remove
2026-07-28 00:37:19,125 [inflora.py] => [InfLoRA] Layer 12: 282/768 type remove
2026-07-28 00:38:45,054 [inflora.py] => [InfLoRA] DualGPM threshold: 0.9750
2026-07-28 00:38:46,077 [inflora.py] => [InfLoRA] Layer 1: 35/768 type remove
2026-07-28 00:38:46,077 [inflora.py] => [InfLoRA] Layer 2: 19/768 type remove
2026-07-28 00:38:46,077 [inflora.py] => [InfLoRA] Layer 3: 43/768 type remove
2026-07-28 00:38:46,077 [inflora.py] => [InfLoRA] Layer 4: 41/768 type remove
2026-07-28 00:38:46,077 [inflora.py] => [InfLoRA] Layer 5: 68/768 type remove
2026-07-28 00:38:46,077 [inflora.py] => [InfLoRA] Layer 6: 87/768 type remove
2026-07-28 00:38:46,077 [inflora.py] => [InfLoRA] Layer 7: 103/768 type remove
2026-07-28 00:38:46,077 [inflora.py] => [InfLoRA] Layer 8: 141/768 type remove
2026-07-28 00:38:46,077 [inflora.py] => [InfLoRA] Layer 9: 241/768 type remove
2026-07-28 00:38:46,077 [inflora.py] => [InfLoRA] Layer 10: 346/768 type remove
2026-07-28 00:38:46,077 [inflora.py] => [InfLoRA] Layer 11: 286/768 type remove
2026-07-28 00:38:46,077 [inflora.py] => [InfLoRA] Layer 12: 284/768 type remove
2026-07-28 00:40:12,012 [inflora.py] => [InfLoRA] DualGPM threshold: 0.9750
2026-07-28 00:40:13,230 [inflora.py] => [InfLoRA] Layer 1: 35/768 type remove
2026-07-28 00:40:13,230 [inflora.py] => [InfLoRA] Layer 2: 19/768 type remove
2026-07-28 00:40:13,231 [inflora.py] => [InfLoRA] Layer 3: 43/768 type remove
2026-07-28 00:40:13,231 [inflora.py] => [InfLoRA] Layer 4: 41/768 type remove
2026-07-28 00:40:13,231 [inflora.py] => [InfLoRA] Layer 5: 69/768 type remove
2026-07-28 00:40:13,231 [inflora.py] => [InfLoRA] Layer 6: 88/768 type remove
2026-07-28 00:40:13,231 [inflora.py] => [InfLoRA] Layer 7: 105/768 type remove
2026-07-28 00:40:13,231 [inflora.py] => [InfLoRA] Layer 8: 144/768 type remove
2026-07-28 00:40:13,231 [inflora.py] => [InfLoRA] Layer 9: 247/768 type remove
2026-07-28 00:40:13,231 [inflora.py] => [InfLoRA] Layer 10: 351/768 type remove
2026-07-28 00:40:13,231 [inflora.py] => [InfLoRA] Layer 11: 290/768 type remove
2026-07-28 00:40:13,231 [inflora.py] => [InfLoRA] Layer 12: 288/768 type remove
2026-07-28 00:41:42,528 [inflora.py] => [InfLoRA] DualGPM threshold: 0.9750
2026-07-28 00:41:43,550 [inflora.py] => [InfLoRA] Layer 1: 35/768 type remove
2026-07-28 00:41:43,550 [inflora.py] => [InfLoRA] Layer 2: 19/768 type remove
2026-07-28 00:41:43,550 [inflora.py] => [InfLoRA] Layer 3: 43/768 type remove
2026-07-28 00:41:43,550 [inflora.py] => [InfLoRA] Layer 4: 41/768 type remove
2026-07-28 00:41:43,550 [inflora.py] => [InfLoRA] Layer 5: 70/768 type remove
2026-07-28 00:41:43,550 [inflora.py] => [InfLoRA] Layer 6: 89/768 type remove
2026-07-28 00:41:43,550 [inflora.py] => [InfLoRA] Layer 7: 106/768 type remove
2026-07-28 00:41:43,550 [inflora.py] => [InfLoRA] Layer 8: 145/768 type remove
2026-07-28 00:41:43,550 [inflora.py] => [InfLoRA] Layer 9: 249/768 type remove
2026-07-28 00:41:43,550 [inflora.py] => [InfLoRA] Layer 10: 353/768 type remove
2026-07-28 00:41:43,550 [inflora.py] => [InfLoRA] Layer 11: 292/768 type remove
2026-07-28 00:41:43,550 [inflora.py] => [InfLoRA] Layer 12: 291/768 type remove
2026-07-28 00:43:09,515 [inflora.py] => [InfLoRA] DualGPM threshold: 0.9750
2026-07-28 00:43:10,701 [inflora.py] => [InfLoRA] Layer 1: 36/768 type remove
2026-07-28 00:43:10,701 [inflora.py] => [InfLoRA] Layer 2: 19/768 type remove
2026-07-28 00:43:10,701 [inflora.py] => [InfLoRA] Layer 3: 43/768 type remove
2026-07-28 00:43:10,701 [inflora.py] => [InfLoRA] Layer 4: 42/768 type remove
2026-07-28 00:43:10,702 [inflora.py] => [InfLoRA] Layer 5: 71/768 type remove
2026-07-28 00:43:10,702 [inflora.py] => [InfLoRA] Layer 6: 90/768 type remove
2026-07-28 00:43:10,702 [inflora.py] => [InfLoRA] Layer 7: 107/768 type remove
2026-07-28 00:43:10,702 [inflora.py] => [InfLoRA] Layer 8: 146/768 type remove
2026-07-28 00:43:10,702 [inflora.py] => [InfLoRA] Layer 9: 251/768 type remove
2026-07-28 00:43:10,702 [inflora.py] => [InfLoRA] Layer 10: 356/768 type remove
2026-07-28 00:43:10,702 [inflora.py] => [InfLoRA] Layer 11: 295/768 type remove
2026-07-28 00:43:10,702 [inflora.py] => [InfLoRA] Layer 12: 294/768 type remove
2026-07-28 00:44:35,821 [inflora.py] => [InfLoRA] DualGPM threshold: 0.9750
2026-07-28 00:44:36,832 [inflora.py] => [InfLoRA] Layer 1: 36/768 type remove
2026-07-28 00:44:36,832 [inflora.py] => [InfLoRA] Layer 2: 20/768 type remove
2026-07-28 00:44:36,832 [inflora.py] => [InfLoRA] Layer 3: 44/768 type remove
2026-07-28 00:44:36,832 [inflora.py] => [InfLoRA] Layer 4: 42/768 type remove
2026-07-28 00:44:36,832 [inflora.py] => [InfLoRA] Layer 5: 71/768 type remove
2026-07-28 00:44:36,832 [inflora.py] => [InfLoRA] Layer 6: 91/768 type remove
2026-07-28 00:44:36,832 [inflora.py] => [InfLoRA] Layer 7: 107/768 type remove
2026-07-28 00:44:36,832 [inflora.py] => [InfLoRA] Layer 8: 146/768 type remove
2026-07-28 00:44:36,832 [inflora.py] => [InfLoRA] Layer 9: 253/768 type remove
2026-07-28 00:44:36,832 [inflora.py] => [InfLoRA] Layer 10: 358/768 type remove
2026-07-28 00:44:36,832 [inflora.py] => [InfLoRA] Layer 11: 297/768 type remove
2026-07-28 00:44:36,832 [inflora.py] => [InfLoRA] Layer 12: 295/768 type remove
2026-07-28 00:44:46,230 [bounded_memory_mixin.py] => [bounded_mem eval] volume 0.30 | cycle 36 | classes_seen 310 | CIL top1 60.43 | top5 87.57 | (nearest latent task ~30) | param_hash 04951e00ab884569 | per-task [46.23, 68.18, 71.5, 47.5, 61.81, 77.89, 72.31, 69.85, 70.0, 70.56, 62.81, 71.86, 46.7, 36.41, 56.78, 66.5, 65.33, 50.0, 63.32, 43.37, 69.5, 61.81, 62.44, 46.7, 57.07, 68.53, 54.82, 66.5, 70.35, 63.5, 32.14]
2026-07-28 00:46:12,254 [inflora.py] => [InfLoRA] DualGPM threshold: 0.9750
2026-07-28 00:46:13,460 [inflora.py] => [InfLoRA] Layer 1: 36/768 type remove
2026-07-28 00:46:13,461 [inflora.py] => [InfLoRA] Layer 2: 20/768 type remove
2026-07-28 00:46:13,461 [inflora.py] => [InfLoRA] Layer 3: 44/768 type remove
2026-07-28 00:46:13,461 [inflora.py] => [InfLoRA] Layer 4: 43/768 type remove
2026-07-28 00:46:13,461 [inflora.py] => [InfLoRA] Layer 5: 72/768 type remove
2026-07-28 00:46:13,461 [inflora.py] => [InfLoRA] Layer 6: 93/768 type remove
2026-07-28 00:46:13,461 [inflora.py] => [InfLoRA] Layer 7: 109/768 type remove
2026-07-28 00:46:13,461 [inflora.py] => [InfLoRA] Layer 8: 148/768 type remove
2026-07-28 00:46:13,461 [inflora.py] => [InfLoRA] Layer 9: 254/768 type remove
2026-07-28 00:46:13,461 [inflora.py] => [InfLoRA] Layer 10: 359/768 type remove
2026-07-28 00:46:13,461 [inflora.py] => [InfLoRA] Layer 11: 298/768 type remove
2026-07-28 00:46:13,461 [inflora.py] => [InfLoRA] Layer 12: 297/768 type remove
2026-07-28 00:47:41,130 [inflora.py] => [InfLoRA] DualGPM threshold: 0.9750
2026-07-28 00:47:42,156 [inflora.py] => [InfLoRA] Layer 1: 36/768 type remove
2026-07-28 00:47:42,156 [inflora.py] => [InfLoRA] Layer 2: 20/768 type remove
2026-07-28 00:47:42,156 [inflora.py] => [InfLoRA] Layer 3: 44/768 type remove
2026-07-28 00:47:42,156 [inflora.py] => [InfLoRA] Layer 4: 43/768 type remove
2026-07-28 00:47:42,156 [inflora.py] => [InfLoRA] Layer 5: 73/768 type remove
2026-07-28 00:47:42,156 [inflora.py] => [InfLoRA] Layer 6: 94/768 type remove
2026-07-28 00:47:42,156 [inflora.py] => [InfLoRA] Layer 7: 111/768 type remove
2026-07-28 00:47:42,156 [inflora.py] => [InfLoRA] Layer 8: 150/768 type remove
2026-07-28 00:47:42,156 [inflora.py] => [InfLoRA] Layer 9: 255/768 type remove
2026-07-28 00:47:42,156 [inflora.py] => [InfLoRA] Layer 10: 361/768 type remove
2026-07-28 00:47:42,156 [inflora.py] => [InfLoRA] Layer 11: 302/768 type remove
2026-07-28 00:47:42,157 [inflora.py] => [InfLoRA] Layer 12: 301/768 type remove
2026-07-28 00:49:08,842 [inflora.py] => [InfLoRA] DualGPM threshold: 0.9750
2026-07-28 00:49:09,868 [inflora.py] => [InfLoRA] Layer 1: 36/768 type remove
2026-07-28 00:49:09,868 [inflora.py] => [InfLoRA] Layer 2: 20/768 type remove
2026-07-28 00:49:09,868 [inflora.py] => [InfLoRA] Layer 3: 45/768 type remove
2026-07-28 00:49:09,868 [inflora.py] => [InfLoRA] Layer 4: 44/768 type remove
2026-07-28 00:49:09,868 [inflora.py] => [InfLoRA] Layer 5: 74/768 type remove
2026-07-28 00:49:09,868 [inflora.py] => [InfLoRA] Layer 6: 97/768 type remove
2026-07-28 00:49:09,868 [inflora.py] => [InfLoRA] Layer 7: 113/768 type remove
2026-07-28 00:49:09,868 [inflora.py] => [InfLoRA] Layer 8: 153/768 type remove
2026-07-28 00:49:09,868 [inflora.py] => [InfLoRA] Layer 9: 257/768 type remove
2026-07-28 00:49:09,868 [inflora.py] => [InfLoRA] Layer 10: 363/768 type remove
2026-07-28 00:49:09,868 [inflora.py] => [InfLoRA] Layer 11: 304/768 type remove
2026-07-28 00:49:09,868 [inflora.py] => [InfLoRA] Layer 12: 305/768 type remove
2026-07-28 00:50:35,790 [inflora.py] => [InfLoRA] DualGPM threshold: 0.9750
2026-07-28 00:50:37,057 [inflora.py] => [InfLoRA] Layer 1: 36/768 type remove
2026-07-28 00:50:37,057 [inflora.py] => [InfLoRA] Layer 2: 20/768 type remove
2026-07-28 00:50:37,057 [inflora.py] => [InfLoRA] Layer 3: 45/768 type remove
2026-07-28 00:50:37,057 [inflora.py] => [InfLoRA] Layer 4: 44/768 type remove
2026-07-28 00:50:37,057 [inflora.py] => [InfLoRA] Layer 5: 75/768 type remove
2026-07-28 00:50:37,057 [inflora.py] => [InfLoRA] Layer 6: 98/768 type remove
2026-07-28 00:50:37,057 [inflora.py] => [InfLoRA] Layer 7: 114/768 type remove
2026-07-28 00:50:37,057 [inflora.py] => [InfLoRA] Layer 8: 153/768 type remove
2026-07-28 00:50:37,057 [inflora.py] => [InfLoRA] Layer 9: 257/768 type remove
2026-07-28 00:50:37,057 [inflora.py] => [InfLoRA] Layer 10: 363/768 type remove
2026-07-28 00:50:37,057 [inflora.py] => [InfLoRA] Layer 11: 304/768 type remove
2026-07-28 00:50:37,057 [inflora.py] => [InfLoRA] Layer 12: 306/768 type remove
2026-07-28 00:52:04,651 [inflora.py] => [InfLoRA] DualGPM threshold: 0.9750
2026-07-28 00:52:05,679 [inflora.py] => [InfLoRA] Layer 1: 36/768 type remove
2026-07-28 00:52:05,679 [inflora.py] => [InfLoRA] Layer 2: 20/768 type remove
2026-07-28 00:52:05,679 [inflora.py] => [InfLoRA] Layer 3: 46/768 type remove
2026-07-28 00:52:05,679 [inflora.py] => [InfLoRA] Layer 4: 45/768 type remove
2026-07-28 00:52:05,679 [inflora.py] => [InfLoRA] Layer 5: 76/768 type remove
2026-07-28 00:52:05,679 [inflora.py] => [InfLoRA] Layer 6: 99/768 type remove
2026-07-28 00:52:05,679 [inflora.py] => [InfLoRA] Layer 7: 116/768 type remove
2026-07-28 00:52:05,679 [inflora.py] => [InfLoRA] Layer 8: 155/768 type remove
2026-07-28 00:52:05,679 [inflora.py] => [InfLoRA] Layer 9: 258/768 type remove
2026-07-28 00:52:05,679 [inflora.py] => [InfLoRA] Layer 10: 364/768 type remove
2026-07-28 00:52:05,679 [inflora.py] => [InfLoRA] Layer 11: 305/768 type remove
2026-07-28 00:52:05,679 [inflora.py] => [InfLoRA] Layer 12: 309/768 type remove
2026-07-28 00:53:33,044 [inflora.py] => [InfLoRA] DualGPM threshold: 0.9750
2026-07-28 00:53:34,263 [inflora.py] => [InfLoRA] Layer 1: 36/768 type remove
2026-07-28 00:53:34,263 [inflora.py] => [InfLoRA] Layer 2: 20/768 type remove
2026-07-28 00:53:34,263 [inflora.py] => [InfLoRA] Layer 3: 47/768 type remove
2026-07-28 00:53:34,263 [inflora.py] => [InfLoRA] Layer 4: 46/768 type remove
2026-07-28 00:53:34,263 [inflora.py] => [InfLoRA] Layer 5: 77/768 type remove
2026-07-28 00:53:34,263 [inflora.py] => [InfLoRA] Layer 6: 100/768 type remove
2026-07-28 00:53:34,263 [inflora.py] => [InfLoRA] Layer 7: 117/768 type remove
2026-07-28 00:53:34,263 [inflora.py] => [InfLoRA] Layer 8: 157/768 type remove
2026-07-28 00:53:34,263 [inflora.py] => [InfLoRA] Layer 9: 260/768 type remove
2026-07-28 00:53:34,263 [inflora.py] => [InfLoRA] Layer 10: 366/768 type remove
2026-07-28 00:53:34,263 [inflora.py] => [InfLoRA] Layer 11: 306/768 type remove
2026-07-28 00:53:34,263 [inflora.py] => [InfLoRA] Layer 12: 312/768 type remove
2026-07-28 00:55:01,444 [inflora.py] => [InfLoRA] DualGPM threshold: 0.9750
2026-07-28 00:55:02,470 [inflora.py] => [InfLoRA] Layer 1: 36/768 type remove
2026-07-28 00:55:02,470 [inflora.py] => [InfLoRA] Layer 2: 20/768 type remove
2026-07-28 00:55:02,470 [inflora.py] => [InfLoRA] Layer 3: 47/768 type remove
2026-07-28 00:55:02,470 [inflora.py] => [InfLoRA] Layer 4: 47/768 type remove
2026-07-28 00:55:02,470 [inflora.py] => [InfLoRA] Layer 5: 78/768 type remove
2026-07-28 00:55:02,470 [inflora.py] => [InfLoRA] Layer 6: 102/768 type remove
2026-07-28 00:55:02,470 [inflora.py] => [InfLoRA] Layer 7: 120/768 type remove
2026-07-28 00:55:02,470 [inflora.py] => [InfLoRA] Layer 8: 161/768 type remove
2026-07-28 00:55:02,470 [inflora.py] => [InfLoRA] Layer 9: 265/768 type remove
2026-07-28 00:55:02,470 [inflora.py] => [InfLoRA] Layer 10: 368/768 type remove
2026-07-28 00:55:02,470 [inflora.py] => [InfLoRA] Layer 11: 308/768 type remove
2026-07-28 00:55:02,470 [inflora.py] => [InfLoRA] Layer 12: 314/768 type remove
2026-07-28 00:56:30,361 [inflora.py] => [InfLoRA] DualGPM threshold: 0.9750
2026-07-28 00:56:31,390 [inflora.py] => [InfLoRA] Layer 1: 36/768 type remove
2026-07-28 00:56:31,390 [inflora.py] => [InfLoRA] Layer 2: 20/768 type remove
2026-07-28 00:56:31,390 [inflora.py] => [InfLoRA] Layer 3: 47/768 type remove
2026-07-28 00:56:31,390 [inflora.py] => [InfLoRA] Layer 4: 47/768 type remove
2026-07-28 00:56:31,390 [inflora.py] => [InfLoRA] Layer 5: 79/768 type remove
2026-07-28 00:56:31,390 [inflora.py] => [InfLoRA] Layer 6: 103/768 type remove
2026-07-28 00:56:31,390 [inflora.py] => [InfLoRA] Layer 7: 123/768 type remove
2026-07-28 00:56:31,390 [inflora.py] => [InfLoRA] Layer 8: 167/768 type remove
2026-07-28 00:56:31,390 [inflora.py] => [InfLoRA] Layer 9: 272/768 type remove
2026-07-28 00:56:31,390 [inflora.py] => [InfLoRA] Layer 10: 371/768 type remove
2026-07-28 00:56:31,390 [inflora.py] => [InfLoRA] Layer 11: 311/768 type remove
2026-07-28 00:56:31,390 [inflora.py] => [InfLoRA] Layer 12: 318/768 type remove
2026-07-28 00:57:57,187 [inflora.py] => [InfLoRA] DualGPM threshold: 0.9750
2026-07-28 00:57:58,419 [inflora.py] => [InfLoRA] Layer 1: 36/768 type remove
2026-07-28 00:57:58,419 [inflora.py] => [InfLoRA] Layer 2: 20/768 type remove
2026-07-28 00:57:58,419 [inflora.py] => [InfLoRA] Layer 3: 48/768 type remove
2026-07-28 00:57:58,419 [inflora.py] => [InfLoRA] Layer 4: 48/768 type remove
2026-07-28 00:57:58,419 [inflora.py] => [InfLoRA] Layer 5: 81/768 type remove
2026-07-28 00:57:58,419 [inflora.py] => [InfLoRA] Layer 6: 105/768 type remove
2026-07-28 00:57:58,419 [inflora.py] => [InfLoRA] Layer 7: 125/768 type remove
2026-07-28 00:57:58,419 [inflora.py] => [InfLoRA] Layer 8: 170/768 type remove
2026-07-28 00:57:58,419 [inflora.py] => [InfLoRA] Layer 9: 279/768 type remove
2026-07-28 00:57:58,419 [inflora.py] => [InfLoRA] Layer 10: 376/768 type remove
2026-07-28 00:57:58,419 [inflora.py] => [InfLoRA] Layer 11: 315/768 type remove
2026-07-28 00:57:58,419 [inflora.py] => [InfLoRA] Layer 12: 319/768 type remove
2026-07-28 00:59:23,730 [inflora.py] => [InfLoRA] DualGPM threshold: 0.9750
2026-07-28 00:59:24,966 [inflora.py] => [InfLoRA] Layer 1: 36/768 type remove
2026-07-28 00:59:24,966 [inflora.py] => [InfLoRA] Layer 2: 20/768 type remove
2026-07-28 00:59:24,966 [inflora.py] => [InfLoRA] Layer 3: 48/768 type remove
2026-07-28 00:59:24,966 [inflora.py] => [InfLoRA] Layer 4: 48/768 type remove
2026-07-28 00:59:24,966 [inflora.py] => [InfLoRA] Layer 5: 82/768 type remove
2026-07-28 00:59:24,966 [inflora.py] => [InfLoRA] Layer 6: 106/768 type remove
2026-07-28 00:59:24,966 [inflora.py] => [InfLoRA] Layer 7: 125/768 type remove
2026-07-28 00:59:24,966 [inflora.py] => [InfLoRA] Layer 8: 170/768 type remove
2026-07-28 00:59:24,966 [inflora.py] => [InfLoRA] Layer 9: 280/768 type remove
2026-07-28 00:59:24,966 [inflora.py] => [InfLoRA] Layer 10: 377/768 type remove
2026-07-28 00:59:24,966 [inflora.py] => [InfLoRA] Layer 11: 316/768 type remove
2026-07-28 00:59:24,966 [inflora.py] => [InfLoRA] Layer 12: 321/768 type remove
2026-07-28 01:00:51,807 [inflora.py] => [InfLoRA] DualGPM threshold: 0.9750
2026-07-28 01:00:52,840 [inflora.py] => [InfLoRA] Layer 1: 36/768 type remove
2026-07-28 01:00:52,840 [inflora.py] => [InfLoRA] Layer 2: 20/768 type remove
2026-07-28 01:00:52,840 [inflora.py] => [InfLoRA] Layer 3: 48/768 type remove
2026-07-28 01:00:52,840 [inflora.py] => [InfLoRA] Layer 4: 49/768 type remove
2026-07-28 01:00:52,840 [inflora.py] => [InfLoRA] Layer 5: 82/768 type remove
2026-07-28 01:00:52,840 [inflora.py] => [InfLoRA] Layer 6: 106/768 type remove
2026-07-28 01:00:52,840 [inflora.py] => [InfLoRA] Layer 7: 126/768 type remove
2026-07-28 01:00:52,840 [inflora.py] => [InfLoRA] Layer 8: 170/768 type remove
2026-07-28 01:00:52,840 [inflora.py] => [InfLoRA] Layer 9: 280/768 type remove
2026-07-28 01:00:52,840 [inflora.py] => [InfLoRA] Layer 10: 378/768 type remove
2026-07-28 01:00:52,840 [inflora.py] => [InfLoRA] Layer 11: 318/768 type remove
2026-07-28 01:00:52,840 [inflora.py] => [InfLoRA] Layer 12: 321/768 type remove
2026-07-28 01:02:20,492 [inflora.py] => [InfLoRA] DualGPM threshold: 0.9750
2026-07-28 01:02:21,528 [inflora.py] => [InfLoRA] Layer 1: 36/768 type remove
2026-07-28 01:02:21,528 [inflora.py] => [InfLoRA] Layer 2: 20/768 type remove
2026-07-28 01:02:21,528 [inflora.py] => [InfLoRA] Layer 3: 48/768 type remove
2026-07-28 01:02:21,528 [inflora.py] => [InfLoRA] Layer 4: 50/768 type remove
2026-07-28 01:02:21,528 [inflora.py] => [InfLoRA] Layer 5: 83/768 type remove
2026-07-28 01:02:21,528 [inflora.py] => [InfLoRA] Layer 6: 107/768 type remove
2026-07-28 01:02:21,529 [inflora.py] => [InfLoRA] Layer 7: 128/768 type remove
2026-07-28 01:02:21,529 [inflora.py] => [InfLoRA] Layer 8: 172/768 type remove
2026-07-28 01:02:21,529 [inflora.py] => [InfLoRA] Layer 9: 286/768 type remove
2026-07-28 01:02:21,529 [inflora.py] => [InfLoRA] Layer 10: 381/768 type remove
2026-07-28 01:02:21,529 [inflora.py] => [InfLoRA] Layer 11: 320/768 type remove
2026-07-28 01:02:21,529 [inflora.py] => [InfLoRA] Layer 12: 323/768 type remove
2026-07-28 01:02:34,079 [bounded_memory_mixin.py] => [bounded_mem eval] volume 0.40 | cycle 48 | classes_seen 410 | CIL top1 55.41 | top5 82.75 | (nearest latent task ~40) | param_hash 4e1f080c734c5f05 | per-task [42.21, 57.58, 73.0, 44.5, 64.32, 69.85, 67.69, 53.77, 63.5, 68.02, 54.27, 66.33, 42.64, 32.82, 55.28, 61.0, 66.33, 43.94, 60.8, 44.9, 62.0, 57.29, 57.36, 43.15, 45.96, 62.94, 55.33, 61.93, 67.34, 63.0, 43.37, 37.56, 53.5, 53.77, 49.5, 58.59, 39.5, 68.34, 58.79, 67.5, 31.31]
2026-07-28 01:04:01,455 [inflora.py] => [InfLoRA] DualGPM threshold: 0.9750
2026-07-28 01:04:02,488 [inflora.py] => [InfLoRA] Layer 1: 36/768 type remove
2026-07-28 01:04:02,488 [inflora.py] => [InfLoRA] Layer 2: 20/768 type remove
2026-07-28 01:04:02,488 [inflora.py] => [InfLoRA] Layer 3: 49/768 type remove
2026-07-28 01:04:02,488 [inflora.py] => [InfLoRA] Layer 4: 50/768 type remove
2026-07-28 01:04:02,488 [inflora.py] => [InfLoRA] Layer 5: 84/768 type remove
2026-07-28 01:04:02,488 [inflora.py] => [InfLoRA] Layer 6: 108/768 type remove
2026-07-28 01:04:02,488 [inflora.py] => [InfLoRA] Layer 7: 128/768 type remove
2026-07-28 01:04:02,488 [inflora.py] => [InfLoRA] Layer 8: 172/768 type remove
2026-07-28 01:04:02,488 [inflora.py] => [InfLoRA] Layer 9: 286/768 type remove
2026-07-28 01:04:02,488 [inflora.py] => [InfLoRA] Layer 10: 382/768 type remove
2026-07-28 01:04:02,488 [inflora.py] => [InfLoRA] Layer 11: 321/768 type remove
2026-07-28 01:04:02,488 [inflora.py] => [InfLoRA] Layer 12: 325/768 type remove
2026-07-28 01:05:28,477 [inflora.py] => [InfLoRA] DualGPM threshold: 0.9750
2026-07-28 01:05:29,688 [inflora.py] => [InfLoRA] Layer 1: 36/768 type remove
2026-07-28 01:05:29,688 [inflora.py] => [InfLoRA] Layer 2: 20/768 type remove
2026-07-28 01:05:29,688 [inflora.py] => [InfLoRA] Layer 3: 50/768 type remove
2026-07-28 01:05:29,688 [inflora.py] => [InfLoRA] Layer 4: 52/768 type remove
2026-07-28 01:05:29,688 [inflora.py] => [InfLoRA] Layer 5: 87/768 type remove
2026-07-28 01:05:29,688 [inflora.py] => [InfLoRA] Layer 6: 111/768 type remove
2026-07-28 01:05:29,688 [inflora.py] => [InfLoRA] Layer 7: 131/768 type remove
2026-07-28 01:05:29,688 [inflora.py] => [InfLoRA] Layer 8: 175/768 type remove
2026-07-28 01:05:29,688 [inflora.py] => [InfLoRA] Layer 9: 290/768 type remove
2026-07-28 01:05:29,712 [inflora.py] => [InfLoRA] Layer 10: 382/768 type retain
2026-07-28 01:05:29,712 [inflora.py] => [InfLoRA] Layer 11: 325/768 type remove
2026-07-28 01:05:29,712 [inflora.py] => [InfLoRA] Layer 12: 329/768 type remove
2026-07-28 01:06:58,521 [inflora.py] => [InfLoRA] DualGPM threshold: 0.9750
2026-07-28 01:06:59,627 [inflora.py] => [InfLoRA] Layer 1: 36/768 type remove
2026-07-28 01:06:59,627 [inflora.py] => [InfLoRA] Layer 2: 20/768 type remove
2026-07-28 01:06:59,627 [inflora.py] => [InfLoRA] Layer 3: 50/768 type remove
2026-07-28 01:06:59,627 [inflora.py] => [InfLoRA] Layer 4: 52/768 type remove
2026-07-28 01:06:59,627 [inflora.py] => [InfLoRA] Layer 5: 88/768 type remove
2026-07-28 01:06:59,628 [inflora.py] => [InfLoRA] Layer 6: 112/768 type remove
2026-07-28 01:06:59,628 [inflora.py] => [InfLoRA] Layer 7: 132/768 type remove
2026-07-28 01:06:59,628 [inflora.py] => [InfLoRA] Layer 8: 176/768 type remove
2026-07-28 01:06:59,628 [inflora.py] => [InfLoRA] Layer 9: 291/768 type remove
2026-07-28 01:06:59,628 [inflora.py] => [InfLoRA] Layer 10: 381/768 type retain
2026-07-28 01:06:59,628 [inflora.py] => [InfLoRA] Layer 11: 327/768 type remove
2026-07-28 01:06:59,628 [inflora.py] => [InfLoRA] Layer 12: 332/768 type remove
2026-07-28 01:08:26,237 [inflora.py] => [InfLoRA] DualGPM threshold: 0.9750
2026-07-28 01:08:27,316 [inflora.py] => [InfLoRA] Layer 1: 36/768 type remove
2026-07-28 01:08:27,316 [inflora.py] => [InfLoRA] Layer 2: 20/768 type remove
2026-07-28 01:08:27,316 [inflora.py] => [InfLoRA] Layer 3: 51/768 type remove
2026-07-28 01:08:27,316 [inflora.py] => [InfLoRA] Layer 4: 53/768 type remove
2026-07-28 01:08:27,316 [inflora.py] => [InfLoRA] Layer 5: 89/768 type remove
2026-07-28 01:08:27,316 [inflora.py] => [InfLoRA] Layer 6: 113/768 type remove
2026-07-28 01:08:27,316 [inflora.py] => [InfLoRA] Layer 7: 133/768 type remove
2026-07-28 01:08:27,316 [inflora.py] => [InfLoRA] Layer 8: 177/768 type remove
2026-07-28 01:08:27,316 [inflora.py] => [InfLoRA] Layer 9: 291/768 type remove
2026-07-28 01:08:27,316 [inflora.py] => [InfLoRA] Layer 10: 381/768 type retain
2026-07-28 01:08:27,316 [inflora.py] => [InfLoRA] Layer 11: 327/768 type remove
2026-07-28 01:08:27,316 [inflora.py] => [InfLoRA] Layer 12: 333/768 type remove
2026-07-28 01:09:53,369 [inflora.py] => [InfLoRA] DualGPM threshold: 0.9750
2026-07-28 01:09:54,596 [inflora.py] => [InfLoRA] Layer 1: 36/768 type remove
2026-07-28 01:09:54,596 [inflora.py] => [InfLoRA] Layer 2: 20/768 type remove
2026-07-28 01:09:54,596 [inflora.py] => [InfLoRA] Layer 3: 52/768 type remove
2026-07-28 01:09:54,596 [inflora.py] => [InfLoRA] Layer 4: 54/768 type remove
2026-07-28 01:09:54,596 [inflora.py] => [InfLoRA] Layer 5: 91/768 type remove
2026-07-28 01:09:54,596 [inflora.py] => [InfLoRA] Layer 6: 115/768 type remove
2026-07-28 01:09:54,596 [inflora.py] => [InfLoRA] Layer 7: 135/768 type remove
2026-07-28 01:09:54,596 [inflora.py] => [InfLoRA] Layer 8: 180/768 type remove
2026-07-28 01:09:54,596 [inflora.py] => [InfLoRA] Layer 9: 293/768 type remove
2026-07-28 01:09:54,596 [inflora.py] => [InfLoRA] Layer 10: 379/768 type retain
2026-07-28 01:09:54,596 [inflora.py] => [InfLoRA] Layer 11: 330/768 type remove
2026-07-28 01:09:54,597 [inflora.py] => [InfLoRA] Layer 12: 335/768 type remove
2026-07-28 01:11:20,934 [inflora.py] => [InfLoRA] DualGPM threshold: 0.9750
2026-07-28 01:11:22,162 [inflora.py] => [InfLoRA] Layer 1: 36/768 type remove
2026-07-28 01:11:22,162 [inflora.py] => [InfLoRA] Layer 2: 20/768 type remove
2026-07-28 01:11:22,162 [inflora.py] => [InfLoRA] Layer 3: 53/768 type remove
2026-07-28 01:11:22,162 [inflora.py] => [InfLoRA] Layer 4: 55/768 type remove
2026-07-28 01:11:22,162 [inflora.py] => [InfLoRA] Layer 5: 92/768 type remove
2026-07-28 01:11:22,162 [inflora.py] => [InfLoRA] Layer 6: 116/768 type remove
2026-07-28 01:11:22,162 [inflora.py] => [InfLoRA] Layer 7: 137/768 type remove
2026-07-28 01:11:22,162 [inflora.py] => [InfLoRA] Layer 8: 182/768 type remove
2026-07-28 01:11:22,162 [inflora.py] => [InfLoRA] Layer 9: 296/768 type remove
2026-07-28 01:11:22,162 [inflora.py] => [InfLoRA] Layer 10: 377/768 type retain
2026-07-28 01:11:22,162 [inflora.py] => [InfLoRA] Layer 11: 333/768 type remove
2026-07-28 01:11:22,162 [inflora.py] => [InfLoRA] Layer 12: 338/768 type remove
2026-07-28 01:12:51,150 [inflora.py] => [InfLoRA] DualGPM threshold: 0.9750
2026-07-28 01:12:52,292 [inflora.py] => [InfLoRA] Layer 1: 36/768 type remove
2026-07-28 01:12:52,292 [inflora.py] => [InfLoRA] Layer 2: 20/768 type remove
2026-07-28 01:12:52,292 [inflora.py] => [InfLoRA] Layer 3: 53/768 type remove
2026-07-28 01:12:52,292 [inflora.py] => [InfLoRA] Layer 4: 55/768 type remove
2026-07-28 01:12:52,292 [inflora.py] => [InfLoRA] Layer 5: 93/768 type remove
2026-07-28 01:12:52,292 [inflora.py] => [InfLoRA] Layer 6: 117/768 type remove
2026-07-28 01:12:52,292 [inflora.py] => [InfLoRA] Layer 7: 138/768 type remove
2026-07-28 01:12:52,292 [inflora.py] => [InfLoRA] Layer 8: 183/768 type remove
2026-07-28 01:12:52,292 [inflora.py] => [InfLoRA] Layer 9: 297/768 type remove
2026-07-28 01:12:52,292 [inflora.py] => [InfLoRA] Layer 10: 376/768 type retain
2026-07-28 01:12:52,292 [inflora.py] => [InfLoRA] Layer 11: 334/768 type remove
2026-07-28 01:12:52,292 [inflora.py] => [InfLoRA] Layer 12: 340/768 type remove
2026-07-28 01:14:19,121 [inflora.py] => [InfLoRA] DualGPM threshold: 0.9750
2026-07-28 01:14:20,419 [inflora.py] => [InfLoRA] Layer 1: 36/768 type remove
2026-07-28 01:14:20,419 [inflora.py] => [InfLoRA] Layer 2: 20/768 type remove
2026-07-28 01:14:20,419 [inflora.py] => [InfLoRA] Layer 3: 54/768 type remove
2026-07-28 01:14:20,419 [inflora.py] => [InfLoRA] Layer 4: 56/768 type remove
2026-07-28 01:14:20,419 [inflora.py] => [InfLoRA] Layer 5: 94/768 type remove
2026-07-28 01:14:20,419 [inflora.py] => [InfLoRA] Layer 6: 118/768 type remove
2026-07-28 01:14:20,419 [inflora.py] => [InfLoRA] Layer 7: 139/768 type remove
2026-07-28 01:14:20,419 [inflora.py] => [InfLoRA] Layer 8: 185/768 type remove
2026-07-28 01:14:20,419 [inflora.py] => [InfLoRA] Layer 9: 298/768 type remove
2026-07-28 01:14:20,419 [inflora.py] => [InfLoRA] Layer 10: 375/768 type retain
2026-07-28 01:14:20,419 [inflora.py] => [InfLoRA] Layer 11: 336/768 type remove
2026-07-28 01:14:20,419 [inflora.py] => [InfLoRA] Layer 12: 344/768 type remove
2026-07-28 01:15:46,412 [inflora.py] => [InfLoRA] DualGPM threshold: 0.9750
2026-07-28 01:15:47,790 [inflora.py] => [InfLoRA] Layer 1: 36/768 type remove
2026-07-28 01:15:47,790 [inflora.py] => [InfLoRA] Layer 2: 20/768 type remove
2026-07-28 01:15:47,791 [inflora.py] => [InfLoRA] Layer 3: 54/768 type remove
2026-07-28 01:15:47,791 [inflora.py] => [InfLoRA] Layer 4: 56/768 type remove
2026-07-28 01:15:47,791 [inflora.py] => [InfLoRA] Layer 5: 95/768 type remove
2026-07-28 01:15:47,791 [inflora.py] => [InfLoRA] Layer 6: 119/768 type remove
2026-07-28 01:15:47,791 [inflora.py] => [InfLoRA] Layer 7: 140/768 type remove
2026-07-28 01:15:47,791 [inflora.py] => [InfLoRA] Layer 8: 186/768 type remove
2026-07-28 01:15:47,791 [inflora.py] => [InfLoRA] Layer 9: 299/768 type remove
2026-07-28 01:15:47,791 [inflora.py] => [InfLoRA] Layer 10: 374/768 type retain
2026-07-28 01:15:47,791 [inflora.py] => [InfLoRA] Layer 11: 337/768 type remove
2026-07-28 01:15:47,791 [inflora.py] => [InfLoRA] Layer 12: 347/768 type remove
2026-07-28 01:17:14,508 [inflora.py] => [InfLoRA] DualGPM threshold: 0.9750
2026-07-28 01:17:15,611 [inflora.py] => [InfLoRA] Layer 1: 36/768 type remove
2026-07-28 01:17:15,611 [inflora.py] => [InfLoRA] Layer 2: 20/768 type remove
2026-07-28 01:17:15,611 [inflora.py] => [InfLoRA] Layer 3: 54/768 type remove
2026-07-28 01:17:15,611 [inflora.py] => [InfLoRA] Layer 4: 57/768 type remove
2026-07-28 01:17:15,611 [inflora.py] => [InfLoRA] Layer 5: 96/768 type remove
2026-07-28 01:17:15,611 [inflora.py] => [InfLoRA] Layer 6: 120/768 type remove
2026-07-28 01:17:15,611 [inflora.py] => [InfLoRA] Layer 7: 141/768 type remove
2026-07-28 01:17:15,611 [inflora.py] => [InfLoRA] Layer 8: 186/768 type remove
2026-07-28 01:17:15,611 [inflora.py] => [InfLoRA] Layer 9: 299/768 type remove
2026-07-28 01:17:15,611 [inflora.py] => [InfLoRA] Layer 10: 374/768 type retain
2026-07-28 01:17:15,611 [inflora.py] => [InfLoRA] Layer 11: 338/768 type remove
2026-07-28 01:17:15,611 [inflora.py] => [InfLoRA] Layer 12: 348/768 type remove
2026-07-28 01:18:42,647 [inflora.py] => [InfLoRA] DualGPM threshold: 0.9750
2026-07-28 01:18:43,965 [inflora.py] => [InfLoRA] Layer 1: 36/768 type remove
2026-07-28 01:18:43,965 [inflora.py] => [InfLoRA] Layer 2: 20/768 type remove
2026-07-28 01:18:43,965 [inflora.py] => [InfLoRA] Layer 3: 54/768 type remove
2026-07-28 01:18:43,965 [inflora.py] => [InfLoRA] Layer 4: 57/768 type remove
2026-07-28 01:18:43,965 [inflora.py] => [InfLoRA] Layer 5: 97/768 type remove
2026-07-28 01:18:43,965 [inflora.py] => [InfLoRA] Layer 6: 121/768 type remove
2026-07-28 01:18:43,965 [inflora.py] => [InfLoRA] Layer 7: 142/768 type remove
2026-07-28 01:18:43,965 [inflora.py] => [InfLoRA] Layer 8: 187/768 type remove
2026-07-28 01:18:43,965 [inflora.py] => [InfLoRA] Layer 9: 300/768 type remove
2026-07-28 01:18:43,966 [inflora.py] => [InfLoRA] Layer 10: 373/768 type retain
2026-07-28 01:18:43,966 [inflora.py] => [InfLoRA] Layer 11: 339/768 type remove
2026-07-28 01:18:43,966 [inflora.py] => [InfLoRA] Layer 12: 348/768 type remove
2026-07-28 01:20:11,656 [inflora.py] => [InfLoRA] DualGPM threshold: 0.9750
2026-07-28 01:20:12,941 [inflora.py] => [InfLoRA] Layer 1: 36/768 type remove
2026-07-28 01:20:12,941 [inflora.py] => [InfLoRA] Layer 2: 20/768 type remove
2026-07-28 01:20:12,941 [inflora.py] => [InfLoRA] Layer 3: 55/768 type remove
2026-07-28 01:20:12,941 [inflora.py] => [InfLoRA] Layer 4: 58/768 type remove
2026-07-28 01:20:12,941 [inflora.py] => [InfLoRA] Layer 5: 98/768 type remove
2026-07-28 01:20:12,941 [inflora.py] => [InfLoRA] Layer 6: 122/768 type remove
2026-07-28 01:20:12,941 [inflora.py] => [InfLoRA] Layer 7: 144/768 type remove
2026-07-28 01:20:12,941 [inflora.py] => [InfLoRA] Layer 8: 188/768 type remove
2026-07-28 01:20:12,941 [inflora.py] => [InfLoRA] Layer 9: 300/768 type remove
2026-07-28 01:20:12,941 [inflora.py] => [InfLoRA] Layer 10: 373/768 type retain
2026-07-28 01:20:12,941 [inflora.py] => [InfLoRA] Layer 11: 339/768 type remove
2026-07-28 01:20:12,941 [inflora.py] => [InfLoRA] Layer 12: 348/768 type remove
2026-07-28 01:20:27,632 [bounded_memory_mixin.py] => [bounded_mem eval] volume 0.50 | cycle 60 | classes_seen 510 | CIL top1 51.93 | top5 80.14 | (nearest latent task ~50) | param_hash c1d1d23ace1528e1 | per-task [39.7, 53.03, 67.5, 40.5, 53.77, 64.82, 67.69, 48.24, 64.0, 67.51, 46.23, 60.8, 42.13, 31.28, 52.26, 59.5, 61.31, 42.93, 54.77, 41.84, 61.0, 54.27, 54.31, 44.16, 47.98, 66.5, 55.84, 61.93, 68.84, 62.0, 35.2, 40.61, 50.5, 47.74, 46.0, 56.06, 40.0, 61.81, 56.28, 61.0, 58.08, 35.68, 67.0, 52.79, 36.68, 44.72, 69.7, 55.0, 51.01, 45.18, 0.0]
2026-07-28 01:21:53,334 [inflora.py] => [InfLoRA] DualGPM threshold: 0.9750
2026-07-28 01:21:54,652 [inflora.py] => [InfLoRA] Layer 1: 36/768 type remove
2026-07-28 01:21:54,652 [inflora.py] => [InfLoRA] Layer 2: 20/768 type remove
2026-07-28 01:21:54,652 [inflora.py] => [InfLoRA] Layer 3: 55/768 type remove
2026-07-28 01:21:54,652 [inflora.py] => [InfLoRA] Layer 4: 59/768 type remove
2026-07-28 01:21:54,652 [inflora.py] => [InfLoRA] Layer 5: 99/768 type remove
2026-07-28 01:21:54,652 [inflora.py] => [InfLoRA] Layer 6: 123/768 type remove
2026-07-28 01:21:54,652 [inflora.py] => [InfLoRA] Layer 7: 145/768 type remove
2026-07-28 01:21:54,652 [inflora.py] => [InfLoRA] Layer 8: 190/768 type remove
2026-07-28 01:21:54,652 [inflora.py] => [InfLoRA] Layer 9: 301/768 type remove
2026-07-28 01:21:54,652 [inflora.py] => [InfLoRA] Layer 10: 372/768 type retain
2026-07-28 01:21:54,652 [inflora.py] => [InfLoRA] Layer 11: 340/768 type remove
2026-07-28 01:21:54,652 [inflora.py] => [InfLoRA] Layer 12: 350/768 type remove
2026-07-28 01:23:22,012 [inflora.py] => [InfLoRA] DualGPM threshold: 0.9750
2026-07-28 01:23:23,251 [inflora.py] => [InfLoRA] Layer 1: 36/768 type remove
2026-07-28 01:23:23,252 [inflora.py] => [InfLoRA] Layer 2: 20/768 type remove
2026-07-28 01:23:23,252 [inflora.py] => [InfLoRA] Layer 3: 56/768 type remove
2026-07-28 01:23:23,252 [inflora.py] => [InfLoRA] Layer 4: 60/768 type remove
2026-07-28 01:23:23,252 [inflora.py] => [InfLoRA] Layer 5: 100/768 type remove
2026-07-28 01:23:23,252 [inflora.py] => [InfLoRA] Layer 6: 124/768 type remove
2026-07-28 01:23:23,252 [inflora.py] => [InfLoRA] Layer 7: 146/768 type remove
2026-07-28 01:23:23,252 [inflora.py] => [InfLoRA] Layer 8: 190/768 type remove
2026-07-28 01:23:23,252 [inflora.py] => [InfLoRA] Layer 9: 301/768 type remove
2026-07-28 01:23:23,252 [inflora.py] => [InfLoRA] Layer 10: 371/768 type retain
2026-07-28 01:23:23,252 [inflora.py] => [InfLoRA] Layer 11: 341/768 type remove
2026-07-28 01:23:23,252 [inflora.py] => [InfLoRA] Layer 12: 351/768 type remove
2026-07-28 01:24:49,256 [inflora.py] => [InfLoRA] DualGPM threshold: 0.9750
2026-07-28 01:24:50,504 [inflora.py] => [InfLoRA] Layer 1: 36/768 type remove
2026-07-28 01:24:50,504 [inflora.py] => [InfLoRA] Layer 2: 20/768 type remove
2026-07-28 01:24:50,504 [inflora.py] => [InfLoRA] Layer 3: 56/768 type remove
2026-07-28 01:24:50,504 [inflora.py] => [InfLoRA] Layer 4: 60/768 type remove
2026-07-28 01:24:50,504 [inflora.py] => [InfLoRA] Layer 5: 100/768 type remove
2026-07-28 01:24:50,504 [inflora.py] => [InfLoRA] Layer 6: 124/768 type remove
2026-07-28 01:24:50,504 [inflora.py] => [InfLoRA] Layer 7: 147/768 type remove
2026-07-28 01:24:50,504 [inflora.py] => [InfLoRA] Layer 8: 191/768 type remove
2026-07-28 01:24:50,504 [inflora.py] => [InfLoRA] Layer 9: 301/768 type remove
2026-07-28 01:24:50,504 [inflora.py] => [InfLoRA] Layer 10: 371/768 type retain
2026-07-28 01:24:50,504 [inflora.py] => [InfLoRA] Layer 11: 341/768 type remove
2026-07-28 01:24:50,504 [inflora.py] => [InfLoRA] Layer 12: 352/768 type remove
2026-07-28 01:26:17,388 [inflora.py] => [InfLoRA] DualGPM threshold: 0.9750
2026-07-28 01:26:18,540 [inflora.py] => [InfLoRA] Layer 1: 36/768 type remove
2026-07-28 01:26:18,541 [inflora.py] => [InfLoRA] Layer 2: 20/768 type remove
2026-07-28 01:26:18,541 [inflora.py] => [InfLoRA] Layer 3: 56/768 type remove
2026-07-28 01:26:18,541 [inflora.py] => [InfLoRA] Layer 4: 60/768 type remove
2026-07-28 01:26:18,541 [inflora.py] => [InfLoRA] Layer 5: 101/768 type remove
2026-07-28 01:26:18,541 [inflora.py] => [InfLoRA] Layer 6: 125/768 type remove
2026-07-28 01:26:18,541 [inflora.py] => [InfLoRA] Layer 7: 148/768 type remove
2026-07-28 01:26:18,541 [inflora.py] => [InfLoRA] Layer 8: 191/768 type remove
2026-07-28 01:26:18,541 [inflora.py] => [InfLoRA] Layer 9: 302/768 type remove
2026-07-28 01:26:18,541 [inflora.py] => [InfLoRA] Layer 10: 370/768 type retain
2026-07-28 01:26:18,541 [inflora.py] => [InfLoRA] Layer 11: 342/768 type remove
2026-07-28 01:26:18,541 [inflora.py] => [InfLoRA] Layer 12: 353/768 type remove
2026-07-28 01:27:45,631 [inflora.py] => [InfLoRA] DualGPM threshold: 0.9750
2026-07-28 01:27:46,712 [inflora.py] => [InfLoRA] Layer 1: 36/768 type remove
2026-07-28 01:27:46,712 [inflora.py] => [InfLoRA] Layer 2: 20/768 type remove
2026-07-28 01:27:46,712 [inflora.py] => [InfLoRA] Layer 3: 56/768 type remove
2026-07-28 01:27:46,712 [inflora.py] => [InfLoRA] Layer 4: 61/768 type remove
2026-07-28 01:27:46,712 [inflora.py] => [InfLoRA] Layer 5: 102/768 type remove
2026-07-28 01:27:46,712 [inflora.py] => [InfLoRA] Layer 6: 126/768 type remove
2026-07-28 01:27:46,712 [inflora.py] => [InfLoRA] Layer 7: 150/768 type remove
2026-07-28 01:27:46,712 [inflora.py] => [InfLoRA] Layer 8: 193/768 type remove
2026-07-28 01:27:46,712 [inflora.py] => [InfLoRA] Layer 9: 303/768 type remove
2026-07-28 01:27:46,712 [inflora.py] => [InfLoRA] Layer 10: 369/768 type retain
2026-07-28 01:27:46,712 [inflora.py] => [InfLoRA] Layer 11: 345/768 type remove
2026-07-28 01:27:46,712 [inflora.py] => [InfLoRA] Layer 12: 357/768 type remove
2026-07-28 01:29:14,149 [inflora.py] => [InfLoRA] DualGPM threshold: 0.9750
2026-07-28 01:29:15,423 [inflora.py] => [InfLoRA] Layer 1: 36/768 type remove
2026-07-28 01:29:15,424 [inflora.py] => [InfLoRA] Layer 2: 20/768 type remove
2026-07-28 01:29:15,424 [inflora.py] => [InfLoRA] Layer 3: 56/768 type remove
2026-07-28 01:29:15,424 [inflora.py] => [InfLoRA] Layer 4: 62/768 type remove
2026-07-28 01:29:15,424 [inflora.py] => [InfLoRA] Layer 5: 103/768 type remove
2026-07-28 01:29:15,424 [inflora.py] => [InfLoRA] Layer 6: 127/768 type remove
2026-07-28 01:29:15,424 [inflora.py] => [InfLoRA] Layer 7: 151/768 type remove
2026-07-28 01:29:15,424 [inflora.py] => [InfLoRA] Layer 8: 194/768 type remove
2026-07-28 01:29:15,424 [inflora.py] => [InfLoRA] Layer 9: 304/768 type remove
2026-07-28 01:29:15,424 [inflora.py] => [InfLoRA] Layer 10: 368/768 type retain
2026-07-28 01:29:15,424 [inflora.py] => [InfLoRA] Layer 11: 346/768 type remove
2026-07-28 01:29:15,424 [inflora.py] => [InfLoRA] Layer 12: 358/768 type remove
2026-07-28 01:30:40,947 [inflora.py] => [InfLoRA] DualGPM threshold: 0.9750
2026-07-28 01:30:42,249 [inflora.py] => [InfLoRA] Layer 1: 37/768 type remove
2026-07-28 01:30:42,249 [inflora.py] => [InfLoRA] Layer 2: 21/768 type remove
2026-07-28 01:30:42,249 [inflora.py] => [InfLoRA] Layer 3: 57/768 type remove
2026-07-28 01:30:42,249 [inflora.py] => [InfLoRA] Layer 4: 63/768 type remove
2026-07-28 01:30:42,249 [inflora.py] => [InfLoRA] Layer 5: 104/768 type remove
2026-07-28 01:30:42,249 [inflora.py] => [InfLoRA] Layer 6: 128/768 type remove
2026-07-28 01:30:42,249 [inflora.py] => [InfLoRA] Layer 7: 152/768 type remove
2026-07-28 01:30:42,249 [inflora.py] => [InfLoRA] Layer 8: 196/768 type remove
2026-07-28 01:30:42,249 [inflora.py] => [InfLoRA] Layer 9: 307/768 type remove
2026-07-28 01:30:42,249 [inflora.py] => [InfLoRA] Layer 10: 363/768 type retain
2026-07-28 01:30:42,249 [inflora.py] => [InfLoRA] Layer 11: 350/768 type remove
2026-07-28 01:30:42,249 [inflora.py] => [InfLoRA] Layer 12: 362/768 type remove
2026-07-28 01:32:11,063 [inflora.py] => [InfLoRA] DualGPM threshold: 0.9750
2026-07-28 01:32:12,174 [inflora.py] => [InfLoRA] Layer 1: 37/768 type remove
2026-07-28 01:32:12,174 [inflora.py] => [InfLoRA] Layer 2: 21/768 type remove
2026-07-28 01:32:12,174 [inflora.py] => [InfLoRA] Layer 3: 57/768 type remove
2026-07-28 01:32:12,174 [inflora.py] => [InfLoRA] Layer 4: 63/768 type remove
2026-07-28 01:32:12,174 [inflora.py] => [InfLoRA] Layer 5: 105/768 type remove
2026-07-28 01:32:12,174 [inflora.py] => [InfLoRA] Layer 6: 129/768 type remove
2026-07-28 01:32:12,174 [inflora.py] => [InfLoRA] Layer 7: 152/768 type remove
2026-07-28 01:32:12,174 [inflora.py] => [InfLoRA] Layer 8: 196/768 type remove
2026-07-28 01:32:12,174 [inflora.py] => [InfLoRA] Layer 9: 307/768 type remove
2026-07-28 01:32:12,174 [inflora.py] => [InfLoRA] Layer 10: 362/768 type retain
2026-07-28 01:32:12,174 [inflora.py] => [InfLoRA] Layer 11: 351/768 type remove
2026-07-28 01:32:12,174 [inflora.py] => [InfLoRA] Layer 12: 363/768 type remove
2026-07-28 01:33:39,462 [inflora.py] => [InfLoRA] DualGPM threshold: 0.9750
2026-07-28 01:33:40,721 [inflora.py] => [InfLoRA] Layer 1: 37/768 type remove
2026-07-28 01:33:40,721 [inflora.py] => [InfLoRA] Layer 2: 21/768 type remove
2026-07-28 01:33:40,721 [inflora.py] => [InfLoRA] Layer 3: 57/768 type remove
2026-07-28 01:33:40,721 [inflora.py] => [InfLoRA] Layer 4: 64/768 type remove
2026-07-28 01:33:40,721 [inflora.py] => [InfLoRA] Layer 5: 106/768 type remove
2026-07-28 01:33:40,721 [inflora.py] => [InfLoRA] Layer 6: 130/768 type remove
2026-07-28 01:33:40,721 [inflora.py] => [InfLoRA] Layer 7: 153/768 type remove
2026-07-28 01:33:40,721 [inflora.py] => [InfLoRA] Layer 8: 197/768 type remove
2026-07-28 01:33:40,721 [inflora.py] => [InfLoRA] Layer 9: 308/768 type remove
2026-07-28 01:33:40,721 [inflora.py] => [InfLoRA] Layer 10: 361/768 type retain
2026-07-28 01:33:40,721 [inflora.py] => [InfLoRA] Layer 11: 353/768 type remove
2026-07-28 01:33:40,721 [inflora.py] => [InfLoRA] Layer 12: 366/768 type remove
/data/gmar762/anaconda3/envs/treelora/lib/python3.10/site-packages/PIL/Image.py:1137: UserWarning: Palette images with Transparency expressed in bytes should be converted to RGBA images
  warnings.warn(
/data/gmar762/anaconda3/envs/treelora/lib/python3.10/site-packages/PIL/Image.py:1137: UserWarning: Palette images with Transparency expressed in bytes should be converted to RGBA images
  warnings.warn(
/data/gmar762/anaconda3/envs/treelora/lib/python3.10/site-packages/PIL/Image.py:1137: UserWarning: Palette images with Transparency expressed in bytes should be converted to RGBA images
  warnings.warn(
/data/gmar762/anaconda3/envs/treelora/lib/python3.10/site-packages/PIL/Image.py:1137: UserWarning: Palette images with Transparency expressed in bytes should be converted to RGBA images
  warnings.warn(
/data/gmar762/anaconda3/envs/treelora/lib/python3.10/site-packages/PIL/Image.py:1137: UserWarning: Palette images with Transparency expressed in bytes should be converted to RGBA images
  warnings.warn(
/data/gmar762/anaconda3/envs/treelora/lib/python3.10/site-packages/PIL/Image.py:1137: UserWarning: Palette images with Transparency expressed in bytes should be converted to RGBA images
  warnings.warn(
/data/gmar762/anaconda3/envs/treelora/lib/python3.10/site-packages/PIL/Image.py:1137: UserWarning: Palette images with Transparency expressed in bytes should be converted to RGBA images
  warnings.warn(
/data/gmar762/anaconda3/envs/treelora/lib/python3.10/site-packages/PIL/Image.py:1137: UserWarning: Palette images with Transparency expressed in bytes should be converted to RGBA images
  warnings.warn(
/data/gmar762/anaconda3/envs/treelora/lib/python3.10/site-packages/PIL/Image.py:1137: UserWarning: Palette images with Transparency expressed in bytes should be converted to RGBA images
  warnings.warn(
/data/gmar762/anaconda3/envs/treelora/lib/python3.10/site-packages/PIL/Image.py:1137: UserWarning: Palette images with Transparency expressed in bytes should be converted to RGBA images
  warnings.warn(
/data/gmar762/anaconda3/envs/treelora/lib/python3.10/site-packages/PIL/Image.py:1137: UserWarning: Palette images with Transparency expressed in bytes should be converted to RGBA images
  warnings.warn(
/data/gmar762/anaconda3/envs/treelora/lib/python3.10/site-packages/PIL/Image.py:1137: UserWarning: Palette images with Transparency expressed in bytes should be converted to RGBA images
  warnings.warn(
/data/gmar762/anaconda3/envs/treelora/lib/python3.10/site-packages/PIL/Image.py:1137: UserWarning: Palette images with Transparency expressed in bytes should be converted to RGBA images
  warnings.warn(
/data/gmar762/anaconda3/envs/treelora/lib/python3.10/site-packages/PIL/Image.py:1137: UserWarning: Palette images with Transparency expressed in bytes should be converted to RGBA images
  warnings.warn(
/data/gmar762/anaconda3/envs/treelora/lib/python3.10/site-packages/PIL/Image.py:1137: UserWarning: Palette images with Transparency expressed in bytes should be converted to RGBA images
  warnings.warn(
/data/gmar762/anaconda3/envs/treelora/lib/python3.10/site-packages/PIL/Image.py:1137: UserWarning: Palette images with Transparency expressed in bytes should be converted to RGBA images
  warnings.warn(
/data/gmar762/anaconda3/envs/treelora/lib/python3.10/site-packages/PIL/Image.py:1137: UserWarning: Palette images with Transparency expressed in bytes should be converted to RGBA images
  warnings.warn(
/data/gmar762/anaconda3/envs/treelora/lib/python3.10/site-packages/PIL/Image.py:1137: UserWarning: Palette images with Transparency expressed in bytes should be converted to RGBA images
  warnings.warn(
/data/gmar762/anaconda3/envs/treelora/lib/python3.10/site-packages/PIL/Image.py:1137: UserWarning: Palette images with Transparency expressed in bytes should be converted to RGBA images
  warnings.warn(
/data/gmar762/anaconda3/envs/treelora/lib/python3.10/site-packages/PIL/Image.py:1137: UserWarning: Palette images with Transparency expressed in bytes should be converted to RGBA images
  warnings.warn(
/data/gmar762/anaconda3/envs/treelora/lib/python3.10/site-packages/PIL/Image.py:1137: UserWarning: Palette images with Transparency expressed in bytes should be converted to RGBA images
  warnings.warn(
/data/gmar762/anaconda3/envs/treelora/lib/python3.10/site-packages/PIL/Image.py:1137: UserWarning: Palette images with Transparency expressed in bytes should be converted to RGBA images
  warnings.warn(
2026-07-28 01:35:07,609 [inflora.py] => [InfLoRA] DualGPM threshold: 0.9750
2026-07-28 01:35:08,913 [inflora.py] => [InfLoRA] Layer 1: 37/768 type remove
2026-07-28 01:35:08,913 [inflora.py] => [InfLoRA] Layer 2: 21/768 type remove
2026-07-28 01:35:08,913 [inflora.py] => [InfLoRA] Layer 3: 57/768 type remove
2026-07-28 01:35:08,913 [inflora.py] => [InfLoRA] Layer 4: 64/768 type remove
2026-07-28 01:35:08,913 [inflora.py] => [InfLoRA] Layer 5: 106/768 type remove
2026-07-28 01:35:08,913 [inflora.py] => [InfLoRA] Layer 6: 130/768 type remove
2026-07-28 01:35:08,913 [inflora.py] => [InfLoRA] Layer 7: 153/768 type remove
2026-07-28 01:35:08,913 [inflora.py] => [InfLoRA] Layer 8: 197/768 type remove
2026-07-28 01:35:08,913 [inflora.py] => [InfLoRA] Layer 9: 309/768 type remove
2026-07-28 01:35:08,913 [inflora.py] => [InfLoRA] Layer 10: 360/768 type retain
2026-07-28 01:35:08,913 [inflora.py] => [InfLoRA] Layer 11: 355/768 type remove
2026-07-28 01:35:08,913 [inflora.py] => [InfLoRA] Layer 12: 368/768 type remove
2026-07-28 01:36:36,375 [inflora.py] => [InfLoRA] DualGPM threshold: 0.9750
2026-07-28 01:36:37,501 [inflora.py] => [InfLoRA] Layer 1: 37/768 type remove
2026-07-28 01:36:37,501 [inflora.py] => [InfLoRA] Layer 2: 21/768 type remove
2026-07-28 01:36:37,501 [inflora.py] => [InfLoRA] Layer 3: 57/768 type remove
2026-07-28 01:36:37,501 [inflora.py] => [InfLoRA] Layer 4: 64/768 type remove
2026-07-28 01:36:37,501 [inflora.py] => [InfLoRA] Layer 5: 107/768 type remove
2026-07-28 01:36:37,501 [inflora.py] => [InfLoRA] Layer 6: 131/768 type remove
2026-07-28 01:36:37,501 [inflora.py] => [InfLoRA] Layer 7: 154/768 type remove
2026-07-28 01:36:37,501 [inflora.py] => [InfLoRA] Layer 8: 198/768 type remove
2026-07-28 01:36:37,501 [inflora.py] => [InfLoRA] Layer 9: 309/768 type remove
2026-07-28 01:36:37,501 [inflora.py] => [InfLoRA] Layer 10: 360/768 type retain
2026-07-28 01:36:37,501 [inflora.py] => [InfLoRA] Layer 11: 355/768 type remove
2026-07-28 01:36:37,501 [inflora.py] => [InfLoRA] Layer 12: 369/768 type remove
2026-07-28 01:38:03,304 [inflora.py] => [InfLoRA] DualGPM threshold: 0.9750
2026-07-28 01:38:04,613 [inflora.py] => [InfLoRA] Layer 1: 37/768 type remove
2026-07-28 01:38:04,613 [inflora.py] => [InfLoRA] Layer 2: 21/768 type remove
2026-07-28 01:38:04,613 [inflora.py] => [InfLoRA] Layer 3: 57/768 type remove
2026-07-28 01:38:04,613 [inflora.py] => [InfLoRA] Layer 4: 65/768 type remove
2026-07-28 01:38:04,613 [inflora.py] => [InfLoRA] Layer 5: 108/768 type remove
2026-07-28 01:38:04,613 [inflora.py] => [InfLoRA] Layer 6: 132/768 type remove
2026-07-28 01:38:04,613 [inflora.py] => [InfLoRA] Layer 7: 155/768 type remove
2026-07-28 01:38:04,613 [inflora.py] => [InfLoRA] Layer 8: 199/768 type remove
2026-07-28 01:38:04,613 [inflora.py] => [InfLoRA] Layer 9: 310/768 type remove
2026-07-28 01:38:04,613 [inflora.py] => [InfLoRA] Layer 10: 359/768 type retain
2026-07-28 01:38:04,613 [inflora.py] => [InfLoRA] Layer 11: 356/768 type remove
2026-07-28 01:38:04,613 [inflora.py] => [InfLoRA] Layer 12: 371/768 type remove
2026-07-28 01:38:21,884 [bounded_memory_mixin.py] => [bounded_mem eval] volume 0.60 | cycle 72 | classes_seen 610 | CIL top1 49.04 | top5 78.61 | (nearest latent task ~60) | param_hash 9675ec29e9507ccb | per-task [39.2, 52.53, 58.5, 43.0, 52.76, 61.81, 64.1, 48.74, 55.5, 60.91, 48.74, 63.82, 41.12, 27.69, 51.76, 55.0, 62.81, 42.42, 52.26, 40.82, 56.5, 46.73, 54.31, 39.09, 41.41, 63.96, 55.84, 58.88, 68.84, 63.0, 33.67, 37.56, 44.0, 50.25, 50.0, 51.52, 37.5, 61.31, 57.29, 51.5, 53.03, 39.2, 66.5, 50.76, 37.19, 44.72, 68.18, 48.0, 46.97, 38.07, 37.69, 54.0, 33.17, 30.15, 30.46, 50.52, 29.08, 52.28, 54.5, 63.96, 15.58]
2026-07-28 01:39:49,766 [inflora.py] => [InfLoRA] DualGPM threshold: 0.9750
2026-07-28 01:39:50,906 [inflora.py] => [InfLoRA] Layer 1: 37/768 type remove
2026-07-28 01:39:50,906 [inflora.py] => [InfLoRA] Layer 2: 21/768 type remove
2026-07-28 01:39:50,906 [inflora.py] => [InfLoRA] Layer 3: 58/768 type remove
2026-07-28 01:39:50,906 [inflora.py] => [InfLoRA] Layer 4: 66/768 type remove
2026-07-28 01:39:50,906 [inflora.py] => [InfLoRA] Layer 5: 110/768 type remove
2026-07-28 01:39:50,906 [inflora.py] => [InfLoRA] Layer 6: 134/768 type remove
2026-07-28 01:39:50,906 [inflora.py] => [InfLoRA] Layer 7: 157/768 type remove
2026-07-28 01:39:50,906 [inflora.py] => [InfLoRA] Layer 8: 201/768 type remove
2026-07-28 01:39:50,906 [inflora.py] => [InfLoRA] Layer 9: 312/768 type remove
2026-07-28 01:39:50,906 [inflora.py] => [InfLoRA] Layer 10: 356/768 type retain
2026-07-28 01:39:50,906 [inflora.py] => [InfLoRA] Layer 11: 361/768 type remove
2026-07-28 01:39:50,906 [inflora.py] => [InfLoRA] Layer 12: 375/768 type remove
2026-07-28 01:41:16,766 [inflora.py] => [InfLoRA] DualGPM threshold: 0.9750
2026-07-28 01:41:18,069 [inflora.py] => [InfLoRA] Layer 1: 37/768 type remove
2026-07-28 01:41:18,069 [inflora.py] => [InfLoRA] Layer 2: 21/768 type remove
2026-07-28 01:41:18,069 [inflora.py] => [InfLoRA] Layer 3: 58/768 type remove
2026-07-28 01:41:18,069 [inflora.py] => [InfLoRA] Layer 4: 67/768 type remove
2026-07-28 01:41:18,069 [inflora.py] => [InfLoRA] Layer 5: 111/768 type remove
2026-07-28 01:41:18,069 [inflora.py] => [InfLoRA] Layer 6: 135/768 type remove
2026-07-28 01:41:18,069 [inflora.py] => [InfLoRA] Layer 7: 158/768 type remove
2026-07-28 01:41:18,069 [inflora.py] => [InfLoRA] Layer 8: 201/768 type remove
2026-07-28 01:41:18,069 [inflora.py] => [InfLoRA] Layer 9: 312/768 type remove
2026-07-28 01:41:18,069 [inflora.py] => [InfLoRA] Layer 10: 356/768 type retain
2026-07-28 01:41:18,070 [inflora.py] => [InfLoRA] Layer 11: 361/768 type remove
2026-07-28 01:41:18,070 [inflora.py] => [InfLoRA] Layer 12: 376/768 type remove
2026-07-28 01:42:43,787 [inflora.py] => [InfLoRA] DualGPM threshold: 0.9750
2026-07-28 01:42:45,053 [inflora.py] => [InfLoRA] Layer 1: 37/768 type remove
2026-07-28 01:42:45,053 [inflora.py] => [InfLoRA] Layer 2: 21/768 type remove
2026-07-28 01:42:45,053 [inflora.py] => [InfLoRA] Layer 3: 58/768 type remove
2026-07-28 01:42:45,053 [inflora.py] => [InfLoRA] Layer 4: 67/768 type remove
2026-07-28 01:42:45,053 [inflora.py] => [InfLoRA] Layer 5: 111/768 type remove
2026-07-28 01:42:45,053 [inflora.py] => [InfLoRA] Layer 6: 135/768 type remove
2026-07-28 01:42:45,053 [inflora.py] => [InfLoRA] Layer 7: 158/768 type remove
2026-07-28 01:42:45,053 [inflora.py] => [InfLoRA] Layer 8: 201/768 type remove
2026-07-28 01:42:45,053 [inflora.py] => [InfLoRA] Layer 9: 312/768 type remove
2026-07-28 01:42:45,053 [inflora.py] => [InfLoRA] Layer 10: 356/768 type retain
2026-07-28 01:42:45,054 [inflora.py] => [InfLoRA] Layer 11: 361/768 type remove
2026-07-28 01:42:45,054 [inflora.py] => [InfLoRA] Layer 12: 376/768 type remove
2026-07-28 01:44:12,767 [inflora.py] => [InfLoRA] DualGPM threshold: 0.9750
2026-07-28 01:44:13,853 [inflora.py] => [InfLoRA] Layer 1: 37/768 type remove
2026-07-28 01:44:13,853 [inflora.py] => [InfLoRA] Layer 2: 21/768 type remove
2026-07-28 01:44:13,853 [inflora.py] => [InfLoRA] Layer 3: 58/768 type remove
2026-07-28 01:44:13,853 [inflora.py] => [InfLoRA] Layer 4: 67/768 type remove
2026-07-28 01:44:13,853 [inflora.py] => [InfLoRA] Layer 5: 112/768 type remove
2026-07-28 01:44:13,853 [inflora.py] => [InfLoRA] Layer 6: 136/768 type remove
2026-07-28 01:44:13,853 [inflora.py] => [InfLoRA] Layer 7: 159/768 type remove
2026-07-28 01:44:13,853 [inflora.py] => [InfLoRA] Layer 8: 202/768 type remove
2026-07-28 01:44:13,853 [inflora.py] => [InfLoRA] Layer 9: 313/768 type remove
2026-07-28 01:44:13,853 [inflora.py] => [InfLoRA] Layer 10: 355/768 type retain
2026-07-28 01:44:13,853 [inflora.py] => [InfLoRA] Layer 11: 361/768 type remove
2026-07-28 01:44:13,853 [inflora.py] => [InfLoRA] Layer 12: 376/768 type remove
2026-07-28 01:45:41,450 [inflora.py] => [InfLoRA] DualGPM threshold: 0.9750
2026-07-28 01:45:42,532 [inflora.py] => [InfLoRA] Layer 1: 37/768 type remove
2026-07-28 01:45:42,532 [inflora.py] => [InfLoRA] Layer 2: 21/768 type remove
2026-07-28 01:45:42,532 [inflora.py] => [InfLoRA] Layer 3: 58/768 type remove
2026-07-28 01:45:42,532 [inflora.py] => [InfLoRA] Layer 4: 68/768 type remove
2026-07-28 01:45:42,532 [inflora.py] => [InfLoRA] Layer 5: 113/768 type remove
2026-07-28 01:45:42,532 [inflora.py] => [InfLoRA] Layer 6: 137/768 type remove
2026-07-28 01:45:42,532 [inflora.py] => [InfLoRA] Layer 7: 159/768 type remove
2026-07-28 01:45:42,532 [inflora.py] => [InfLoRA] Layer 8: 202/768 type remove
2026-07-28 01:45:42,532 [inflora.py] => [InfLoRA] Layer 9: 314/768 type remove
2026-07-28 01:45:42,532 [inflora.py] => [InfLoRA] Layer 10: 355/768 type retain
2026-07-28 01:45:42,532 [inflora.py] => [InfLoRA] Layer 11: 362/768 type remove
2026-07-28 01:45:42,532 [inflora.py] => [InfLoRA] Layer 12: 377/768 type remove
2026-07-28 01:47:08,844 [inflora.py] => [InfLoRA] DualGPM threshold: 0.9750
2026-07-28 01:47:10,133 [inflora.py] => [InfLoRA] Layer 1: 37/768 type remove
2026-07-28 01:47:10,133 [inflora.py] => [InfLoRA] Layer 2: 21/768 type remove
2026-07-28 01:47:10,133 [inflora.py] => [InfLoRA] Layer 3: 58/768 type remove
2026-07-28 01:47:10,133 [inflora.py] => [InfLoRA] Layer 4: 68/768 type remove
2026-07-28 01:47:10,133 [inflora.py] => [InfLoRA] Layer 5: 114/768 type remove
2026-07-28 01:47:10,133 [inflora.py] => [InfLoRA] Layer 6: 138/768 type remove
2026-07-28 01:47:10,133 [inflora.py] => [InfLoRA] Layer 7: 160/768 type remove
2026-07-28 01:47:10,133 [inflora.py] => [InfLoRA] Layer 8: 203/768 type remove
2026-07-28 01:47:10,133 [inflora.py] => [InfLoRA] Layer 9: 316/768 type remove
2026-07-28 01:47:10,133 [inflora.py] => [InfLoRA] Layer 10: 352/768 type retain
2026-07-28 01:47:10,133 [inflora.py] => [InfLoRA] Layer 11: 363/768 type remove
2026-07-28 01:47:10,133 [inflora.py] => [InfLoRA] Layer 12: 379/768 type remove
2026-07-28 01:48:37,903 [inflora.py] => [InfLoRA] DualGPM threshold: 0.9750
2026-07-28 01:48:39,158 [inflora.py] => [InfLoRA] Layer 1: 37/768 type remove
2026-07-28 01:48:39,158 [inflora.py] => [InfLoRA] Layer 2: 21/768 type remove
2026-07-28 01:48:39,158 [inflora.py] => [InfLoRA] Layer 3: 58/768 type remove
2026-07-28 01:48:39,158 [inflora.py] => [InfLoRA] Layer 4: 68/768 type remove
2026-07-28 01:48:39,158 [inflora.py] => [InfLoRA] Layer 5: 115/768 type remove
2026-07-28 01:48:39,158 [inflora.py] => [InfLoRA] Layer 6: 139/768 type remove
2026-07-28 01:48:39,158 [inflora.py] => [InfLoRA] Layer 7: 161/768 type remove
2026-07-28 01:48:39,158 [inflora.py] => [InfLoRA] Layer 8: 204/768 type remove
2026-07-28 01:48:39,158 [inflora.py] => [InfLoRA] Layer 9: 317/768 type remove
2026-07-28 01:48:39,158 [inflora.py] => [InfLoRA] Layer 10: 351/768 type retain
2026-07-28 01:48:39,158 [inflora.py] => [InfLoRA] Layer 11: 364/768 type remove
2026-07-28 01:48:39,158 [inflora.py] => [InfLoRA] Layer 12: 382/768 type remove
2026-07-28 01:50:05,637 [inflora.py] => [InfLoRA] DualGPM threshold: 0.9750
2026-07-28 01:50:06,935 [inflora.py] => [InfLoRA] Layer 1: 37/768 type remove
2026-07-28 01:50:06,935 [inflora.py] => [InfLoRA] Layer 2: 21/768 type remove
2026-07-28 01:50:06,935 [inflora.py] => [InfLoRA] Layer 3: 58/768 type remove
2026-07-28 01:50:06,935 [inflora.py] => [InfLoRA] Layer 4: 68/768 type remove
2026-07-28 01:50:06,935 [inflora.py] => [InfLoRA] Layer 5: 115/768 type remove
2026-07-28 01:50:06,935 [inflora.py] => [InfLoRA] Layer 6: 139/768 type remove
2026-07-28 01:50:06,935 [inflora.py] => [InfLoRA] Layer 7: 161/768 type remove
2026-07-28 01:50:06,935 [inflora.py] => [InfLoRA] Layer 8: 204/768 type remove
2026-07-28 01:50:06,935 [inflora.py] => [InfLoRA] Layer 9: 317/768 type remove
2026-07-28 01:50:06,935 [inflora.py] => [InfLoRA] Layer 10: 351/768 type retain
2026-07-28 01:50:06,935 [inflora.py] => [InfLoRA] Layer 11: 364/768 type remove
2026-07-28 01:50:06,935 [inflora.py] => [InfLoRA] Layer 12: 383/768 type remove
2026-07-28 01:51:34,146 [inflora.py] => [InfLoRA] DualGPM threshold: 0.9750
2026-07-28 01:51:35,248 [inflora.py] => [InfLoRA] Layer 1: 37/768 type remove
2026-07-28 01:51:35,248 [inflora.py] => [InfLoRA] Layer 2: 21/768 type remove
2026-07-28 01:51:35,248 [inflora.py] => [InfLoRA] Layer 3: 58/768 type remove
2026-07-28 01:51:35,248 [inflora.py] => [InfLoRA] Layer 4: 68/768 type remove
2026-07-28 01:51:35,248 [inflora.py] => [InfLoRA] Layer 5: 115/768 type remove
2026-07-28 01:51:35,248 [inflora.py] => [InfLoRA] Layer 6: 139/768 type remove
2026-07-28 01:51:35,248 [inflora.py] => [InfLoRA] Layer 7: 161/768 type remove
2026-07-28 01:51:35,248 [inflora.py] => [InfLoRA] Layer 8: 204/768 type remove
2026-07-28 01:51:35,248 [inflora.py] => [InfLoRA] Layer 9: 317/768 type remove
2026-07-28 01:51:35,248 [inflora.py] => [InfLoRA] Layer 10: 350/768 type retain
2026-07-28 01:51:35,248 [inflora.py] => [InfLoRA] Layer 11: 365/768 type remove
2026-07-28 01:51:35,264 [inflora.py] => [InfLoRA] Layer 12: 382/768 type retain
2026-07-28 01:53:03,687 [inflora.py] => [InfLoRA] DualGPM threshold: 0.9750
2026-07-28 01:53:04,844 [inflora.py] => [InfLoRA] Layer 1: 37/768 type remove
2026-07-28 01:53:04,844 [inflora.py] => [InfLoRA] Layer 2: 21/768 type remove
2026-07-28 01:53:04,844 [inflora.py] => [InfLoRA] Layer 3: 59/768 type remove
2026-07-28 01:53:04,844 [inflora.py] => [InfLoRA] Layer 4: 69/768 type remove
2026-07-28 01:53:04,844 [inflora.py] => [InfLoRA] Layer 5: 116/768 type remove
2026-07-28 01:53:04,844 [inflora.py] => [InfLoRA] Layer 6: 140/768 type remove
2026-07-28 01:53:04,844 [inflora.py] => [InfLoRA] Layer 7: 162/768 type remove
2026-07-28 01:53:04,844 [inflora.py] => [InfLoRA] Layer 8: 205/768 type remove
2026-07-28 01:53:04,844 [inflora.py] => [InfLoRA] Layer 9: 318/768 type remove
2026-07-28 01:53:04,844 [inflora.py] => [InfLoRA] Layer 10: 349/768 type retain
2026-07-28 01:53:04,844 [inflora.py] => [InfLoRA] Layer 11: 366/768 type remove
2026-07-28 01:53:04,844 [inflora.py] => [InfLoRA] Layer 12: 382/768 type retain
2026-07-28 01:54:31,021 [inflora.py] => [InfLoRA] DualGPM threshold: 0.9750
2026-07-28 01:54:32,176 [inflora.py] => [InfLoRA] Layer 1: 37/768 type remove
2026-07-28 01:54:32,176 [inflora.py] => [InfLoRA] Layer 2: 21/768 type remove
2026-07-28 01:54:32,176 [inflora.py] => [InfLoRA] Layer 3: 59/768 type remove
2026-07-28 01:54:32,176 [inflora.py] => [InfLoRA] Layer 4: 69/768 type remove
2026-07-28 01:54:32,176 [inflora.py] => [InfLoRA] Layer 5: 116/768 type remove
2026-07-28 01:54:32,176 [inflora.py] => [InfLoRA] Layer 6: 141/768 type remove
2026-07-28 01:54:32,176 [inflora.py] => [InfLoRA] Layer 7: 162/768 type remove
2026-07-28 01:54:32,176 [inflora.py] => [InfLoRA] Layer 8: 205/768 type remove
2026-07-28 01:54:32,176 [inflora.py] => [InfLoRA] Layer 9: 318/768 type remove
2026-07-28 01:54:32,176 [inflora.py] => [InfLoRA] Layer 10: 348/768 type retain
2026-07-28 01:54:32,176 [inflora.py] => [InfLoRA] Layer 11: 367/768 type remove
2026-07-28 01:54:32,176 [inflora.py] => [InfLoRA] Layer 12: 380/768 type retain
2026-07-28 01:56:00,867 [inflora.py] => [InfLoRA] DualGPM threshold: 0.9750
2026-07-28 01:56:02,067 [inflora.py] => [InfLoRA] Layer 1: 37/768 type remove
2026-07-28 01:56:02,067 [inflora.py] => [InfLoRA] Layer 2: 21/768 type remove
2026-07-28 01:56:02,067 [inflora.py] => [InfLoRA] Layer 3: 59/768 type remove
2026-07-28 01:56:02,067 [inflora.py] => [InfLoRA] Layer 4: 70/768 type remove
2026-07-28 01:56:02,067 [inflora.py] => [InfLoRA] Layer 5: 117/768 type remove
2026-07-28 01:56:02,067 [inflora.py] => [InfLoRA] Layer 6: 142/768 type remove
2026-07-28 01:56:02,067 [inflora.py] => [InfLoRA] Layer 7: 163/768 type remove
2026-07-28 01:56:02,067 [inflora.py] => [InfLoRA] Layer 8: 206/768 type remove
2026-07-28 01:56:02,067 [inflora.py] => [InfLoRA] Layer 9: 319/768 type remove
2026-07-28 01:56:02,067 [inflora.py] => [InfLoRA] Layer 10: 345/768 type retain
2026-07-28 01:56:02,067 [inflora.py] => [InfLoRA] Layer 11: 370/768 type remove
2026-07-28 01:56:02,067 [inflora.py] => [InfLoRA] Layer 12: 378/768 type retain
2026-07-28 01:56:22,377 [bounded_memory_mixin.py] => [bounded_mem eval] volume 0.70 | cycle 84 | classes_seen 710 | CIL top1 47.19 | top5 76.73 | (nearest latent task ~70) | param_hash 406cca412d1afb48 | per-task [39.7, 53.03, 51.0, 42.0, 51.76, 60.8, 64.62, 46.23, 51.0, 55.33, 41.71, 60.8, 40.61, 27.18, 51.26, 54.0, 59.3, 38.38, 42.21, 42.86, 55.0, 45.73, 52.28, 43.15, 32.83, 64.47, 46.19, 52.79, 62.31, 60.5, 28.06, 36.04, 44.5, 50.75, 51.0, 53.54, 36.5, 53.77, 54.27, 47.0, 56.06, 35.68, 59.5, 47.72, 35.68, 41.21, 61.11, 41.0, 44.44, 39.09, 38.69, 50.5, 31.66, 28.64, 32.49, 40.21, 19.9, 49.24, 47.0, 61.42, 57.29, 52.79, 53.81, 50.0, 55.28, 56.78, 41.62, 53.03, 49.25, 57.87, 16.16]
2026-07-28 01:57:48,739 [inflora.py] => [InfLoRA] DualGPM threshold: 0.9750
2026-07-28 01:57:49,944 [inflora.py] => [InfLoRA] Layer 1: 37/768 type remove
2026-07-28 01:57:49,945 [inflora.py] => [InfLoRA] Layer 2: 21/768 type remove
2026-07-28 01:57:49,945 [inflora.py] => [InfLoRA] Layer 3: 59/768 type remove
2026-07-28 01:57:49,945 [inflora.py] => [InfLoRA] Layer 4: 70/768 type remove
2026-07-28 01:57:49,945 [inflora.py] => [InfLoRA] Layer 5: 117/768 type remove
2026-07-28 01:57:49,945 [inflora.py] => [InfLoRA] Layer 6: 142/768 type remove
2026-07-28 01:57:49,945 [inflora.py] => [InfLoRA] Layer 7: 163/768 type remove
2026-07-28 01:57:49,945 [inflora.py] => [InfLoRA] Layer 8: 206/768 type remove
2026-07-28 01:57:49,945 [inflora.py] => [InfLoRA] Layer 9: 320/768 type remove
2026-07-28 01:57:49,945 [inflora.py] => [InfLoRA] Layer 10: 344/768 type retain
2026-07-28 01:57:49,945 [inflora.py] => [InfLoRA] Layer 11: 373/768 type remove
2026-07-28 01:57:49,945 [inflora.py] => [InfLoRA] Layer 12: 377/768 type retain
2026-07-28 01:59:16,246 [inflora.py] => [InfLoRA] DualGPM threshold: 0.9750
2026-07-28 01:59:17,585 [inflora.py] => [InfLoRA] Layer 1: 37/768 type remove
2026-07-28 01:59:17,585 [inflora.py] => [InfLoRA] Layer 2: 21/768 type remove
2026-07-28 01:59:17,585 [inflora.py] => [InfLoRA] Layer 3: 59/768 type remove
2026-07-28 01:59:17,585 [inflora.py] => [InfLoRA] Layer 4: 70/768 type remove
2026-07-28 01:59:17,585 [inflora.py] => [InfLoRA] Layer 5: 117/768 type remove
2026-07-28 01:59:17,585 [inflora.py] => [InfLoRA] Layer 6: 143/768 type remove
2026-07-28 01:59:17,585 [inflora.py] => [InfLoRA] Layer 7: 164/768 type remove
2026-07-28 01:59:17,585 [inflora.py] => [InfLoRA] Layer 8: 207/768 type remove
2026-07-28 01:59:17,585 [inflora.py] => [InfLoRA] Layer 9: 321/768 type remove
2026-07-28 01:59:17,585 [inflora.py] => [InfLoRA] Layer 10: 343/768 type retain
2026-07-28 01:59:17,585 [inflora.py] => [InfLoRA] Layer 11: 374/768 type remove
2026-07-28 01:59:17,585 [inflora.py] => [InfLoRA] Layer 12: 375/768 type retain
2026-07-28 02:00:44,524 [inflora.py] => [InfLoRA] DualGPM threshold: 0.9750
2026-07-28 02:00:45,899 [inflora.py] => [InfLoRA] Layer 1: 37/768 type remove
2026-07-28 02:00:45,899 [inflora.py] => [InfLoRA] Layer 2: 21/768 type remove
2026-07-28 02:00:45,899 [inflora.py] => [InfLoRA] Layer 3: 59/768 type remove
2026-07-28 02:00:45,899 [inflora.py] => [InfLoRA] Layer 4: 70/768 type remove
2026-07-28 02:00:45,899 [inflora.py] => [InfLoRA] Layer 5: 118/768 type remove
2026-07-28 02:00:45,899 [inflora.py] => [InfLoRA] Layer 6: 144/768 type remove
2026-07-28 02:00:45,899 [inflora.py] => [InfLoRA] Layer 7: 165/768 type remove
2026-07-28 02:00:45,899 [inflora.py] => [InfLoRA] Layer 8: 209/768 type remove
2026-07-28 02:00:45,899 [inflora.py] => [InfLoRA] Layer 9: 322/768 type remove
2026-07-28 02:00:45,899 [inflora.py] => [InfLoRA] Layer 10: 343/768 type retain
2026-07-28 02:00:45,899 [inflora.py] => [InfLoRA] Layer 11: 374/768 type remove
2026-07-28 02:00:45,899 [inflora.py] => [InfLoRA] Layer 12: 375/768 type retain
2026-07-28 02:02:13,954 [inflora.py] => [InfLoRA] DualGPM threshold: 0.9750
2026-07-28 02:02:15,321 [inflora.py] => [InfLoRA] Layer 1: 37/768 type remove
2026-07-28 02:02:15,321 [inflora.py] => [InfLoRA] Layer 2: 21/768 type remove
2026-07-28 02:02:15,321 [inflora.py] => [InfLoRA] Layer 3: 60/768 type remove
2026-07-28 02:02:15,321 [inflora.py] => [InfLoRA] Layer 4: 71/768 type remove
2026-07-28 02:02:15,321 [inflora.py] => [InfLoRA] Layer 5: 119/768 type remove
2026-07-28 02:02:15,321 [inflora.py] => [InfLoRA] Layer 6: 145/768 type remove
2026-07-28 02:02:15,321 [inflora.py] => [InfLoRA] Layer 7: 166/768 type remove
2026-07-28 02:02:15,321 [inflora.py] => [InfLoRA] Layer 8: 210/768 type remove
2026-07-28 02:02:15,321 [inflora.py] => [InfLoRA] Layer 9: 323/768 type remove
2026-07-28 02:02:15,321 [inflora.py] => [InfLoRA] Layer 10: 342/768 type retain
2026-07-28 02:02:15,321 [inflora.py] => [InfLoRA] Layer 11: 375/768 type remove
2026-07-28 02:02:15,321 [inflora.py] => [InfLoRA] Layer 12: 373/768 type retain
2026-07-28 02:03:42,830 [inflora.py] => [InfLoRA] DualGPM threshold: 0.9750
2026-07-28 02:03:44,097 [inflora.py] => [InfLoRA] Layer 1: 37/768 type remove
2026-07-28 02:03:44,097 [inflora.py] => [InfLoRA] Layer 2: 21/768 type remove
2026-07-28 02:03:44,097 [inflora.py] => [InfLoRA] Layer 3: 60/768 type remove
2026-07-28 02:03:44,097 [inflora.py] => [InfLoRA] Layer 4: 71/768 type remove
2026-07-28 02:03:44,097 [inflora.py] => [InfLoRA] Layer 5: 119/768 type remove
2026-07-28 02:03:44,097 [inflora.py] => [InfLoRA] Layer 6: 145/768 type remove
2026-07-28 02:03:44,097 [inflora.py] => [InfLoRA] Layer 7: 166/768 type remove
2026-07-28 02:03:44,097 [inflora.py] => [InfLoRA] Layer 8: 210/768 type remove
2026-07-28 02:03:44,097 [inflora.py] => [InfLoRA] Layer 9: 323/768 type remove
2026-07-28 02:03:44,097 [inflora.py] => [InfLoRA] Layer 10: 341/768 type retain
2026-07-28 02:03:44,097 [inflora.py] => [InfLoRA] Layer 11: 376/768 type remove
2026-07-28 02:03:44,097 [inflora.py] => [InfLoRA] Layer 12: 370/768 type retain
2026-07-28 02:05:11,071 [inflora.py] => [InfLoRA] DualGPM threshold: 0.9750
2026-07-28 02:05:12,242 [inflora.py] => [InfLoRA] Layer 1: 37/768 type remove
2026-07-28 02:05:12,242 [inflora.py] => [InfLoRA] Layer 2: 21/768 type remove
2026-07-28 02:05:12,242 [inflora.py] => [InfLoRA] Layer 3: 60/768 type remove
2026-07-28 02:05:12,242 [inflora.py] => [InfLoRA] Layer 4: 72/768 type remove
2026-07-28 02:05:12,242 [inflora.py] => [InfLoRA] Layer 5: 120/768 type remove
2026-07-28 02:05:12,242 [inflora.py] => [InfLoRA] Layer 6: 146/768 type remove
2026-07-28 02:05:12,242 [inflora.py] => [InfLoRA] Layer 7: 167/768 type remove
2026-07-28 02:05:12,242 [inflora.py] => [InfLoRA] Layer 8: 211/768 type remove
2026-07-28 02:05:12,242 [inflora.py] => [InfLoRA] Layer 9: 324/768 type remove
2026-07-28 02:05:12,242 [inflora.py] => [InfLoRA] Layer 10: 340/768 type retain
2026-07-28 02:05:12,242 [inflora.py] => [InfLoRA] Layer 11: 378/768 type remove
2026-07-28 02:05:12,242 [inflora.py] => [InfLoRA] Layer 12: 367/768 type retain
2026-07-28 02:06:40,749 [inflora.py] => [InfLoRA] DualGPM threshold: 0.9750
2026-07-28 02:06:41,923 [inflora.py] => [InfLoRA] Layer 1: 37/768 type remove
2026-07-28 02:06:41,923 [inflora.py] => [InfLoRA] Layer 2: 21/768 type remove
2026-07-28 02:06:41,923 [inflora.py] => [InfLoRA] Layer 3: 60/768 type remove
2026-07-28 02:06:41,923 [inflora.py] => [InfLoRA] Layer 4: 72/768 type remove
2026-07-28 02:06:41,923 [inflora.py] => [InfLoRA] Layer 5: 120/768 type remove
2026-07-28 02:06:41,923 [inflora.py] => [InfLoRA] Layer 6: 146/768 type remove
2026-07-28 02:06:41,923 [inflora.py] => [InfLoRA] Layer 7: 167/768 type remove
2026-07-28 02:06:41,923 [inflora.py] => [InfLoRA] Layer 8: 212/768 type remove
2026-07-28 02:06:41,923 [inflora.py] => [InfLoRA] Layer 9: 326/768 type remove
2026-07-28 02:06:41,923 [inflora.py] => [InfLoRA] Layer 10: 339/768 type retain
2026-07-28 02:06:41,923 [inflora.py] => [InfLoRA] Layer 11: 380/768 type remove
2026-07-28 02:06:41,923 [inflora.py] => [InfLoRA] Layer 12: 364/768 type retain
2026-07-28 02:08:08,039 [inflora.py] => [InfLoRA] DualGPM threshold: 0.9750
2026-07-28 02:08:09,476 [inflora.py] => [InfLoRA] Layer 1: 37/768 type remove
2026-07-28 02:08:09,476 [inflora.py] => [InfLoRA] Layer 2: 21/768 type remove
2026-07-28 02:08:09,476 [inflora.py] => [InfLoRA] Layer 3: 60/768 type remove
2026-07-28 02:08:09,477 [inflora.py] => [InfLoRA] Layer 4: 72/768 type remove
2026-07-28 02:08:09,477 [inflora.py] => [InfLoRA] Layer 5: 120/768 type remove
2026-07-28 02:08:09,477 [inflora.py] => [InfLoRA] Layer 6: 147/768 type remove
2026-07-28 02:08:09,477 [inflora.py] => [InfLoRA] Layer 7: 168/768 type remove
2026-07-28 02:08:09,477 [inflora.py] => [InfLoRA] Layer 8: 213/768 type remove
2026-07-28 02:08:09,477 [inflora.py] => [InfLoRA] Layer 9: 328/768 type remove
2026-07-28 02:08:09,477 [inflora.py] => [InfLoRA] Layer 10: 337/768 type retain
2026-07-28 02:08:09,477 [inflora.py] => [InfLoRA] Layer 11: 382/768 type remove
2026-07-28 02:08:09,477 [inflora.py] => [InfLoRA] Layer 12: 361/768 type retain
2026-07-28 02:09:39,548 [inflora.py] => [InfLoRA] DualGPM threshold: 0.9750
2026-07-28 02:09:40,913 [inflora.py] => [InfLoRA] Layer 1: 37/768 type remove
2026-07-28 02:09:40,914 [inflora.py] => [InfLoRA] Layer 2: 21/768 type remove
2026-07-28 02:09:40,914 [inflora.py] => [InfLoRA] Layer 3: 60/768 type remove
2026-07-28 02:09:40,914 [inflora.py] => [InfLoRA] Layer 4: 72/768 type remove
2026-07-28 02:09:40,914 [inflora.py] => [InfLoRA] Layer 5: 121/768 type remove
2026-07-28 02:09:40,914 [inflora.py] => [InfLoRA] Layer 6: 148/768 type remove
2026-07-28 02:09:40,914 [inflora.py] => [InfLoRA] Layer 7: 169/768 type remove
2026-07-28 02:09:40,914 [inflora.py] => [InfLoRA] Layer 8: 215/768 type remove
2026-07-28 02:09:40,914 [inflora.py] => [InfLoRA] Layer 9: 330/768 type remove
2026-07-28 02:09:40,914 [inflora.py] => [InfLoRA] Layer 10: 335/768 type retain
2026-07-28 02:09:40,930 [inflora.py] => [InfLoRA] Layer 11: 383/768 type retain
2026-07-28 02:09:40,930 [inflora.py] => [InfLoRA] Layer 12: 358/768 type retain
2026-07-28 02:11:08,968 [inflora.py] => [InfLoRA] DualGPM threshold: 0.9750
2026-07-28 02:11:10,409 [inflora.py] => [InfLoRA] Layer 1: 37/768 type remove
2026-07-28 02:11:10,409 [inflora.py] => [InfLoRA] Layer 2: 21/768 type remove
2026-07-28 02:11:10,409 [inflora.py] => [InfLoRA] Layer 3: 61/768 type remove
2026-07-28 02:11:10,409 [inflora.py] => [InfLoRA] Layer 4: 73/768 type remove
2026-07-28 02:11:10,410 [inflora.py] => [InfLoRA] Layer 5: 122/768 type remove
2026-07-28 02:11:10,410 [inflora.py] => [InfLoRA] Layer 6: 149/768 type remove
2026-07-28 02:11:10,410 [inflora.py] => [InfLoRA] Layer 7: 169/768 type remove
2026-07-28 02:11:10,410 [inflora.py] => [InfLoRA] Layer 8: 215/768 type remove
2026-07-28 02:11:10,410 [inflora.py] => [InfLoRA] Layer 9: 330/768 type remove
2026-07-28 02:11:10,410 [inflora.py] => [InfLoRA] Layer 10: 335/768 type retain
2026-07-28 02:11:10,410 [inflora.py] => [InfLoRA] Layer 11: 383/768 type retain
2026-07-28 02:11:10,410 [inflora.py] => [InfLoRA] Layer 12: 357/768 type retain
2026-07-28 02:12:38,238 [inflora.py] => [InfLoRA] DualGPM threshold: 0.9750
2026-07-28 02:12:39,592 [inflora.py] => [InfLoRA] Layer 1: 37/768 type remove
2026-07-28 02:12:39,592 [inflora.py] => [InfLoRA] Layer 2: 21/768 type remove
2026-07-28 02:12:39,592 [inflora.py] => [InfLoRA] Layer 3: 61/768 type remove
2026-07-28 02:12:39,592 [inflora.py] => [InfLoRA] Layer 4: 73/768 type remove
2026-07-28 02:12:39,592 [inflora.py] => [InfLoRA] Layer 5: 123/768 type remove
2026-07-28 02:12:39,592 [inflora.py] => [InfLoRA] Layer 6: 149/768 type remove
2026-07-28 02:12:39,592 [inflora.py] => [InfLoRA] Layer 7: 170/768 type remove
2026-07-28 02:12:39,592 [inflora.py] => [InfLoRA] Layer 8: 215/768 type remove
2026-07-28 02:12:39,592 [inflora.py] => [InfLoRA] Layer 9: 330/768 type remove
2026-07-28 02:12:39,592 [inflora.py] => [InfLoRA] Layer 10: 335/768 type retain
2026-07-28 02:12:39,592 [inflora.py] => [InfLoRA] Layer 11: 383/768 type retain
2026-07-28 02:12:39,592 [inflora.py] => [InfLoRA] Layer 12: 357/768 type retain
2026-07-28 02:14:06,233 [inflora.py] => [InfLoRA] DualGPM threshold: 0.9750
2026-07-28 02:14:07,434 [inflora.py] => [InfLoRA] Layer 1: 37/768 type remove
2026-07-28 02:14:07,434 [inflora.py] => [InfLoRA] Layer 2: 21/768 type remove
2026-07-28 02:14:07,434 [inflora.py] => [InfLoRA] Layer 3: 61/768 type remove
2026-07-28 02:14:07,434 [inflora.py] => [InfLoRA] Layer 4: 74/768 type remove
2026-07-28 02:14:07,434 [inflora.py] => [InfLoRA] Layer 5: 123/768 type remove
2026-07-28 02:14:07,434 [inflora.py] => [InfLoRA] Layer 6: 150/768 type remove
2026-07-28 02:14:07,434 [inflora.py] => [InfLoRA] Layer 7: 170/768 type remove
2026-07-28 02:14:07,434 [inflora.py] => [InfLoRA] Layer 8: 216/768 type remove
2026-07-28 02:14:07,434 [inflora.py] => [InfLoRA] Layer 9: 331/768 type remove
2026-07-28 02:14:07,434 [inflora.py] => [InfLoRA] Layer 10: 334/768 type retain
2026-07-28 02:14:07,434 [inflora.py] => [InfLoRA] Layer 11: 382/768 type retain
2026-07-28 02:14:07,434 [inflora.py] => [InfLoRA] Layer 12: 356/768 type retain
2026-07-28 02:14:30,291 [bounded_memory_mixin.py] => [bounded_mem eval] volume 0.80 | cycle 96 | classes_seen 810 | CIL top1 45.82 | top5 75.75 | (nearest latent task ~80) | param_hash 363de53d7d8ead7e | per-task [37.19, 52.02, 54.5, 42.5, 48.74, 57.79, 61.03, 42.21, 54.5, 55.33, 38.19, 57.79, 41.12, 25.13, 48.24, 49.5, 56.28, 35.35, 40.7, 43.88, 51.0, 43.22, 49.75, 41.62, 29.8, 55.84, 45.69, 49.75, 53.77, 54.5, 29.08, 33.5, 41.0, 46.23, 47.5, 47.98, 35.0, 41.71, 55.28, 47.0, 54.55, 34.67, 60.0, 46.19, 31.16, 35.68, 58.59, 44.0, 39.9, 37.06, 37.69, 50.0, 29.65, 25.13, 34.52, 42.27, 20.41, 42.64, 46.5, 58.88, 54.27, 46.7, 47.21, 49.49, 55.28, 59.8, 38.58, 52.02, 46.73, 52.79, 29.29, 66.0, 46.5, 64.65, 57.0, 52.0, 33.17, 52.5, 50.51, 55.78, 29.5]
2026-07-28 02:15:58,259 [inflora.py] => [InfLoRA] DualGPM threshold: 0.9750
2026-07-28 02:15:59,631 [inflora.py] => [InfLoRA] Layer 1: 37/768 type remove
2026-07-28 02:15:59,631 [inflora.py] => [InfLoRA] Layer 2: 21/768 type remove
2026-07-28 02:15:59,631 [inflora.py] => [InfLoRA] Layer 3: 61/768 type remove
2026-07-28 02:15:59,631 [inflora.py] => [InfLoRA] Layer 4: 74/768 type remove
2026-07-28 02:15:59,631 [inflora.py] => [InfLoRA] Layer 5: 124/768 type remove
2026-07-28 02:15:59,631 [inflora.py] => [InfLoRA] Layer 6: 151/768 type remove
2026-07-28 02:15:59,631 [inflora.py] => [InfLoRA] Layer 7: 172/768 type remove
2026-07-28 02:15:59,631 [inflora.py] => [InfLoRA] Layer 8: 218/768 type remove
2026-07-28 02:15:59,632 [inflora.py] => [InfLoRA] Layer 9: 333/768 type remove
2026-07-28 02:15:59,632 [inflora.py] => [InfLoRA] Layer 10: 332/768 type retain
2026-07-28 02:15:59,632 [inflora.py] => [InfLoRA] Layer 11: 379/768 type retain
2026-07-28 02:15:59,632 [inflora.py] => [InfLoRA] Layer 12: 353/768 type retain
2026-07-28 02:17:25,908 [inflora.py] => [InfLoRA] DualGPM threshold: 0.9750
2026-07-28 02:17:27,319 [inflora.py] => [InfLoRA] Layer 1: 37/768 type remove
2026-07-28 02:17:27,320 [inflora.py] => [InfLoRA] Layer 2: 21/768 type remove
2026-07-28 02:17:27,320 [inflora.py] => [InfLoRA] Layer 3: 62/768 type remove
2026-07-28 02:17:27,320 [inflora.py] => [InfLoRA] Layer 4: 75/768 type remove
2026-07-28 02:17:27,320 [inflora.py] => [InfLoRA] Layer 5: 125/768 type remove
2026-07-28 02:17:27,320 [inflora.py] => [InfLoRA] Layer 6: 153/768 type remove
2026-07-28 02:17:27,320 [inflora.py] => [InfLoRA] Layer 7: 174/768 type remove
2026-07-28 02:17:27,320 [inflora.py] => [InfLoRA] Layer 8: 222/768 type remove
2026-07-28 02:17:27,320 [inflora.py] => [InfLoRA] Layer 9: 335/768 type remove
2026-07-28 02:17:27,320 [inflora.py] => [InfLoRA] Layer 10: 331/768 type retain
2026-07-28 02:17:27,320 [inflora.py] => [InfLoRA] Layer 11: 376/768 type retain
2026-07-28 02:17:27,320 [inflora.py] => [InfLoRA] Layer 12: 351/768 type retain
2026-07-28 02:18:55,141 [inflora.py] => [InfLoRA] DualGPM threshold: 0.9750
2026-07-28 02:18:56,373 [inflora.py] => [InfLoRA] Layer 1: 37/768 type remove
2026-07-28 02:18:56,374 [inflora.py] => [InfLoRA] Layer 2: 21/768 type remove
2026-07-28 02:18:56,374 [inflora.py] => [InfLoRA] Layer 3: 62/768 type remove
2026-07-28 02:18:56,374 [inflora.py] => [InfLoRA] Layer 4: 75/768 type remove
2026-07-28 02:18:56,374 [inflora.py] => [InfLoRA] Layer 5: 125/768 type remove
2026-07-28 02:18:56,374 [inflora.py] => [InfLoRA] Layer 6: 153/768 type remove
2026-07-28 02:18:56,374 [inflora.py] => [InfLoRA] Layer 7: 174/768 type remove
2026-07-28 02:18:56,374 [inflora.py] => [InfLoRA] Layer 8: 222/768 type remove
2026-07-28 02:18:56,374 [inflora.py] => [InfLoRA] Layer 9: 336/768 type remove
2026-07-28 02:18:56,374 [inflora.py] => [InfLoRA] Layer 10: 329/768 type retain
2026-07-28 02:18:56,374 [inflora.py] => [InfLoRA] Layer 11: 374/768 type retain
2026-07-28 02:18:56,374 [inflora.py] => [InfLoRA] Layer 12: 350/768 type retain
2026-07-28 02:20:23,422 [inflora.py] => [InfLoRA] DualGPM threshold: 0.9750
2026-07-28 02:20:24,768 [inflora.py] => [InfLoRA] Layer 1: 37/768 type remove
2026-07-28 02:20:24,768 [inflora.py] => [InfLoRA] Layer 2: 21/768 type remove
2026-07-28 02:20:24,768 [inflora.py] => [InfLoRA] Layer 3: 62/768 type remove
2026-07-28 02:20:24,768 [inflora.py] => [InfLoRA] Layer 4: 75/768 type remove
2026-07-28 02:20:24,768 [inflora.py] => [InfLoRA] Layer 5: 125/768 type remove
2026-07-28 02:20:24,768 [inflora.py] => [InfLoRA] Layer 6: 154/768 type remove
2026-07-28 02:20:24,768 [inflora.py] => [InfLoRA] Layer 7: 174/768 type remove
2026-07-28 02:20:24,768 [inflora.py] => [InfLoRA] Layer 8: 222/768 type remove
2026-07-28 02:20:24,768 [inflora.py] => [InfLoRA] Layer 9: 337/768 type remove
2026-07-28 02:20:24,768 [inflora.py] => [InfLoRA] Layer 10: 328/768 type retain
2026-07-28 02:20:24,768 [inflora.py] => [InfLoRA] Layer 11: 374/768 type retain
2026-07-28 02:20:24,768 [inflora.py] => [InfLoRA] Layer 12: 349/768 type retain
2026-07-28 02:21:53,427 [inflora.py] => [InfLoRA] DualGPM threshold: 0.9750
2026-07-28 02:21:54,711 [inflora.py] => [InfLoRA] Layer 1: 37/768 type remove
2026-07-28 02:21:54,711 [inflora.py] => [InfLoRA] Layer 2: 21/768 type remove
2026-07-28 02:21:54,711 [inflora.py] => [InfLoRA] Layer 3: 62/768 type remove
2026-07-28 02:21:54,711 [inflora.py] => [InfLoRA] Layer 4: 75/768 type remove
2026-07-28 02:21:54,711 [inflora.py] => [InfLoRA] Layer 5: 126/768 type remove
2026-07-28 02:21:54,711 [inflora.py] => [InfLoRA] Layer 6: 154/768 type remove
2026-07-28 02:21:54,711 [inflora.py] => [InfLoRA] Layer 7: 175/768 type remove
2026-07-28 02:21:54,711 [inflora.py] => [InfLoRA] Layer 8: 223/768 type remove
2026-07-28 02:21:54,711 [inflora.py] => [InfLoRA] Layer 9: 339/768 type remove
2026-07-28 02:21:54,711 [inflora.py] => [InfLoRA] Layer 10: 326/768 type retain
2026-07-28 02:21:54,711 [inflora.py] => [InfLoRA] Layer 11: 372/768 type retain
2026-07-28 02:21:54,711 [inflora.py] => [InfLoRA] Layer 12: 347/768 type retain
2026-07-28 02:23:22,205 [inflora.py] => [InfLoRA] DualGPM threshold: 0.9750
2026-07-28 02:23:23,568 [inflora.py] => [InfLoRA] Layer 1: 37/768 type remove
2026-07-28 02:23:23,568 [inflora.py] => [InfLoRA] Layer 2: 21/768 type remove
2026-07-28 02:23:23,568 [inflora.py] => [InfLoRA] Layer 3: 62/768 type remove
2026-07-28 02:23:23,568 [inflora.py] => [InfLoRA] Layer 4: 75/768 type remove
2026-07-28 02:23:23,568 [inflora.py] => [InfLoRA] Layer 5: 126/768 type remove
2026-07-28 02:23:23,568 [inflora.py] => [InfLoRA] Layer 6: 154/768 type remove
2026-07-28 02:23:23,568 [inflora.py] => [InfLoRA] Layer 7: 175/768 type remove
2026-07-28 02:23:23,568 [inflora.py] => [InfLoRA] Layer 8: 223/768 type remove
2026-07-28 02:23:23,568 [inflora.py] => [InfLoRA] Layer 9: 340/768 type remove
2026-07-28 02:23:23,568 [inflora.py] => [InfLoRA] Layer 10: 326/768 type retain
2026-07-28 02:23:23,568 [inflora.py] => [InfLoRA] Layer 11: 371/768 type retain
2026-07-28 02:23:23,568 [inflora.py] => [InfLoRA] Layer 12: 346/768 type retain
2026-07-28 02:24:50,330 [inflora.py] => [InfLoRA] DualGPM threshold: 0.9750
2026-07-28 02:24:51,530 [inflora.py] => [InfLoRA] Layer 1: 37/768 type remove
2026-07-28 02:24:51,530 [inflora.py] => [InfLoRA] Layer 2: 21/768 type remove
2026-07-28 02:24:51,530 [inflora.py] => [InfLoRA] Layer 3: 62/768 type remove
2026-07-28 02:24:51,530 [inflora.py] => [InfLoRA] Layer 4: 76/768 type remove
2026-07-28 02:24:51,530 [inflora.py] => [InfLoRA] Layer 5: 127/768 type remove
2026-07-28 02:24:51,530 [inflora.py] => [InfLoRA] Layer 6: 155/768 type remove
2026-07-28 02:24:51,530 [inflora.py] => [InfLoRA] Layer 7: 176/768 type remove
2026-07-28 02:24:51,530 [inflora.py] => [InfLoRA] Layer 8: 223/768 type remove
2026-07-28 02:24:51,530 [inflora.py] => [InfLoRA] Layer 9: 340/768 type remove
2026-07-28 02:24:51,530 [inflora.py] => [InfLoRA] Layer 10: 325/768 type retain
2026-07-28 02:24:51,530 [inflora.py] => [InfLoRA] Layer 11: 370/768 type retain
2026-07-28 02:24:51,530 [inflora.py] => [InfLoRA] Layer 12: 344/768 type retain
2026-07-28 02:26:19,251 [inflora.py] => [InfLoRA] DualGPM threshold: 0.9750
2026-07-28 02:26:20,700 [inflora.py] => [InfLoRA] Layer 1: 37/768 type remove
2026-07-28 02:26:20,700 [inflora.py] => [InfLoRA] Layer 2: 21/768 type remove
2026-07-28 02:26:20,700 [inflora.py] => [InfLoRA] Layer 3: 62/768 type remove
2026-07-28 02:26:20,700 [inflora.py] => [InfLoRA] Layer 4: 76/768 type remove
2026-07-28 02:26:20,700 [inflora.py] => [InfLoRA] Layer 5: 127/768 type remove
2026-07-28 02:26:20,700 [inflora.py] => [InfLoRA] Layer 6: 156/768 type remove
2026-07-28 02:26:20,701 [inflora.py] => [InfLoRA] Layer 7: 177/768 type remove
2026-07-28 02:26:20,701 [inflora.py] => [InfLoRA] Layer 8: 226/768 type remove
2026-07-28 02:26:20,701 [inflora.py] => [InfLoRA] Layer 9: 344/768 type remove
2026-07-28 02:26:20,701 [inflora.py] => [InfLoRA] Layer 10: 323/768 type retain
2026-07-28 02:26:20,701 [inflora.py] => [InfLoRA] Layer 11: 367/768 type retain
2026-07-28 02:26:20,701 [inflora.py] => [InfLoRA] Layer 12: 343/768 type retain
2026-07-28 02:27:47,718 [inflora.py] => [InfLoRA] DualGPM threshold: 0.9750
2026-07-28 02:27:48,965 [inflora.py] => [InfLoRA] Layer 1: 37/768 type remove
2026-07-28 02:27:48,965 [inflora.py] => [InfLoRA] Layer 2: 21/768 type remove
2026-07-28 02:27:48,966 [inflora.py] => [InfLoRA] Layer 3: 63/768 type remove
2026-07-28 02:27:48,966 [inflora.py] => [InfLoRA] Layer 4: 76/768 type remove
2026-07-28 02:27:48,966 [inflora.py] => [InfLoRA] Layer 5: 128/768 type remove
2026-07-28 02:27:48,966 [inflora.py] => [InfLoRA] Layer 6: 157/768 type remove
2026-07-28 02:27:48,966 [inflora.py] => [InfLoRA] Layer 7: 178/768 type remove
2026-07-28 02:27:48,966 [inflora.py] => [InfLoRA] Layer 8: 226/768 type remove
2026-07-28 02:27:48,966 [inflora.py] => [InfLoRA] Layer 9: 345/768 type remove
2026-07-28 02:27:48,966 [inflora.py] => [InfLoRA] Layer 10: 323/768 type retain
2026-07-28 02:27:48,966 [inflora.py] => [InfLoRA] Layer 11: 367/768 type retain
2026-07-28 02:27:48,966 [inflora.py] => [InfLoRA] Layer 12: 343/768 type retain
2026-07-28 02:29:17,668 [inflora.py] => [InfLoRA] DualGPM threshold: 0.9750
2026-07-28 02:29:19,153 [inflora.py] => [InfLoRA] Layer 1: 37/768 type remove
2026-07-28 02:29:19,153 [inflora.py] => [InfLoRA] Layer 2: 21/768 type remove
2026-07-28 02:29:19,153 [inflora.py] => [InfLoRA] Layer 3: 63/768 type remove
2026-07-28 02:29:19,153 [inflora.py] => [InfLoRA] Layer 4: 76/768 type remove
2026-07-28 02:29:19,153 [inflora.py] => [InfLoRA] Layer 5: 128/768 type remove
2026-07-28 02:29:19,153 [inflora.py] => [InfLoRA] Layer 6: 157/768 type remove
2026-07-28 02:29:19,153 [inflora.py] => [InfLoRA] Layer 7: 178/768 type remove
2026-07-28 02:29:19,153 [inflora.py] => [InfLoRA] Layer 8: 226/768 type remove
2026-07-28 02:29:19,153 [inflora.py] => [InfLoRA] Layer 9: 345/768 type remove
2026-07-28 02:29:19,154 [inflora.py] => [InfLoRA] Layer 10: 322/768 type retain
2026-07-28 02:29:19,154 [inflora.py] => [InfLoRA] Layer 11: 366/768 type retain
2026-07-28 02:29:19,154 [inflora.py] => [InfLoRA] Layer 12: 342/768 type retain
2026-07-28 02:30:45,520 [inflora.py] => [InfLoRA] DualGPM threshold: 0.9750
2026-07-28 02:30:46,682 [inflora.py] => [InfLoRA] Layer 1: 37/768 type remove
2026-07-28 02:30:46,682 [inflora.py] => [InfLoRA] Layer 2: 21/768 type remove
2026-07-28 02:30:46,682 [inflora.py] => [InfLoRA] Layer 3: 63/768 type remove
2026-07-28 02:30:46,682 [inflora.py] => [InfLoRA] Layer 4: 76/768 type remove
2026-07-28 02:30:46,682 [inflora.py] => [InfLoRA] Layer 5: 128/768 type remove
2026-07-28 02:30:46,682 [inflora.py] => [InfLoRA] Layer 6: 158/768 type remove
2026-07-28 02:30:46,682 [inflora.py] => [InfLoRA] Layer 7: 178/768 type remove
2026-07-28 02:30:46,682 [inflora.py] => [InfLoRA] Layer 8: 226/768 type remove
2026-07-28 02:30:46,682 [inflora.py] => [InfLoRA] Layer 9: 345/768 type remove
2026-07-28 02:30:46,682 [inflora.py] => [InfLoRA] Layer 10: 322/768 type retain
2026-07-28 02:30:46,682 [inflora.py] => [InfLoRA] Layer 11: 366/768 type retain
2026-07-28 02:30:46,682 [inflora.py] => [InfLoRA] Layer 12: 342/768 type retain
2026-07-28 02:32:14,258 [inflora.py] => [InfLoRA] DualGPM threshold: 0.9750
2026-07-28 02:32:15,485 [inflora.py] => [InfLoRA] Layer 1: 37/768 type remove
2026-07-28 02:32:15,485 [inflora.py] => [InfLoRA] Layer 2: 21/768 type remove
2026-07-28 02:32:15,485 [inflora.py] => [InfLoRA] Layer 3: 63/768 type remove
2026-07-28 02:32:15,485 [inflora.py] => [InfLoRA] Layer 4: 76/768 type remove
2026-07-28 02:32:15,485 [inflora.py] => [InfLoRA] Layer 5: 129/768 type remove
2026-07-28 02:32:15,485 [inflora.py] => [InfLoRA] Layer 6: 158/768 type remove
2026-07-28 02:32:15,485 [inflora.py] => [InfLoRA] Layer 7: 178/768 type remove
2026-07-28 02:32:15,485 [inflora.py] => [InfLoRA] Layer 8: 226/768 type remove
2026-07-28 02:32:15,485 [inflora.py] => [InfLoRA] Layer 9: 345/768 type remove
2026-07-28 02:32:15,485 [inflora.py] => [InfLoRA] Layer 10: 322/768 type retain
2026-07-28 02:32:15,485 [inflora.py] => [InfLoRA] Layer 11: 366/768 type retain
2026-07-28 02:32:15,485 [inflora.py] => [InfLoRA] Layer 12: 341/768 type retain
2026-07-28 02:33:43,283 [inflora.py] => [InfLoRA] DualGPM threshold: 0.9750
2026-07-28 02:33:44,498 [inflora.py] => [InfLoRA] Layer 1: 37/768 type remove
2026-07-28 02:33:44,498 [inflora.py] => [InfLoRA] Layer 2: 21/768 type remove
2026-07-28 02:33:44,498 [inflora.py] => [InfLoRA] Layer 3: 63/768 type remove
2026-07-28 02:33:44,498 [inflora.py] => [InfLoRA] Layer 4: 76/768 type remove
2026-07-28 02:33:44,498 [inflora.py] => [InfLoRA] Layer 5: 129/768 type remove
2026-07-28 02:33:44,498 [inflora.py] => [InfLoRA] Layer 6: 159/768 type remove
2026-07-28 02:33:44,498 [inflora.py] => [InfLoRA] Layer 7: 179/768 type remove
2026-07-28 02:33:44,498 [inflora.py] => [InfLoRA] Layer 8: 227/768 type remove
2026-07-28 02:33:44,498 [inflora.py] => [InfLoRA] Layer 9: 346/768 type remove
2026-07-28 02:33:44,498 [inflora.py] => [InfLoRA] Layer 10: 322/768 type retain
2026-07-28 02:33:44,498 [inflora.py] => [InfLoRA] Layer 11: 366/768 type retain
2026-07-28 02:33:44,498 [inflora.py] => [InfLoRA] Layer 12: 341/768 type retain
2026-07-28 02:34:10,384 [bounded_memory_mixin.py] => [bounded_mem eval] volume 0.90 | cycle 109 | classes_seen 920 | CIL top1 43.48 | top5 73.05 | (nearest latent task ~91) | param_hash 2c426c6d6a60bfa0 | per-task [33.67, 50.51, 51.0, 37.5, 45.73, 56.28, 59.49, 43.72, 50.5, 50.76, 38.69, 56.78, 34.01, 24.1, 42.71, 50.0, 54.77, 37.37, 36.68, 44.39, 48.5, 41.71, 46.19, 47.21, 29.8, 59.9, 41.62, 47.21, 50.75, 51.0, 27.04, 30.46, 38.5, 47.24, 45.0, 47.98, 36.0, 37.19, 53.77, 40.5, 52.02, 33.67, 60.5, 46.19, 27.14, 35.18, 58.08, 43.0, 40.4, 35.03, 36.18, 48.0, 28.14, 18.09, 29.44, 41.24, 20.92, 39.59, 43.0, 57.87, 51.76, 43.65, 47.21, 43.94, 52.76, 61.81, 36.55, 51.01, 43.22, 53.3, 32.32, 66.5, 47.5, 59.09, 53.0, 50.0, 30.65, 50.5, 47.47, 55.28, 69.0, 44.22, 36.04, 47.47, 15.5, 22.61, 13.07, 41.21, 49.25, 48.24, 55.0, 20.5]
2026-07-28 02:35:39,069 [inflora.py] => [InfLoRA] DualGPM threshold: 0.9750
2026-07-28 02:35:40,459 [inflora.py] => [InfLoRA] Layer 1: 37/768 type remove
2026-07-28 02:35:40,459 [inflora.py] => [InfLoRA] Layer 2: 21/768 type remove
2026-07-28 02:35:40,459 [inflora.py] => [InfLoRA] Layer 3: 63/768 type remove
2026-07-28 02:35:40,459 [inflora.py] => [InfLoRA] Layer 4: 76/768 type remove
2026-07-28 02:35:40,459 [inflora.py] => [InfLoRA] Layer 5: 129/768 type remove
2026-07-28 02:35:40,459 [inflora.py] => [InfLoRA] Layer 6: 159/768 type remove
2026-07-28 02:35:40,459 [inflora.py] => [InfLoRA] Layer 7: 179/768 type remove
2026-07-28 02:35:40,460 [inflora.py] => [InfLoRA] Layer 8: 227/768 type remove
2026-07-28 02:35:40,460 [inflora.py] => [InfLoRA] Layer 9: 346/768 type remove
2026-07-28 02:35:40,460 [inflora.py] => [InfLoRA] Layer 10: 322/768 type retain
2026-07-28 02:35:40,460 [inflora.py] => [InfLoRA] Layer 11: 366/768 type retain
2026-07-28 02:35:40,460 [inflora.py] => [InfLoRA] Layer 12: 340/768 type retain
2026-07-28 02:37:08,431 [inflora.py] => [InfLoRA] DualGPM threshold: 0.9750
2026-07-28 02:37:09,613 [inflora.py] => [InfLoRA] Layer 1: 37/768 type remove
2026-07-28 02:37:09,613 [inflora.py] => [InfLoRA] Layer 2: 21/768 type remove
2026-07-28 02:37:09,613 [inflora.py] => [InfLoRA] Layer 3: 63/768 type remove
2026-07-28 02:37:09,613 [inflora.py] => [InfLoRA] Layer 4: 77/768 type remove
2026-07-28 02:37:09,613 [inflora.py] => [InfLoRA] Layer 5: 130/768 type remove
2026-07-28 02:37:09,613 [inflora.py] => [InfLoRA] Layer 6: 160/768 type remove
2026-07-28 02:37:09,613 [inflora.py] => [InfLoRA] Layer 7: 180/768 type remove
2026-07-28 02:37:09,613 [inflora.py] => [InfLoRA] Layer 8: 228/768 type remove
2026-07-28 02:37:09,613 [inflora.py] => [InfLoRA] Layer 9: 346/768 type remove
2026-07-28 02:37:09,613 [inflora.py] => [InfLoRA] Layer 10: 322/768 type retain
2026-07-28 02:37:09,613 [inflora.py] => [InfLoRA] Layer 11: 366/768 type retain
2026-07-28 02:37:09,613 [inflora.py] => [InfLoRA] Layer 12: 340/768 type retain
2026-07-28 02:38:37,330 [inflora.py] => [InfLoRA] DualGPM threshold: 0.9750
2026-07-28 02:38:38,531 [inflora.py] => [InfLoRA] Layer 1: 37/768 type remove
2026-07-28 02:38:38,531 [inflora.py] => [InfLoRA] Layer 2: 21/768 type remove
2026-07-28 02:38:38,531 [inflora.py] => [InfLoRA] Layer 3: 63/768 type remove
2026-07-28 02:38:38,531 [inflora.py] => [InfLoRA] Layer 4: 77/768 type remove
2026-07-28 02:38:38,531 [inflora.py] => [InfLoRA] Layer 5: 130/768 type remove
2026-07-28 02:38:38,531 [inflora.py] => [InfLoRA] Layer 6: 160/768 type remove
2026-07-28 02:38:38,531 [inflora.py] => [InfLoRA] Layer 7: 180/768 type remove
2026-07-28 02:38:38,531 [inflora.py] => [InfLoRA] Layer 8: 228/768 type remove
2026-07-28 02:38:38,531 [inflora.py] => [InfLoRA] Layer 9: 346/768 type remove
2026-07-28 02:38:38,531 [inflora.py] => [InfLoRA] Layer 10: 322/768 type retain
2026-07-28 02:38:38,531 [inflora.py] => [InfLoRA] Layer 11: 366/768 type retain
2026-07-28 02:38:38,532 [inflora.py] => [InfLoRA] Layer 12: 340/768 type retain
2026-07-28 02:40:07,357 [inflora.py] => [InfLoRA] DualGPM threshold: 0.9750
2026-07-28 02:40:08,535 [inflora.py] => [InfLoRA] Layer 1: 37/768 type remove
2026-07-28 02:40:08,535 [inflora.py] => [InfLoRA] Layer 2: 21/768 type remove
2026-07-28 02:40:08,535 [inflora.py] => [InfLoRA] Layer 3: 63/768 type remove
2026-07-28 02:40:08,536 [inflora.py] => [InfLoRA] Layer 4: 78/768 type remove
2026-07-28 02:40:08,536 [inflora.py] => [InfLoRA] Layer 5: 131/768 type remove
2026-07-28 02:40:08,536 [inflora.py] => [InfLoRA] Layer 6: 161/768 type remove
2026-07-28 02:40:08,536 [inflora.py] => [InfLoRA] Layer 7: 180/768 type remove
2026-07-28 02:40:08,536 [inflora.py] => [InfLoRA] Layer 8: 228/768 type remove
2026-07-28 02:40:08,536 [inflora.py] => [InfLoRA] Layer 9: 346/768 type remove
2026-07-28 02:40:08,536 [inflora.py] => [InfLoRA] Layer 10: 322/768 type retain
2026-07-28 02:40:08,536 [inflora.py] => [InfLoRA] Layer 11: 366/768 type retain
2026-07-28 02:40:08,536 [inflora.py] => [InfLoRA] Layer 12: 340/768 type retain
2026-07-28 02:41:36,864 [inflora.py] => [InfLoRA] DualGPM threshold: 0.9750
2026-07-28 02:41:38,258 [inflora.py] => [InfLoRA] Layer 1: 37/768 type remove
2026-07-28 02:41:38,259 [inflora.py] => [InfLoRA] Layer 2: 21/768 type remove
2026-07-28 02:41:38,259 [inflora.py] => [InfLoRA] Layer 3: 64/768 type remove
2026-07-28 02:41:38,259 [inflora.py] => [InfLoRA] Layer 4: 78/768 type remove
2026-07-28 02:41:38,259 [inflora.py] => [InfLoRA] Layer 5: 131/768 type remove
2026-07-28 02:41:38,259 [inflora.py] => [InfLoRA] Layer 6: 161/768 type remove
2026-07-28 02:41:38,259 [inflora.py] => [InfLoRA] Layer 7: 181/768 type remove
2026-07-28 02:41:38,259 [inflora.py] => [InfLoRA] Layer 8: 229/768 type remove
2026-07-28 02:41:38,259 [inflora.py] => [InfLoRA] Layer 9: 347/768 type remove
2026-07-28 02:41:38,259 [inflora.py] => [InfLoRA] Layer 10: 321/768 type retain
2026-07-28 02:41:38,259 [inflora.py] => [InfLoRA] Layer 11: 365/768 type retain
2026-07-28 02:41:38,259 [inflora.py] => [InfLoRA] Layer 12: 339/768 type retain
2026-07-28 02:43:06,555 [inflora.py] => [InfLoRA] DualGPM threshold: 0.9750
2026-07-28 02:43:07,740 [inflora.py] => [InfLoRA] Layer 1: 37/768 type remove
2026-07-28 02:43:07,740 [inflora.py] => [InfLoRA] Layer 2: 21/768 type remove
2026-07-28 02:43:07,740 [inflora.py] => [InfLoRA] Layer 3: 64/768 type remove
2026-07-28 02:43:07,740 [inflora.py] => [InfLoRA] Layer 4: 78/768 type remove
2026-07-28 02:43:07,740 [inflora.py] => [InfLoRA] Layer 5: 132/768 type remove
2026-07-28 02:43:07,740 [inflora.py] => [InfLoRA] Layer 6: 162/768 type remove
2026-07-28 02:43:07,740 [inflora.py] => [InfLoRA] Layer 7: 181/768 type remove
2026-07-28 02:43:07,740 [inflora.py] => [InfLoRA] Layer 8: 229/768 type remove
2026-07-28 02:43:07,740 [inflora.py] => [InfLoRA] Layer 9: 347/768 type remove
2026-07-28 02:43:07,740 [inflora.py] => [InfLoRA] Layer 10: 321/768 type retain
2026-07-28 02:43:07,740 [inflora.py] => [InfLoRA] Layer 11: 365/768 type retain
2026-07-28 02:43:07,740 [inflora.py] => [InfLoRA] Layer 12: 338/768 type retain
2026-07-28 02:44:36,369 [inflora.py] => [InfLoRA] DualGPM threshold: 0.9750
2026-07-28 02:44:37,735 [inflora.py] => [InfLoRA] Layer 1: 37/768 type remove
2026-07-28 02:44:37,735 [inflora.py] => [InfLoRA] Layer 2: 21/768 type remove
2026-07-28 02:44:37,735 [inflora.py] => [InfLoRA] Layer 3: 64/768 type remove
2026-07-28 02:44:37,735 [inflora.py] => [InfLoRA] Layer 4: 78/768 type remove
2026-07-28 02:44:37,735 [inflora.py] => [InfLoRA] Layer 5: 132/768 type remove
2026-07-28 02:44:37,735 [inflora.py] => [InfLoRA] Layer 6: 162/768 type remove
2026-07-28 02:44:37,735 [inflora.py] => [InfLoRA] Layer 7: 181/768 type remove
2026-07-28 02:44:37,735 [inflora.py] => [InfLoRA] Layer 8: 229/768 type remove
2026-07-28 02:44:37,735 [inflora.py] => [InfLoRA] Layer 9: 347/768 type remove
2026-07-28 02:44:37,735 [inflora.py] => [InfLoRA] Layer 10: 321/768 type retain
2026-07-28 02:44:37,735 [inflora.py] => [InfLoRA] Layer 11: 365/768 type retain
2026-07-28 02:44:37,735 [inflora.py] => [InfLoRA] Layer 12: 337/768 type retain
2026-07-28 02:46:05,032 [inflora.py] => [InfLoRA] DualGPM threshold: 0.9750
2026-07-28 02:46:06,232 [inflora.py] => [InfLoRA] Layer 1: 37/768 type remove
2026-07-28 02:46:06,232 [inflora.py] => [InfLoRA] Layer 2: 21/768 type remove
2026-07-28 02:46:06,232 [inflora.py] => [InfLoRA] Layer 3: 64/768 type remove
2026-07-28 02:46:06,232 [inflora.py] => [InfLoRA] Layer 4: 79/768 type remove
2026-07-28 02:46:06,232 [inflora.py] => [InfLoRA] Layer 5: 133/768 type remove
2026-07-28 02:46:06,232 [inflora.py] => [InfLoRA] Layer 6: 163/768 type remove
2026-07-28 02:46:06,232 [inflora.py] => [InfLoRA] Layer 7: 182/768 type remove
2026-07-28 02:46:06,232 [inflora.py] => [InfLoRA] Layer 8: 230/768 type remove
2026-07-28 02:46:06,232 [inflora.py] => [InfLoRA] Layer 9: 348/768 type remove
2026-07-28 02:46:06,232 [inflora.py] => [InfLoRA] Layer 10: 321/768 type retain
2026-07-28 02:46:06,232 [inflora.py] => [InfLoRA] Layer 11: 365/768 type retain
2026-07-28 02:46:06,232 [inflora.py] => [InfLoRA] Layer 12: 337/768 type retain
2026-07-28 02:47:34,327 [inflora.py] => [InfLoRA] DualGPM threshold: 0.9750
2026-07-28 02:47:35,530 [inflora.py] => [InfLoRA] Layer 1: 37/768 type remove
2026-07-28 02:47:35,530 [inflora.py] => [InfLoRA] Layer 2: 21/768 type remove
2026-07-28 02:47:35,530 [inflora.py] => [InfLoRA] Layer 3: 64/768 type remove
2026-07-28 02:47:35,530 [inflora.py] => [InfLoRA] Layer 4: 79/768 type remove
2026-07-28 02:47:35,530 [inflora.py] => [InfLoRA] Layer 5: 133/768 type remove
2026-07-28 02:47:35,530 [inflora.py] => [InfLoRA] Layer 6: 163/768 type remove
2026-07-28 02:47:35,530 [inflora.py] => [InfLoRA] Layer 7: 182/768 type remove
2026-07-28 02:47:35,530 [inflora.py] => [InfLoRA] Layer 8: 230/768 type remove
2026-07-28 02:47:35,530 [inflora.py] => [InfLoRA] Layer 9: 348/768 type remove
2026-07-28 02:47:35,530 [inflora.py] => [InfLoRA] Layer 10: 321/768 type retain
2026-07-28 02:47:35,530 [inflora.py] => [InfLoRA] Layer 11: 364/768 type retain
2026-07-28 02:47:35,530 [inflora.py] => [InfLoRA] Layer 12: 336/768 type retain
2026-07-28 02:49:03,701 [inflora.py] => [InfLoRA] DualGPM threshold: 0.9750
2026-07-28 02:49:05,027 [inflora.py] => [InfLoRA] Layer 1: 37/768 type remove
2026-07-28 02:49:05,027 [inflora.py] => [InfLoRA] Layer 2: 21/768 type remove
2026-07-28 02:49:05,027 [inflora.py] => [InfLoRA] Layer 3: 64/768 type remove
2026-07-28 02:49:05,027 [inflora.py] => [InfLoRA] Layer 4: 79/768 type remove
2026-07-28 02:49:05,027 [inflora.py] => [InfLoRA] Layer 5: 134/768 type remove
2026-07-28 02:49:05,027 [inflora.py] => [InfLoRA] Layer 6: 164/768 type remove
2026-07-28 02:49:05,027 [inflora.py] => [InfLoRA] Layer 7: 182/768 type remove
2026-07-28 02:49:05,027 [inflora.py] => [InfLoRA] Layer 8: 230/768 type remove
2026-07-28 02:49:05,027 [inflora.py] => [InfLoRA] Layer 9: 348/768 type remove
2026-07-28 02:49:05,027 [inflora.py] => [InfLoRA] Layer 10: 321/768 type retain
2026-07-28 02:49:05,027 [inflora.py] => [InfLoRA] Layer 11: 364/768 type retain
2026-07-28 02:49:05,027 [inflora.py] => [InfLoRA] Layer 12: 336/768 type retain
2026-07-28 02:50:33,348 [inflora.py] => [InfLoRA] DualGPM threshold: 0.9750
2026-07-28 02:50:34,755 [inflora.py] => [InfLoRA] Layer 1: 37/768 type remove
2026-07-28 02:50:34,755 [inflora.py] => [InfLoRA] Layer 2: 21/768 type remove
2026-07-28 02:50:34,755 [inflora.py] => [InfLoRA] Layer 3: 65/768 type remove
2026-07-28 02:50:34,755 [inflora.py] => [InfLoRA] Layer 4: 80/768 type remove
2026-07-28 02:50:34,755 [inflora.py] => [InfLoRA] Layer 5: 134/768 type remove
2026-07-28 02:50:34,755 [inflora.py] => [InfLoRA] Layer 6: 164/768 type remove
2026-07-28 02:50:34,755 [inflora.py] => [InfLoRA] Layer 7: 183/768 type remove
2026-07-28 02:50:34,755 [inflora.py] => [InfLoRA] Layer 8: 230/768 type remove
2026-07-28 02:50:34,755 [inflora.py] => [InfLoRA] Layer 9: 348/768 type remove
2026-07-28 02:50:34,755 [inflora.py] => [InfLoRA] Layer 10: 321/768 type retain
2026-07-28 02:50:34,755 [inflora.py] => [InfLoRA] Layer 11: 364/768 type retain
2026-07-28 02:50:34,755 [inflora.py] => [InfLoRA] Layer 12: 336/768 type retain
2026-07-28 02:50:57,748 [inflora.py] => [InfLoRA] DualGPM threshold: 0.9750
2026-07-28 02:50:59,164 [inflora.py] => [InfLoRA] Layer 1: 37/768 type remove
2026-07-28 02:50:59,164 [inflora.py] => [InfLoRA] Layer 2: 21/768 type remove
2026-07-28 02:50:59,164 [inflora.py] => [InfLoRA] Layer 3: 65/768 type remove
2026-07-28 02:50:59,164 [inflora.py] => [InfLoRA] Layer 4: 81/768 type remove
2026-07-28 02:50:59,164 [inflora.py] => [InfLoRA] Layer 5: 135/768 type remove
2026-07-28 02:50:59,164 [inflora.py] => [InfLoRA] Layer 6: 165/768 type remove
2026-07-28 02:50:59,164 [inflora.py] => [InfLoRA] Layer 7: 184/768 type remove
2026-07-28 02:50:59,165 [inflora.py] => [InfLoRA] Layer 8: 231/768 type remove
2026-07-28 02:50:59,165 [inflora.py] => [InfLoRA] Layer 9: 349/768 type remove
2026-07-28 02:50:59,165 [inflora.py] => [InfLoRA] Layer 10: 321/768 type retain
2026-07-28 02:50:59,165 [inflora.py] => [InfLoRA] Layer 11: 364/768 type retain
2026-07-28 02:50:59,165 [inflora.py] => [InfLoRA] Layer 12: 336/768 type retain
2026-07-28 02:51:27,386 [bounded_memory_mixin.py] => [bounded_mem eval] volume 1.00 | cycle 121 | classes_seen 1000 | CIL top1 42.01 | top5 72.42 | (nearest latent task ~99) | param_hash f7bf7d9d4b124c89 | per-task [32.66, 46.97, 45.5, 38.5, 43.72, 55.78, 62.05, 43.22, 51.5, 49.75, 38.19, 55.78, 33.5, 25.64, 43.72, 49.0, 53.77, 35.35, 32.16, 39.29, 37.5, 39.7, 44.67, 40.61, 25.76, 51.27, 41.12, 47.72, 55.78, 48.0, 27.55, 29.95, 37.5, 40.7, 41.0, 46.46, 35.0, 35.68, 55.28, 37.0, 51.52, 32.66, 59.5, 46.7, 24.12, 36.18, 46.97, 42.0, 42.42, 31.47, 36.18, 43.0, 30.65, 21.61, 26.4, 44.85, 19.39, 38.58, 46.0, 58.38, 53.77, 45.18, 44.16, 42.42, 49.75, 51.26, 31.47, 41.41, 46.73, 50.76, 34.34, 59.0, 45.0, 48.48, 50.5, 48.5, 31.66, 52.5, 44.44, 53.27, 66.5, 45.23, 37.56, 44.95, 17.0, 20.6, 13.07, 39.7, 46.73, 45.23, 48.5, 42.5, 44.72, 37.0, 54.31, 32.5, 44.72, 46.15, 51.5, 24.12]
2026-07-28 02:51:30,135 [metrics_logger.py] => [metrics] wrote run_logs/final/inflora/metrics_inflora_round2_slurm_grid_omni30t_200mb_inflora_s1993_s1993.json
2026-07-28 02:51:30,135 [trainer.py] => [bounded_mem] volume checkpoints: [0.1, 0.2, 0.3, 0.4, 0.5, 0.6, 0.7, 0.8, 0.9, 1.0]
2026-07-28 02:51:30,135 [trainer.py] => [bounded_mem] CIL top1 curve: [74.23, 65.32, 60.43, 55.41, 51.93, 49.04, 47.19, 45.82, 43.48, 42.01]
2026-07-28 02:51:30,135 [trainer.py] => [bounded_mem] CIL top5 curve: [96.29, 91.31, 87.57, 82.75, 80.14, 78.61, 76.73, 75.75, 73.05, 72.42]
[bounded_mem] checkpoints (fraction of stream): [0.1, 0.2, 0.3, 0.4, 0.5, 0.6, 0.7, 0.8, 0.9, 1.0]
[bounded_mem] CIL top1: [74.23, 65.32, 60.43, 55.41, 51.93, 49.04, 47.19, 45.82, 43.48, 42.01]
[bounded_mem] CIL top5: [96.29, 91.31, 87.57, 82.75, 80.14, 78.61, 76.73, 75.75, 73.05, 72.42]
2026-07-28 02:51:30,135 [trainer.py] => [bounded_mem] FINAL CIL top1 42.01 | top5 72.42 (at 100% of stream)
[bounded_mem] FINAL CIL top1 42.01 | top5 72.42
[bounded_mem] wrote run_logs/boundedmem_inflora_round2_slurm_grid_omni30t_200mb_inflora_s1993_s1993.json
