2026-07-27 10:39:21,050 [trainer.py] => config: exps/round2_slurm_grid/inflora_100mb_s1996.json
2026-07-27 10:39:21,050 [trainer.py] => dataset: omnibenchmark1k
2026-07-27 10:39:21,050 [trainer.py] => memory_size: 0
2026-07-27 10:39:21,050 [trainer.py] => memory_per_class: 0
2026-07-27 10:39:21,050 [trainer.py] => fixed_memory: False
2026-07-27 10:39:21,050 [trainer.py] => shuffle: True
2026-07-27 10:39:21,050 [trainer.py] => init_cls: 10
2026-07-27 10:39:21,050 [trainer.py] => increment: 10
2026-07-27 10:39:21,050 [trainer.py] => scenario: cil
2026-07-27 10:39:21,050 [trainer.py] => pretrained: True
2026-07-27 10:39:21,050 [trainer.py] => print_forget: False
2026-07-27 10:39:21,050 [trainer.py] => final_metrics: False
2026-07-27 10:39:21,050 [trainer.py] => backbone_type: vit_base_patch16_224_lora
2026-07-27 10:39:21,050 [trainer.py] => lora_rank: 10
2026-07-27 10:39:21,050 [trainer.py] => lora_alpha: None
2026-07-27 10:39:21,050 [trainer.py] => batch_size: 48
2026-07-27 10:39:21,050 [trainer.py] => weight_decay: 0.0005
2026-07-27 10:39:21,050 [trainer.py] => min_lr: 0.0
2026-07-27 10:39:21,050 [trainer.py] => tuned_epoch: 20
2026-07-27 10:39:21,050 [trainer.py] => boundary_mode: bounded_memory
2026-07-27 10:39:21,050 [trainer.py] => stop_after_tasks: 100
2026-07-27 10:39:21,050 [trainer.py] => device: [device(type='cuda', index=0)]
2026-07-27 10:39:21,050 [trainer.py] => model_name: inflora
2026-07-27 10:39:21,050 [trainer.py] => lora_merge: True
2026-07-27 10:39:21,050 [trainer.py] => lamb: 0.975
2026-07-27 10:39:21,050 [trainer.py] => lame: 0.975
2026-07-27 10:39:21,050 [trainer.py] => init_lr: 0.0005
2026-07-27 10:39:21,050 [trainer.py] => seed: 1996
2026-07-27 10:39:21,051 [trainer.py] => bm_budget_mb: 100
2026-07-27 10:39:21,051 [trainer.py] => prefix: round2_slurm_grid_omni30t_100mb_inflora_s1996
2026-07-27 10:39:21,327 [data_manager.py] => [438, 831, 338, 46, 856, 850, 593, 53, 230, 71, 34, 91, 794, 884, 358, 68, 585, 804, 601, 488, 443, 290, 699, 811, 898, 416, 424, 72, 235, 116, 908, 669, 569, 47, 983, 464, 545, 267, 383, 408, 96, 760, 935, 321, 511, 819, 253, 671, 945, 919, 209, 705, 711, 448, 106, 552, 486, 734, 978, 394, 654, 527, 522, 51, 774, 583, 234, 127, 958, 933, 398, 886, 21, 465, 104, 572, 377, 537, 50, 188, 697, 128, 28, 158, 855, 382, 496, 562, 225, 560, 242, 647, 255, 400, 274, 743, 775, 824, 258, 280, 806, 480, 652, 252, 528, 744, 578, 232, 203, 662, 474, 134, 403, 649, 250, 574, 638, 753, 926, 436, 785, 379, 27, 61, 543, 563, 826, 960, 879, 861, 214, 690, 776, 571, 798, 266, 590, 427, 622, 679, 0, 849, 902, 2, 925, 984, 92, 220, 674, 818, 848, 916, 959, 864, 29, 204, 482, 420, 322, 31, 207, 217, 869, 223, 271, 605, 558, 923, 710, 16, 469, 778, 497, 733, 874, 216, 777, 385, 841, 606, 183, 86, 717, 559, 277, 117, 114, 769, 462, 262, 814, 973, 348, 171, 291, 846, 112, 458, 78, 365, 74, 431, 272, 737, 937, 575, 166, 56, 534, 815, 353, 857, 952, 33, 144, 761, 211, 771, 359, 766, 133, 894, 816, 882, 366, 892, 852, 747, 546, 842, 355, 703, 553, 931, 317, 645, 36, 863, 890, 489, 900, 672, 370, 283, 80, 722, 109, 198, 614, 122, 356, 939, 725, 667, 459, 110, 18, 342, 102, 612, 823, 592, 419, 928, 210, 529, 411, 524, 772, 454, 943, 336, 873, 835, 118, 901, 751, 224, 75, 877, 439, 951, 93, 714, 15, 435, 992, 685, 59, 599, 659, 414, 52, 119, 239, 708, 310, 867, 298, 702, 401, 687, 386, 247, 570, 484, 616, 862, 428, 300, 971, 598, 557, 808, 977, 946, 508, 41, 539, 222, 412, 749, 790, 79, 131, 675, 579, 957, 344, 314, 677, 121, 161, 487, 970, 700, 129, 715, 390, 520, 719, 646, 201, 32, 704, 770, 876, 828, 82, 429, 989, 561, 905, 476, 248, 940, 384, 682, 406, 783, 839, 878, 123, 453, 643, 536, 493, 665, 202, 442, 872, 809, 532, 609, 880, 812, 391, 694, 173, 49, 650, 221, 44, 588, 944, 287, 349, 404, 481, 623, 154, 288, 301, 334, 227, 941, 917, 281, 25, 706, 228, 963, 485, 292, 728, 913, 124, 153, 306, 688, 955, 501, 607, 921, 765, 333, 449, 43, 986, 345, 907, 980, 500, 805, 120, 1, 914, 632, 695, 434, 651, 604, 184, 177, 825, 368, 445, 844, 847, 182, 663, 498, 88, 101, 479, 912, 212, 997, 372, 165, 30, 307, 530, 108, 352, 180, 237, 834, 375, 817, 795, 906, 587, 279, 625, 735, 328, 142, 194, 460, 141, 568, 380, 738, 936, 999, 17, 683, 888, 289, 360, 523, 789, 833, 40, 594, 354, 22, 326, 19, 832, 930, 293, 341, 716, 226, 470, 160, 788, 147, 361, 392, 64, 624, 245, 531, 241, 4, 396, 660, 433, 720, 514, 265, 264, 351, 103, 302, 655, 947, 376, 270, 617, 726, 455, 313, 903, 63, 263, 363, 787, 273, 137, 243, 595, 350, 807, 233, 259, 990, 452, 550, 409, 938, 975, 871, 724, 430, 910, 318, 780, 698, 473, 845, 399, 581, 178, 932, 332, 924, 407, 170, 472, 799, 566, 620, 296, 621, 723, 506, 393, 346, 904, 367, 60, 415, 192, 580, 8, 176, 85, 324, 554, 820, 186, 918, 69, 206, 752, 991, 740, 762, 260, 174, 754, 410, 475, 544, 246, 589, 269, 478, 803, 684, 801, 613, 979, 985, 693, 969, 66, 854, 89, 229, 282, 55, 389, 135, 150, 268, 821, 577, 730, 100, 729, 276, 875, 727, 556, 691, 373, 145, 791, 240, 149, 213, 909, 653, 374, 130, 155, 219, 929, 840, 98, 136, 896, 859, 3, 140, 564, 426, 866, 586, 70, 343, 962, 829, 640, 739, 922, 767, 513, 369, 525, 982, 67, 236, 325, 172, 73, 143, 444, 151, 953, 169, 35, 499, 657, 337, 538, 316, 94, 83, 309, 895, 319, 584, 591, 152, 13, 745, 320, 956, 830, 796, 633, 437, 87, 642, 713, 993, 518, 519, 215, 865, 689, 6, 187, 502, 763, 5, 950, 972, 335, 602, 115, 548, 779, 967, 927, 516, 718, 339, 299, 996, 966, 547, 507, 800, 630, 39, 603, 441, 742, 994, 417, 666, 615, 185, 628, 97, 231, 709, 26, 786, 942, 157, 111, 218, 504, 397, 329, 54, 308, 456, 636, 949, 193, 99, 853, 305, 249, 477, 634, 755, 509, 126, 168, 707, 190, 7, 286, 658, 988, 107, 510, 555, 512, 736, 541, 200, 37, 14, 362, 567, 24, 961, 12, 378, 9, 948, 315, 205, 303, 600, 899, 810, 284, 868, 673, 505, 792, 987, 492, 405, 889, 517, 858, 181, 189, 635, 457, 422, 768, 860, 891, 611, 294, 197, 664, 446, 191, 741, 756, 976, 95, 421, 998, 597, 105, 681, 670, 686, 851, 179, 468, 995, 413, 388, 781, 402, 113, 629, 731, 84, 285, 466, 934, 146, 20, 244, 802, 450, 254, 680, 515, 637, 644, 125, 295, 164, 251, 661, 696, 712, 58, 483, 920, 576, 175, 782, 503, 721, 381, 357, 371, 159, 327, 195, 521, 639, 238, 423, 304, 893, 887, 347, 631, 668, 784, 965, 81, 582, 533, 45, 138, 163, 261, 77, 542, 494, 648, 619, 750, 196, 275, 311, 440, 418, 701, 447, 57, 565, 618, 758, 495, 331, 813, 156, 822, 676, 627, 656, 491, 897, 432, 490, 981, 843, 911, 881, 62, 148, 11, 626, 387, 641, 964, 471, 773, 608, 746, 764, 732, 10, 551, 797, 535, 395, 692, 838, 199, 208, 425, 76, 23, 837, 974, 883, 90, 312, 678, 759, 836, 167, 42, 596, 748, 461, 915, 256, 278, 870, 757, 968, 364, 65, 573, 467, 330, 827, 793, 549, 48, 340, 162, 540, 132, 139, 885, 526, 463, 451, 297, 38, 323, 610, 257, 954]
This is for the BaseNet initialization.
I'm using ViT with per-task LoRA (q,v).
_IncompatibleKeys(missing_keys=['blocks.0.attn.cur_matrix', 'blocks.0.attn.frozen_delta_q', 'blocks.0.attn.frozen_delta_v', 'blocks.0.attn.lora_A_q.0.weight', 'blocks.0.attn.lora_B_q.0.weight', 'blocks.0.attn.lora_A_v.0.weight', 'blocks.0.attn.lora_B_v.0.weight', 'blocks.1.attn.cur_matrix', 'blocks.1.attn.frozen_delta_q', 'blocks.1.attn.frozen_delta_v', 'blocks.1.attn.lora_A_q.0.weight', 'blocks.1.attn.lora_B_q.0.weight', 'blocks.1.attn.lora_A_v.0.weight', 'blocks.1.attn.lora_B_v.0.weight', 'blocks.2.attn.cur_matrix', 'blocks.2.attn.frozen_delta_q', 'blocks.2.attn.frozen_delta_v', 'blocks.2.attn.lora_A_q.0.weight', 'blocks.2.attn.lora_B_q.0.weight', 'blocks.2.attn.lora_A_v.0.weight', 'blocks.2.attn.lora_B_v.0.weight', 'blocks.3.attn.cur_matrix', 'blocks.3.attn.frozen_delta_q', 'blocks.3.attn.frozen_delta_v', 'blocks.3.attn.lora_A_q.0.weight', 'blocks.3.attn.lora_B_q.0.weight', 'blocks.3.attn.lora_A_v.0.weight', 'blocks.3.attn.lora_B_v.0.weight', 'blocks.4.attn.cur_matrix', 'blocks.4.attn.frozen_delta_q', 'blocks.4.attn.frozen_delta_v', 'blocks.4.attn.lora_A_q.0.weight', 'blocks.4.attn.lora_B_q.0.weight', 'blocks.4.attn.lora_A_v.0.weight', 'blocks.4.attn.lora_B_v.0.weight', 'blocks.5.attn.cur_matrix', 'blocks.5.attn.frozen_delta_q', 'blocks.5.attn.frozen_delta_v', 'blocks.5.attn.lora_A_q.0.weight', 'blocks.5.attn.lora_B_q.0.weight', 'blocks.5.attn.lora_A_v.0.weight', 'blocks.5.attn.lora_B_v.0.weight', 'blocks.6.attn.cur_matrix', 'blocks.6.attn.frozen_delta_q', 'blocks.6.attn.frozen_delta_v', 'blocks.6.attn.lora_A_q.0.weight', 'blocks.6.attn.lora_B_q.0.weight', 'blocks.6.attn.lora_A_v.0.weight', 'blocks.6.attn.lora_B_v.0.weight', 'blocks.7.attn.cur_matrix', 'blocks.7.attn.frozen_delta_q', 'blocks.7.attn.frozen_delta_v', 'blocks.7.attn.lora_A_q.0.weight', 'blocks.7.attn.lora_B_q.0.weight', 'blocks.7.attn.lora_A_v.0.weight', 'blocks.7.attn.lora_B_v.0.weight', 'blocks.8.attn.cur_matrix', 'blocks.8.attn.frozen_delta_q', 'blocks.8.attn.frozen_delta_v', 'blocks.8.attn.lora_A_q.0.weight', 'blocks.8.attn.lora_B_q.0.weight', 'blocks.8.attn.lora_A_v.0.weight', 'blocks.8.attn.lora_B_v.0.weight', 'blocks.9.attn.cur_matrix', 'blocks.9.attn.frozen_delta_q', 'blocks.9.attn.frozen_delta_v', 'blocks.9.attn.lora_A_q.0.weight', 'blocks.9.attn.lora_B_q.0.weight', 'blocks.9.attn.lora_A_v.0.weight', 'blocks.9.attn.lora_B_v.0.weight', 'blocks.10.attn.cur_matrix', 'blocks.10.attn.frozen_delta_q', 'blocks.10.attn.frozen_delta_v', 'blocks.10.attn.lora_A_q.0.weight', 'blocks.10.attn.lora_B_q.0.weight', 'blocks.10.attn.lora_A_v.0.weight', 'blocks.10.attn.lora_B_v.0.weight', 'blocks.11.attn.cur_matrix', 'blocks.11.attn.frozen_delta_q', 'blocks.11.attn.frozen_delta_v', 'blocks.11.attn.lora_A_q.0.weight', 'blocks.11.attn.lora_B_q.0.weight', 'blocks.11.attn.lora_A_v.0.weight', 'blocks.11.attn.lora_B_v.0.weight'], unexpected_keys=[])
After BaseNet initialization.
2026-07-27 10:39:28,117 [bounded_memory_mixin.py] => [bounded_mem] budget_mb=100.0 -> cycle=697 images (mean_task=1687.2 images, so this budget is 0.41x mean task size); 168718 total images -> 243 cycles (T=243 sessions); 10 eval checkpoints
2026-07-27 10:40:28,922 [inflora.py] => [InfLoRA] DualGPM threshold: 0.9750
2026-07-27 10:40:29,404 [inflora.py] => [InfLoRA] Layer 1: 11/768 type remove
2026-07-27 10:40:29,404 [inflora.py] => [InfLoRA] Layer 2: 12/768 type remove
2026-07-27 10:40:29,404 [inflora.py] => [InfLoRA] Layer 3: 17/768 type remove
2026-07-27 10:40:29,404 [inflora.py] => [InfLoRA] Layer 4: 14/768 type remove
2026-07-27 10:40:29,404 [inflora.py] => [InfLoRA] Layer 5: 20/768 type remove
2026-07-27 10:40:29,404 [inflora.py] => [InfLoRA] Layer 6: 24/768 type remove
2026-07-27 10:40:29,404 [inflora.py] => [InfLoRA] Layer 7: 30/768 type remove
2026-07-27 10:40:29,404 [inflora.py] => [InfLoRA] Layer 8: 42/768 type remove
2026-07-27 10:40:29,404 [inflora.py] => [InfLoRA] Layer 9: 68/768 type remove
2026-07-27 10:40:29,404 [inflora.py] => [InfLoRA] Layer 10: 75/768 type remove
2026-07-27 10:40:29,404 [inflora.py] => [InfLoRA] Layer 11: 32/768 type remove
2026-07-27 10:40:29,404 [inflora.py] => [InfLoRA] Layer 12: 30/768 type remove
2026-07-27 10:41:18,846 [inflora.py] => [InfLoRA] DualGPM threshold: 0.9750
2026-07-27 10:41:19,917 [inflora.py] => [InfLoRA] Layer 1: 14/768 type remove
2026-07-27 10:41:19,917 [inflora.py] => [InfLoRA] Layer 2: 13/768 type remove
2026-07-27 10:41:19,917 [inflora.py] => [InfLoRA] Layer 3: 19/768 type remove
2026-07-27 10:41:19,917 [inflora.py] => [InfLoRA] Layer 4: 16/768 type remove
2026-07-27 10:41:19,917 [inflora.py] => [InfLoRA] Layer 5: 23/768 type remove
2026-07-27 10:41:19,917 [inflora.py] => [InfLoRA] Layer 6: 27/768 type remove
2026-07-27 10:41:19,917 [inflora.py] => [InfLoRA] Layer 7: 34/768 type remove
2026-07-27 10:41:19,917 [inflora.py] => [InfLoRA] Layer 8: 47/768 type remove
2026-07-27 10:41:19,917 [inflora.py] => [InfLoRA] Layer 9: 79/768 type remove
2026-07-27 10:41:19,917 [inflora.py] => [InfLoRA] Layer 10: 95/768 type remove
2026-07-27 10:41:19,917 [inflora.py] => [InfLoRA] Layer 11: 41/768 type remove
2026-07-27 10:41:19,917 [inflora.py] => [InfLoRA] Layer 12: 38/768 type remove
2026-07-27 10:42:11,333 [inflora.py] => [InfLoRA] DualGPM threshold: 0.9750
2026-07-27 10:42:12,247 [inflora.py] => [InfLoRA] Layer 1: 24/768 type remove
2026-07-27 10:42:12,247 [inflora.py] => [InfLoRA] Layer 2: 16/768 type remove
2026-07-27 10:42:12,247 [inflora.py] => [InfLoRA] Layer 3: 21/768 type remove
2026-07-27 10:42:12,247 [inflora.py] => [InfLoRA] Layer 4: 18/768 type remove
2026-07-27 10:42:12,247 [inflora.py] => [InfLoRA] Layer 5: 24/768 type remove
2026-07-27 10:42:12,247 [inflora.py] => [InfLoRA] Layer 6: 31/768 type remove
2026-07-27 10:42:12,247 [inflora.py] => [InfLoRA] Layer 7: 39/768 type remove
2026-07-27 10:42:12,247 [inflora.py] => [InfLoRA] Layer 8: 60/768 type remove
2026-07-27 10:42:12,247 [inflora.py] => [InfLoRA] Layer 9: 119/768 type remove
2026-07-27 10:42:12,248 [inflora.py] => [InfLoRA] Layer 10: 182/768 type remove
2026-07-27 10:42:12,248 [inflora.py] => [InfLoRA] Layer 11: 115/768 type remove
2026-07-27 10:42:12,248 [inflora.py] => [InfLoRA] Layer 12: 120/768 type remove
2026-07-27 10:43:02,847 [inflora.py] => [InfLoRA] DualGPM threshold: 0.9750
2026-07-27 10:43:03,817 [inflora.py] => [InfLoRA] Layer 1: 30/768 type remove
2026-07-27 10:43:03,817 [inflora.py] => [InfLoRA] Layer 2: 18/768 type remove
2026-07-27 10:43:03,817 [inflora.py] => [InfLoRA] Layer 3: 23/768 type remove
2026-07-27 10:43:03,817 [inflora.py] => [InfLoRA] Layer 4: 19/768 type remove
2026-07-27 10:43:03,818 [inflora.py] => [InfLoRA] Layer 5: 26/768 type remove
2026-07-27 10:43:03,818 [inflora.py] => [InfLoRA] Layer 6: 36/768 type remove
2026-07-27 10:43:03,818 [inflora.py] => [InfLoRA] Layer 7: 44/768 type remove
2026-07-27 10:43:03,818 [inflora.py] => [InfLoRA] Layer 8: 69/768 type remove
2026-07-27 10:43:03,818 [inflora.py] => [InfLoRA] Layer 9: 138/768 type remove
2026-07-27 10:43:03,818 [inflora.py] => [InfLoRA] Layer 10: 221/768 type remove
2026-07-27 10:43:03,818 [inflora.py] => [InfLoRA] Layer 11: 161/768 type remove
2026-07-27 10:43:03,818 [inflora.py] => [InfLoRA] Layer 12: 144/768 type remove
2026-07-27 10:43:54,569 [inflora.py] => [InfLoRA] DualGPM threshold: 0.9750
2026-07-27 10:43:55,530 [inflora.py] => [InfLoRA] Layer 1: 30/768 type remove
2026-07-27 10:43:55,531 [inflora.py] => [InfLoRA] Layer 2: 18/768 type remove
2026-07-27 10:43:55,531 [inflora.py] => [InfLoRA] Layer 3: 24/768 type remove
2026-07-27 10:43:55,531 [inflora.py] => [InfLoRA] Layer 4: 20/768 type remove
2026-07-27 10:43:55,531 [inflora.py] => [InfLoRA] Layer 5: 27/768 type remove
2026-07-27 10:43:55,531 [inflora.py] => [InfLoRA] Layer 6: 38/768 type remove
2026-07-27 10:43:55,531 [inflora.py] => [InfLoRA] Layer 7: 46/768 type remove
2026-07-27 10:43:55,531 [inflora.py] => [InfLoRA] Layer 8: 72/768 type remove
2026-07-27 10:43:55,531 [inflora.py] => [InfLoRA] Layer 9: 145/768 type remove
2026-07-27 10:43:55,531 [inflora.py] => [InfLoRA] Layer 10: 238/768 type remove
2026-07-27 10:43:55,531 [inflora.py] => [InfLoRA] Layer 11: 177/768 type remove
2026-07-27 10:43:55,531 [inflora.py] => [InfLoRA] Layer 12: 161/768 type remove
2026-07-27 10:44:48,403 [inflora.py] => [InfLoRA] DualGPM threshold: 0.9750
2026-07-27 10:44:49,362 [inflora.py] => [InfLoRA] Layer 1: 30/768 type remove
2026-07-27 10:44:49,363 [inflora.py] => [InfLoRA] Layer 2: 18/768 type remove
2026-07-27 10:44:49,363 [inflora.py] => [InfLoRA] Layer 3: 24/768 type remove
2026-07-27 10:44:49,363 [inflora.py] => [InfLoRA] Layer 4: 21/768 type remove
2026-07-27 10:44:49,363 [inflora.py] => [InfLoRA] Layer 5: 28/768 type remove
2026-07-27 10:44:49,363 [inflora.py] => [InfLoRA] Layer 6: 39/768 type remove
2026-07-27 10:44:49,363 [inflora.py] => [InfLoRA] Layer 7: 47/768 type remove
2026-07-27 10:44:49,363 [inflora.py] => [InfLoRA] Layer 8: 74/768 type remove
2026-07-27 10:44:49,363 [inflora.py] => [InfLoRA] Layer 9: 148/768 type remove
2026-07-27 10:44:49,363 [inflora.py] => [InfLoRA] Layer 10: 241/768 type remove
2026-07-27 10:44:49,363 [inflora.py] => [InfLoRA] Layer 11: 182/768 type remove
2026-07-27 10:44:49,363 [inflora.py] => [InfLoRA] Layer 12: 163/768 type remove
2026-07-27 10:45:39,005 [inflora.py] => [InfLoRA] DualGPM threshold: 0.9750
2026-07-27 10:45:40,130 [inflora.py] => [InfLoRA] Layer 1: 30/768 type remove
2026-07-27 10:45:40,130 [inflora.py] => [InfLoRA] Layer 2: 18/768 type remove
2026-07-27 10:45:40,130 [inflora.py] => [InfLoRA] Layer 3: 24/768 type remove
2026-07-27 10:45:40,130 [inflora.py] => [InfLoRA] Layer 4: 21/768 type remove
2026-07-27 10:45:40,130 [inflora.py] => [InfLoRA] Layer 5: 28/768 type remove
2026-07-27 10:45:40,130 [inflora.py] => [InfLoRA] Layer 6: 40/768 type remove
2026-07-27 10:45:40,130 [inflora.py] => [InfLoRA] Layer 7: 48/768 type remove
2026-07-27 10:45:40,130 [inflora.py] => [InfLoRA] Layer 8: 74/768 type remove
2026-07-27 10:45:40,130 [inflora.py] => [InfLoRA] Layer 9: 149/768 type remove
2026-07-27 10:45:40,130 [inflora.py] => [InfLoRA] Layer 10: 242/768 type remove
2026-07-27 10:45:40,130 [inflora.py] => [InfLoRA] Layer 11: 183/768 type remove
2026-07-27 10:45:40,130 [inflora.py] => [InfLoRA] Layer 12: 165/768 type remove
2026-07-27 10:46:31,749 [inflora.py] => [InfLoRA] DualGPM threshold: 0.9750
2026-07-27 10:46:32,716 [inflora.py] => [InfLoRA] Layer 1: 30/768 type remove
2026-07-27 10:46:32,716 [inflora.py] => [InfLoRA] Layer 2: 18/768 type remove
2026-07-27 10:46:32,716 [inflora.py] => [InfLoRA] Layer 3: 24/768 type remove
2026-07-27 10:46:32,716 [inflora.py] => [InfLoRA] Layer 4: 21/768 type remove
2026-07-27 10:46:32,716 [inflora.py] => [InfLoRA] Layer 5: 29/768 type remove
2026-07-27 10:46:32,716 [inflora.py] => [InfLoRA] Layer 6: 41/768 type remove
2026-07-27 10:46:32,716 [inflora.py] => [InfLoRA] Layer 7: 49/768 type remove
2026-07-27 10:46:32,716 [inflora.py] => [InfLoRA] Layer 8: 77/768 type remove
2026-07-27 10:46:32,716 [inflora.py] => [InfLoRA] Layer 9: 155/768 type remove
2026-07-27 10:46:32,716 [inflora.py] => [InfLoRA] Layer 10: 252/768 type remove
2026-07-27 10:46:32,716 [inflora.py] => [InfLoRA] Layer 11: 191/768 type remove
2026-07-27 10:46:32,716 [inflora.py] => [InfLoRA] Layer 12: 171/768 type remove
2026-07-27 10:47:23,126 [inflora.py] => [InfLoRA] DualGPM threshold: 0.9750
2026-07-27 10:47:24,307 [inflora.py] => [InfLoRA] Layer 1: 30/768 type remove
2026-07-27 10:47:24,307 [inflora.py] => [InfLoRA] Layer 2: 18/768 type remove
2026-07-27 10:47:24,307 [inflora.py] => [InfLoRA] Layer 3: 24/768 type remove
2026-07-27 10:47:24,307 [inflora.py] => [InfLoRA] Layer 4: 21/768 type remove
2026-07-27 10:47:24,307 [inflora.py] => [InfLoRA] Layer 5: 29/768 type remove
2026-07-27 10:47:24,307 [inflora.py] => [InfLoRA] Layer 6: 42/768 type remove
2026-07-27 10:47:24,307 [inflora.py] => [InfLoRA] Layer 7: 51/768 type remove
2026-07-27 10:47:24,307 [inflora.py] => [InfLoRA] Layer 8: 79/768 type remove
2026-07-27 10:47:24,307 [inflora.py] => [InfLoRA] Layer 9: 158/768 type remove
2026-07-27 10:47:24,307 [inflora.py] => [InfLoRA] Layer 10: 255/768 type remove
2026-07-27 10:47:24,307 [inflora.py] => [InfLoRA] Layer 11: 192/768 type remove
2026-07-27 10:47:24,307 [inflora.py] => [InfLoRA] Layer 12: 172/768 type remove
2026-07-27 10:48:14,857 [inflora.py] => [InfLoRA] DualGPM threshold: 0.9750
2026-07-27 10:48:16,028 [inflora.py] => [InfLoRA] Layer 1: 30/768 type remove
2026-07-27 10:48:16,028 [inflora.py] => [InfLoRA] Layer 2: 18/768 type remove
2026-07-27 10:48:16,028 [inflora.py] => [InfLoRA] Layer 3: 24/768 type remove
2026-07-27 10:48:16,028 [inflora.py] => [InfLoRA] Layer 4: 21/768 type remove
2026-07-27 10:48:16,028 [inflora.py] => [InfLoRA] Layer 5: 30/768 type remove
2026-07-27 10:48:16,028 [inflora.py] => [InfLoRA] Layer 6: 43/768 type remove
2026-07-27 10:48:16,028 [inflora.py] => [InfLoRA] Layer 7: 53/768 type remove
2026-07-27 10:48:16,028 [inflora.py] => [InfLoRA] Layer 8: 84/768 type remove
2026-07-27 10:48:16,028 [inflora.py] => [InfLoRA] Layer 9: 164/768 type remove
2026-07-27 10:48:16,028 [inflora.py] => [InfLoRA] Layer 10: 265/768 type remove
2026-07-27 10:48:16,028 [inflora.py] => [InfLoRA] Layer 11: 200/768 type remove
2026-07-27 10:48:16,028 [inflora.py] => [InfLoRA] Layer 12: 188/768 type remove
2026-07-27 10:49:06,591 [inflora.py] => [InfLoRA] DualGPM threshold: 0.9750
2026-07-27 10:49:07,754 [inflora.py] => [InfLoRA] Layer 1: 30/768 type remove
2026-07-27 10:49:07,754 [inflora.py] => [InfLoRA] Layer 2: 18/768 type remove
2026-07-27 10:49:07,754 [inflora.py] => [InfLoRA] Layer 3: 25/768 type remove
2026-07-27 10:49:07,754 [inflora.py] => [InfLoRA] Layer 4: 22/768 type remove
2026-07-27 10:49:07,754 [inflora.py] => [InfLoRA] Layer 5: 32/768 type remove
2026-07-27 10:49:07,754 [inflora.py] => [InfLoRA] Layer 6: 46/768 type remove
2026-07-27 10:49:07,754 [inflora.py] => [InfLoRA] Layer 7: 57/768 type remove
2026-07-27 10:49:07,754 [inflora.py] => [InfLoRA] Layer 8: 90/768 type remove
2026-07-27 10:49:07,754 [inflora.py] => [InfLoRA] Layer 9: 172/768 type remove
2026-07-27 10:49:07,754 [inflora.py] => [InfLoRA] Layer 10: 274/768 type remove
2026-07-27 10:49:07,754 [inflora.py] => [InfLoRA] Layer 11: 206/768 type remove
2026-07-27 10:49:07,754 [inflora.py] => [InfLoRA] Layer 12: 193/768 type remove
2026-07-27 10:49:59,333 [inflora.py] => [InfLoRA] DualGPM threshold: 0.9750
2026-07-27 10:50:00,301 [inflora.py] => [InfLoRA] Layer 1: 30/768 type remove
2026-07-27 10:50:00,301 [inflora.py] => [InfLoRA] Layer 2: 18/768 type remove
2026-07-27 10:50:00,301 [inflora.py] => [InfLoRA] Layer 3: 25/768 type remove
2026-07-27 10:50:00,301 [inflora.py] => [InfLoRA] Layer 4: 23/768 type remove
2026-07-27 10:50:00,301 [inflora.py] => [InfLoRA] Layer 5: 34/768 type remove
2026-07-27 10:50:00,302 [inflora.py] => [InfLoRA] Layer 6: 49/768 type remove
2026-07-27 10:50:00,302 [inflora.py] => [InfLoRA] Layer 7: 61/768 type remove
2026-07-27 10:50:00,302 [inflora.py] => [InfLoRA] Layer 8: 97/768 type remove
2026-07-27 10:50:00,302 [inflora.py] => [InfLoRA] Layer 9: 185/768 type remove
2026-07-27 10:50:00,302 [inflora.py] => [InfLoRA] Layer 10: 292/768 type remove
2026-07-27 10:50:00,302 [inflora.py] => [InfLoRA] Layer 11: 219/768 type remove
2026-07-27 10:50:00,302 [inflora.py] => [InfLoRA] Layer 12: 204/768 type remove
2026-07-27 10:50:50,876 [inflora.py] => [InfLoRA] DualGPM threshold: 0.9750
2026-07-27 10:50:52,034 [inflora.py] => [InfLoRA] Layer 1: 30/768 type remove
2026-07-27 10:50:52,034 [inflora.py] => [InfLoRA] Layer 2: 18/768 type remove
2026-07-27 10:50:52,034 [inflora.py] => [InfLoRA] Layer 3: 27/768 type remove
2026-07-27 10:50:52,034 [inflora.py] => [InfLoRA] Layer 4: 25/768 type remove
2026-07-27 10:50:52,034 [inflora.py] => [InfLoRA] Layer 5: 36/768 type remove
2026-07-27 10:50:52,034 [inflora.py] => [InfLoRA] Layer 6: 53/768 type remove
2026-07-27 10:50:52,034 [inflora.py] => [InfLoRA] Layer 7: 64/768 type remove
2026-07-27 10:50:52,034 [inflora.py] => [InfLoRA] Layer 8: 102/768 type remove
2026-07-27 10:50:52,034 [inflora.py] => [InfLoRA] Layer 9: 196/768 type remove
2026-07-27 10:50:52,034 [inflora.py] => [InfLoRA] Layer 10: 313/768 type remove
2026-07-27 10:50:52,034 [inflora.py] => [InfLoRA] Layer 11: 246/768 type remove
2026-07-27 10:50:52,034 [inflora.py] => [InfLoRA] Layer 12: 208/768 type remove
2026-07-27 10:51:43,164 [inflora.py] => [InfLoRA] DualGPM threshold: 0.9750
2026-07-27 10:51:44,227 [inflora.py] => [InfLoRA] Layer 1: 30/768 type remove
2026-07-27 10:51:44,232 [inflora.py] => [InfLoRA] Layer 2: 18/768 type remove
2026-07-27 10:51:44,232 [inflora.py] => [InfLoRA] Layer 3: 28/768 type remove
2026-07-27 10:51:44,232 [inflora.py] => [InfLoRA] Layer 4: 25/768 type remove
2026-07-27 10:51:44,232 [inflora.py] => [InfLoRA] Layer 5: 38/768 type remove
2026-07-27 10:51:44,232 [inflora.py] => [InfLoRA] Layer 6: 55/768 type remove
2026-07-27 10:51:44,232 [inflora.py] => [InfLoRA] Layer 7: 66/768 type remove
2026-07-27 10:51:44,232 [inflora.py] => [InfLoRA] Layer 8: 105/768 type remove
2026-07-27 10:51:44,232 [inflora.py] => [InfLoRA] Layer 9: 201/768 type remove
2026-07-27 10:51:44,232 [inflora.py] => [InfLoRA] Layer 10: 324/768 type remove
2026-07-27 10:51:44,232 [inflora.py] => [InfLoRA] Layer 11: 260/768 type remove
2026-07-27 10:51:44,232 [inflora.py] => [InfLoRA] Layer 12: 213/768 type remove
2026-07-27 10:52:37,191 [inflora.py] => [InfLoRA] DualGPM threshold: 0.9750
2026-07-27 10:52:38,170 [inflora.py] => [InfLoRA] Layer 1: 30/768 type remove
2026-07-27 10:52:38,170 [inflora.py] => [InfLoRA] Layer 2: 18/768 type remove
2026-07-27 10:52:38,170 [inflora.py] => [InfLoRA] Layer 3: 28/768 type remove
2026-07-27 10:52:38,170 [inflora.py] => [InfLoRA] Layer 4: 26/768 type remove
2026-07-27 10:52:38,170 [inflora.py] => [InfLoRA] Layer 5: 40/768 type remove
2026-07-27 10:52:38,170 [inflora.py] => [InfLoRA] Layer 6: 58/768 type remove
2026-07-27 10:52:38,170 [inflora.py] => [InfLoRA] Layer 7: 70/768 type remove
2026-07-27 10:52:38,170 [inflora.py] => [InfLoRA] Layer 8: 115/768 type remove
2026-07-27 10:52:38,170 [inflora.py] => [InfLoRA] Layer 9: 220/768 type remove
2026-07-27 10:52:38,170 [inflora.py] => [InfLoRA] Layer 10: 342/768 type remove
2026-07-27 10:52:38,170 [inflora.py] => [InfLoRA] Layer 11: 274/768 type remove
2026-07-27 10:52:38,170 [inflora.py] => [InfLoRA] Layer 12: 221/768 type remove
2026-07-27 10:53:30,504 [inflora.py] => [InfLoRA] DualGPM threshold: 0.9750
2026-07-27 10:53:31,497 [inflora.py] => [InfLoRA] Layer 1: 30/768 type remove
2026-07-27 10:53:31,497 [inflora.py] => [InfLoRA] Layer 2: 18/768 type remove
2026-07-27 10:53:31,497 [inflora.py] => [InfLoRA] Layer 3: 29/768 type remove
2026-07-27 10:53:31,497 [inflora.py] => [InfLoRA] Layer 4: 26/768 type remove
2026-07-27 10:53:31,497 [inflora.py] => [InfLoRA] Layer 5: 41/768 type remove
2026-07-27 10:53:31,497 [inflora.py] => [InfLoRA] Layer 6: 59/768 type remove
2026-07-27 10:53:31,497 [inflora.py] => [InfLoRA] Layer 7: 72/768 type remove
2026-07-27 10:53:31,497 [inflora.py] => [InfLoRA] Layer 8: 118/768 type remove
2026-07-27 10:53:31,497 [inflora.py] => [InfLoRA] Layer 9: 226/768 type remove
2026-07-27 10:53:31,497 [inflora.py] => [InfLoRA] Layer 10: 349/768 type remove
2026-07-27 10:53:31,497 [inflora.py] => [InfLoRA] Layer 11: 282/768 type remove
2026-07-27 10:53:31,497 [inflora.py] => [InfLoRA] Layer 12: 222/768 type remove
2026-07-27 10:54:21,594 [inflora.py] => [InfLoRA] DualGPM threshold: 0.9750
2026-07-27 10:54:22,783 [inflora.py] => [InfLoRA] Layer 1: 30/768 type remove
2026-07-27 10:54:22,783 [inflora.py] => [InfLoRA] Layer 2: 18/768 type remove
2026-07-27 10:54:22,783 [inflora.py] => [InfLoRA] Layer 3: 29/768 type remove
2026-07-27 10:54:22,783 [inflora.py] => [InfLoRA] Layer 4: 27/768 type remove
2026-07-27 10:54:22,783 [inflora.py] => [InfLoRA] Layer 5: 42/768 type remove
2026-07-27 10:54:22,783 [inflora.py] => [InfLoRA] Layer 6: 60/768 type remove
2026-07-27 10:54:22,783 [inflora.py] => [InfLoRA] Layer 7: 73/768 type remove
2026-07-27 10:54:22,783 [inflora.py] => [InfLoRA] Layer 8: 120/768 type remove
2026-07-27 10:54:22,783 [inflora.py] => [InfLoRA] Layer 9: 229/768 type remove
2026-07-27 10:54:22,783 [inflora.py] => [InfLoRA] Layer 10: 352/768 type remove
2026-07-27 10:54:22,783 [inflora.py] => [InfLoRA] Layer 11: 288/768 type remove
2026-07-27 10:54:22,783 [inflora.py] => [InfLoRA] Layer 12: 228/768 type remove
2026-07-27 10:55:13,095 [inflora.py] => [InfLoRA] DualGPM threshold: 0.9750
2026-07-27 10:55:14,246 [inflora.py] => [InfLoRA] Layer 1: 30/768 type remove
2026-07-27 10:55:14,246 [inflora.py] => [InfLoRA] Layer 2: 18/768 type remove
2026-07-27 10:55:14,246 [inflora.py] => [InfLoRA] Layer 3: 30/768 type remove
2026-07-27 10:55:14,246 [inflora.py] => [InfLoRA] Layer 4: 27/768 type remove
2026-07-27 10:55:14,246 [inflora.py] => [InfLoRA] Layer 5: 42/768 type remove
2026-07-27 10:55:14,246 [inflora.py] => [InfLoRA] Layer 6: 61/768 type remove
2026-07-27 10:55:14,246 [inflora.py] => [InfLoRA] Layer 7: 75/768 type remove
2026-07-27 10:55:14,246 [inflora.py] => [InfLoRA] Layer 8: 123/768 type remove
2026-07-27 10:55:14,246 [inflora.py] => [InfLoRA] Layer 9: 234/768 type remove
2026-07-27 10:55:14,246 [inflora.py] => [InfLoRA] Layer 10: 354/768 type remove
2026-07-27 10:55:14,246 [inflora.py] => [InfLoRA] Layer 11: 290/768 type remove
2026-07-27 10:55:14,246 [inflora.py] => [InfLoRA] Layer 12: 228/768 type remove
2026-07-27 10:56:05,757 [inflora.py] => [InfLoRA] DualGPM threshold: 0.9750
2026-07-27 10:56:06,751 [inflora.py] => [InfLoRA] Layer 1: 30/768 type remove
2026-07-27 10:56:06,751 [inflora.py] => [InfLoRA] Layer 2: 18/768 type remove
2026-07-27 10:56:06,751 [inflora.py] => [InfLoRA] Layer 3: 30/768 type remove
2026-07-27 10:56:06,751 [inflora.py] => [InfLoRA] Layer 4: 27/768 type remove
2026-07-27 10:56:06,752 [inflora.py] => [InfLoRA] Layer 5: 42/768 type remove
2026-07-27 10:56:06,752 [inflora.py] => [InfLoRA] Layer 6: 61/768 type remove
2026-07-27 10:56:06,752 [inflora.py] => [InfLoRA] Layer 7: 75/768 type remove
2026-07-27 10:56:06,752 [inflora.py] => [InfLoRA] Layer 8: 123/768 type remove
2026-07-27 10:56:06,752 [inflora.py] => [InfLoRA] Layer 9: 235/768 type remove
2026-07-27 10:56:06,752 [inflora.py] => [InfLoRA] Layer 10: 356/768 type remove
2026-07-27 10:56:06,752 [inflora.py] => [InfLoRA] Layer 11: 294/768 type remove
2026-07-27 10:56:06,752 [inflora.py] => [InfLoRA] Layer 12: 234/768 type remove
2026-07-27 10:56:57,182 [inflora.py] => [InfLoRA] DualGPM threshold: 0.9750
2026-07-27 10:56:58,386 [inflora.py] => [InfLoRA] Layer 1: 31/768 type remove
2026-07-27 10:56:58,386 [inflora.py] => [InfLoRA] Layer 2: 18/768 type remove
2026-07-27 10:56:58,386 [inflora.py] => [InfLoRA] Layer 3: 30/768 type remove
2026-07-27 10:56:58,386 [inflora.py] => [InfLoRA] Layer 4: 28/768 type remove
2026-07-27 10:56:58,386 [inflora.py] => [InfLoRA] Layer 5: 43/768 type remove
2026-07-27 10:56:58,386 [inflora.py] => [InfLoRA] Layer 6: 62/768 type remove
2026-07-27 10:56:58,386 [inflora.py] => [InfLoRA] Layer 7: 76/768 type remove
2026-07-27 10:56:58,386 [inflora.py] => [InfLoRA] Layer 8: 124/768 type remove
2026-07-27 10:56:58,386 [inflora.py] => [InfLoRA] Layer 9: 237/768 type remove
2026-07-27 10:56:58,386 [inflora.py] => [InfLoRA] Layer 10: 359/768 type remove
2026-07-27 10:56:58,386 [inflora.py] => [InfLoRA] Layer 11: 296/768 type remove
2026-07-27 10:56:58,386 [inflora.py] => [InfLoRA] Layer 12: 235/768 type remove
2026-07-27 10:57:50,532 [inflora.py] => [InfLoRA] DualGPM threshold: 0.9750
2026-07-27 10:57:51,761 [inflora.py] => [InfLoRA] Layer 1: 31/768 type remove
2026-07-27 10:57:51,761 [inflora.py] => [InfLoRA] Layer 2: 18/768 type remove
2026-07-27 10:57:51,761 [inflora.py] => [InfLoRA] Layer 3: 30/768 type remove
2026-07-27 10:57:51,761 [inflora.py] => [InfLoRA] Layer 4: 28/768 type remove
2026-07-27 10:57:51,761 [inflora.py] => [InfLoRA] Layer 5: 43/768 type remove
2026-07-27 10:57:51,761 [inflora.py] => [InfLoRA] Layer 6: 62/768 type remove
2026-07-27 10:57:51,761 [inflora.py] => [InfLoRA] Layer 7: 76/768 type remove
2026-07-27 10:57:51,762 [inflora.py] => [InfLoRA] Layer 8: 124/768 type remove
2026-07-27 10:57:51,762 [inflora.py] => [InfLoRA] Layer 9: 237/768 type remove
2026-07-27 10:57:51,762 [inflora.py] => [InfLoRA] Layer 10: 360/768 type remove
2026-07-27 10:57:51,762 [inflora.py] => [InfLoRA] Layer 11: 297/768 type remove
2026-07-27 10:57:51,762 [inflora.py] => [InfLoRA] Layer 12: 235/768 type remove
2026-07-27 10:58:43,426 [inflora.py] => [InfLoRA] DualGPM threshold: 0.9750
2026-07-27 10:58:44,425 [inflora.py] => [InfLoRA] Layer 1: 31/768 type remove
2026-07-27 10:58:44,426 [inflora.py] => [InfLoRA] Layer 2: 18/768 type remove
2026-07-27 10:58:44,426 [inflora.py] => [InfLoRA] Layer 3: 30/768 type remove
2026-07-27 10:58:44,426 [inflora.py] => [InfLoRA] Layer 4: 29/768 type remove
2026-07-27 10:58:44,426 [inflora.py] => [InfLoRA] Layer 5: 44/768 type remove
2026-07-27 10:58:44,426 [inflora.py] => [InfLoRA] Layer 6: 64/768 type remove
2026-07-27 10:58:44,426 [inflora.py] => [InfLoRA] Layer 7: 79/768 type remove
2026-07-27 10:58:44,426 [inflora.py] => [InfLoRA] Layer 8: 127/768 type remove
2026-07-27 10:58:44,426 [inflora.py] => [InfLoRA] Layer 9: 239/768 type remove
2026-07-27 10:58:44,426 [inflora.py] => [InfLoRA] Layer 10: 361/768 type remove
2026-07-27 10:58:44,426 [inflora.py] => [InfLoRA] Layer 11: 298/768 type remove
2026-07-27 10:58:44,426 [inflora.py] => [InfLoRA] Layer 12: 240/768 type remove
2026-07-27 10:59:35,140 [inflora.py] => [InfLoRA] DualGPM threshold: 0.9750
2026-07-27 10:59:36,142 [inflora.py] => [InfLoRA] Layer 1: 31/768 type remove
2026-07-27 10:59:36,142 [inflora.py] => [InfLoRA] Layer 2: 18/768 type remove
2026-07-27 10:59:36,142 [inflora.py] => [InfLoRA] Layer 3: 30/768 type remove
2026-07-27 10:59:36,142 [inflora.py] => [InfLoRA] Layer 4: 29/768 type remove
2026-07-27 10:59:36,142 [inflora.py] => [InfLoRA] Layer 5: 45/768 type remove
2026-07-27 10:59:36,142 [inflora.py] => [InfLoRA] Layer 6: 65/768 type remove
2026-07-27 10:59:36,142 [inflora.py] => [InfLoRA] Layer 7: 80/768 type remove
2026-07-27 10:59:36,142 [inflora.py] => [InfLoRA] Layer 8: 127/768 type remove
2026-07-27 10:59:36,142 [inflora.py] => [InfLoRA] Layer 9: 239/768 type remove
2026-07-27 10:59:36,142 [inflora.py] => [InfLoRA] Layer 10: 361/768 type remove
2026-07-27 10:59:36,142 [inflora.py] => [InfLoRA] Layer 11: 298/768 type remove
2026-07-27 10:59:36,142 [inflora.py] => [InfLoRA] Layer 12: 241/768 type remove
2026-07-27 11:00:27,656 [inflora.py] => [InfLoRA] DualGPM threshold: 0.9750
2026-07-27 11:00:28,658 [inflora.py] => [InfLoRA] Layer 1: 31/768 type remove
2026-07-27 11:00:28,658 [inflora.py] => [InfLoRA] Layer 2: 18/768 type remove
2026-07-27 11:00:28,658 [inflora.py] => [InfLoRA] Layer 3: 30/768 type remove
2026-07-27 11:00:28,658 [inflora.py] => [InfLoRA] Layer 4: 30/768 type remove
2026-07-27 11:00:28,658 [inflora.py] => [InfLoRA] Layer 5: 46/768 type remove
2026-07-27 11:00:28,658 [inflora.py] => [InfLoRA] Layer 6: 67/768 type remove
2026-07-27 11:00:28,658 [inflora.py] => [InfLoRA] Layer 7: 82/768 type remove
2026-07-27 11:00:28,658 [inflora.py] => [InfLoRA] Layer 8: 129/768 type remove
2026-07-27 11:00:28,659 [inflora.py] => [InfLoRA] Layer 9: 240/768 type remove
2026-07-27 11:00:28,659 [inflora.py] => [InfLoRA] Layer 10: 362/768 type remove
2026-07-27 11:00:28,659 [inflora.py] => [InfLoRA] Layer 11: 299/768 type remove
2026-07-27 11:00:28,659 [inflora.py] => [InfLoRA] Layer 12: 245/768 type remove
2026-07-27 11:01:19,466 [inflora.py] => [InfLoRA] DualGPM threshold: 0.9750
2026-07-27 11:01:20,559 [inflora.py] => [InfLoRA] Layer 1: 31/768 type remove
2026-07-27 11:01:20,559 [inflora.py] => [InfLoRA] Layer 2: 18/768 type remove
2026-07-27 11:01:20,559 [inflora.py] => [InfLoRA] Layer 3: 31/768 type remove
2026-07-27 11:01:20,559 [inflora.py] => [InfLoRA] Layer 4: 31/768 type remove
2026-07-27 11:01:20,559 [inflora.py] => [InfLoRA] Layer 5: 48/768 type remove
2026-07-27 11:01:20,559 [inflora.py] => [InfLoRA] Layer 6: 71/768 type remove
2026-07-27 11:01:20,559 [inflora.py] => [InfLoRA] Layer 7: 85/768 type remove
2026-07-27 11:01:20,559 [inflora.py] => [InfLoRA] Layer 8: 132/768 type remove
2026-07-27 11:01:20,559 [inflora.py] => [InfLoRA] Layer 9: 243/768 type remove
2026-07-27 11:01:20,559 [inflora.py] => [InfLoRA] Layer 10: 364/768 type remove
2026-07-27 11:01:20,559 [inflora.py] => [InfLoRA] Layer 11: 302/768 type remove
2026-07-27 11:01:20,559 [inflora.py] => [InfLoRA] Layer 12: 251/768 type remove
2026-07-27 11:01:25,400 [bounded_memory_mixin.py] => [bounded_mem eval] volume 0.10 | cycle 24 | classes_seen 110 | CIL top1 77.77 | top5 95.06 | (nearest latent task ~10) | param_hash 90c3cb95f72af912 | per-task [75.88, 89.5, 40.1, 76.41, 90.5, 85.43, 88.0, 70.5, 74.0, 78.79, 85.86]
2026-07-27 11:02:18,185 [inflora.py] => [InfLoRA] DualGPM threshold: 0.9750
2026-07-27 11:02:19,188 [inflora.py] => [InfLoRA] Layer 1: 31/768 type remove
2026-07-27 11:02:19,188 [inflora.py] => [InfLoRA] Layer 2: 18/768 type remove
2026-07-27 11:02:19,188 [inflora.py] => [InfLoRA] Layer 3: 31/768 type remove
2026-07-27 11:02:19,188 [inflora.py] => [InfLoRA] Layer 4: 31/768 type remove
2026-07-27 11:02:19,188 [inflora.py] => [InfLoRA] Layer 5: 48/768 type remove
2026-07-27 11:02:19,188 [inflora.py] => [InfLoRA] Layer 6: 71/768 type remove
2026-07-27 11:02:19,188 [inflora.py] => [InfLoRA] Layer 7: 85/768 type remove
2026-07-27 11:02:19,188 [inflora.py] => [InfLoRA] Layer 8: 132/768 type remove
2026-07-27 11:02:19,188 [inflora.py] => [InfLoRA] Layer 9: 243/768 type remove
2026-07-27 11:02:19,188 [inflora.py] => [InfLoRA] Layer 10: 364/768 type remove
2026-07-27 11:02:19,188 [inflora.py] => [InfLoRA] Layer 11: 303/768 type remove
2026-07-27 11:02:19,188 [inflora.py] => [InfLoRA] Layer 12: 255/768 type remove
2026-07-27 11:03:09,475 [inflora.py] => [InfLoRA] DualGPM threshold: 0.9750
2026-07-27 11:03:10,477 [inflora.py] => [InfLoRA] Layer 1: 31/768 type remove
2026-07-27 11:03:10,477 [inflora.py] => [InfLoRA] Layer 2: 18/768 type remove
2026-07-27 11:03:10,477 [inflora.py] => [InfLoRA] Layer 3: 31/768 type remove
2026-07-27 11:03:10,477 [inflora.py] => [InfLoRA] Layer 4: 31/768 type remove
2026-07-27 11:03:10,477 [inflora.py] => [InfLoRA] Layer 5: 49/768 type remove
2026-07-27 11:03:10,477 [inflora.py] => [InfLoRA] Layer 6: 72/768 type remove
2026-07-27 11:03:10,477 [inflora.py] => [InfLoRA] Layer 7: 86/768 type remove
2026-07-27 11:03:10,477 [inflora.py] => [InfLoRA] Layer 8: 133/768 type remove
2026-07-27 11:03:10,477 [inflora.py] => [InfLoRA] Layer 9: 244/768 type remove
2026-07-27 11:03:10,477 [inflora.py] => [InfLoRA] Layer 10: 365/768 type remove
2026-07-27 11:03:10,477 [inflora.py] => [InfLoRA] Layer 11: 304/768 type remove
2026-07-27 11:03:10,477 [inflora.py] => [InfLoRA] Layer 12: 256/768 type remove
2026-07-27 11:04:01,749 [inflora.py] => [InfLoRA] DualGPM threshold: 0.9750
2026-07-27 11:04:02,987 [inflora.py] => [InfLoRA] Layer 1: 31/768 type remove
2026-07-27 11:04:02,987 [inflora.py] => [InfLoRA] Layer 2: 18/768 type remove
2026-07-27 11:04:02,987 [inflora.py] => [InfLoRA] Layer 3: 31/768 type remove
2026-07-27 11:04:02,987 [inflora.py] => [InfLoRA] Layer 4: 32/768 type remove
2026-07-27 11:04:02,987 [inflora.py] => [InfLoRA] Layer 5: 49/768 type remove
2026-07-27 11:04:02,987 [inflora.py] => [InfLoRA] Layer 6: 73/768 type remove
2026-07-27 11:04:02,987 [inflora.py] => [InfLoRA] Layer 7: 87/768 type remove
2026-07-27 11:04:02,987 [inflora.py] => [InfLoRA] Layer 8: 136/768 type remove
2026-07-27 11:04:02,987 [inflora.py] => [InfLoRA] Layer 9: 247/768 type remove
2026-07-27 11:04:02,987 [inflora.py] => [InfLoRA] Layer 10: 369/768 type remove
2026-07-27 11:04:02,987 [inflora.py] => [InfLoRA] Layer 11: 306/768 type remove
2026-07-27 11:04:02,987 [inflora.py] => [InfLoRA] Layer 12: 264/768 type remove
2026-07-27 11:04:54,707 [inflora.py] => [InfLoRA] DualGPM threshold: 0.9750
2026-07-27 11:04:55,873 [inflora.py] => [InfLoRA] Layer 1: 31/768 type remove
2026-07-27 11:04:55,873 [inflora.py] => [InfLoRA] Layer 2: 18/768 type remove
2026-07-27 11:04:55,873 [inflora.py] => [InfLoRA] Layer 3: 32/768 type remove
2026-07-27 11:04:55,873 [inflora.py] => [InfLoRA] Layer 4: 33/768 type remove
2026-07-27 11:04:55,873 [inflora.py] => [InfLoRA] Layer 5: 50/768 type remove
2026-07-27 11:04:55,873 [inflora.py] => [InfLoRA] Layer 6: 75/768 type remove
2026-07-27 11:04:55,873 [inflora.py] => [InfLoRA] Layer 7: 91/768 type remove
2026-07-27 11:04:55,873 [inflora.py] => [InfLoRA] Layer 8: 144/768 type remove
2026-07-27 11:04:55,873 [inflora.py] => [InfLoRA] Layer 9: 258/768 type remove
2026-07-27 11:04:55,873 [inflora.py] => [InfLoRA] Layer 10: 375/768 type remove
2026-07-27 11:04:55,873 [inflora.py] => [InfLoRA] Layer 11: 312/768 type remove
2026-07-27 11:04:55,873 [inflora.py] => [InfLoRA] Layer 12: 269/768 type remove
2026-07-27 11:05:46,547 [inflora.py] => [InfLoRA] DualGPM threshold: 0.9750
2026-07-27 11:05:47,730 [inflora.py] => [InfLoRA] Layer 1: 33/768 type remove
2026-07-27 11:05:47,731 [inflora.py] => [InfLoRA] Layer 2: 18/768 type remove
2026-07-27 11:05:47,731 [inflora.py] => [InfLoRA] Layer 3: 33/768 type remove
2026-07-27 11:05:47,731 [inflora.py] => [InfLoRA] Layer 4: 34/768 type remove
2026-07-27 11:05:47,731 [inflora.py] => [InfLoRA] Layer 5: 51/768 type remove
2026-07-27 11:05:47,731 [inflora.py] => [InfLoRA] Layer 6: 76/768 type remove
2026-07-27 11:05:47,731 [inflora.py] => [InfLoRA] Layer 7: 92/768 type remove
2026-07-27 11:05:47,731 [inflora.py] => [InfLoRA] Layer 8: 148/768 type remove
2026-07-27 11:05:47,731 [inflora.py] => [InfLoRA] Layer 9: 268/768 type remove
2026-07-27 11:05:47,753 [inflora.py] => [InfLoRA] Layer 10: 380/768 type retain
2026-07-27 11:05:47,753 [inflora.py] => [InfLoRA] Layer 11: 323/768 type remove
2026-07-27 11:05:47,753 [inflora.py] => [InfLoRA] Layer 12: 277/768 type remove
2026-07-27 11:06:37,786 [inflora.py] => [InfLoRA] DualGPM threshold: 0.9750
2026-07-27 11:06:39,101 [inflora.py] => [InfLoRA] Layer 1: 33/768 type remove
2026-07-27 11:06:39,101 [inflora.py] => [InfLoRA] Layer 2: 18/768 type remove
2026-07-27 11:06:39,101 [inflora.py] => [InfLoRA] Layer 3: 34/768 type remove
2026-07-27 11:06:39,101 [inflora.py] => [InfLoRA] Layer 4: 34/768 type remove
2026-07-27 11:06:39,101 [inflora.py] => [InfLoRA] Layer 5: 52/768 type remove
2026-07-27 11:06:39,101 [inflora.py] => [InfLoRA] Layer 6: 78/768 type remove
2026-07-27 11:06:39,101 [inflora.py] => [InfLoRA] Layer 7: 95/768 type remove
2026-07-27 11:06:39,101 [inflora.py] => [InfLoRA] Layer 8: 152/768 type remove
2026-07-27 11:06:39,101 [inflora.py] => [InfLoRA] Layer 9: 276/768 type remove
2026-07-27 11:06:39,101 [inflora.py] => [InfLoRA] Layer 10: 368/768 type retain
2026-07-27 11:06:39,101 [inflora.py] => [InfLoRA] Layer 11: 340/768 type remove
2026-07-27 11:06:39,101 [inflora.py] => [InfLoRA] Layer 12: 280/768 type remove
2026-07-27 11:07:29,347 [inflora.py] => [InfLoRA] DualGPM threshold: 0.9750
2026-07-27 11:07:30,566 [inflora.py] => [InfLoRA] Layer 1: 34/768 type remove
2026-07-27 11:07:30,567 [inflora.py] => [InfLoRA] Layer 2: 19/768 type remove
2026-07-27 11:07:30,567 [inflora.py] => [InfLoRA] Layer 3: 34/768 type remove
2026-07-27 11:07:30,567 [inflora.py] => [InfLoRA] Layer 4: 35/768 type remove
2026-07-27 11:07:30,567 [inflora.py] => [InfLoRA] Layer 5: 53/768 type remove
2026-07-27 11:07:30,567 [inflora.py] => [InfLoRA] Layer 6: 78/768 type remove
2026-07-27 11:07:30,567 [inflora.py] => [InfLoRA] Layer 7: 95/768 type remove
2026-07-27 11:07:30,567 [inflora.py] => [InfLoRA] Layer 8: 153/768 type remove
2026-07-27 11:07:30,567 [inflora.py] => [InfLoRA] Layer 9: 278/768 type remove
2026-07-27 11:07:30,567 [inflora.py] => [InfLoRA] Layer 10: 365/768 type retain
2026-07-27 11:07:30,567 [inflora.py] => [InfLoRA] Layer 11: 343/768 type remove
2026-07-27 11:07:30,567 [inflora.py] => [InfLoRA] Layer 12: 280/768 type remove
2026-07-27 11:08:23,937 [inflora.py] => [InfLoRA] DualGPM threshold: 0.9750
2026-07-27 11:08:25,139 [inflora.py] => [InfLoRA] Layer 1: 34/768 type remove
2026-07-27 11:08:25,139 [inflora.py] => [InfLoRA] Layer 2: 19/768 type remove
2026-07-27 11:08:25,139 [inflora.py] => [InfLoRA] Layer 3: 34/768 type remove
2026-07-27 11:08:25,139 [inflora.py] => [InfLoRA] Layer 4: 35/768 type remove
2026-07-27 11:08:25,139 [inflora.py] => [InfLoRA] Layer 5: 53/768 type remove
2026-07-27 11:08:25,139 [inflora.py] => [InfLoRA] Layer 6: 79/768 type remove
2026-07-27 11:08:25,139 [inflora.py] => [InfLoRA] Layer 7: 95/768 type remove
2026-07-27 11:08:25,139 [inflora.py] => [InfLoRA] Layer 8: 154/768 type remove
2026-07-27 11:08:25,139 [inflora.py] => [InfLoRA] Layer 9: 280/768 type remove
2026-07-27 11:08:25,139 [inflora.py] => [InfLoRA] Layer 10: 363/768 type retain
2026-07-27 11:08:25,140 [inflora.py] => [InfLoRA] Layer 11: 345/768 type remove
2026-07-27 11:08:25,140 [inflora.py] => [InfLoRA] Layer 12: 287/768 type remove
2026-07-27 11:09:17,930 [inflora.py] => [InfLoRA] DualGPM threshold: 0.9750
2026-07-27 11:09:19,183 [inflora.py] => [InfLoRA] Layer 1: 34/768 type remove
2026-07-27 11:09:19,183 [inflora.py] => [InfLoRA] Layer 2: 19/768 type remove
2026-07-27 11:09:19,183 [inflora.py] => [InfLoRA] Layer 3: 34/768 type remove
2026-07-27 11:09:19,183 [inflora.py] => [InfLoRA] Layer 4: 35/768 type remove
2026-07-27 11:09:19,183 [inflora.py] => [InfLoRA] Layer 5: 54/768 type remove
2026-07-27 11:09:19,183 [inflora.py] => [InfLoRA] Layer 6: 80/768 type remove
2026-07-27 11:09:19,183 [inflora.py] => [InfLoRA] Layer 7: 97/768 type remove
2026-07-27 11:09:19,183 [inflora.py] => [InfLoRA] Layer 8: 156/768 type remove
2026-07-27 11:09:19,183 [inflora.py] => [InfLoRA] Layer 9: 282/768 type remove
2026-07-27 11:09:19,184 [inflora.py] => [InfLoRA] Layer 10: 362/768 type retain
2026-07-27 11:09:19,184 [inflora.py] => [InfLoRA] Layer 11: 347/768 type remove
2026-07-27 11:09:19,184 [inflora.py] => [InfLoRA] Layer 12: 288/768 type remove
2026-07-27 11:10:11,487 [inflora.py] => [InfLoRA] DualGPM threshold: 0.9750
2026-07-27 11:10:12,731 [inflora.py] => [InfLoRA] Layer 1: 34/768 type remove
2026-07-27 11:10:12,731 [inflora.py] => [InfLoRA] Layer 2: 19/768 type remove
2026-07-27 11:10:12,731 [inflora.py] => [InfLoRA] Layer 3: 34/768 type remove
2026-07-27 11:10:12,731 [inflora.py] => [InfLoRA] Layer 4: 36/768 type remove
2026-07-27 11:10:12,731 [inflora.py] => [InfLoRA] Layer 5: 55/768 type remove
2026-07-27 11:10:12,731 [inflora.py] => [InfLoRA] Layer 6: 81/768 type remove
2026-07-27 11:10:12,731 [inflora.py] => [InfLoRA] Layer 7: 98/768 type remove
2026-07-27 11:10:12,731 [inflora.py] => [InfLoRA] Layer 8: 158/768 type remove
2026-07-27 11:10:12,731 [inflora.py] => [InfLoRA] Layer 9: 283/768 type remove
2026-07-27 11:10:12,731 [inflora.py] => [InfLoRA] Layer 10: 361/768 type retain
2026-07-27 11:10:12,731 [inflora.py] => [InfLoRA] Layer 11: 347/768 type remove
2026-07-27 11:10:12,731 [inflora.py] => [InfLoRA] Layer 12: 289/768 type remove
2026-07-27 11:11:04,253 [inflora.py] => [InfLoRA] DualGPM threshold: 0.9750
2026-07-27 11:11:05,529 [inflora.py] => [InfLoRA] Layer 1: 34/768 type remove
2026-07-27 11:11:05,529 [inflora.py] => [InfLoRA] Layer 2: 19/768 type remove
2026-07-27 11:11:05,529 [inflora.py] => [InfLoRA] Layer 3: 34/768 type remove
2026-07-27 11:11:05,529 [inflora.py] => [InfLoRA] Layer 4: 36/768 type remove
2026-07-27 11:11:05,529 [inflora.py] => [InfLoRA] Layer 5: 55/768 type remove
2026-07-27 11:11:05,529 [inflora.py] => [InfLoRA] Layer 6: 81/768 type remove
2026-07-27 11:11:05,529 [inflora.py] => [InfLoRA] Layer 7: 98/768 type remove
2026-07-27 11:11:05,529 [inflora.py] => [InfLoRA] Layer 8: 158/768 type remove
2026-07-27 11:11:05,529 [inflora.py] => [InfLoRA] Layer 9: 284/768 type remove
2026-07-27 11:11:05,530 [inflora.py] => [InfLoRA] Layer 10: 360/768 type retain
2026-07-27 11:11:05,530 [inflora.py] => [InfLoRA] Layer 11: 348/768 type remove
2026-07-27 11:11:05,530 [inflora.py] => [InfLoRA] Layer 12: 296/768 type remove
2026-07-27 11:11:58,138 [inflora.py] => [InfLoRA] DualGPM threshold: 0.9750
2026-07-27 11:11:59,382 [inflora.py] => [InfLoRA] Layer 1: 34/768 type remove
2026-07-27 11:11:59,382 [inflora.py] => [InfLoRA] Layer 2: 19/768 type remove
2026-07-27 11:11:59,382 [inflora.py] => [InfLoRA] Layer 3: 34/768 type remove
2026-07-27 11:11:59,382 [inflora.py] => [InfLoRA] Layer 4: 36/768 type remove
2026-07-27 11:11:59,382 [inflora.py] => [InfLoRA] Layer 5: 56/768 type remove
2026-07-27 11:11:59,382 [inflora.py] => [InfLoRA] Layer 6: 82/768 type remove
2026-07-27 11:11:59,382 [inflora.py] => [InfLoRA] Layer 7: 99/768 type remove
2026-07-27 11:11:59,382 [inflora.py] => [InfLoRA] Layer 8: 159/768 type remove
2026-07-27 11:11:59,382 [inflora.py] => [InfLoRA] Layer 9: 285/768 type remove
2026-07-27 11:11:59,382 [inflora.py] => [InfLoRA] Layer 10: 358/768 type retain
2026-07-27 11:11:59,382 [inflora.py] => [InfLoRA] Layer 11: 350/768 type remove
2026-07-27 11:11:59,382 [inflora.py] => [InfLoRA] Layer 12: 298/768 type remove
2026-07-27 11:12:50,629 [inflora.py] => [InfLoRA] DualGPM threshold: 0.9750
2026-07-27 11:12:51,894 [inflora.py] => [InfLoRA] Layer 1: 34/768 type remove
2026-07-27 11:12:51,894 [inflora.py] => [InfLoRA] Layer 2: 19/768 type remove
2026-07-27 11:12:51,894 [inflora.py] => [InfLoRA] Layer 3: 34/768 type remove
2026-07-27 11:12:51,894 [inflora.py] => [InfLoRA] Layer 4: 36/768 type remove
2026-07-27 11:12:51,894 [inflora.py] => [InfLoRA] Layer 5: 56/768 type remove
2026-07-27 11:12:51,894 [inflora.py] => [InfLoRA] Layer 6: 83/768 type remove
2026-07-27 11:12:51,894 [inflora.py] => [InfLoRA] Layer 7: 100/768 type remove
2026-07-27 11:12:51,894 [inflora.py] => [InfLoRA] Layer 8: 160/768 type remove
2026-07-27 11:12:51,894 [inflora.py] => [InfLoRA] Layer 9: 286/768 type remove
2026-07-27 11:12:51,894 [inflora.py] => [InfLoRA] Layer 10: 357/768 type retain
2026-07-27 11:12:51,894 [inflora.py] => [InfLoRA] Layer 11: 351/768 type remove
2026-07-27 11:12:51,894 [inflora.py] => [InfLoRA] Layer 12: 302/768 type remove
2026-07-27 11:13:42,511 [inflora.py] => [InfLoRA] DualGPM threshold: 0.9750
2026-07-27 11:13:43,790 [inflora.py] => [InfLoRA] Layer 1: 34/768 type remove
2026-07-27 11:13:43,790 [inflora.py] => [InfLoRA] Layer 2: 19/768 type remove
2026-07-27 11:13:43,790 [inflora.py] => [InfLoRA] Layer 3: 35/768 type remove
2026-07-27 11:13:43,790 [inflora.py] => [InfLoRA] Layer 4: 37/768 type remove
2026-07-27 11:13:43,790 [inflora.py] => [InfLoRA] Layer 5: 57/768 type remove
2026-07-27 11:13:43,790 [inflora.py] => [InfLoRA] Layer 6: 84/768 type remove
2026-07-27 11:13:43,790 [inflora.py] => [InfLoRA] Layer 7: 101/768 type remove
2026-07-27 11:13:43,790 [inflora.py] => [InfLoRA] Layer 8: 162/768 type remove
2026-07-27 11:13:43,790 [inflora.py] => [InfLoRA] Layer 9: 288/768 type remove
2026-07-27 11:13:43,790 [inflora.py] => [InfLoRA] Layer 10: 356/768 type retain
2026-07-27 11:13:43,790 [inflora.py] => [InfLoRA] Layer 11: 352/768 type remove
2026-07-27 11:13:43,790 [inflora.py] => [InfLoRA] Layer 12: 304/768 type remove
2026-07-27 11:14:34,196 [inflora.py] => [InfLoRA] DualGPM threshold: 0.9750
2026-07-27 11:14:35,479 [inflora.py] => [InfLoRA] Layer 1: 34/768 type remove
2026-07-27 11:14:35,479 [inflora.py] => [InfLoRA] Layer 2: 19/768 type remove
2026-07-27 11:14:35,479 [inflora.py] => [InfLoRA] Layer 3: 35/768 type remove
2026-07-27 11:14:35,479 [inflora.py] => [InfLoRA] Layer 4: 37/768 type remove
2026-07-27 11:14:35,479 [inflora.py] => [InfLoRA] Layer 5: 57/768 type remove
2026-07-27 11:14:35,479 [inflora.py] => [InfLoRA] Layer 6: 85/768 type remove
2026-07-27 11:14:35,479 [inflora.py] => [InfLoRA] Layer 7: 102/768 type remove
2026-07-27 11:14:35,479 [inflora.py] => [InfLoRA] Layer 8: 163/768 type remove
2026-07-27 11:14:35,479 [inflora.py] => [InfLoRA] Layer 9: 290/768 type remove
2026-07-27 11:14:35,479 [inflora.py] => [InfLoRA] Layer 10: 355/768 type retain
2026-07-27 11:14:35,479 [inflora.py] => [InfLoRA] Layer 11: 353/768 type remove
2026-07-27 11:14:35,479 [inflora.py] => [InfLoRA] Layer 12: 307/768 type remove
2026-07-27 11:15:26,799 [inflora.py] => [InfLoRA] DualGPM threshold: 0.9750
2026-07-27 11:15:28,035 [inflora.py] => [InfLoRA] Layer 1: 38/768 type remove
2026-07-27 11:15:28,035 [inflora.py] => [InfLoRA] Layer 2: 20/768 type remove
2026-07-27 11:15:28,035 [inflora.py] => [InfLoRA] Layer 3: 36/768 type remove
2026-07-27 11:15:28,035 [inflora.py] => [InfLoRA] Layer 4: 38/768 type remove
2026-07-27 11:15:28,035 [inflora.py] => [InfLoRA] Layer 5: 59/768 type remove
2026-07-27 11:15:28,035 [inflora.py] => [InfLoRA] Layer 6: 87/768 type remove
2026-07-27 11:15:28,035 [inflora.py] => [InfLoRA] Layer 7: 105/768 type remove
2026-07-27 11:15:28,035 [inflora.py] => [InfLoRA] Layer 8: 166/768 type remove
2026-07-27 11:15:28,036 [inflora.py] => [InfLoRA] Layer 9: 293/768 type remove
2026-07-27 11:15:28,036 [inflora.py] => [InfLoRA] Layer 10: 352/768 type retain
2026-07-27 11:15:28,036 [inflora.py] => [InfLoRA] Layer 11: 356/768 type remove
2026-07-27 11:15:28,036 [inflora.py] => [InfLoRA] Layer 12: 309/768 type remove
2026-07-27 11:16:20,026 [inflora.py] => [InfLoRA] DualGPM threshold: 0.9750
2026-07-27 11:16:21,290 [inflora.py] => [InfLoRA] Layer 1: 39/768 type remove
2026-07-27 11:16:21,290 [inflora.py] => [InfLoRA] Layer 2: 21/768 type remove
2026-07-27 11:16:21,290 [inflora.py] => [InfLoRA] Layer 3: 36/768 type remove
2026-07-27 11:16:21,290 [inflora.py] => [InfLoRA] Layer 4: 38/768 type remove
2026-07-27 11:16:21,290 [inflora.py] => [InfLoRA] Layer 5: 59/768 type remove
2026-07-27 11:16:21,290 [inflora.py] => [InfLoRA] Layer 6: 88/768 type remove
2026-07-27 11:16:21,290 [inflora.py] => [InfLoRA] Layer 7: 105/768 type remove
2026-07-27 11:16:21,290 [inflora.py] => [InfLoRA] Layer 8: 166/768 type remove
2026-07-27 11:16:21,290 [inflora.py] => [InfLoRA] Layer 9: 294/768 type remove
2026-07-27 11:16:21,290 [inflora.py] => [InfLoRA] Layer 10: 350/768 type retain
2026-07-27 11:16:21,290 [inflora.py] => [InfLoRA] Layer 11: 358/768 type remove
2026-07-27 11:16:21,290 [inflora.py] => [InfLoRA] Layer 12: 310/768 type remove
2026-07-27 11:17:12,326 [inflora.py] => [InfLoRA] DualGPM threshold: 0.9750
2026-07-27 11:17:13,532 [inflora.py] => [InfLoRA] Layer 1: 39/768 type remove
2026-07-27 11:17:13,532 [inflora.py] => [InfLoRA] Layer 2: 21/768 type remove
2026-07-27 11:17:13,532 [inflora.py] => [InfLoRA] Layer 3: 37/768 type remove
2026-07-27 11:17:13,532 [inflora.py] => [InfLoRA] Layer 4: 39/768 type remove
2026-07-27 11:17:13,532 [inflora.py] => [InfLoRA] Layer 5: 61/768 type remove
2026-07-27 11:17:13,532 [inflora.py] => [InfLoRA] Layer 6: 90/768 type remove
2026-07-27 11:17:13,532 [inflora.py] => [InfLoRA] Layer 7: 106/768 type remove
2026-07-27 11:17:13,532 [inflora.py] => [InfLoRA] Layer 8: 167/768 type remove
2026-07-27 11:17:13,532 [inflora.py] => [InfLoRA] Layer 9: 295/768 type remove
2026-07-27 11:17:13,532 [inflora.py] => [InfLoRA] Layer 10: 349/768 type retain
2026-07-27 11:17:13,532 [inflora.py] => [InfLoRA] Layer 11: 360/768 type remove
2026-07-27 11:17:13,532 [inflora.py] => [InfLoRA] Layer 12: 313/768 type remove
2026-07-27 11:18:04,876 [inflora.py] => [InfLoRA] DualGPM threshold: 0.9750
2026-07-27 11:18:05,962 [inflora.py] => [InfLoRA] Layer 1: 39/768 type remove
2026-07-27 11:18:05,962 [inflora.py] => [InfLoRA] Layer 2: 21/768 type remove
2026-07-27 11:18:05,962 [inflora.py] => [InfLoRA] Layer 3: 38/768 type remove
2026-07-27 11:18:05,962 [inflora.py] => [InfLoRA] Layer 4: 40/768 type remove
2026-07-27 11:18:05,962 [inflora.py] => [InfLoRA] Layer 5: 61/768 type remove
2026-07-27 11:18:05,962 [inflora.py] => [InfLoRA] Layer 6: 91/768 type remove
2026-07-27 11:18:05,962 [inflora.py] => [InfLoRA] Layer 7: 107/768 type remove
2026-07-27 11:18:05,962 [inflora.py] => [InfLoRA] Layer 8: 167/768 type remove
2026-07-27 11:18:05,962 [inflora.py] => [InfLoRA] Layer 9: 295/768 type remove
2026-07-27 11:18:05,962 [inflora.py] => [InfLoRA] Layer 10: 348/768 type retain
2026-07-27 11:18:05,962 [inflora.py] => [InfLoRA] Layer 11: 362/768 type remove
2026-07-27 11:18:05,962 [inflora.py] => [InfLoRA] Layer 12: 313/768 type remove
2026-07-27 11:18:59,694 [inflora.py] => [InfLoRA] DualGPM threshold: 0.9750
2026-07-27 11:19:00,878 [inflora.py] => [InfLoRA] Layer 1: 39/768 type remove
2026-07-27 11:19:00,879 [inflora.py] => [InfLoRA] Layer 2: 21/768 type remove
2026-07-27 11:19:00,879 [inflora.py] => [InfLoRA] Layer 3: 38/768 type remove
2026-07-27 11:19:00,879 [inflora.py] => [InfLoRA] Layer 4: 40/768 type remove
2026-07-27 11:19:00,879 [inflora.py] => [InfLoRA] Layer 5: 62/768 type remove
2026-07-27 11:19:00,879 [inflora.py] => [InfLoRA] Layer 6: 92/768 type remove
2026-07-27 11:19:00,879 [inflora.py] => [InfLoRA] Layer 7: 108/768 type remove
2026-07-27 11:19:00,879 [inflora.py] => [InfLoRA] Layer 8: 167/768 type remove
2026-07-27 11:19:00,879 [inflora.py] => [InfLoRA] Layer 9: 295/768 type remove
2026-07-27 11:19:00,879 [inflora.py] => [InfLoRA] Layer 10: 348/768 type retain
2026-07-27 11:19:00,879 [inflora.py] => [InfLoRA] Layer 11: 362/768 type remove
2026-07-27 11:19:00,879 [inflora.py] => [InfLoRA] Layer 12: 313/768 type remove
2026-07-27 11:19:52,868 [inflora.py] => [InfLoRA] DualGPM threshold: 0.9750
2026-07-27 11:19:53,960 [inflora.py] => [InfLoRA] Layer 1: 39/768 type remove
2026-07-27 11:19:53,960 [inflora.py] => [InfLoRA] Layer 2: 21/768 type remove
2026-07-27 11:19:53,960 [inflora.py] => [InfLoRA] Layer 3: 38/768 type remove
2026-07-27 11:19:53,960 [inflora.py] => [InfLoRA] Layer 4: 40/768 type remove
2026-07-27 11:19:53,960 [inflora.py] => [InfLoRA] Layer 5: 63/768 type remove
2026-07-27 11:19:53,960 [inflora.py] => [InfLoRA] Layer 6: 92/768 type remove
2026-07-27 11:19:53,960 [inflora.py] => [InfLoRA] Layer 7: 108/768 type remove
2026-07-27 11:19:53,960 [inflora.py] => [InfLoRA] Layer 8: 167/768 type remove
2026-07-27 11:19:53,960 [inflora.py] => [InfLoRA] Layer 9: 295/768 type remove
2026-07-27 11:19:53,960 [inflora.py] => [InfLoRA] Layer 10: 348/768 type retain
2026-07-27 11:19:53,960 [inflora.py] => [InfLoRA] Layer 11: 363/768 type remove
2026-07-27 11:19:53,960 [inflora.py] => [InfLoRA] Layer 12: 317/768 type remove
2026-07-27 11:20:46,403 [inflora.py] => [InfLoRA] DualGPM threshold: 0.9750
2026-07-27 11:20:47,562 [inflora.py] => [InfLoRA] Layer 1: 39/768 type remove
2026-07-27 11:20:47,562 [inflora.py] => [InfLoRA] Layer 2: 21/768 type remove
2026-07-27 11:20:47,562 [inflora.py] => [InfLoRA] Layer 3: 39/768 type remove
2026-07-27 11:20:47,562 [inflora.py] => [InfLoRA] Layer 4: 41/768 type remove
2026-07-27 11:20:47,562 [inflora.py] => [InfLoRA] Layer 5: 63/768 type remove
2026-07-27 11:20:47,562 [inflora.py] => [InfLoRA] Layer 6: 93/768 type remove
2026-07-27 11:20:47,562 [inflora.py] => [InfLoRA] Layer 7: 109/768 type remove
2026-07-27 11:20:47,562 [inflora.py] => [InfLoRA] Layer 8: 168/768 type remove
2026-07-27 11:20:47,562 [inflora.py] => [InfLoRA] Layer 9: 296/768 type remove
2026-07-27 11:20:47,562 [inflora.py] => [InfLoRA] Layer 10: 347/768 type retain
2026-07-27 11:20:47,562 [inflora.py] => [InfLoRA] Layer 11: 364/768 type remove
2026-07-27 11:20:47,562 [inflora.py] => [InfLoRA] Layer 12: 317/768 type remove
2026-07-27 11:21:39,590 [inflora.py] => [InfLoRA] DualGPM threshold: 0.9750
2026-07-27 11:21:40,842 [inflora.py] => [InfLoRA] Layer 1: 39/768 type remove
2026-07-27 11:21:40,843 [inflora.py] => [InfLoRA] Layer 2: 21/768 type remove
2026-07-27 11:21:40,843 [inflora.py] => [InfLoRA] Layer 3: 39/768 type remove
2026-07-27 11:21:40,843 [inflora.py] => [InfLoRA] Layer 4: 41/768 type remove
2026-07-27 11:21:40,843 [inflora.py] => [InfLoRA] Layer 5: 63/768 type remove
2026-07-27 11:21:40,843 [inflora.py] => [InfLoRA] Layer 6: 93/768 type remove
2026-07-27 11:21:40,843 [inflora.py] => [InfLoRA] Layer 7: 109/768 type remove
2026-07-27 11:21:40,843 [inflora.py] => [InfLoRA] Layer 8: 168/768 type remove
2026-07-27 11:21:40,843 [inflora.py] => [InfLoRA] Layer 9: 296/768 type remove
2026-07-27 11:21:40,843 [inflora.py] => [InfLoRA] Layer 10: 347/768 type retain
2026-07-27 11:21:40,843 [inflora.py] => [InfLoRA] Layer 11: 364/768 type remove
2026-07-27 11:21:40,843 [inflora.py] => [InfLoRA] Layer 12: 317/768 type remove
2026-07-27 11:22:33,264 [inflora.py] => [InfLoRA] DualGPM threshold: 0.9750
2026-07-27 11:22:34,371 [inflora.py] => [InfLoRA] Layer 1: 39/768 type remove
2026-07-27 11:22:34,371 [inflora.py] => [InfLoRA] Layer 2: 21/768 type remove
2026-07-27 11:22:34,371 [inflora.py] => [InfLoRA] Layer 3: 39/768 type remove
2026-07-27 11:22:34,371 [inflora.py] => [InfLoRA] Layer 4: 42/768 type remove
2026-07-27 11:22:34,371 [inflora.py] => [InfLoRA] Layer 5: 64/768 type remove
2026-07-27 11:22:34,371 [inflora.py] => [InfLoRA] Layer 6: 94/768 type remove
2026-07-27 11:22:34,371 [inflora.py] => [InfLoRA] Layer 7: 110/768 type remove
2026-07-27 11:22:34,371 [inflora.py] => [InfLoRA] Layer 8: 168/768 type remove
2026-07-27 11:22:34,371 [inflora.py] => [InfLoRA] Layer 9: 297/768 type remove
2026-07-27 11:22:34,371 [inflora.py] => [InfLoRA] Layer 10: 346/768 type retain
2026-07-27 11:22:34,371 [inflora.py] => [InfLoRA] Layer 11: 365/768 type remove
2026-07-27 11:22:34,371 [inflora.py] => [InfLoRA] Layer 12: 319/768 type remove
2026-07-27 11:22:41,215 [bounded_memory_mixin.py] => [bounded_mem eval] volume 0.20 | cycle 48 | classes_seen 210 | CIL top1 67.39 | top5 90.90 | (nearest latent task ~20) | param_hash f3869072429538c4 | per-task [68.84, 80.5, 39.59, 67.18, 86.5, 80.4, 82.5, 66.5, 60.0, 73.23, 69.19, 47.21, 78.0, 74.75, 64.5, 72.36, 61.31, 83.0, 60.0, 58.29, 40.7]
2026-07-27 11:23:32,501 [inflora.py] => [InfLoRA] DualGPM threshold: 0.9750
2026-07-27 11:23:33,595 [inflora.py] => [InfLoRA] Layer 1: 39/768 type remove
2026-07-27 11:23:33,595 [inflora.py] => [InfLoRA] Layer 2: 21/768 type remove
2026-07-27 11:23:33,595 [inflora.py] => [InfLoRA] Layer 3: 39/768 type remove
2026-07-27 11:23:33,595 [inflora.py] => [InfLoRA] Layer 4: 42/768 type remove
2026-07-27 11:23:33,595 [inflora.py] => [InfLoRA] Layer 5: 65/768 type remove
2026-07-27 11:23:33,595 [inflora.py] => [InfLoRA] Layer 6: 95/768 type remove
2026-07-27 11:23:33,595 [inflora.py] => [InfLoRA] Layer 7: 111/768 type remove
2026-07-27 11:23:33,595 [inflora.py] => [InfLoRA] Layer 8: 169/768 type remove
2026-07-27 11:23:33,595 [inflora.py] => [InfLoRA] Layer 9: 297/768 type remove
2026-07-27 11:23:33,595 [inflora.py] => [InfLoRA] Layer 10: 346/768 type retain
2026-07-27 11:23:33,595 [inflora.py] => [InfLoRA] Layer 11: 365/768 type remove
2026-07-27 11:23:33,595 [inflora.py] => [InfLoRA] Layer 12: 319/768 type remove
2026-07-27 11:24:26,108 [inflora.py] => [InfLoRA] DualGPM threshold: 0.9750
2026-07-27 11:24:27,221 [inflora.py] => [InfLoRA] Layer 1: 39/768 type remove
2026-07-27 11:24:27,221 [inflora.py] => [InfLoRA] Layer 2: 21/768 type remove
2026-07-27 11:24:27,221 [inflora.py] => [InfLoRA] Layer 3: 40/768 type remove
2026-07-27 11:24:27,221 [inflora.py] => [InfLoRA] Layer 4: 43/768 type remove
2026-07-27 11:24:27,221 [inflora.py] => [InfLoRA] Layer 5: 67/768 type remove
2026-07-27 11:24:27,221 [inflora.py] => [InfLoRA] Layer 6: 97/768 type remove
2026-07-27 11:24:27,221 [inflora.py] => [InfLoRA] Layer 7: 115/768 type remove
2026-07-27 11:24:27,221 [inflora.py] => [InfLoRA] Layer 8: 174/768 type remove
2026-07-27 11:24:27,221 [inflora.py] => [InfLoRA] Layer 9: 302/768 type remove
2026-07-27 11:24:27,221 [inflora.py] => [InfLoRA] Layer 10: 344/768 type retain
2026-07-27 11:24:27,221 [inflora.py] => [InfLoRA] Layer 11: 367/768 type remove
2026-07-27 11:24:27,221 [inflora.py] => [InfLoRA] Layer 12: 323/768 type remove
2026-07-27 11:25:18,758 [inflora.py] => [InfLoRA] DualGPM threshold: 0.9750
2026-07-27 11:25:19,897 [inflora.py] => [InfLoRA] Layer 1: 39/768 type remove
2026-07-27 11:25:19,897 [inflora.py] => [InfLoRA] Layer 2: 21/768 type remove
2026-07-27 11:25:19,897 [inflora.py] => [InfLoRA] Layer 3: 41/768 type remove
2026-07-27 11:25:19,897 [inflora.py] => [InfLoRA] Layer 4: 44/768 type remove
2026-07-27 11:25:19,897 [inflora.py] => [InfLoRA] Layer 5: 68/768 type remove
2026-07-27 11:25:19,897 [inflora.py] => [InfLoRA] Layer 6: 99/768 type remove
2026-07-27 11:25:19,897 [inflora.py] => [InfLoRA] Layer 7: 115/768 type remove
2026-07-27 11:25:19,897 [inflora.py] => [InfLoRA] Layer 8: 175/768 type remove
2026-07-27 11:25:19,897 [inflora.py] => [InfLoRA] Layer 9: 303/768 type remove
2026-07-27 11:25:19,897 [inflora.py] => [InfLoRA] Layer 10: 343/768 type retain
2026-07-27 11:25:19,897 [inflora.py] => [InfLoRA] Layer 11: 367/768 type remove
2026-07-27 11:25:19,897 [inflora.py] => [InfLoRA] Layer 12: 324/768 type remove
2026-07-27 11:26:11,445 [inflora.py] => [InfLoRA] DualGPM threshold: 0.9750
2026-07-27 11:26:12,537 [inflora.py] => [InfLoRA] Layer 1: 39/768 type remove
2026-07-27 11:26:12,537 [inflora.py] => [InfLoRA] Layer 2: 21/768 type remove
2026-07-27 11:26:12,537 [inflora.py] => [InfLoRA] Layer 3: 41/768 type remove
2026-07-27 11:26:12,537 [inflora.py] => [InfLoRA] Layer 4: 44/768 type remove
2026-07-27 11:26:12,537 [inflora.py] => [InfLoRA] Layer 5: 68/768 type remove
2026-07-27 11:26:12,537 [inflora.py] => [InfLoRA] Layer 6: 99/768 type remove
2026-07-27 11:26:12,537 [inflora.py] => [InfLoRA] Layer 7: 115/768 type remove
2026-07-27 11:26:12,537 [inflora.py] => [InfLoRA] Layer 8: 175/768 type remove
2026-07-27 11:26:12,537 [inflora.py] => [InfLoRA] Layer 9: 303/768 type remove
2026-07-27 11:26:12,537 [inflora.py] => [InfLoRA] Layer 10: 343/768 type retain
2026-07-27 11:26:12,537 [inflora.py] => [InfLoRA] Layer 11: 367/768 type remove
2026-07-27 11:26:12,537 [inflora.py] => [InfLoRA] Layer 12: 325/768 type remove
2026-07-27 11:27:03,352 [inflora.py] => [InfLoRA] DualGPM threshold: 0.9750
2026-07-27 11:27:04,678 [inflora.py] => [InfLoRA] Layer 1: 39/768 type remove
2026-07-27 11:27:04,678 [inflora.py] => [InfLoRA] Layer 2: 21/768 type remove
2026-07-27 11:27:04,678 [inflora.py] => [InfLoRA] Layer 3: 41/768 type remove
2026-07-27 11:27:04,678 [inflora.py] => [InfLoRA] Layer 4: 44/768 type remove
2026-07-27 11:27:04,678 [inflora.py] => [InfLoRA] Layer 5: 69/768 type remove
2026-07-27 11:27:04,678 [inflora.py] => [InfLoRA] Layer 6: 100/768 type remove
2026-07-27 11:27:04,678 [inflora.py] => [InfLoRA] Layer 7: 116/768 type remove
2026-07-27 11:27:04,678 [inflora.py] => [InfLoRA] Layer 8: 175/768 type remove
2026-07-27 11:27:04,678 [inflora.py] => [InfLoRA] Layer 9: 304/768 type remove
2026-07-27 11:27:04,678 [inflora.py] => [InfLoRA] Layer 10: 342/768 type retain
2026-07-27 11:27:04,678 [inflora.py] => [InfLoRA] Layer 11: 368/768 type remove
2026-07-27 11:27:04,678 [inflora.py] => [InfLoRA] Layer 12: 328/768 type remove
2026-07-27 11:27:55,861 [inflora.py] => [InfLoRA] DualGPM threshold: 0.9750
2026-07-27 11:27:56,936 [inflora.py] => [InfLoRA] Layer 1: 39/768 type remove
2026-07-27 11:27:56,936 [inflora.py] => [InfLoRA] Layer 2: 21/768 type remove
2026-07-27 11:27:56,936 [inflora.py] => [InfLoRA] Layer 3: 41/768 type remove
2026-07-27 11:27:56,936 [inflora.py] => [InfLoRA] Layer 4: 44/768 type remove
2026-07-27 11:27:56,936 [inflora.py] => [InfLoRA] Layer 5: 69/768 type remove
2026-07-27 11:27:56,936 [inflora.py] => [InfLoRA] Layer 6: 100/768 type remove
2026-07-27 11:27:56,936 [inflora.py] => [InfLoRA] Layer 7: 116/768 type remove
2026-07-27 11:27:56,936 [inflora.py] => [InfLoRA] Layer 8: 176/768 type remove
2026-07-27 11:27:56,936 [inflora.py] => [InfLoRA] Layer 9: 305/768 type remove
2026-07-27 11:27:56,936 [inflora.py] => [InfLoRA] Layer 10: 341/768 type retain
2026-07-27 11:27:56,936 [inflora.py] => [InfLoRA] Layer 11: 369/768 type remove
2026-07-27 11:27:56,936 [inflora.py] => [InfLoRA] Layer 12: 331/768 type remove
2026-07-27 11:28:48,850 [inflora.py] => [InfLoRA] DualGPM threshold: 0.9750
2026-07-27 11:28:50,137 [inflora.py] => [InfLoRA] Layer 1: 39/768 type remove
2026-07-27 11:28:50,138 [inflora.py] => [InfLoRA] Layer 2: 21/768 type remove
2026-07-27 11:28:50,138 [inflora.py] => [InfLoRA] Layer 3: 41/768 type remove
2026-07-27 11:28:50,138 [inflora.py] => [InfLoRA] Layer 4: 44/768 type remove
2026-07-27 11:28:50,138 [inflora.py] => [InfLoRA] Layer 5: 70/768 type remove
2026-07-27 11:28:50,138 [inflora.py] => [InfLoRA] Layer 6: 101/768 type remove
2026-07-27 11:28:50,138 [inflora.py] => [InfLoRA] Layer 7: 117/768 type remove
2026-07-27 11:28:50,138 [inflora.py] => [InfLoRA] Layer 8: 177/768 type remove
2026-07-27 11:28:50,138 [inflora.py] => [InfLoRA] Layer 9: 306/768 type remove
2026-07-27 11:28:50,138 [inflora.py] => [InfLoRA] Layer 10: 341/768 type retain
2026-07-27 11:28:50,138 [inflora.py] => [InfLoRA] Layer 11: 370/768 type remove
2026-07-27 11:28:50,138 [inflora.py] => [InfLoRA] Layer 12: 333/768 type remove
2026-07-27 11:29:41,937 [inflora.py] => [InfLoRA] DualGPM threshold: 0.9750
2026-07-27 11:29:43,182 [inflora.py] => [InfLoRA] Layer 1: 39/768 type remove
2026-07-27 11:29:43,182 [inflora.py] => [InfLoRA] Layer 2: 21/768 type remove
2026-07-27 11:29:43,182 [inflora.py] => [InfLoRA] Layer 3: 41/768 type remove
2026-07-27 11:29:43,182 [inflora.py] => [InfLoRA] Layer 4: 44/768 type remove
2026-07-27 11:29:43,182 [inflora.py] => [InfLoRA] Layer 5: 70/768 type remove
2026-07-27 11:29:43,182 [inflora.py] => [InfLoRA] Layer 6: 101/768 type remove
2026-07-27 11:29:43,182 [inflora.py] => [InfLoRA] Layer 7: 117/768 type remove
2026-07-27 11:29:43,182 [inflora.py] => [InfLoRA] Layer 8: 177/768 type remove
2026-07-27 11:29:43,182 [inflora.py] => [InfLoRA] Layer 9: 306/768 type remove
2026-07-27 11:29:43,182 [inflora.py] => [InfLoRA] Layer 10: 341/768 type retain
2026-07-27 11:29:43,182 [inflora.py] => [InfLoRA] Layer 11: 370/768 type remove
2026-07-27 11:29:43,182 [inflora.py] => [InfLoRA] Layer 12: 333/768 type remove
2026-07-27 11:30:33,328 [inflora.py] => [InfLoRA] DualGPM threshold: 0.9750
2026-07-27 11:30:34,465 [inflora.py] => [InfLoRA] Layer 1: 39/768 type remove
2026-07-27 11:30:34,465 [inflora.py] => [InfLoRA] Layer 2: 21/768 type remove
2026-07-27 11:30:34,465 [inflora.py] => [InfLoRA] Layer 3: 42/768 type remove
2026-07-27 11:30:34,465 [inflora.py] => [InfLoRA] Layer 4: 45/768 type remove
2026-07-27 11:30:34,465 [inflora.py] => [InfLoRA] Layer 5: 71/768 type remove
2026-07-27 11:30:34,465 [inflora.py] => [InfLoRA] Layer 6: 102/768 type remove
2026-07-27 11:30:34,465 [inflora.py] => [InfLoRA] Layer 7: 118/768 type remove
2026-07-27 11:30:34,465 [inflora.py] => [InfLoRA] Layer 8: 178/768 type remove
2026-07-27 11:30:34,465 [inflora.py] => [InfLoRA] Layer 9: 306/768 type remove
2026-07-27 11:30:34,465 [inflora.py] => [InfLoRA] Layer 10: 340/768 type retain
2026-07-27 11:30:34,465 [inflora.py] => [InfLoRA] Layer 11: 371/768 type remove
2026-07-27 11:30:34,465 [inflora.py] => [InfLoRA] Layer 12: 336/768 type remove
2026-07-27 11:31:26,564 [inflora.py] => [InfLoRA] DualGPM threshold: 0.9750
2026-07-27 11:31:27,652 [inflora.py] => [InfLoRA] Layer 1: 39/768 type remove
2026-07-27 11:31:27,653 [inflora.py] => [InfLoRA] Layer 2: 21/768 type remove
2026-07-27 11:31:27,653 [inflora.py] => [InfLoRA] Layer 3: 42/768 type remove
2026-07-27 11:31:27,653 [inflora.py] => [InfLoRA] Layer 4: 45/768 type remove
2026-07-27 11:31:27,653 [inflora.py] => [InfLoRA] Layer 5: 72/768 type remove
2026-07-27 11:31:27,653 [inflora.py] => [InfLoRA] Layer 6: 103/768 type remove
2026-07-27 11:31:27,653 [inflora.py] => [InfLoRA] Layer 7: 118/768 type remove
2026-07-27 11:31:27,653 [inflora.py] => [InfLoRA] Layer 8: 178/768 type remove
2026-07-27 11:31:27,653 [inflora.py] => [InfLoRA] Layer 9: 306/768 type remove
2026-07-27 11:31:27,653 [inflora.py] => [InfLoRA] Layer 10: 340/768 type retain
2026-07-27 11:31:27,653 [inflora.py] => [InfLoRA] Layer 11: 372/768 type remove
2026-07-27 11:31:27,653 [inflora.py] => [InfLoRA] Layer 12: 337/768 type remove
2026-07-27 11:32:19,371 [inflora.py] => [InfLoRA] DualGPM threshold: 0.9750
2026-07-27 11:32:20,671 [inflora.py] => [InfLoRA] Layer 1: 39/768 type remove
2026-07-27 11:32:20,671 [inflora.py] => [InfLoRA] Layer 2: 21/768 type remove
2026-07-27 11:32:20,671 [inflora.py] => [InfLoRA] Layer 3: 42/768 type remove
2026-07-27 11:32:20,671 [inflora.py] => [InfLoRA] Layer 4: 45/768 type remove
2026-07-27 11:32:20,671 [inflora.py] => [InfLoRA] Layer 5: 73/768 type remove
2026-07-27 11:32:20,671 [inflora.py] => [InfLoRA] Layer 6: 104/768 type remove
2026-07-27 11:32:20,671 [inflora.py] => [InfLoRA] Layer 7: 119/768 type remove
2026-07-27 11:32:20,671 [inflora.py] => [InfLoRA] Layer 8: 179/768 type remove
2026-07-27 11:32:20,671 [inflora.py] => [InfLoRA] Layer 9: 307/768 type remove
2026-07-27 11:32:20,671 [inflora.py] => [InfLoRA] Layer 10: 339/768 type retain
2026-07-27 11:32:20,671 [inflora.py] => [InfLoRA] Layer 11: 374/768 type remove
2026-07-27 11:32:20,671 [inflora.py] => [InfLoRA] Layer 12: 342/768 type remove
2026-07-27 11:33:14,280 [inflora.py] => [InfLoRA] DualGPM threshold: 0.9750
2026-07-27 11:33:15,575 [inflora.py] => [InfLoRA] Layer 1: 39/768 type remove
2026-07-27 11:33:15,575 [inflora.py] => [InfLoRA] Layer 2: 21/768 type remove
2026-07-27 11:33:15,575 [inflora.py] => [InfLoRA] Layer 3: 43/768 type remove
2026-07-27 11:33:15,575 [inflora.py] => [InfLoRA] Layer 4: 45/768 type remove
2026-07-27 11:33:15,575 [inflora.py] => [InfLoRA] Layer 5: 73/768 type remove
2026-07-27 11:33:15,575 [inflora.py] => [InfLoRA] Layer 6: 104/768 type remove
2026-07-27 11:33:15,575 [inflora.py] => [InfLoRA] Layer 7: 120/768 type remove
2026-07-27 11:33:15,575 [inflora.py] => [InfLoRA] Layer 8: 180/768 type remove
2026-07-27 11:33:15,575 [inflora.py] => [InfLoRA] Layer 9: 307/768 type remove
2026-07-27 11:33:15,575 [inflora.py] => [InfLoRA] Layer 10: 339/768 type retain
2026-07-27 11:33:15,575 [inflora.py] => [InfLoRA] Layer 11: 374/768 type remove
2026-07-27 11:33:15,575 [inflora.py] => [InfLoRA] Layer 12: 342/768 type remove
2026-07-27 11:34:07,145 [inflora.py] => [InfLoRA] DualGPM threshold: 0.9750
2026-07-27 11:34:08,430 [inflora.py] => [InfLoRA] Layer 1: 39/768 type remove
2026-07-27 11:34:08,430 [inflora.py] => [InfLoRA] Layer 2: 21/768 type remove
2026-07-27 11:34:08,430 [inflora.py] => [InfLoRA] Layer 3: 43/768 type remove
2026-07-27 11:34:08,430 [inflora.py] => [InfLoRA] Layer 4: 45/768 type remove
2026-07-27 11:34:08,430 [inflora.py] => [InfLoRA] Layer 5: 73/768 type remove
2026-07-27 11:34:08,430 [inflora.py] => [InfLoRA] Layer 6: 105/768 type remove
2026-07-27 11:34:08,430 [inflora.py] => [InfLoRA] Layer 7: 120/768 type remove
2026-07-27 11:34:08,430 [inflora.py] => [InfLoRA] Layer 8: 180/768 type remove
2026-07-27 11:34:08,430 [inflora.py] => [InfLoRA] Layer 9: 307/768 type remove
2026-07-27 11:34:08,430 [inflora.py] => [InfLoRA] Layer 10: 339/768 type retain
2026-07-27 11:34:08,430 [inflora.py] => [InfLoRA] Layer 11: 375/768 type remove
2026-07-27 11:34:08,430 [inflora.py] => [InfLoRA] Layer 12: 342/768 type remove
2026-07-27 11:34:58,550 [inflora.py] => [InfLoRA] DualGPM threshold: 0.9750
2026-07-27 11:34:59,680 [inflora.py] => [InfLoRA] Layer 1: 39/768 type remove
2026-07-27 11:34:59,680 [inflora.py] => [InfLoRA] Layer 2: 21/768 type remove
2026-07-27 11:34:59,680 [inflora.py] => [InfLoRA] Layer 3: 43/768 type remove
2026-07-27 11:34:59,680 [inflora.py] => [InfLoRA] Layer 4: 46/768 type remove
2026-07-27 11:34:59,680 [inflora.py] => [InfLoRA] Layer 5: 74/768 type remove
2026-07-27 11:34:59,680 [inflora.py] => [InfLoRA] Layer 6: 105/768 type remove
2026-07-27 11:34:59,680 [inflora.py] => [InfLoRA] Layer 7: 121/768 type remove
2026-07-27 11:34:59,680 [inflora.py] => [InfLoRA] Layer 8: 181/768 type remove
2026-07-27 11:34:59,680 [inflora.py] => [InfLoRA] Layer 9: 309/768 type remove
2026-07-27 11:34:59,680 [inflora.py] => [InfLoRA] Layer 10: 337/768 type retain
2026-07-27 11:34:59,680 [inflora.py] => [InfLoRA] Layer 11: 378/768 type remove
2026-07-27 11:34:59,680 [inflora.py] => [InfLoRA] Layer 12: 346/768 type remove
2026-07-27 11:35:49,844 [inflora.py] => [InfLoRA] DualGPM threshold: 0.9750
2026-07-27 11:35:51,091 [inflora.py] => [InfLoRA] Layer 1: 39/768 type remove
2026-07-27 11:35:51,091 [inflora.py] => [InfLoRA] Layer 2: 21/768 type remove
2026-07-27 11:35:51,091 [inflora.py] => [InfLoRA] Layer 3: 43/768 type remove
2026-07-27 11:35:51,091 [inflora.py] => [InfLoRA] Layer 4: 46/768 type remove
2026-07-27 11:35:51,091 [inflora.py] => [InfLoRA] Layer 5: 74/768 type remove
2026-07-27 11:35:51,091 [inflora.py] => [InfLoRA] Layer 6: 106/768 type remove
2026-07-27 11:35:51,091 [inflora.py] => [InfLoRA] Layer 7: 121/768 type remove
2026-07-27 11:35:51,091 [inflora.py] => [InfLoRA] Layer 8: 181/768 type remove
2026-07-27 11:35:51,091 [inflora.py] => [InfLoRA] Layer 9: 309/768 type remove
2026-07-27 11:35:51,091 [inflora.py] => [InfLoRA] Layer 10: 337/768 type retain
2026-07-27 11:35:51,091 [inflora.py] => [InfLoRA] Layer 11: 378/768 type remove
2026-07-27 11:35:51,091 [inflora.py] => [InfLoRA] Layer 12: 347/768 type remove
2026-07-27 11:36:41,730 [inflora.py] => [InfLoRA] DualGPM threshold: 0.9750
2026-07-27 11:36:42,990 [inflora.py] => [InfLoRA] Layer 1: 39/768 type remove
2026-07-27 11:36:42,991 [inflora.py] => [InfLoRA] Layer 2: 21/768 type remove
2026-07-27 11:36:42,991 [inflora.py] => [InfLoRA] Layer 3: 43/768 type remove
2026-07-27 11:36:42,991 [inflora.py] => [InfLoRA] Layer 4: 46/768 type remove
2026-07-27 11:36:42,991 [inflora.py] => [InfLoRA] Layer 5: 74/768 type remove
2026-07-27 11:36:42,991 [inflora.py] => [InfLoRA] Layer 6: 106/768 type remove
2026-07-27 11:36:42,991 [inflora.py] => [InfLoRA] Layer 7: 121/768 type remove
2026-07-27 11:36:42,991 [inflora.py] => [InfLoRA] Layer 8: 181/768 type remove
2026-07-27 11:36:42,991 [inflora.py] => [InfLoRA] Layer 9: 309/768 type remove
2026-07-27 11:36:42,991 [inflora.py] => [InfLoRA] Layer 10: 337/768 type retain
2026-07-27 11:36:42,991 [inflora.py] => [InfLoRA] Layer 11: 378/768 type remove
2026-07-27 11:36:42,991 [inflora.py] => [InfLoRA] Layer 12: 349/768 type remove
2026-07-27 11:37:35,418 [inflora.py] => [InfLoRA] DualGPM threshold: 0.9750
2026-07-27 11:37:36,628 [inflora.py] => [InfLoRA] Layer 1: 39/768 type remove
2026-07-27 11:37:36,628 [inflora.py] => [InfLoRA] Layer 2: 21/768 type remove
2026-07-27 11:37:36,628 [inflora.py] => [InfLoRA] Layer 3: 43/768 type remove
2026-07-27 11:37:36,628 [inflora.py] => [InfLoRA] Layer 4: 46/768 type remove
2026-07-27 11:37:36,628 [inflora.py] => [InfLoRA] Layer 5: 75/768 type remove
2026-07-27 11:37:36,628 [inflora.py] => [InfLoRA] Layer 6: 107/768 type remove
2026-07-27 11:37:36,628 [inflora.py] => [InfLoRA] Layer 7: 122/768 type remove
2026-07-27 11:37:36,628 [inflora.py] => [InfLoRA] Layer 8: 182/768 type remove
2026-07-27 11:37:36,628 [inflora.py] => [InfLoRA] Layer 9: 310/768 type remove
2026-07-27 11:37:36,628 [inflora.py] => [InfLoRA] Layer 10: 336/768 type retain
2026-07-27 11:37:36,628 [inflora.py] => [InfLoRA] Layer 11: 380/768 type remove
2026-07-27 11:37:36,628 [inflora.py] => [InfLoRA] Layer 12: 350/768 type remove
2026-07-27 11:38:28,468 [inflora.py] => [InfLoRA] DualGPM threshold: 0.9750
2026-07-27 11:38:29,532 [inflora.py] => [InfLoRA] Layer 1: 39/768 type remove
2026-07-27 11:38:29,532 [inflora.py] => [InfLoRA] Layer 2: 21/768 type remove
2026-07-27 11:38:29,532 [inflora.py] => [InfLoRA] Layer 3: 44/768 type remove
2026-07-27 11:38:29,532 [inflora.py] => [InfLoRA] Layer 4: 46/768 type remove
2026-07-27 11:38:29,532 [inflora.py] => [InfLoRA] Layer 5: 75/768 type remove
2026-07-27 11:38:29,532 [inflora.py] => [InfLoRA] Layer 6: 107/768 type remove
2026-07-27 11:38:29,532 [inflora.py] => [InfLoRA] Layer 7: 122/768 type remove
2026-07-27 11:38:29,532 [inflora.py] => [InfLoRA] Layer 8: 182/768 type remove
2026-07-27 11:38:29,532 [inflora.py] => [InfLoRA] Layer 9: 310/768 type remove
2026-07-27 11:38:29,532 [inflora.py] => [InfLoRA] Layer 10: 336/768 type retain
2026-07-27 11:38:29,532 [inflora.py] => [InfLoRA] Layer 11: 380/768 type remove
2026-07-27 11:38:29,532 [inflora.py] => [InfLoRA] Layer 12: 350/768 type remove
2026-07-27 11:39:20,824 [inflora.py] => [InfLoRA] DualGPM threshold: 0.9750
2026-07-27 11:39:22,077 [inflora.py] => [InfLoRA] Layer 1: 39/768 type remove
2026-07-27 11:39:22,077 [inflora.py] => [InfLoRA] Layer 2: 21/768 type remove
2026-07-27 11:39:22,077 [inflora.py] => [InfLoRA] Layer 3: 44/768 type remove
2026-07-27 11:39:22,077 [inflora.py] => [InfLoRA] Layer 4: 47/768 type remove
2026-07-27 11:39:22,077 [inflora.py] => [InfLoRA] Layer 5: 76/768 type remove
2026-07-27 11:39:22,077 [inflora.py] => [InfLoRA] Layer 6: 108/768 type remove
2026-07-27 11:39:22,077 [inflora.py] => [InfLoRA] Layer 7: 123/768 type remove
2026-07-27 11:39:22,077 [inflora.py] => [InfLoRA] Layer 8: 184/768 type remove
2026-07-27 11:39:22,077 [inflora.py] => [InfLoRA] Layer 9: 312/768 type remove
2026-07-27 11:39:22,077 [inflora.py] => [InfLoRA] Layer 10: 334/768 type retain
2026-07-27 11:39:22,077 [inflora.py] => [InfLoRA] Layer 11: 382/768 type remove
2026-07-27 11:39:22,077 [inflora.py] => [InfLoRA] Layer 12: 354/768 type remove
2026-07-27 11:40:14,591 [inflora.py] => [InfLoRA] DualGPM threshold: 0.9750
2026-07-27 11:40:15,912 [inflora.py] => [InfLoRA] Layer 1: 39/768 type remove
2026-07-27 11:40:15,912 [inflora.py] => [InfLoRA] Layer 2: 21/768 type remove
2026-07-27 11:40:15,913 [inflora.py] => [InfLoRA] Layer 3: 44/768 type remove
2026-07-27 11:40:15,913 [inflora.py] => [InfLoRA] Layer 4: 47/768 type remove
2026-07-27 11:40:15,913 [inflora.py] => [InfLoRA] Layer 5: 76/768 type remove
2026-07-27 11:40:15,913 [inflora.py] => [InfLoRA] Layer 6: 108/768 type remove
2026-07-27 11:40:15,913 [inflora.py] => [InfLoRA] Layer 7: 123/768 type remove
2026-07-27 11:40:15,913 [inflora.py] => [InfLoRA] Layer 8: 184/768 type remove
2026-07-27 11:40:15,913 [inflora.py] => [InfLoRA] Layer 9: 313/768 type remove
2026-07-27 11:40:15,913 [inflora.py] => [InfLoRA] Layer 10: 333/768 type retain
2026-07-27 11:40:15,913 [inflora.py] => [InfLoRA] Layer 11: 383/768 type remove
2026-07-27 11:40:15,913 [inflora.py] => [InfLoRA] Layer 12: 354/768 type remove
2026-07-27 11:41:06,379 [inflora.py] => [InfLoRA] DualGPM threshold: 0.9750
2026-07-27 11:41:07,621 [inflora.py] => [InfLoRA] Layer 1: 39/768 type remove
2026-07-27 11:41:07,621 [inflora.py] => [InfLoRA] Layer 2: 21/768 type remove
2026-07-27 11:41:07,621 [inflora.py] => [InfLoRA] Layer 3: 44/768 type remove
2026-07-27 11:41:07,621 [inflora.py] => [InfLoRA] Layer 4: 48/768 type remove
2026-07-27 11:41:07,621 [inflora.py] => [InfLoRA] Layer 5: 77/768 type remove
2026-07-27 11:41:07,621 [inflora.py] => [InfLoRA] Layer 6: 109/768 type remove
2026-07-27 11:41:07,621 [inflora.py] => [InfLoRA] Layer 7: 124/768 type remove
2026-07-27 11:41:07,621 [inflora.py] => [InfLoRA] Layer 8: 185/768 type remove
2026-07-27 11:41:07,621 [inflora.py] => [InfLoRA] Layer 9: 313/768 type remove
2026-07-27 11:41:07,621 [inflora.py] => [InfLoRA] Layer 10: 333/768 type retain
2026-07-27 11:41:07,621 [inflora.py] => [InfLoRA] Layer 11: 383/768 type remove
2026-07-27 11:41:07,621 [inflora.py] => [InfLoRA] Layer 12: 355/768 type remove
2026-07-27 11:41:58,997 [inflora.py] => [InfLoRA] DualGPM threshold: 0.9750
2026-07-27 11:42:00,296 [inflora.py] => [InfLoRA] Layer 1: 39/768 type remove
2026-07-27 11:42:00,296 [inflora.py] => [InfLoRA] Layer 2: 21/768 type remove
2026-07-27 11:42:00,296 [inflora.py] => [InfLoRA] Layer 3: 44/768 type remove
2026-07-27 11:42:00,296 [inflora.py] => [InfLoRA] Layer 4: 48/768 type remove
2026-07-27 11:42:00,296 [inflora.py] => [InfLoRA] Layer 5: 77/768 type remove
2026-07-27 11:42:00,296 [inflora.py] => [InfLoRA] Layer 6: 109/768 type remove
2026-07-27 11:42:00,296 [inflora.py] => [InfLoRA] Layer 7: 125/768 type remove
2026-07-27 11:42:00,297 [inflora.py] => [InfLoRA] Layer 8: 185/768 type remove
2026-07-27 11:42:00,297 [inflora.py] => [InfLoRA] Layer 9: 313/768 type remove
2026-07-27 11:42:00,297 [inflora.py] => [InfLoRA] Layer 10: 333/768 type retain
2026-07-27 11:42:00,297 [inflora.py] => [InfLoRA] Layer 11: 383/768 type remove
2026-07-27 11:42:00,297 [inflora.py] => [InfLoRA] Layer 12: 355/768 type remove
2026-07-27 11:42:50,911 [inflora.py] => [InfLoRA] DualGPM threshold: 0.9750
2026-07-27 11:42:52,169 [inflora.py] => [InfLoRA] Layer 1: 39/768 type remove
2026-07-27 11:42:52,169 [inflora.py] => [InfLoRA] Layer 2: 21/768 type remove
2026-07-27 11:42:52,169 [inflora.py] => [InfLoRA] Layer 3: 44/768 type remove
2026-07-27 11:42:52,169 [inflora.py] => [InfLoRA] Layer 4: 48/768 type remove
2026-07-27 11:42:52,169 [inflora.py] => [InfLoRA] Layer 5: 77/768 type remove
2026-07-27 11:42:52,169 [inflora.py] => [InfLoRA] Layer 6: 109/768 type remove
2026-07-27 11:42:52,169 [inflora.py] => [InfLoRA] Layer 7: 125/768 type remove
2026-07-27 11:42:52,169 [inflora.py] => [InfLoRA] Layer 8: 185/768 type remove
2026-07-27 11:42:52,169 [inflora.py] => [InfLoRA] Layer 9: 313/768 type remove
2026-07-27 11:42:52,169 [inflora.py] => [InfLoRA] Layer 10: 333/768 type retain
2026-07-27 11:42:52,169 [inflora.py] => [InfLoRA] Layer 11: 383/768 type remove
2026-07-27 11:42:52,169 [inflora.py] => [InfLoRA] Layer 12: 356/768 type remove
2026-07-27 11:43:43,234 [inflora.py] => [InfLoRA] DualGPM threshold: 0.9750
2026-07-27 11:43:44,477 [inflora.py] => [InfLoRA] Layer 1: 39/768 type remove
2026-07-27 11:43:44,477 [inflora.py] => [InfLoRA] Layer 2: 21/768 type remove
2026-07-27 11:43:44,477 [inflora.py] => [InfLoRA] Layer 3: 44/768 type remove
2026-07-27 11:43:44,477 [inflora.py] => [InfLoRA] Layer 4: 48/768 type remove
2026-07-27 11:43:44,477 [inflora.py] => [InfLoRA] Layer 5: 78/768 type remove
2026-07-27 11:43:44,477 [inflora.py] => [InfLoRA] Layer 6: 110/768 type remove
2026-07-27 11:43:44,477 [inflora.py] => [InfLoRA] Layer 7: 125/768 type remove
2026-07-27 11:43:44,477 [inflora.py] => [InfLoRA] Layer 8: 185/768 type remove
2026-07-27 11:43:44,477 [inflora.py] => [InfLoRA] Layer 9: 314/768 type remove
2026-07-27 11:43:44,477 [inflora.py] => [InfLoRA] Layer 10: 332/768 type retain
2026-07-27 11:43:44,477 [inflora.py] => [InfLoRA] Layer 11: 384/768 type remove
2026-07-27 11:43:44,477 [inflora.py] => [InfLoRA] Layer 12: 358/768 type remove
2026-07-27 11:43:54,416 [bounded_memory_mixin.py] => [bounded_mem eval] volume 0.30 | cycle 72 | classes_seen 310 | CIL top1 61.48 | top5 87.82 | (nearest latent task ~30) | param_hash 95ac2496a95b8c99 | per-task [50.75, 76.0, 37.56, 62.56, 84.5, 78.39, 79.5, 53.0, 55.5, 65.15, 58.08, 43.15, 72.5, 62.12, 62.0, 64.32, 60.3, 76.5, 50.0, 56.78, 54.27, 64.5, 62.44, 67.01, 37.5, 72.73, 56.28, 76.5, 60.91, 46.5, 58.0]
2026-07-27 11:44:47,691 [inflora.py] => [InfLoRA] DualGPM threshold: 0.9750
2026-07-27 11:44:48,978 [inflora.py] => [InfLoRA] Layer 1: 39/768 type remove
2026-07-27 11:44:48,978 [inflora.py] => [InfLoRA] Layer 2: 21/768 type remove
2026-07-27 11:44:48,978 [inflora.py] => [InfLoRA] Layer 3: 44/768 type remove
2026-07-27 11:44:48,978 [inflora.py] => [InfLoRA] Layer 4: 48/768 type remove
2026-07-27 11:44:48,978 [inflora.py] => [InfLoRA] Layer 5: 78/768 type remove
2026-07-27 11:44:48,978 [inflora.py] => [InfLoRA] Layer 6: 110/768 type remove
2026-07-27 11:44:48,978 [inflora.py] => [InfLoRA] Layer 7: 126/768 type remove
2026-07-27 11:44:48,978 [inflora.py] => [InfLoRA] Layer 8: 186/768 type remove
2026-07-27 11:44:48,978 [inflora.py] => [InfLoRA] Layer 9: 314/768 type remove
2026-07-27 11:44:48,978 [inflora.py] => [InfLoRA] Layer 10: 332/768 type retain
2026-07-27 11:44:48,978 [inflora.py] => [InfLoRA] Layer 11: 384/768 type remove
2026-07-27 11:44:48,978 [inflora.py] => [InfLoRA] Layer 12: 358/768 type remove
2026-07-27 11:45:39,991 [inflora.py] => [InfLoRA] DualGPM threshold: 0.9750
2026-07-27 11:45:41,239 [inflora.py] => [InfLoRA] Layer 1: 39/768 type remove
2026-07-27 11:45:41,239 [inflora.py] => [InfLoRA] Layer 2: 21/768 type remove
2026-07-27 11:45:41,239 [inflora.py] => [InfLoRA] Layer 3: 46/768 type remove
2026-07-27 11:45:41,239 [inflora.py] => [InfLoRA] Layer 4: 49/768 type remove
2026-07-27 11:45:41,239 [inflora.py] => [InfLoRA] Layer 5: 79/768 type remove
2026-07-27 11:45:41,239 [inflora.py] => [InfLoRA] Layer 6: 111/768 type remove
2026-07-27 11:45:41,239 [inflora.py] => [InfLoRA] Layer 7: 127/768 type remove
2026-07-27 11:45:41,239 [inflora.py] => [InfLoRA] Layer 8: 189/768 type remove
2026-07-27 11:45:41,239 [inflora.py] => [InfLoRA] Layer 9: 318/768 type remove
2026-07-27 11:45:41,239 [inflora.py] => [InfLoRA] Layer 10: 328/768 type retain
2026-07-27 11:45:41,256 [inflora.py] => [InfLoRA] Layer 11: 380/768 type retain
2026-07-27 11:45:41,256 [inflora.py] => [InfLoRA] Layer 12: 362/768 type remove
2026-07-27 11:46:33,148 [inflora.py] => [InfLoRA] DualGPM threshold: 0.9750
2026-07-27 11:46:34,487 [inflora.py] => [InfLoRA] Layer 1: 39/768 type remove
2026-07-27 11:46:34,487 [inflora.py] => [InfLoRA] Layer 2: 21/768 type remove
2026-07-27 11:46:34,487 [inflora.py] => [InfLoRA] Layer 3: 46/768 type remove
2026-07-27 11:46:34,487 [inflora.py] => [InfLoRA] Layer 4: 49/768 type remove
2026-07-27 11:46:34,487 [inflora.py] => [InfLoRA] Layer 5: 80/768 type remove
2026-07-27 11:46:34,487 [inflora.py] => [InfLoRA] Layer 6: 112/768 type remove
2026-07-27 11:46:34,487 [inflora.py] => [InfLoRA] Layer 7: 127/768 type remove
2026-07-27 11:46:34,487 [inflora.py] => [InfLoRA] Layer 8: 189/768 type remove
2026-07-27 11:46:34,487 [inflora.py] => [InfLoRA] Layer 9: 318/768 type remove
2026-07-27 11:46:34,487 [inflora.py] => [InfLoRA] Layer 10: 327/768 type retain
2026-07-27 11:46:34,487 [inflora.py] => [InfLoRA] Layer 11: 379/768 type retain
2026-07-27 11:46:34,487 [inflora.py] => [InfLoRA] Layer 12: 363/768 type remove
2026-07-27 11:47:26,557 [inflora.py] => [InfLoRA] DualGPM threshold: 0.9750
2026-07-27 11:47:27,769 [inflora.py] => [InfLoRA] Layer 1: 39/768 type remove
2026-07-27 11:47:27,769 [inflora.py] => [InfLoRA] Layer 2: 21/768 type remove
2026-07-27 11:47:27,769 [inflora.py] => [InfLoRA] Layer 3: 47/768 type remove
2026-07-27 11:47:27,769 [inflora.py] => [InfLoRA] Layer 4: 51/768 type remove
2026-07-27 11:47:27,769 [inflora.py] => [InfLoRA] Layer 5: 81/768 type remove
2026-07-27 11:47:27,769 [inflora.py] => [InfLoRA] Layer 6: 114/768 type remove
2026-07-27 11:47:27,769 [inflora.py] => [InfLoRA] Layer 7: 129/768 type remove
2026-07-27 11:47:27,769 [inflora.py] => [InfLoRA] Layer 8: 192/768 type remove
2026-07-27 11:47:27,769 [inflora.py] => [InfLoRA] Layer 9: 322/768 type remove
2026-07-27 11:47:27,769 [inflora.py] => [InfLoRA] Layer 10: 325/768 type retain
2026-07-27 11:47:27,769 [inflora.py] => [InfLoRA] Layer 11: 377/768 type retain
2026-07-27 11:47:27,769 [inflora.py] => [InfLoRA] Layer 12: 366/768 type remove
2026-07-27 11:48:21,144 [inflora.py] => [InfLoRA] DualGPM threshold: 0.9750
2026-07-27 11:48:22,363 [inflora.py] => [InfLoRA] Layer 1: 39/768 type remove
2026-07-27 11:48:22,364 [inflora.py] => [InfLoRA] Layer 2: 21/768 type remove
2026-07-27 11:48:22,364 [inflora.py] => [InfLoRA] Layer 3: 47/768 type remove
2026-07-27 11:48:22,364 [inflora.py] => [InfLoRA] Layer 4: 51/768 type remove
2026-07-27 11:48:22,364 [inflora.py] => [InfLoRA] Layer 5: 82/768 type remove
2026-07-27 11:48:22,364 [inflora.py] => [InfLoRA] Layer 6: 115/768 type remove
2026-07-27 11:48:22,364 [inflora.py] => [InfLoRA] Layer 7: 130/768 type remove
2026-07-27 11:48:22,364 [inflora.py] => [InfLoRA] Layer 8: 194/768 type remove
2026-07-27 11:48:22,364 [inflora.py] => [InfLoRA] Layer 9: 324/768 type remove
2026-07-27 11:48:22,364 [inflora.py] => [InfLoRA] Layer 10: 324/768 type retain
2026-07-27 11:48:22,364 [inflora.py] => [InfLoRA] Layer 11: 377/768 type retain
2026-07-27 11:48:22,364 [inflora.py] => [InfLoRA] Layer 12: 367/768 type remove
2026-07-27 11:49:12,425 [inflora.py] => [InfLoRA] DualGPM threshold: 0.9750
2026-07-27 11:49:13,630 [inflora.py] => [InfLoRA] Layer 1: 39/768 type remove
2026-07-27 11:49:13,630 [inflora.py] => [InfLoRA] Layer 2: 21/768 type remove
2026-07-27 11:49:13,630 [inflora.py] => [InfLoRA] Layer 3: 47/768 type remove
2026-07-27 11:49:13,630 [inflora.py] => [InfLoRA] Layer 4: 51/768 type remove
2026-07-27 11:49:13,630 [inflora.py] => [InfLoRA] Layer 5: 83/768 type remove
2026-07-27 11:49:13,630 [inflora.py] => [InfLoRA] Layer 6: 116/768 type remove
2026-07-27 11:49:13,630 [inflora.py] => [InfLoRA] Layer 7: 130/768 type remove
2026-07-27 11:49:13,630 [inflora.py] => [InfLoRA] Layer 8: 194/768 type remove
2026-07-27 11:49:13,630 [inflora.py] => [InfLoRA] Layer 9: 324/768 type remove
2026-07-27 11:49:13,630 [inflora.py] => [InfLoRA] Layer 10: 324/768 type retain
2026-07-27 11:49:13,630 [inflora.py] => [InfLoRA] Layer 11: 377/768 type retain
2026-07-27 11:49:13,630 [inflora.py] => [InfLoRA] Layer 12: 367/768 type remove
2026-07-27 11:50:04,405 [inflora.py] => [InfLoRA] DualGPM threshold: 0.9750
2026-07-27 11:50:05,735 [inflora.py] => [InfLoRA] Layer 1: 39/768 type remove
2026-07-27 11:50:05,735 [inflora.py] => [InfLoRA] Layer 2: 21/768 type remove
2026-07-27 11:50:05,735 [inflora.py] => [InfLoRA] Layer 3: 47/768 type remove
2026-07-27 11:50:05,735 [inflora.py] => [InfLoRA] Layer 4: 51/768 type remove
2026-07-27 11:50:05,735 [inflora.py] => [InfLoRA] Layer 5: 83/768 type remove
2026-07-27 11:50:05,735 [inflora.py] => [InfLoRA] Layer 6: 117/768 type remove
2026-07-27 11:50:05,735 [inflora.py] => [InfLoRA] Layer 7: 131/768 type remove
2026-07-27 11:50:05,735 [inflora.py] => [InfLoRA] Layer 8: 194/768 type remove
2026-07-27 11:50:05,735 [inflora.py] => [InfLoRA] Layer 9: 325/768 type remove
2026-07-27 11:50:05,735 [inflora.py] => [InfLoRA] Layer 10: 323/768 type retain
2026-07-27 11:50:05,735 [inflora.py] => [InfLoRA] Layer 11: 376/768 type retain
2026-07-27 11:50:05,735 [inflora.py] => [InfLoRA] Layer 12: 370/768 type remove
2026-07-27 11:50:58,279 [inflora.py] => [InfLoRA] DualGPM threshold: 0.9750
2026-07-27 11:50:59,567 [inflora.py] => [InfLoRA] Layer 1: 39/768 type remove
2026-07-27 11:50:59,567 [inflora.py] => [InfLoRA] Layer 2: 21/768 type remove
2026-07-27 11:50:59,567 [inflora.py] => [InfLoRA] Layer 3: 47/768 type remove
2026-07-27 11:50:59,567 [inflora.py] => [InfLoRA] Layer 4: 52/768 type remove
2026-07-27 11:50:59,567 [inflora.py] => [InfLoRA] Layer 5: 83/768 type remove
2026-07-27 11:50:59,567 [inflora.py] => [InfLoRA] Layer 6: 117/768 type remove
2026-07-27 11:50:59,567 [inflora.py] => [InfLoRA] Layer 7: 131/768 type remove
2026-07-27 11:50:59,567 [inflora.py] => [InfLoRA] Layer 8: 194/768 type remove
2026-07-27 11:50:59,567 [inflora.py] => [InfLoRA] Layer 9: 325/768 type remove
2026-07-27 11:50:59,567 [inflora.py] => [InfLoRA] Layer 10: 323/768 type retain
2026-07-27 11:50:59,567 [inflora.py] => [InfLoRA] Layer 11: 376/768 type retain
2026-07-27 11:50:59,567 [inflora.py] => [InfLoRA] Layer 12: 370/768 type remove
2026-07-27 11:51:50,484 [inflora.py] => [InfLoRA] DualGPM threshold: 0.9750
2026-07-27 11:51:51,721 [inflora.py] => [InfLoRA] Layer 1: 39/768 type remove
2026-07-27 11:51:51,721 [inflora.py] => [InfLoRA] Layer 2: 21/768 type remove
2026-07-27 11:51:51,721 [inflora.py] => [InfLoRA] Layer 3: 47/768 type remove
2026-07-27 11:51:51,721 [inflora.py] => [InfLoRA] Layer 4: 52/768 type remove
2026-07-27 11:51:51,721 [inflora.py] => [InfLoRA] Layer 5: 83/768 type remove
2026-07-27 11:51:51,722 [inflora.py] => [InfLoRA] Layer 6: 117/768 type remove
2026-07-27 11:51:51,722 [inflora.py] => [InfLoRA] Layer 7: 131/768 type remove
2026-07-27 11:51:51,722 [inflora.py] => [InfLoRA] Layer 8: 194/768 type remove
2026-07-27 11:51:51,722 [inflora.py] => [InfLoRA] Layer 9: 325/768 type remove
2026-07-27 11:51:51,722 [inflora.py] => [InfLoRA] Layer 10: 323/768 type retain
2026-07-27 11:51:51,722 [inflora.py] => [InfLoRA] Layer 11: 376/768 type retain
2026-07-27 11:51:51,722 [inflora.py] => [InfLoRA] Layer 12: 371/768 type remove
2026-07-27 11:52:41,866 [inflora.py] => [InfLoRA] DualGPM threshold: 0.9750
2026-07-27 11:52:43,206 [inflora.py] => [InfLoRA] Layer 1: 39/768 type remove
2026-07-27 11:52:43,206 [inflora.py] => [InfLoRA] Layer 2: 21/768 type remove
2026-07-27 11:52:43,206 [inflora.py] => [InfLoRA] Layer 3: 47/768 type remove
2026-07-27 11:52:43,206 [inflora.py] => [InfLoRA] Layer 4: 52/768 type remove
2026-07-27 11:52:43,206 [inflora.py] => [InfLoRA] Layer 5: 84/768 type remove
2026-07-27 11:52:43,206 [inflora.py] => [InfLoRA] Layer 6: 118/768 type remove
2026-07-27 11:52:43,206 [inflora.py] => [InfLoRA] Layer 7: 132/768 type remove
2026-07-27 11:52:43,206 [inflora.py] => [InfLoRA] Layer 8: 195/768 type remove
2026-07-27 11:52:43,206 [inflora.py] => [InfLoRA] Layer 9: 326/768 type remove
2026-07-27 11:52:43,206 [inflora.py] => [InfLoRA] Layer 10: 322/768 type retain
2026-07-27 11:52:43,206 [inflora.py] => [InfLoRA] Layer 11: 375/768 type retain
2026-07-27 11:52:43,206 [inflora.py] => [InfLoRA] Layer 12: 371/768 type remove
2026-07-27 11:53:33,068 [inflora.py] => [InfLoRA] DualGPM threshold: 0.9750
2026-07-27 11:53:34,388 [inflora.py] => [InfLoRA] Layer 1: 39/768 type remove
2026-07-27 11:53:34,388 [inflora.py] => [InfLoRA] Layer 2: 21/768 type remove
2026-07-27 11:53:34,388 [inflora.py] => [InfLoRA] Layer 3: 47/768 type remove
2026-07-27 11:53:34,388 [inflora.py] => [InfLoRA] Layer 4: 52/768 type remove
2026-07-27 11:53:34,388 [inflora.py] => [InfLoRA] Layer 5: 84/768 type remove
2026-07-27 11:53:34,388 [inflora.py] => [InfLoRA] Layer 6: 119/768 type remove
2026-07-27 11:53:34,388 [inflora.py] => [InfLoRA] Layer 7: 133/768 type remove
2026-07-27 11:53:34,388 [inflora.py] => [InfLoRA] Layer 8: 196/768 type remove
2026-07-27 11:53:34,388 [inflora.py] => [InfLoRA] Layer 9: 326/768 type remove
2026-07-27 11:53:34,388 [inflora.py] => [InfLoRA] Layer 10: 322/768 type retain
2026-07-27 11:53:34,388 [inflora.py] => [InfLoRA] Layer 11: 375/768 type retain
2026-07-27 11:53:34,388 [inflora.py] => [InfLoRA] Layer 12: 373/768 type remove
2026-07-27 11:54:24,413 [inflora.py] => [InfLoRA] DualGPM threshold: 0.9750
2026-07-27 11:54:25,783 [inflora.py] => [InfLoRA] Layer 1: 39/768 type remove
2026-07-27 11:54:25,783 [inflora.py] => [InfLoRA] Layer 2: 21/768 type remove
2026-07-27 11:54:25,783 [inflora.py] => [InfLoRA] Layer 3: 48/768 type remove
2026-07-27 11:54:25,783 [inflora.py] => [InfLoRA] Layer 4: 53/768 type remove
2026-07-27 11:54:25,783 [inflora.py] => [InfLoRA] Layer 5: 85/768 type remove
2026-07-27 11:54:25,783 [inflora.py] => [InfLoRA] Layer 6: 120/768 type remove
2026-07-27 11:54:25,784 [inflora.py] => [InfLoRA] Layer 7: 135/768 type remove
2026-07-27 11:54:25,784 [inflora.py] => [InfLoRA] Layer 8: 198/768 type remove
2026-07-27 11:54:25,784 [inflora.py] => [InfLoRA] Layer 9: 328/768 type remove
2026-07-27 11:54:25,784 [inflora.py] => [InfLoRA] Layer 10: 320/768 type retain
2026-07-27 11:54:25,784 [inflora.py] => [InfLoRA] Layer 11: 372/768 type retain
2026-07-27 11:54:25,784 [inflora.py] => [InfLoRA] Layer 12: 375/768 type remove
2026-07-27 11:55:17,957 [inflora.py] => [InfLoRA] DualGPM threshold: 0.9750
2026-07-27 11:55:19,074 [inflora.py] => [InfLoRA] Layer 1: 39/768 type remove
2026-07-27 11:55:19,074 [inflora.py] => [InfLoRA] Layer 2: 21/768 type remove
2026-07-27 11:55:19,074 [inflora.py] => [InfLoRA] Layer 3: 48/768 type remove
2026-07-27 11:55:19,074 [inflora.py] => [InfLoRA] Layer 4: 53/768 type remove
2026-07-27 11:55:19,074 [inflora.py] => [InfLoRA] Layer 5: 85/768 type remove
2026-07-27 11:55:19,074 [inflora.py] => [InfLoRA] Layer 6: 120/768 type remove
2026-07-27 11:55:19,074 [inflora.py] => [InfLoRA] Layer 7: 135/768 type remove
2026-07-27 11:55:19,074 [inflora.py] => [InfLoRA] Layer 8: 198/768 type remove
2026-07-27 11:55:19,074 [inflora.py] => [InfLoRA] Layer 9: 328/768 type remove
2026-07-27 11:55:19,074 [inflora.py] => [InfLoRA] Layer 10: 319/768 type retain
2026-07-27 11:55:19,074 [inflora.py] => [InfLoRA] Layer 11: 372/768 type retain
2026-07-27 11:55:19,074 [inflora.py] => [InfLoRA] Layer 12: 376/768 type remove
2026-07-27 11:56:12,202 [inflora.py] => [InfLoRA] DualGPM threshold: 0.9750
2026-07-27 11:56:13,373 [inflora.py] => [InfLoRA] Layer 1: 39/768 type remove
2026-07-27 11:56:13,373 [inflora.py] => [InfLoRA] Layer 2: 21/768 type remove
2026-07-27 11:56:13,373 [inflora.py] => [InfLoRA] Layer 3: 48/768 type remove
2026-07-27 11:56:13,373 [inflora.py] => [InfLoRA] Layer 4: 53/768 type remove
2026-07-27 11:56:13,373 [inflora.py] => [InfLoRA] Layer 5: 85/768 type remove
2026-07-27 11:56:13,373 [inflora.py] => [InfLoRA] Layer 6: 121/768 type remove
2026-07-27 11:56:13,373 [inflora.py] => [InfLoRA] Layer 7: 136/768 type remove
2026-07-27 11:56:13,373 [inflora.py] => [InfLoRA] Layer 8: 199/768 type remove
2026-07-27 11:56:13,373 [inflora.py] => [InfLoRA] Layer 9: 329/768 type remove
2026-07-27 11:56:13,373 [inflora.py] => [InfLoRA] Layer 10: 318/768 type retain
2026-07-27 11:56:13,373 [inflora.py] => [InfLoRA] Layer 11: 370/768 type retain
2026-07-27 11:56:13,374 [inflora.py] => [InfLoRA] Layer 12: 379/768 type remove
2026-07-27 11:57:05,916 [inflora.py] => [InfLoRA] DualGPM threshold: 0.9750
2026-07-27 11:57:07,220 [inflora.py] => [InfLoRA] Layer 1: 39/768 type remove
2026-07-27 11:57:07,221 [inflora.py] => [InfLoRA] Layer 2: 21/768 type remove
2026-07-27 11:57:07,221 [inflora.py] => [InfLoRA] Layer 3: 48/768 type remove
2026-07-27 11:57:07,221 [inflora.py] => [InfLoRA] Layer 4: 53/768 type remove
2026-07-27 11:57:07,221 [inflora.py] => [InfLoRA] Layer 5: 85/768 type remove
2026-07-27 11:57:07,221 [inflora.py] => [InfLoRA] Layer 6: 121/768 type remove
2026-07-27 11:57:07,221 [inflora.py] => [InfLoRA] Layer 7: 136/768 type remove
2026-07-27 11:57:07,221 [inflora.py] => [InfLoRA] Layer 8: 199/768 type remove
2026-07-27 11:57:07,221 [inflora.py] => [InfLoRA] Layer 9: 331/768 type remove
2026-07-27 11:57:07,221 [inflora.py] => [InfLoRA] Layer 10: 317/768 type retain
2026-07-27 11:57:07,221 [inflora.py] => [InfLoRA] Layer 11: 369/768 type retain
2026-07-27 11:57:07,221 [inflora.py] => [InfLoRA] Layer 12: 380/768 type remove
2026-07-27 11:57:58,253 [inflora.py] => [InfLoRA] DualGPM threshold: 0.9750
2026-07-27 11:57:59,575 [inflora.py] => [InfLoRA] Layer 1: 39/768 type remove
2026-07-27 11:57:59,575 [inflora.py] => [InfLoRA] Layer 2: 21/768 type remove
2026-07-27 11:57:59,575 [inflora.py] => [InfLoRA] Layer 3: 48/768 type remove
2026-07-27 11:57:59,575 [inflora.py] => [InfLoRA] Layer 4: 53/768 type remove
2026-07-27 11:57:59,576 [inflora.py] => [InfLoRA] Layer 5: 86/768 type remove
2026-07-27 11:57:59,576 [inflora.py] => [InfLoRA] Layer 6: 122/768 type remove
2026-07-27 11:57:59,576 [inflora.py] => [InfLoRA] Layer 7: 137/768 type remove
2026-07-27 11:57:59,576 [inflora.py] => [InfLoRA] Layer 8: 200/768 type remove
2026-07-27 11:57:59,576 [inflora.py] => [InfLoRA] Layer 9: 331/768 type remove
2026-07-27 11:57:59,576 [inflora.py] => [InfLoRA] Layer 10: 316/768 type retain
2026-07-27 11:57:59,576 [inflora.py] => [InfLoRA] Layer 11: 368/768 type retain
2026-07-27 11:57:59,576 [inflora.py] => [InfLoRA] Layer 12: 381/768 type remove
2026-07-27 11:58:50,295 [inflora.py] => [InfLoRA] DualGPM threshold: 0.9750
2026-07-27 11:58:51,735 [inflora.py] => [InfLoRA] Layer 1: 39/768 type remove
2026-07-27 11:58:51,735 [inflora.py] => [InfLoRA] Layer 2: 21/768 type remove
2026-07-27 11:58:51,735 [inflora.py] => [InfLoRA] Layer 3: 48/768 type remove
2026-07-27 11:58:51,735 [inflora.py] => [InfLoRA] Layer 4: 54/768 type remove
2026-07-27 11:58:51,735 [inflora.py] => [InfLoRA] Layer 5: 86/768 type remove
2026-07-27 11:58:51,735 [inflora.py] => [InfLoRA] Layer 6: 123/768 type remove
2026-07-27 11:58:51,735 [inflora.py] => [InfLoRA] Layer 7: 138/768 type remove
2026-07-27 11:58:51,735 [inflora.py] => [InfLoRA] Layer 8: 200/768 type remove
2026-07-27 11:58:51,735 [inflora.py] => [InfLoRA] Layer 9: 332/768 type remove
2026-07-27 11:58:51,735 [inflora.py] => [InfLoRA] Layer 10: 315/768 type retain
2026-07-27 11:58:51,735 [inflora.py] => [InfLoRA] Layer 11: 367/768 type retain
2026-07-27 11:58:51,735 [inflora.py] => [InfLoRA] Layer 12: 382/768 type remove
2026-07-27 11:59:44,033 [inflora.py] => [InfLoRA] DualGPM threshold: 0.9750
2026-07-27 11:59:45,397 [inflora.py] => [InfLoRA] Layer 1: 39/768 type remove
2026-07-27 11:59:45,397 [inflora.py] => [InfLoRA] Layer 2: 21/768 type remove
2026-07-27 11:59:45,397 [inflora.py] => [InfLoRA] Layer 3: 48/768 type remove
2026-07-27 11:59:45,397 [inflora.py] => [InfLoRA] Layer 4: 54/768 type remove
2026-07-27 11:59:45,397 [inflora.py] => [InfLoRA] Layer 5: 87/768 type remove
2026-07-27 11:59:45,397 [inflora.py] => [InfLoRA] Layer 6: 124/768 type remove
2026-07-27 11:59:45,397 [inflora.py] => [InfLoRA] Layer 7: 138/768 type remove
2026-07-27 11:59:45,397 [inflora.py] => [InfLoRA] Layer 8: 201/768 type remove
2026-07-27 11:59:45,397 [inflora.py] => [InfLoRA] Layer 9: 333/768 type remove
2026-07-27 11:59:45,397 [inflora.py] => [InfLoRA] Layer 10: 314/768 type retain
2026-07-27 11:59:45,397 [inflora.py] => [InfLoRA] Layer 11: 366/768 type retain
2026-07-27 11:59:45,414 [inflora.py] => [InfLoRA] Layer 12: 383/768 type retain
2026-07-27 12:00:38,121 [inflora.py] => [InfLoRA] DualGPM threshold: 0.9750
2026-07-27 12:00:39,437 [inflora.py] => [InfLoRA] Layer 1: 39/768 type remove
2026-07-27 12:00:39,437 [inflora.py] => [InfLoRA] Layer 2: 21/768 type remove
2026-07-27 12:00:39,437 [inflora.py] => [InfLoRA] Layer 3: 49/768 type remove
2026-07-27 12:00:39,437 [inflora.py] => [InfLoRA] Layer 4: 54/768 type remove
2026-07-27 12:00:39,437 [inflora.py] => [InfLoRA] Layer 5: 87/768 type remove
2026-07-27 12:00:39,437 [inflora.py] => [InfLoRA] Layer 6: 124/768 type remove
2026-07-27 12:00:39,437 [inflora.py] => [InfLoRA] Layer 7: 139/768 type remove
2026-07-27 12:00:39,437 [inflora.py] => [InfLoRA] Layer 8: 203/768 type remove
2026-07-27 12:00:39,437 [inflora.py] => [InfLoRA] Layer 9: 334/768 type remove
2026-07-27 12:00:39,437 [inflora.py] => [InfLoRA] Layer 10: 314/768 type retain
2026-07-27 12:00:39,437 [inflora.py] => [InfLoRA] Layer 11: 366/768 type retain
2026-07-27 12:00:39,437 [inflora.py] => [InfLoRA] Layer 12: 382/768 type retain
2026-07-27 12:01:30,872 [inflora.py] => [InfLoRA] DualGPM threshold: 0.9750
2026-07-27 12:01:32,213 [inflora.py] => [InfLoRA] Layer 1: 39/768 type remove
2026-07-27 12:01:32,213 [inflora.py] => [InfLoRA] Layer 2: 21/768 type remove
2026-07-27 12:01:32,213 [inflora.py] => [InfLoRA] Layer 3: 49/768 type remove
2026-07-27 12:01:32,213 [inflora.py] => [InfLoRA] Layer 4: 54/768 type remove
2026-07-27 12:01:32,213 [inflora.py] => [InfLoRA] Layer 5: 88/768 type remove
2026-07-27 12:01:32,213 [inflora.py] => [InfLoRA] Layer 6: 124/768 type remove
2026-07-27 12:01:32,213 [inflora.py] => [InfLoRA] Layer 7: 139/768 type remove
2026-07-27 12:01:32,213 [inflora.py] => [InfLoRA] Layer 8: 203/768 type remove
2026-07-27 12:01:32,213 [inflora.py] => [InfLoRA] Layer 9: 334/768 type remove
2026-07-27 12:01:32,213 [inflora.py] => [InfLoRA] Layer 10: 314/768 type retain
2026-07-27 12:01:32,213 [inflora.py] => [InfLoRA] Layer 11: 366/768 type retain
2026-07-27 12:01:32,213 [inflora.py] => [InfLoRA] Layer 12: 382/768 type retain
2026-07-27 12:02:22,256 [inflora.py] => [InfLoRA] DualGPM threshold: 0.9750
2026-07-27 12:02:23,453 [inflora.py] => [InfLoRA] Layer 1: 39/768 type remove
2026-07-27 12:02:23,453 [inflora.py] => [InfLoRA] Layer 2: 21/768 type remove
2026-07-27 12:02:23,453 [inflora.py] => [InfLoRA] Layer 3: 50/768 type remove
2026-07-27 12:02:23,453 [inflora.py] => [InfLoRA] Layer 4: 55/768 type remove
2026-07-27 12:02:23,453 [inflora.py] => [InfLoRA] Layer 5: 89/768 type remove
2026-07-27 12:02:23,453 [inflora.py] => [InfLoRA] Layer 6: 125/768 type remove
2026-07-27 12:02:23,453 [inflora.py] => [InfLoRA] Layer 7: 140/768 type remove
2026-07-27 12:02:23,453 [inflora.py] => [InfLoRA] Layer 8: 204/768 type remove
2026-07-27 12:02:23,453 [inflora.py] => [InfLoRA] Layer 9: 334/768 type remove
2026-07-27 12:02:23,453 [inflora.py] => [InfLoRA] Layer 10: 314/768 type retain
2026-07-27 12:02:23,453 [inflora.py] => [InfLoRA] Layer 11: 365/768 type retain
2026-07-27 12:02:23,453 [inflora.py] => [InfLoRA] Layer 12: 381/768 type retain
2026-07-27 12:03:15,748 [inflora.py] => [InfLoRA] DualGPM threshold: 0.9750
2026-07-27 12:03:16,962 [inflora.py] => [InfLoRA] Layer 1: 39/768 type remove
2026-07-27 12:03:16,962 [inflora.py] => [InfLoRA] Layer 2: 21/768 type remove
2026-07-27 12:03:16,962 [inflora.py] => [InfLoRA] Layer 3: 50/768 type remove
2026-07-27 12:03:16,962 [inflora.py] => [InfLoRA] Layer 4: 55/768 type remove
2026-07-27 12:03:16,962 [inflora.py] => [InfLoRA] Layer 5: 89/768 type remove
2026-07-27 12:03:16,962 [inflora.py] => [InfLoRA] Layer 6: 125/768 type remove
2026-07-27 12:03:16,962 [inflora.py] => [InfLoRA] Layer 7: 140/768 type remove
2026-07-27 12:03:16,963 [inflora.py] => [InfLoRA] Layer 8: 204/768 type remove
2026-07-27 12:03:16,963 [inflora.py] => [InfLoRA] Layer 9: 334/768 type remove
2026-07-27 12:03:16,963 [inflora.py] => [InfLoRA] Layer 10: 314/768 type retain
2026-07-27 12:03:16,963 [inflora.py] => [InfLoRA] Layer 11: 365/768 type retain
2026-07-27 12:03:16,963 [inflora.py] => [InfLoRA] Layer 12: 381/768 type retain
2026-07-27 12:04:08,394 [inflora.py] => [InfLoRA] DualGPM threshold: 0.9750
2026-07-27 12:04:09,778 [inflora.py] => [InfLoRA] Layer 1: 39/768 type remove
2026-07-27 12:04:09,778 [inflora.py] => [InfLoRA] Layer 2: 21/768 type remove
2026-07-27 12:04:09,778 [inflora.py] => [InfLoRA] Layer 3: 50/768 type remove
2026-07-27 12:04:09,779 [inflora.py] => [InfLoRA] Layer 4: 55/768 type remove
2026-07-27 12:04:09,779 [inflora.py] => [InfLoRA] Layer 5: 90/768 type remove
2026-07-27 12:04:09,779 [inflora.py] => [InfLoRA] Layer 6: 126/768 type remove
2026-07-27 12:04:09,779 [inflora.py] => [InfLoRA] Layer 7: 140/768 type remove
2026-07-27 12:04:09,779 [inflora.py] => [InfLoRA] Layer 8: 204/768 type remove
2026-07-27 12:04:09,779 [inflora.py] => [InfLoRA] Layer 9: 334/768 type remove
2026-07-27 12:04:09,779 [inflora.py] => [InfLoRA] Layer 10: 314/768 type retain
2026-07-27 12:04:09,779 [inflora.py] => [InfLoRA] Layer 11: 365/768 type retain
2026-07-27 12:04:09,779 [inflora.py] => [InfLoRA] Layer 12: 381/768 type retain
2026-07-27 12:05:00,399 [inflora.py] => [InfLoRA] DualGPM threshold: 0.9750
2026-07-27 12:05:01,792 [inflora.py] => [InfLoRA] Layer 1: 39/768 type remove
2026-07-27 12:05:01,792 [inflora.py] => [InfLoRA] Layer 2: 21/768 type remove
2026-07-27 12:05:01,792 [inflora.py] => [InfLoRA] Layer 3: 50/768 type remove
2026-07-27 12:05:01,792 [inflora.py] => [InfLoRA] Layer 4: 55/768 type remove
2026-07-27 12:05:01,792 [inflora.py] => [InfLoRA] Layer 5: 90/768 type remove
2026-07-27 12:05:01,792 [inflora.py] => [InfLoRA] Layer 6: 126/768 type remove
2026-07-27 12:05:01,792 [inflora.py] => [InfLoRA] Layer 7: 140/768 type remove
2026-07-27 12:05:01,792 [inflora.py] => [InfLoRA] Layer 8: 204/768 type remove
2026-07-27 12:05:01,792 [inflora.py] => [InfLoRA] Layer 9: 334/768 type remove
2026-07-27 12:05:01,792 [inflora.py] => [InfLoRA] Layer 10: 314/768 type retain
2026-07-27 12:05:01,792 [inflora.py] => [InfLoRA] Layer 11: 365/768 type retain
2026-07-27 12:05:01,792 [inflora.py] => [InfLoRA] Layer 12: 381/768 type retain
2026-07-27 12:05:14,002 [bounded_memory_mixin.py] => [bounded_mem eval] volume 0.40 | cycle 96 | classes_seen 410 | CIL top1 55.91 | top5 84.26 | (nearest latent task ~40) | param_hash a176251a95b75d0b | per-task [36.18, 76.5, 31.98, 52.31, 72.5, 74.87, 76.0, 46.0, 46.0, 65.66, 47.47, 36.04, 65.0, 60.61, 56.5, 63.82, 50.75, 74.5, 50.0, 55.28, 52.26, 61.0, 50.76, 58.88, 29.0, 64.65, 52.26, 71.0, 57.87, 49.0, 46.0, 71.5, 62.0, 59.5, 55.61, 60.8, 54.08, 37.56, 79.4, 33.33, 46.7]
2026-07-27 12:06:03,926 [inflora.py] => [InfLoRA] DualGPM threshold: 0.9750
2026-07-27 12:06:05,345 [inflora.py] => [InfLoRA] Layer 1: 39/768 type remove
2026-07-27 12:06:05,345 [inflora.py] => [InfLoRA] Layer 2: 21/768 type remove
2026-07-27 12:06:05,345 [inflora.py] => [InfLoRA] Layer 3: 50/768 type remove
2026-07-27 12:06:05,345 [inflora.py] => [InfLoRA] Layer 4: 55/768 type remove
2026-07-27 12:06:05,345 [inflora.py] => [InfLoRA] Layer 5: 90/768 type remove
2026-07-27 12:06:05,345 [inflora.py] => [InfLoRA] Layer 6: 126/768 type remove
2026-07-27 12:06:05,345 [inflora.py] => [InfLoRA] Layer 7: 141/768 type remove
2026-07-27 12:06:05,345 [inflora.py] => [InfLoRA] Layer 8: 205/768 type remove
2026-07-27 12:06:05,345 [inflora.py] => [InfLoRA] Layer 9: 335/768 type remove
2026-07-27 12:06:05,345 [inflora.py] => [InfLoRA] Layer 10: 313/768 type retain
2026-07-27 12:06:05,345 [inflora.py] => [InfLoRA] Layer 11: 364/768 type retain
2026-07-27 12:06:05,345 [inflora.py] => [InfLoRA] Layer 12: 380/768 type retain
2026-07-27 12:06:57,083 [inflora.py] => [InfLoRA] DualGPM threshold: 0.9750
2026-07-27 12:06:58,512 [inflora.py] => [InfLoRA] Layer 1: 39/768 type remove
2026-07-27 12:06:58,512 [inflora.py] => [InfLoRA] Layer 2: 21/768 type remove
2026-07-27 12:06:58,512 [inflora.py] => [InfLoRA] Layer 3: 50/768 type remove
2026-07-27 12:06:58,512 [inflora.py] => [InfLoRA] Layer 4: 55/768 type remove
2026-07-27 12:06:58,512 [inflora.py] => [InfLoRA] Layer 5: 91/768 type remove
2026-07-27 12:06:58,512 [inflora.py] => [InfLoRA] Layer 6: 127/768 type remove
2026-07-27 12:06:58,512 [inflora.py] => [InfLoRA] Layer 7: 141/768 type remove
2026-07-27 12:06:58,513 [inflora.py] => [InfLoRA] Layer 8: 205/768 type remove
2026-07-27 12:06:58,513 [inflora.py] => [InfLoRA] Layer 9: 335/768 type remove
2026-07-27 12:06:58,513 [inflora.py] => [InfLoRA] Layer 10: 313/768 type retain
2026-07-27 12:06:58,513 [inflora.py] => [InfLoRA] Layer 11: 364/768 type retain
2026-07-27 12:06:58,513 [inflora.py] => [InfLoRA] Layer 12: 379/768 type retain
2026-07-27 12:07:50,677 [inflora.py] => [InfLoRA] DualGPM threshold: 0.9750
2026-07-27 12:07:52,095 [inflora.py] => [InfLoRA] Layer 1: 39/768 type remove
2026-07-27 12:07:52,095 [inflora.py] => [InfLoRA] Layer 2: 21/768 type remove
2026-07-27 12:07:52,095 [inflora.py] => [InfLoRA] Layer 3: 50/768 type remove
2026-07-27 12:07:52,095 [inflora.py] => [InfLoRA] Layer 4: 56/768 type remove
2026-07-27 12:07:52,095 [inflora.py] => [InfLoRA] Layer 5: 91/768 type remove
2026-07-27 12:07:52,095 [inflora.py] => [InfLoRA] Layer 6: 127/768 type remove
2026-07-27 12:07:52,095 [inflora.py] => [InfLoRA] Layer 7: 141/768 type remove
2026-07-27 12:07:52,095 [inflora.py] => [InfLoRA] Layer 8: 205/768 type remove
2026-07-27 12:07:52,095 [inflora.py] => [InfLoRA] Layer 9: 335/768 type remove
2026-07-27 12:07:52,095 [inflora.py] => [InfLoRA] Layer 10: 313/768 type retain
2026-07-27 12:07:52,095 [inflora.py] => [InfLoRA] Layer 11: 364/768 type retain
2026-07-27 12:07:52,095 [inflora.py] => [InfLoRA] Layer 12: 378/768 type retain
2026-07-27 12:08:42,536 [inflora.py] => [InfLoRA] DualGPM threshold: 0.9750
2026-07-27 12:08:43,913 [inflora.py] => [InfLoRA] Layer 1: 39/768 type remove
2026-07-27 12:08:43,913 [inflora.py] => [InfLoRA] Layer 2: 21/768 type remove
2026-07-27 12:08:43,913 [inflora.py] => [InfLoRA] Layer 3: 50/768 type remove
2026-07-27 12:08:43,913 [inflora.py] => [InfLoRA] Layer 4: 56/768 type remove
2026-07-27 12:08:43,913 [inflora.py] => [InfLoRA] Layer 5: 92/768 type remove
2026-07-27 12:08:43,913 [inflora.py] => [InfLoRA] Layer 6: 128/768 type remove
2026-07-27 12:08:43,913 [inflora.py] => [InfLoRA] Layer 7: 142/768 type remove
2026-07-27 12:08:43,913 [inflora.py] => [InfLoRA] Layer 8: 206/768 type remove
2026-07-27 12:08:43,913 [inflora.py] => [InfLoRA] Layer 9: 336/768 type remove
2026-07-27 12:08:43,913 [inflora.py] => [InfLoRA] Layer 10: 312/768 type retain
2026-07-27 12:08:43,913 [inflora.py] => [InfLoRA] Layer 11: 363/768 type retain
2026-07-27 12:08:43,913 [inflora.py] => [InfLoRA] Layer 12: 377/768 type retain
2026-07-27 12:09:34,165 [inflora.py] => [InfLoRA] DualGPM threshold: 0.9750
2026-07-27 12:09:35,448 [inflora.py] => [InfLoRA] Layer 1: 39/768 type remove
2026-07-27 12:09:35,448 [inflora.py] => [InfLoRA] Layer 2: 21/768 type remove
2026-07-27 12:09:35,448 [inflora.py] => [InfLoRA] Layer 3: 50/768 type remove
2026-07-27 12:09:35,448 [inflora.py] => [InfLoRA] Layer 4: 56/768 type remove
2026-07-27 12:09:35,448 [inflora.py] => [InfLoRA] Layer 5: 92/768 type remove
2026-07-27 12:09:35,448 [inflora.py] => [InfLoRA] Layer 6: 128/768 type remove
2026-07-27 12:09:35,448 [inflora.py] => [InfLoRA] Layer 7: 142/768 type remove
2026-07-27 12:09:35,448 [inflora.py] => [InfLoRA] Layer 8: 206/768 type remove
2026-07-27 12:09:35,448 [inflora.py] => [InfLoRA] Layer 9: 336/768 type remove
2026-07-27 12:09:35,448 [inflora.py] => [InfLoRA] Layer 10: 312/768 type retain
2026-07-27 12:09:35,448 [inflora.py] => [InfLoRA] Layer 11: 362/768 type retain
2026-07-27 12:09:35,448 [inflora.py] => [InfLoRA] Layer 12: 376/768 type retain
2026-07-27 12:10:25,616 [inflora.py] => [InfLoRA] DualGPM threshold: 0.9750
2026-07-27 12:10:27,032 [inflora.py] => [InfLoRA] Layer 1: 39/768 type remove
2026-07-27 12:10:27,032 [inflora.py] => [InfLoRA] Layer 2: 21/768 type remove
2026-07-27 12:10:27,032 [inflora.py] => [InfLoRA] Layer 3: 50/768 type remove
2026-07-27 12:10:27,032 [inflora.py] => [InfLoRA] Layer 4: 56/768 type remove
2026-07-27 12:10:27,032 [inflora.py] => [InfLoRA] Layer 5: 92/768 type remove
2026-07-27 12:10:27,032 [inflora.py] => [InfLoRA] Layer 6: 128/768 type remove
2026-07-27 12:10:27,032 [inflora.py] => [InfLoRA] Layer 7: 142/768 type remove
2026-07-27 12:10:27,032 [inflora.py] => [InfLoRA] Layer 8: 206/768 type remove
2026-07-27 12:10:27,032 [inflora.py] => [InfLoRA] Layer 9: 336/768 type remove
2026-07-27 12:10:27,032 [inflora.py] => [InfLoRA] Layer 10: 312/768 type retain
2026-07-27 12:10:27,032 [inflora.py] => [InfLoRA] Layer 11: 362/768 type retain
2026-07-27 12:10:27,032 [inflora.py] => [InfLoRA] Layer 12: 376/768 type retain
2026-07-27 12:11:18,290 [inflora.py] => [InfLoRA] DualGPM threshold: 0.9750
2026-07-27 12:11:19,666 [inflora.py] => [InfLoRA] Layer 1: 39/768 type remove
2026-07-27 12:11:19,666 [inflora.py] => [InfLoRA] Layer 2: 21/768 type remove
2026-07-27 12:11:19,666 [inflora.py] => [InfLoRA] Layer 3: 51/768 type remove
2026-07-27 12:11:19,666 [inflora.py] => [InfLoRA] Layer 4: 57/768 type remove
2026-07-27 12:11:19,666 [inflora.py] => [InfLoRA] Layer 5: 93/768 type remove
2026-07-27 12:11:19,666 [inflora.py] => [InfLoRA] Layer 6: 129/768 type remove
2026-07-27 12:11:19,666 [inflora.py] => [InfLoRA] Layer 7: 143/768 type remove
2026-07-27 12:11:19,666 [inflora.py] => [InfLoRA] Layer 8: 207/768 type remove
2026-07-27 12:11:19,666 [inflora.py] => [InfLoRA] Layer 9: 336/768 type remove
2026-07-27 12:11:19,666 [inflora.py] => [InfLoRA] Layer 10: 312/768 type retain
2026-07-27 12:11:19,666 [inflora.py] => [InfLoRA] Layer 11: 362/768 type retain
2026-07-27 12:11:19,666 [inflora.py] => [InfLoRA] Layer 12: 376/768 type retain
2026-07-27 12:12:10,587 [inflora.py] => [InfLoRA] DualGPM threshold: 0.9750
2026-07-27 12:12:11,807 [inflora.py] => [InfLoRA] Layer 1: 39/768 type remove
2026-07-27 12:12:11,807 [inflora.py] => [InfLoRA] Layer 2: 21/768 type remove
2026-07-27 12:12:11,807 [inflora.py] => [InfLoRA] Layer 3: 51/768 type remove
2026-07-27 12:12:11,807 [inflora.py] => [InfLoRA] Layer 4: 57/768 type remove
2026-07-27 12:12:11,807 [inflora.py] => [InfLoRA] Layer 5: 93/768 type remove
2026-07-27 12:12:11,807 [inflora.py] => [InfLoRA] Layer 6: 130/768 type remove
2026-07-27 12:12:11,807 [inflora.py] => [InfLoRA] Layer 7: 144/768 type remove
2026-07-27 12:12:11,807 [inflora.py] => [InfLoRA] Layer 8: 207/768 type remove
2026-07-27 12:12:11,807 [inflora.py] => [InfLoRA] Layer 9: 337/768 type remove
2026-07-27 12:12:11,807 [inflora.py] => [InfLoRA] Layer 10: 312/768 type retain
2026-07-27 12:12:11,807 [inflora.py] => [InfLoRA] Layer 11: 362/768 type retain
2026-07-27 12:12:11,807 [inflora.py] => [InfLoRA] Layer 12: 376/768 type retain
2026-07-27 12:13:04,273 [inflora.py] => [InfLoRA] DualGPM threshold: 0.9750
2026-07-27 12:13:05,508 [inflora.py] => [InfLoRA] Layer 1: 39/768 type remove
2026-07-27 12:13:05,508 [inflora.py] => [InfLoRA] Layer 2: 21/768 type remove
2026-07-27 12:13:05,508 [inflora.py] => [InfLoRA] Layer 3: 51/768 type remove
2026-07-27 12:13:05,508 [inflora.py] => [InfLoRA] Layer 4: 57/768 type remove
2026-07-27 12:13:05,508 [inflora.py] => [InfLoRA] Layer 5: 93/768 type remove
2026-07-27 12:13:05,508 [inflora.py] => [InfLoRA] Layer 6: 130/768 type remove
2026-07-27 12:13:05,508 [inflora.py] => [InfLoRA] Layer 7: 145/768 type remove
2026-07-27 12:13:05,508 [inflora.py] => [InfLoRA] Layer 8: 208/768 type remove
2026-07-27 12:13:05,508 [inflora.py] => [InfLoRA] Layer 9: 338/768 type remove
2026-07-27 12:13:05,508 [inflora.py] => [InfLoRA] Layer 10: 311/768 type retain
2026-07-27 12:13:05,508 [inflora.py] => [InfLoRA] Layer 11: 361/768 type retain
2026-07-27 12:13:05,508 [inflora.py] => [InfLoRA] Layer 12: 373/768 type retain
2026-07-27 12:13:55,481 [inflora.py] => [InfLoRA] DualGPM threshold: 0.9750
2026-07-27 12:13:56,819 [inflora.py] => [InfLoRA] Layer 1: 39/768 type remove
2026-07-27 12:13:56,819 [inflora.py] => [InfLoRA] Layer 2: 21/768 type remove
2026-07-27 12:13:56,819 [inflora.py] => [InfLoRA] Layer 3: 51/768 type remove
2026-07-27 12:13:56,819 [inflora.py] => [InfLoRA] Layer 4: 57/768 type remove
2026-07-27 12:13:56,819 [inflora.py] => [InfLoRA] Layer 5: 94/768 type remove
2026-07-27 12:13:56,819 [inflora.py] => [InfLoRA] Layer 6: 130/768 type remove
2026-07-27 12:13:56,819 [inflora.py] => [InfLoRA] Layer 7: 145/768 type remove
2026-07-27 12:13:56,819 [inflora.py] => [InfLoRA] Layer 8: 208/768 type remove
2026-07-27 12:13:56,819 [inflora.py] => [InfLoRA] Layer 9: 338/768 type remove
2026-07-27 12:13:56,819 [inflora.py] => [InfLoRA] Layer 10: 311/768 type retain
2026-07-27 12:13:56,819 [inflora.py] => [InfLoRA] Layer 11: 360/768 type retain
2026-07-27 12:13:56,819 [inflora.py] => [InfLoRA] Layer 12: 373/768 type retain
2026-07-27 12:14:48,094 [inflora.py] => [InfLoRA] DualGPM threshold: 0.9750
2026-07-27 12:14:49,443 [inflora.py] => [InfLoRA] Layer 1: 39/768 type remove
2026-07-27 12:14:49,443 [inflora.py] => [InfLoRA] Layer 2: 21/768 type remove
2026-07-27 12:14:49,443 [inflora.py] => [InfLoRA] Layer 3: 51/768 type remove
2026-07-27 12:14:49,443 [inflora.py] => [InfLoRA] Layer 4: 57/768 type remove
2026-07-27 12:14:49,443 [inflora.py] => [InfLoRA] Layer 5: 94/768 type remove
2026-07-27 12:14:49,443 [inflora.py] => [InfLoRA] Layer 6: 130/768 type remove
2026-07-27 12:14:49,443 [inflora.py] => [InfLoRA] Layer 7: 145/768 type remove
2026-07-27 12:14:49,443 [inflora.py] => [InfLoRA] Layer 8: 208/768 type remove
2026-07-27 12:14:49,443 [inflora.py] => [InfLoRA] Layer 9: 338/768 type remove
2026-07-27 12:14:49,443 [inflora.py] => [InfLoRA] Layer 10: 311/768 type retain
2026-07-27 12:14:49,443 [inflora.py] => [InfLoRA] Layer 11: 360/768 type retain
2026-07-27 12:14:49,443 [inflora.py] => [InfLoRA] Layer 12: 373/768 type retain
2026-07-27 12:15:40,680 [inflora.py] => [InfLoRA] DualGPM threshold: 0.9750
2026-07-27 12:15:41,995 [inflora.py] => [InfLoRA] Layer 1: 39/768 type remove
2026-07-27 12:15:41,995 [inflora.py] => [InfLoRA] Layer 2: 21/768 type remove
2026-07-27 12:15:41,995 [inflora.py] => [InfLoRA] Layer 3: 51/768 type remove
2026-07-27 12:15:41,995 [inflora.py] => [InfLoRA] Layer 4: 57/768 type remove
2026-07-27 12:15:41,995 [inflora.py] => [InfLoRA] Layer 5: 94/768 type remove
2026-07-27 12:15:41,995 [inflora.py] => [InfLoRA] Layer 6: 131/768 type remove
2026-07-27 12:15:41,995 [inflora.py] => [InfLoRA] Layer 7: 145/768 type remove
2026-07-27 12:15:41,995 [inflora.py] => [InfLoRA] Layer 8: 208/768 type remove
2026-07-27 12:15:41,995 [inflora.py] => [InfLoRA] Layer 9: 338/768 type remove
2026-07-27 12:15:41,995 [inflora.py] => [InfLoRA] Layer 10: 311/768 type retain
2026-07-27 12:15:41,995 [inflora.py] => [InfLoRA] Layer 11: 360/768 type retain
2026-07-27 12:15:41,995 [inflora.py] => [InfLoRA] Layer 12: 372/768 type retain
2026-07-27 12:16:33,448 [inflora.py] => [InfLoRA] DualGPM threshold: 0.9750
2026-07-27 12:16:34,859 [inflora.py] => [InfLoRA] Layer 1: 39/768 type remove
2026-07-27 12:16:34,859 [inflora.py] => [InfLoRA] Layer 2: 21/768 type remove
2026-07-27 12:16:34,859 [inflora.py] => [InfLoRA] Layer 3: 51/768 type remove
2026-07-27 12:16:34,860 [inflora.py] => [InfLoRA] Layer 4: 58/768 type remove
2026-07-27 12:16:34,860 [inflora.py] => [InfLoRA] Layer 5: 95/768 type remove
2026-07-27 12:16:34,860 [inflora.py] => [InfLoRA] Layer 6: 131/768 type remove
2026-07-27 12:16:34,860 [inflora.py] => [InfLoRA] Layer 7: 146/768 type remove
2026-07-27 12:16:34,860 [inflora.py] => [InfLoRA] Layer 8: 209/768 type remove
2026-07-27 12:16:34,860 [inflora.py] => [InfLoRA] Layer 9: 338/768 type remove
2026-07-27 12:16:34,860 [inflora.py] => [InfLoRA] Layer 10: 311/768 type retain
2026-07-27 12:16:34,860 [inflora.py] => [InfLoRA] Layer 11: 360/768 type retain
2026-07-27 12:16:34,860 [inflora.py] => [InfLoRA] Layer 12: 372/768 type retain
2026-07-27 12:17:26,453 [inflora.py] => [InfLoRA] DualGPM threshold: 0.9750
2026-07-27 12:17:27,652 [inflora.py] => [InfLoRA] Layer 1: 39/768 type remove
2026-07-27 12:17:27,652 [inflora.py] => [InfLoRA] Layer 2: 21/768 type remove
2026-07-27 12:17:27,652 [inflora.py] => [InfLoRA] Layer 3: 51/768 type remove
2026-07-27 12:17:27,652 [inflora.py] => [InfLoRA] Layer 4: 58/768 type remove
2026-07-27 12:17:27,652 [inflora.py] => [InfLoRA] Layer 5: 95/768 type remove
2026-07-27 12:17:27,652 [inflora.py] => [InfLoRA] Layer 6: 131/768 type remove
2026-07-27 12:17:27,652 [inflora.py] => [InfLoRA] Layer 7: 146/768 type remove
2026-07-27 12:17:27,652 [inflora.py] => [InfLoRA] Layer 8: 209/768 type remove
2026-07-27 12:17:27,652 [inflora.py] => [InfLoRA] Layer 9: 339/768 type remove
2026-07-27 12:17:27,652 [inflora.py] => [InfLoRA] Layer 10: 311/768 type retain
2026-07-27 12:17:27,652 [inflora.py] => [InfLoRA] Layer 11: 360/768 type retain
2026-07-27 12:17:27,652 [inflora.py] => [InfLoRA] Layer 12: 371/768 type retain
2026-07-27 12:18:19,674 [inflora.py] => [InfLoRA] DualGPM threshold: 0.9750
2026-07-27 12:18:21,060 [inflora.py] => [InfLoRA] Layer 1: 39/768 type remove
2026-07-27 12:18:21,060 [inflora.py] => [InfLoRA] Layer 2: 21/768 type remove
2026-07-27 12:18:21,060 [inflora.py] => [InfLoRA] Layer 3: 51/768 type remove
2026-07-27 12:18:21,060 [inflora.py] => [InfLoRA] Layer 4: 58/768 type remove
2026-07-27 12:18:21,060 [inflora.py] => [InfLoRA] Layer 5: 95/768 type remove
2026-07-27 12:18:21,060 [inflora.py] => [InfLoRA] Layer 6: 132/768 type remove
2026-07-27 12:18:21,060 [inflora.py] => [InfLoRA] Layer 7: 146/768 type remove
2026-07-27 12:18:21,060 [inflora.py] => [InfLoRA] Layer 8: 210/768 type remove
2026-07-27 12:18:21,060 [inflora.py] => [InfLoRA] Layer 9: 339/768 type remove
2026-07-27 12:18:21,060 [inflora.py] => [InfLoRA] Layer 10: 311/768 type retain
2026-07-27 12:18:21,060 [inflora.py] => [InfLoRA] Layer 11: 359/768 type retain
2026-07-27 12:18:21,060 [inflora.py] => [InfLoRA] Layer 12: 371/768 type retain
2026-07-27 12:19:10,677 [inflora.py] => [InfLoRA] DualGPM threshold: 0.9750
2026-07-27 12:19:11,891 [inflora.py] => [InfLoRA] Layer 1: 39/768 type remove
2026-07-27 12:19:11,891 [inflora.py] => [InfLoRA] Layer 2: 21/768 type remove
2026-07-27 12:19:11,891 [inflora.py] => [InfLoRA] Layer 3: 51/768 type remove
2026-07-27 12:19:11,891 [inflora.py] => [InfLoRA] Layer 4: 58/768 type remove
2026-07-27 12:19:11,891 [inflora.py] => [InfLoRA] Layer 5: 95/768 type remove
2026-07-27 12:19:11,891 [inflora.py] => [InfLoRA] Layer 6: 132/768 type remove
2026-07-27 12:19:11,891 [inflora.py] => [InfLoRA] Layer 7: 146/768 type remove
2026-07-27 12:19:11,891 [inflora.py] => [InfLoRA] Layer 8: 210/768 type remove
2026-07-27 12:19:11,891 [inflora.py] => [InfLoRA] Layer 9: 339/768 type remove
2026-07-27 12:19:11,891 [inflora.py] => [InfLoRA] Layer 10: 311/768 type retain
2026-07-27 12:19:11,891 [inflora.py] => [InfLoRA] Layer 11: 359/768 type retain
2026-07-27 12:19:11,891 [inflora.py] => [InfLoRA] Layer 12: 371/768 type retain
2026-07-27 12:20:02,840 [inflora.py] => [InfLoRA] DualGPM threshold: 0.9750
2026-07-27 12:20:04,298 [inflora.py] => [InfLoRA] Layer 1: 39/768 type remove
2026-07-27 12:20:04,298 [inflora.py] => [InfLoRA] Layer 2: 21/768 type remove
2026-07-27 12:20:04,298 [inflora.py] => [InfLoRA] Layer 3: 52/768 type remove
2026-07-27 12:20:04,298 [inflora.py] => [InfLoRA] Layer 4: 59/768 type remove
2026-07-27 12:20:04,298 [inflora.py] => [InfLoRA] Layer 5: 96/768 type remove
2026-07-27 12:20:04,298 [inflora.py] => [InfLoRA] Layer 6: 133/768 type remove
2026-07-27 12:20:04,298 [inflora.py] => [InfLoRA] Layer 7: 147/768 type remove
2026-07-27 12:20:04,298 [inflora.py] => [InfLoRA] Layer 8: 210/768 type remove
2026-07-27 12:20:04,298 [inflora.py] => [InfLoRA] Layer 9: 341/768 type remove
2026-07-27 12:20:04,298 [inflora.py] => [InfLoRA] Layer 10: 309/768 type retain
2026-07-27 12:20:04,298 [inflora.py] => [InfLoRA] Layer 11: 357/768 type retain
2026-07-27 12:20:04,298 [inflora.py] => [InfLoRA] Layer 12: 369/768 type retain
2026-07-27 12:20:54,809 [inflora.py] => [InfLoRA] DualGPM threshold: 0.9750
2026-07-27 12:20:56,150 [inflora.py] => [InfLoRA] Layer 1: 39/768 type remove
2026-07-27 12:20:56,151 [inflora.py] => [InfLoRA] Layer 2: 21/768 type remove
2026-07-27 12:20:56,151 [inflora.py] => [InfLoRA] Layer 3: 52/768 type remove
2026-07-27 12:20:56,151 [inflora.py] => [InfLoRA] Layer 4: 59/768 type remove
2026-07-27 12:20:56,151 [inflora.py] => [InfLoRA] Layer 5: 96/768 type remove
2026-07-27 12:20:56,151 [inflora.py] => [InfLoRA] Layer 6: 133/768 type remove
2026-07-27 12:20:56,151 [inflora.py] => [InfLoRA] Layer 7: 147/768 type remove
2026-07-27 12:20:56,151 [inflora.py] => [InfLoRA] Layer 8: 211/768 type remove
2026-07-27 12:20:56,151 [inflora.py] => [InfLoRA] Layer 9: 341/768 type remove
2026-07-27 12:20:56,151 [inflora.py] => [InfLoRA] Layer 10: 308/768 type retain
2026-07-27 12:20:56,151 [inflora.py] => [InfLoRA] Layer 11: 357/768 type retain
2026-07-27 12:20:56,151 [inflora.py] => [InfLoRA] Layer 12: 368/768 type retain
2026-07-27 12:21:46,047 [inflora.py] => [InfLoRA] DualGPM threshold: 0.9750
2026-07-27 12:21:47,432 [inflora.py] => [InfLoRA] Layer 1: 39/768 type remove
2026-07-27 12:21:47,433 [inflora.py] => [InfLoRA] Layer 2: 21/768 type remove
2026-07-27 12:21:47,433 [inflora.py] => [InfLoRA] Layer 3: 52/768 type remove
2026-07-27 12:21:47,433 [inflora.py] => [InfLoRA] Layer 4: 59/768 type remove
2026-07-27 12:21:47,433 [inflora.py] => [InfLoRA] Layer 5: 96/768 type remove
2026-07-27 12:21:47,433 [inflora.py] => [InfLoRA] Layer 6: 133/768 type remove
2026-07-27 12:21:47,433 [inflora.py] => [InfLoRA] Layer 7: 147/768 type remove
2026-07-27 12:21:47,433 [inflora.py] => [InfLoRA] Layer 8: 211/768 type remove
2026-07-27 12:21:47,433 [inflora.py] => [InfLoRA] Layer 9: 341/768 type remove
2026-07-27 12:21:47,433 [inflora.py] => [InfLoRA] Layer 10: 308/768 type retain
2026-07-27 12:21:47,433 [inflora.py] => [InfLoRA] Layer 11: 357/768 type retain
2026-07-27 12:21:47,433 [inflora.py] => [InfLoRA] Layer 12: 368/768 type retain
2026-07-27 12:22:39,059 [inflora.py] => [InfLoRA] DualGPM threshold: 0.9750
2026-07-27 12:22:40,507 [inflora.py] => [InfLoRA] Layer 1: 39/768 type remove
2026-07-27 12:22:40,507 [inflora.py] => [InfLoRA] Layer 2: 21/768 type remove
2026-07-27 12:22:40,507 [inflora.py] => [InfLoRA] Layer 3: 53/768 type remove
2026-07-27 12:22:40,507 [inflora.py] => [InfLoRA] Layer 4: 60/768 type remove
2026-07-27 12:22:40,507 [inflora.py] => [InfLoRA] Layer 5: 97/768 type remove
2026-07-27 12:22:40,507 [inflora.py] => [InfLoRA] Layer 6: 134/768 type remove
2026-07-27 12:22:40,507 [inflora.py] => [InfLoRA] Layer 7: 148/768 type remove
2026-07-27 12:22:40,507 [inflora.py] => [InfLoRA] Layer 8: 212/768 type remove
2026-07-27 12:22:40,507 [inflora.py] => [InfLoRA] Layer 9: 342/768 type remove
2026-07-27 12:22:40,507 [inflora.py] => [InfLoRA] Layer 10: 308/768 type retain
2026-07-27 12:22:40,507 [inflora.py] => [InfLoRA] Layer 11: 357/768 type retain
2026-07-27 12:22:40,507 [inflora.py] => [InfLoRA] Layer 12: 367/768 type retain
2026-07-27 12:23:30,834 [inflora.py] => [InfLoRA] DualGPM threshold: 0.9750
2026-07-27 12:23:32,235 [inflora.py] => [InfLoRA] Layer 1: 39/768 type remove
2026-07-27 12:23:32,235 [inflora.py] => [InfLoRA] Layer 2: 21/768 type remove
2026-07-27 12:23:32,235 [inflora.py] => [InfLoRA] Layer 3: 53/768 type remove
2026-07-27 12:23:32,235 [inflora.py] => [InfLoRA] Layer 4: 60/768 type remove
2026-07-27 12:23:32,235 [inflora.py] => [InfLoRA] Layer 5: 98/768 type remove
2026-07-27 12:23:32,235 [inflora.py] => [InfLoRA] Layer 6: 135/768 type remove
2026-07-27 12:23:32,235 [inflora.py] => [InfLoRA] Layer 7: 148/768 type remove
2026-07-27 12:23:32,235 [inflora.py] => [InfLoRA] Layer 8: 213/768 type remove
2026-07-27 12:23:32,235 [inflora.py] => [InfLoRA] Layer 9: 342/768 type remove
2026-07-27 12:23:32,235 [inflora.py] => [InfLoRA] Layer 10: 307/768 type retain
2026-07-27 12:23:32,235 [inflora.py] => [InfLoRA] Layer 11: 356/768 type retain
2026-07-27 12:23:32,235 [inflora.py] => [InfLoRA] Layer 12: 367/768 type retain
2026-07-27 12:24:24,813 [inflora.py] => [InfLoRA] DualGPM threshold: 0.9750
2026-07-27 12:24:26,023 [inflora.py] => [InfLoRA] Layer 1: 39/768 type remove
2026-07-27 12:24:26,023 [inflora.py] => [InfLoRA] Layer 2: 21/768 type remove
2026-07-27 12:24:26,023 [inflora.py] => [InfLoRA] Layer 3: 53/768 type remove
2026-07-27 12:24:26,023 [inflora.py] => [InfLoRA] Layer 4: 60/768 type remove
2026-07-27 12:24:26,023 [inflora.py] => [InfLoRA] Layer 5: 99/768 type remove
2026-07-27 12:24:26,023 [inflora.py] => [InfLoRA] Layer 6: 135/768 type remove
2026-07-27 12:24:26,023 [inflora.py] => [InfLoRA] Layer 7: 149/768 type remove
2026-07-27 12:24:26,023 [inflora.py] => [InfLoRA] Layer 8: 214/768 type remove
2026-07-27 12:24:26,023 [inflora.py] => [InfLoRA] Layer 9: 343/768 type remove
2026-07-27 12:24:26,023 [inflora.py] => [InfLoRA] Layer 10: 306/768 type retain
2026-07-27 12:24:26,023 [inflora.py] => [InfLoRA] Layer 11: 355/768 type retain
2026-07-27 12:24:26,023 [inflora.py] => [InfLoRA] Layer 12: 365/768 type retain
2026-07-27 12:25:18,418 [inflora.py] => [InfLoRA] DualGPM threshold: 0.9750
2026-07-27 12:25:19,746 [inflora.py] => [InfLoRA] Layer 1: 39/768 type remove
2026-07-27 12:25:19,746 [inflora.py] => [InfLoRA] Layer 2: 21/768 type remove
2026-07-27 12:25:19,746 [inflora.py] => [InfLoRA] Layer 3: 53/768 type remove
2026-07-27 12:25:19,746 [inflora.py] => [InfLoRA] Layer 4: 60/768 type remove
2026-07-27 12:25:19,746 [inflora.py] => [InfLoRA] Layer 5: 99/768 type remove
2026-07-27 12:25:19,746 [inflora.py] => [InfLoRA] Layer 6: 135/768 type remove
2026-07-27 12:25:19,746 [inflora.py] => [InfLoRA] Layer 7: 149/768 type remove
2026-07-27 12:25:19,746 [inflora.py] => [InfLoRA] Layer 8: 214/768 type remove
2026-07-27 12:25:19,746 [inflora.py] => [InfLoRA] Layer 9: 343/768 type remove
2026-07-27 12:25:19,746 [inflora.py] => [InfLoRA] Layer 10: 306/768 type retain
2026-07-27 12:25:19,746 [inflora.py] => [InfLoRA] Layer 11: 355/768 type retain
2026-07-27 12:25:19,746 [inflora.py] => [InfLoRA] Layer 12: 365/768 type retain
2026-07-27 12:26:11,340 [inflora.py] => [InfLoRA] DualGPM threshold: 0.9750
2026-07-27 12:26:12,754 [inflora.py] => [InfLoRA] Layer 1: 39/768 type remove
2026-07-27 12:26:12,754 [inflora.py] => [InfLoRA] Layer 2: 21/768 type remove
2026-07-27 12:26:12,754 [inflora.py] => [InfLoRA] Layer 3: 53/768 type remove
2026-07-27 12:26:12,754 [inflora.py] => [InfLoRA] Layer 4: 61/768 type remove
2026-07-27 12:26:12,754 [inflora.py] => [InfLoRA] Layer 5: 100/768 type remove
2026-07-27 12:26:12,754 [inflora.py] => [InfLoRA] Layer 6: 136/768 type remove
2026-07-27 12:26:12,754 [inflora.py] => [InfLoRA] Layer 7: 149/768 type remove
2026-07-27 12:26:12,754 [inflora.py] => [InfLoRA] Layer 8: 214/768 type remove
2026-07-27 12:26:12,754 [inflora.py] => [InfLoRA] Layer 9: 343/768 type remove
2026-07-27 12:26:12,754 [inflora.py] => [InfLoRA] Layer 10: 306/768 type retain
2026-07-27 12:26:12,754 [inflora.py] => [InfLoRA] Layer 11: 355/768 type retain
2026-07-27 12:26:12,754 [inflora.py] => [InfLoRA] Layer 12: 365/768 type retain
2026-07-27 12:27:03,156 [inflora.py] => [InfLoRA] DualGPM threshold: 0.9750
2026-07-27 12:27:04,530 [inflora.py] => [InfLoRA] Layer 1: 39/768 type remove
2026-07-27 12:27:04,530 [inflora.py] => [InfLoRA] Layer 2: 21/768 type remove
2026-07-27 12:27:04,530 [inflora.py] => [InfLoRA] Layer 3: 53/768 type remove
2026-07-27 12:27:04,530 [inflora.py] => [InfLoRA] Layer 4: 61/768 type remove
2026-07-27 12:27:04,530 [inflora.py] => [InfLoRA] Layer 5: 100/768 type remove
2026-07-27 12:27:04,530 [inflora.py] => [InfLoRA] Layer 6: 136/768 type remove
2026-07-27 12:27:04,530 [inflora.py] => [InfLoRA] Layer 7: 150/768 type remove
2026-07-27 12:27:04,530 [inflora.py] => [InfLoRA] Layer 8: 215/768 type remove
2026-07-27 12:27:04,530 [inflora.py] => [InfLoRA] Layer 9: 344/768 type remove
2026-07-27 12:27:04,530 [inflora.py] => [InfLoRA] Layer 10: 306/768 type retain
2026-07-27 12:27:04,530 [inflora.py] => [InfLoRA] Layer 11: 354/768 type retain
2026-07-27 12:27:04,530 [inflora.py] => [InfLoRA] Layer 12: 363/768 type retain
2026-07-27 12:27:19,743 [bounded_memory_mixin.py] => [bounded_mem eval] volume 0.50 | cycle 121 | classes_seen 510 | CIL top1 52.57 | top5 79.95 | (nearest latent task ~50) | param_hash 5ea93a188a451915 | per-task [32.66, 67.5, 33.5, 51.28, 72.5, 68.84, 75.5, 44.5, 50.0, 63.13, 42.93, 35.53, 65.0, 58.08, 60.5, 60.3, 44.22, 74.5, 47.0, 54.27, 51.26, 61.0, 48.73, 55.84, 26.0, 62.12, 46.73, 72.0, 51.27, 48.5, 46.0, 67.5, 61.5, 57.0, 53.06, 59.3, 51.53, 37.06, 78.89, 33.84, 38.07, 66.33, 34.01, 14.5, 57.5, 44.5, 46.97, 56.63, 35.5, 59.8, 55.28]
2026-07-27 12:28:10,270 [inflora.py] => [InfLoRA] DualGPM threshold: 0.9750
2026-07-27 12:28:11,619 [inflora.py] => [InfLoRA] Layer 1: 39/768 type remove
2026-07-27 12:28:11,619 [inflora.py] => [InfLoRA] Layer 2: 21/768 type remove
2026-07-27 12:28:11,619 [inflora.py] => [InfLoRA] Layer 3: 53/768 type remove
2026-07-27 12:28:11,619 [inflora.py] => [InfLoRA] Layer 4: 61/768 type remove
2026-07-27 12:28:11,619 [inflora.py] => [InfLoRA] Layer 5: 101/768 type remove
2026-07-27 12:28:11,619 [inflora.py] => [InfLoRA] Layer 6: 137/768 type remove
2026-07-27 12:28:11,619 [inflora.py] => [InfLoRA] Layer 7: 150/768 type remove
2026-07-27 12:28:11,619 [inflora.py] => [InfLoRA] Layer 8: 215/768 type remove
2026-07-27 12:28:11,619 [inflora.py] => [InfLoRA] Layer 9: 344/768 type remove
2026-07-27 12:28:11,619 [inflora.py] => [InfLoRA] Layer 10: 306/768 type retain
2026-07-27 12:28:11,619 [inflora.py] => [InfLoRA] Layer 11: 354/768 type retain
2026-07-27 12:28:11,619 [inflora.py] => [InfLoRA] Layer 12: 363/768 type retain
2026-07-27 12:29:01,700 [inflora.py] => [InfLoRA] DualGPM threshold: 0.9750
2026-07-27 12:29:02,999 [inflora.py] => [InfLoRA] Layer 1: 39/768 type remove
2026-07-27 12:29:02,999 [inflora.py] => [InfLoRA] Layer 2: 21/768 type remove
2026-07-27 12:29:02,999 [inflora.py] => [InfLoRA] Layer 3: 54/768 type remove
2026-07-27 12:29:02,999 [inflora.py] => [InfLoRA] Layer 4: 62/768 type remove
2026-07-27 12:29:02,999 [inflora.py] => [InfLoRA] Layer 5: 101/768 type remove
2026-07-27 12:29:02,999 [inflora.py] => [InfLoRA] Layer 6: 138/768 type remove
2026-07-27 12:29:02,999 [inflora.py] => [InfLoRA] Layer 7: 151/768 type remove
2026-07-27 12:29:02,999 [inflora.py] => [InfLoRA] Layer 8: 216/768 type remove
2026-07-27 12:29:02,999 [inflora.py] => [InfLoRA] Layer 9: 345/768 type remove
2026-07-27 12:29:02,999 [inflora.py] => [InfLoRA] Layer 10: 306/768 type retain
2026-07-27 12:29:02,999 [inflora.py] => [InfLoRA] Layer 11: 354/768 type retain
2026-07-27 12:29:02,999 [inflora.py] => [InfLoRA] Layer 12: 362/768 type retain
2026-07-27 12:29:55,474 [inflora.py] => [InfLoRA] DualGPM threshold: 0.9750
2026-07-27 12:29:56,645 [inflora.py] => [InfLoRA] Layer 1: 39/768 type remove
2026-07-27 12:29:56,645 [inflora.py] => [InfLoRA] Layer 2: 21/768 type remove
2026-07-27 12:29:56,645 [inflora.py] => [InfLoRA] Layer 3: 54/768 type remove
2026-07-27 12:29:56,645 [inflora.py] => [InfLoRA] Layer 4: 62/768 type remove
2026-07-27 12:29:56,645 [inflora.py] => [InfLoRA] Layer 5: 101/768 type remove
2026-07-27 12:29:56,645 [inflora.py] => [InfLoRA] Layer 6: 138/768 type remove
2026-07-27 12:29:56,645 [inflora.py] => [InfLoRA] Layer 7: 151/768 type remove
2026-07-27 12:29:56,645 [inflora.py] => [InfLoRA] Layer 8: 216/768 type remove
2026-07-27 12:29:56,645 [inflora.py] => [InfLoRA] Layer 9: 345/768 type remove
2026-07-27 12:29:56,645 [inflora.py] => [InfLoRA] Layer 10: 305/768 type retain
2026-07-27 12:29:56,645 [inflora.py] => [InfLoRA] Layer 11: 354/768 type retain
2026-07-27 12:29:56,645 [inflora.py] => [InfLoRA] Layer 12: 362/768 type retain
2026-07-27 12:30:48,135 [inflora.py] => [InfLoRA] DualGPM threshold: 0.9750
2026-07-27 12:30:49,542 [inflora.py] => [InfLoRA] Layer 1: 39/768 type remove
2026-07-27 12:30:49,542 [inflora.py] => [InfLoRA] Layer 2: 21/768 type remove
2026-07-27 12:30:49,542 [inflora.py] => [InfLoRA] Layer 3: 54/768 type remove
2026-07-27 12:30:49,542 [inflora.py] => [InfLoRA] Layer 4: 62/768 type remove
2026-07-27 12:30:49,542 [inflora.py] => [InfLoRA] Layer 5: 102/768 type remove
2026-07-27 12:30:49,542 [inflora.py] => [InfLoRA] Layer 6: 139/768 type remove
2026-07-27 12:30:49,542 [inflora.py] => [InfLoRA] Layer 7: 151/768 type remove
2026-07-27 12:30:49,542 [inflora.py] => [InfLoRA] Layer 8: 216/768 type remove
2026-07-27 12:30:49,542 [inflora.py] => [InfLoRA] Layer 9: 345/768 type remove
2026-07-27 12:30:49,542 [inflora.py] => [InfLoRA] Layer 10: 305/768 type retain
2026-07-27 12:30:49,542 [inflora.py] => [InfLoRA] Layer 11: 354/768 type retain
2026-07-27 12:30:49,542 [inflora.py] => [InfLoRA] Layer 12: 362/768 type retain
2026-07-27 12:31:39,739 [inflora.py] => [InfLoRA] DualGPM threshold: 0.9750
2026-07-27 12:31:41,150 [inflora.py] => [InfLoRA] Layer 1: 39/768 type remove
2026-07-27 12:31:41,150 [inflora.py] => [InfLoRA] Layer 2: 21/768 type remove
2026-07-27 12:31:41,150 [inflora.py] => [InfLoRA] Layer 3: 54/768 type remove
2026-07-27 12:31:41,151 [inflora.py] => [InfLoRA] Layer 4: 62/768 type remove
2026-07-27 12:31:41,151 [inflora.py] => [InfLoRA] Layer 5: 102/768 type remove
2026-07-27 12:31:41,151 [inflora.py] => [InfLoRA] Layer 6: 139/768 type remove
2026-07-27 12:31:41,151 [inflora.py] => [InfLoRA] Layer 7: 152/768 type remove
2026-07-27 12:31:41,151 [inflora.py] => [InfLoRA] Layer 8: 217/768 type remove
2026-07-27 12:31:41,151 [inflora.py] => [InfLoRA] Layer 9: 346/768 type remove
2026-07-27 12:31:41,151 [inflora.py] => [InfLoRA] Layer 10: 305/768 type retain
2026-07-27 12:31:41,151 [inflora.py] => [InfLoRA] Layer 11: 353/768 type retain
2026-07-27 12:31:41,151 [inflora.py] => [InfLoRA] Layer 12: 360/768 type retain
2026-07-27 12:32:32,060 [inflora.py] => [InfLoRA] DualGPM threshold: 0.9750
2026-07-27 12:32:33,295 [inflora.py] => [InfLoRA] Layer 1: 39/768 type remove
2026-07-27 12:32:33,295 [inflora.py] => [InfLoRA] Layer 2: 21/768 type remove
2026-07-27 12:32:33,295 [inflora.py] => [InfLoRA] Layer 3: 54/768 type remove
2026-07-27 12:32:33,295 [inflora.py] => [InfLoRA] Layer 4: 63/768 type remove
2026-07-27 12:32:33,295 [inflora.py] => [InfLoRA] Layer 5: 102/768 type remove
2026-07-27 12:32:33,295 [inflora.py] => [InfLoRA] Layer 6: 140/768 type remove
2026-07-27 12:32:33,295 [inflora.py] => [InfLoRA] Layer 7: 152/768 type remove
2026-07-27 12:32:33,295 [inflora.py] => [InfLoRA] Layer 8: 217/768 type remove
2026-07-27 12:32:33,295 [inflora.py] => [InfLoRA] Layer 9: 346/768 type remove
2026-07-27 12:32:33,295 [inflora.py] => [InfLoRA] Layer 10: 305/768 type retain
2026-07-27 12:32:33,295 [inflora.py] => [InfLoRA] Layer 11: 353/768 type retain
2026-07-27 12:32:33,295 [inflora.py] => [InfLoRA] Layer 12: 360/768 type retain
2026-07-27 12:33:24,700 [inflora.py] => [InfLoRA] DualGPM threshold: 0.9750
2026-07-27 12:33:26,071 [inflora.py] => [InfLoRA] Layer 1: 39/768 type remove
2026-07-27 12:33:26,071 [inflora.py] => [InfLoRA] Layer 2: 21/768 type remove
2026-07-27 12:33:26,071 [inflora.py] => [InfLoRA] Layer 3: 54/768 type remove
2026-07-27 12:33:26,071 [inflora.py] => [InfLoRA] Layer 4: 63/768 type remove
2026-07-27 12:33:26,071 [inflora.py] => [InfLoRA] Layer 5: 103/768 type remove
2026-07-27 12:33:26,071 [inflora.py] => [InfLoRA] Layer 6: 141/768 type remove
2026-07-27 12:33:26,071 [inflora.py] => [InfLoRA] Layer 7: 153/768 type remove
2026-07-27 12:33:26,072 [inflora.py] => [InfLoRA] Layer 8: 218/768 type remove
2026-07-27 12:33:26,072 [inflora.py] => [InfLoRA] Layer 9: 346/768 type remove
2026-07-27 12:33:26,072 [inflora.py] => [InfLoRA] Layer 10: 305/768 type retain
2026-07-27 12:33:26,072 [inflora.py] => [InfLoRA] Layer 11: 353/768 type retain
2026-07-27 12:33:26,072 [inflora.py] => [InfLoRA] Layer 12: 359/768 type retain
2026-07-27 12:34:16,350 [inflora.py] => [InfLoRA] DualGPM threshold: 0.9750
2026-07-27 12:34:17,746 [inflora.py] => [InfLoRA] Layer 1: 39/768 type remove
2026-07-27 12:34:17,746 [inflora.py] => [InfLoRA] Layer 2: 21/768 type remove
2026-07-27 12:34:17,746 [inflora.py] => [InfLoRA] Layer 3: 55/768 type remove
2026-07-27 12:34:17,747 [inflora.py] => [InfLoRA] Layer 4: 64/768 type remove
2026-07-27 12:34:17,747 [inflora.py] => [InfLoRA] Layer 5: 104/768 type remove
2026-07-27 12:34:17,747 [inflora.py] => [InfLoRA] Layer 6: 142/768 type remove
2026-07-27 12:34:17,747 [inflora.py] => [InfLoRA] Layer 7: 154/768 type remove
2026-07-27 12:34:17,747 [inflora.py] => [InfLoRA] Layer 8: 219/768 type remove
2026-07-27 12:34:17,747 [inflora.py] => [InfLoRA] Layer 9: 347/768 type remove
2026-07-27 12:34:17,747 [inflora.py] => [InfLoRA] Layer 10: 305/768 type retain
2026-07-27 12:34:17,747 [inflora.py] => [InfLoRA] Layer 11: 352/768 type retain
2026-07-27 12:34:17,747 [inflora.py] => [InfLoRA] Layer 12: 358/768 type retain
2026-07-27 12:35:10,285 [inflora.py] => [InfLoRA] DualGPM threshold: 0.9750
2026-07-27 12:35:11,455 [inflora.py] => [InfLoRA] Layer 1: 39/768 type remove
2026-07-27 12:35:11,455 [inflora.py] => [InfLoRA] Layer 2: 21/768 type remove
2026-07-27 12:35:11,455 [inflora.py] => [InfLoRA] Layer 3: 55/768 type remove
2026-07-27 12:35:11,455 [inflora.py] => [InfLoRA] Layer 4: 64/768 type remove
2026-07-27 12:35:11,455 [inflora.py] => [InfLoRA] Layer 5: 104/768 type remove
2026-07-27 12:35:11,455 [inflora.py] => [InfLoRA] Layer 6: 142/768 type remove
2026-07-27 12:35:11,455 [inflora.py] => [InfLoRA] Layer 7: 154/768 type remove
2026-07-27 12:35:11,455 [inflora.py] => [InfLoRA] Layer 8: 219/768 type remove
2026-07-27 12:35:11,455 [inflora.py] => [InfLoRA] Layer 9: 347/768 type remove
2026-07-27 12:35:11,455 [inflora.py] => [InfLoRA] Layer 10: 305/768 type retain
2026-07-27 12:35:11,455 [inflora.py] => [InfLoRA] Layer 11: 352/768 type retain
2026-07-27 12:35:11,455 [inflora.py] => [InfLoRA] Layer 12: 358/768 type retain
2026-07-27 12:36:03,379 [inflora.py] => [InfLoRA] DualGPM threshold: 0.9750
2026-07-27 12:36:04,745 [inflora.py] => [InfLoRA] Layer 1: 39/768 type remove
2026-07-27 12:36:04,745 [inflora.py] => [InfLoRA] Layer 2: 21/768 type remove
2026-07-27 12:36:04,745 [inflora.py] => [InfLoRA] Layer 3: 55/768 type remove
2026-07-27 12:36:04,745 [inflora.py] => [InfLoRA] Layer 4: 64/768 type remove
2026-07-27 12:36:04,745 [inflora.py] => [InfLoRA] Layer 5: 105/768 type remove
2026-07-27 12:36:04,745 [inflora.py] => [InfLoRA] Layer 6: 143/768 type remove
2026-07-27 12:36:04,745 [inflora.py] => [InfLoRA] Layer 7: 155/768 type remove
2026-07-27 12:36:04,745 [inflora.py] => [InfLoRA] Layer 8: 219/768 type remove
2026-07-27 12:36:04,745 [inflora.py] => [InfLoRA] Layer 9: 348/768 type remove
2026-07-27 12:36:04,745 [inflora.py] => [InfLoRA] Layer 10: 304/768 type retain
2026-07-27 12:36:04,745 [inflora.py] => [InfLoRA] Layer 11: 350/768 type retain
2026-07-27 12:36:04,746 [inflora.py] => [InfLoRA] Layer 12: 356/768 type retain
2026-07-27 12:36:56,184 [inflora.py] => [InfLoRA] DualGPM threshold: 0.9750
2026-07-27 12:36:57,330 [inflora.py] => [InfLoRA] Layer 1: 39/768 type remove
2026-07-27 12:36:57,330 [inflora.py] => [InfLoRA] Layer 2: 21/768 type remove
2026-07-27 12:36:57,330 [inflora.py] => [InfLoRA] Layer 3: 55/768 type remove
2026-07-27 12:36:57,330 [inflora.py] => [InfLoRA] Layer 4: 64/768 type remove
2026-07-27 12:36:57,330 [inflora.py] => [InfLoRA] Layer 5: 105/768 type remove
2026-07-27 12:36:57,330 [inflora.py] => [InfLoRA] Layer 6: 143/768 type remove
2026-07-27 12:36:57,330 [inflora.py] => [InfLoRA] Layer 7: 155/768 type remove
2026-07-27 12:36:57,330 [inflora.py] => [InfLoRA] Layer 8: 219/768 type remove
2026-07-27 12:36:57,330 [inflora.py] => [InfLoRA] Layer 9: 348/768 type remove
2026-07-27 12:36:57,330 [inflora.py] => [InfLoRA] Layer 10: 304/768 type retain
2026-07-27 12:36:57,330 [inflora.py] => [InfLoRA] Layer 11: 350/768 type retain
2026-07-27 12:36:57,330 [inflora.py] => [InfLoRA] Layer 12: 356/768 type retain
2026-07-27 12:37:48,595 [inflora.py] => [InfLoRA] DualGPM threshold: 0.9750
2026-07-27 12:37:49,971 [inflora.py] => [InfLoRA] Layer 1: 39/768 type remove
2026-07-27 12:37:49,971 [inflora.py] => [InfLoRA] Layer 2: 21/768 type remove
2026-07-27 12:37:49,971 [inflora.py] => [InfLoRA] Layer 3: 55/768 type remove
2026-07-27 12:37:49,971 [inflora.py] => [InfLoRA] Layer 4: 64/768 type remove
2026-07-27 12:37:49,971 [inflora.py] => [InfLoRA] Layer 5: 105/768 type remove
2026-07-27 12:37:49,971 [inflora.py] => [InfLoRA] Layer 6: 143/768 type remove
2026-07-27 12:37:49,971 [inflora.py] => [InfLoRA] Layer 7: 156/768 type remove
2026-07-27 12:37:49,971 [inflora.py] => [InfLoRA] Layer 8: 220/768 type remove
2026-07-27 12:37:49,971 [inflora.py] => [InfLoRA] Layer 9: 349/768 type remove
2026-07-27 12:37:49,971 [inflora.py] => [InfLoRA] Layer 10: 303/768 type retain
2026-07-27 12:37:49,971 [inflora.py] => [InfLoRA] Layer 11: 349/768 type retain
2026-07-27 12:37:49,971 [inflora.py] => [InfLoRA] Layer 12: 355/768 type retain
2026-07-27 12:38:40,620 [inflora.py] => [InfLoRA] DualGPM threshold: 0.9750
2026-07-27 12:38:42,019 [inflora.py] => [InfLoRA] Layer 1: 39/768 type remove
2026-07-27 12:38:42,019 [inflora.py] => [InfLoRA] Layer 2: 21/768 type remove
2026-07-27 12:38:42,019 [inflora.py] => [InfLoRA] Layer 3: 55/768 type remove
2026-07-27 12:38:42,019 [inflora.py] => [InfLoRA] Layer 4: 64/768 type remove
2026-07-27 12:38:42,019 [inflora.py] => [InfLoRA] Layer 5: 105/768 type remove
2026-07-27 12:38:42,019 [inflora.py] => [InfLoRA] Layer 6: 143/768 type remove
2026-07-27 12:38:42,019 [inflora.py] => [InfLoRA] Layer 7: 156/768 type remove
2026-07-27 12:38:42,019 [inflora.py] => [InfLoRA] Layer 8: 220/768 type remove
2026-07-27 12:38:42,019 [inflora.py] => [InfLoRA] Layer 9: 349/768 type remove
2026-07-27 12:38:42,019 [inflora.py] => [InfLoRA] Layer 10: 303/768 type retain
2026-07-27 12:38:42,019 [inflora.py] => [InfLoRA] Layer 11: 349/768 type retain
2026-07-27 12:38:42,019 [inflora.py] => [InfLoRA] Layer 12: 354/768 type retain
2026-07-27 12:39:32,724 [inflora.py] => [InfLoRA] DualGPM threshold: 0.9750
2026-07-27 12:39:33,966 [inflora.py] => [InfLoRA] Layer 1: 39/768 type remove
2026-07-27 12:39:33,966 [inflora.py] => [InfLoRA] Layer 2: 21/768 type remove
2026-07-27 12:39:33,966 [inflora.py] => [InfLoRA] Layer 3: 55/768 type remove
2026-07-27 12:39:33,966 [inflora.py] => [InfLoRA] Layer 4: 65/768 type remove
2026-07-27 12:39:33,966 [inflora.py] => [InfLoRA] Layer 5: 106/768 type remove
2026-07-27 12:39:33,966 [inflora.py] => [InfLoRA] Layer 6: 144/768 type remove
2026-07-27 12:39:33,966 [inflora.py] => [InfLoRA] Layer 7: 157/768 type remove
2026-07-27 12:39:33,966 [inflora.py] => [InfLoRA] Layer 8: 221/768 type remove
2026-07-27 12:39:33,966 [inflora.py] => [InfLoRA] Layer 9: 350/768 type remove
2026-07-27 12:39:33,966 [inflora.py] => [InfLoRA] Layer 10: 302/768 type retain
2026-07-27 12:39:33,966 [inflora.py] => [InfLoRA] Layer 11: 347/768 type retain
2026-07-27 12:39:33,966 [inflora.py] => [InfLoRA] Layer 12: 352/768 type retain
2026-07-27 12:40:25,147 [inflora.py] => [InfLoRA] DualGPM threshold: 0.9750
2026-07-27 12:40:26,471 [inflora.py] => [InfLoRA] Layer 1: 39/768 type remove
2026-07-27 12:40:26,471 [inflora.py] => [InfLoRA] Layer 2: 21/768 type remove
2026-07-27 12:40:26,471 [inflora.py] => [InfLoRA] Layer 3: 56/768 type remove
2026-07-27 12:40:26,471 [inflora.py] => [InfLoRA] Layer 4: 65/768 type remove
2026-07-27 12:40:26,471 [inflora.py] => [InfLoRA] Layer 5: 106/768 type remove
2026-07-27 12:40:26,471 [inflora.py] => [InfLoRA] Layer 6: 144/768 type remove
2026-07-27 12:40:26,471 [inflora.py] => [InfLoRA] Layer 7: 157/768 type remove
2026-07-27 12:40:26,471 [inflora.py] => [InfLoRA] Layer 8: 221/768 type remove
2026-07-27 12:40:26,471 [inflora.py] => [InfLoRA] Layer 9: 351/768 type remove
2026-07-27 12:40:26,471 [inflora.py] => [InfLoRA] Layer 10: 301/768 type retain
2026-07-27 12:40:26,471 [inflora.py] => [InfLoRA] Layer 11: 345/768 type retain
2026-07-27 12:40:26,471 [inflora.py] => [InfLoRA] Layer 12: 352/768 type retain
2026-07-27 12:41:16,846 [inflora.py] => [InfLoRA] DualGPM threshold: 0.9750
2026-07-27 12:41:18,267 [inflora.py] => [InfLoRA] Layer 1: 39/768 type remove
2026-07-27 12:41:18,267 [inflora.py] => [InfLoRA] Layer 2: 21/768 type remove
2026-07-27 12:41:18,267 [inflora.py] => [InfLoRA] Layer 3: 56/768 type remove
2026-07-27 12:41:18,267 [inflora.py] => [InfLoRA] Layer 4: 65/768 type remove
2026-07-27 12:41:18,267 [inflora.py] => [InfLoRA] Layer 5: 106/768 type remove
2026-07-27 12:41:18,267 [inflora.py] => [InfLoRA] Layer 6: 144/768 type remove
2026-07-27 12:41:18,267 [inflora.py] => [InfLoRA] Layer 7: 157/768 type remove
2026-07-27 12:41:18,267 [inflora.py] => [InfLoRA] Layer 8: 221/768 type remove
2026-07-27 12:41:18,267 [inflora.py] => [InfLoRA] Layer 9: 351/768 type remove
2026-07-27 12:41:18,267 [inflora.py] => [InfLoRA] Layer 10: 301/768 type retain
2026-07-27 12:41:18,267 [inflora.py] => [InfLoRA] Layer 11: 345/768 type retain
2026-07-27 12:41:18,267 [inflora.py] => [InfLoRA] Layer 12: 352/768 type retain
/data/gmar762/anaconda3/envs/treelora/lib/python3.10/site-packages/PIL/Image.py:1137: UserWarning: Palette images with Transparency expressed in bytes should be converted to RGBA images
  warnings.warn(
/data/gmar762/anaconda3/envs/treelora/lib/python3.10/site-packages/PIL/Image.py:1137: UserWarning: Palette images with Transparency expressed in bytes should be converted to RGBA images
  warnings.warn(
/data/gmar762/anaconda3/envs/treelora/lib/python3.10/site-packages/PIL/Image.py:1137: UserWarning: Palette images with Transparency expressed in bytes should be converted to RGBA images
  warnings.warn(
/data/gmar762/anaconda3/envs/treelora/lib/python3.10/site-packages/PIL/Image.py:1137: UserWarning: Palette images with Transparency expressed in bytes should be converted to RGBA images
  warnings.warn(
/data/gmar762/anaconda3/envs/treelora/lib/python3.10/site-packages/PIL/Image.py:1137: UserWarning: Palette images with Transparency expressed in bytes should be converted to RGBA images
  warnings.warn(
/data/gmar762/anaconda3/envs/treelora/lib/python3.10/site-packages/PIL/Image.py:1137: UserWarning: Palette images with Transparency expressed in bytes should be converted to RGBA images
  warnings.warn(
/data/gmar762/anaconda3/envs/treelora/lib/python3.10/site-packages/PIL/Image.py:1137: UserWarning: Palette images with Transparency expressed in bytes should be converted to RGBA images
  warnings.warn(
/data/gmar762/anaconda3/envs/treelora/lib/python3.10/site-packages/PIL/Image.py:1137: UserWarning: Palette images with Transparency expressed in bytes should be converted to RGBA images
  warnings.warn(
/data/gmar762/anaconda3/envs/treelora/lib/python3.10/site-packages/PIL/Image.py:1137: UserWarning: Palette images with Transparency expressed in bytes should be converted to RGBA images
  warnings.warn(
/data/gmar762/anaconda3/envs/treelora/lib/python3.10/site-packages/PIL/Image.py:1137: UserWarning: Palette images with Transparency expressed in bytes should be converted to RGBA images
  warnings.warn(
/data/gmar762/anaconda3/envs/treelora/lib/python3.10/site-packages/PIL/Image.py:1137: UserWarning: Palette images with Transparency expressed in bytes should be converted to RGBA images
  warnings.warn(
/data/gmar762/anaconda3/envs/treelora/lib/python3.10/site-packages/PIL/Image.py:1137: UserWarning: Palette images with Transparency expressed in bytes should be converted to RGBA images
  warnings.warn(
/data/gmar762/anaconda3/envs/treelora/lib/python3.10/site-packages/PIL/Image.py:1137: UserWarning: Palette images with Transparency expressed in bytes should be converted to RGBA images
  warnings.warn(
/data/gmar762/anaconda3/envs/treelora/lib/python3.10/site-packages/PIL/Image.py:1137: UserWarning: Palette images with Transparency expressed in bytes should be converted to RGBA images
  warnings.warn(
/data/gmar762/anaconda3/envs/treelora/lib/python3.10/site-packages/PIL/Image.py:1137: UserWarning: Palette images with Transparency expressed in bytes should be converted to RGBA images
  warnings.warn(
/data/gmar762/anaconda3/envs/treelora/lib/python3.10/site-packages/PIL/Image.py:1137: UserWarning: Palette images with Transparency expressed in bytes should be converted to RGBA images
  warnings.warn(
/data/gmar762/anaconda3/envs/treelora/lib/python3.10/site-packages/PIL/Image.py:1137: UserWarning: Palette images with Transparency expressed in bytes should be converted to RGBA images
  warnings.warn(
/data/gmar762/anaconda3/envs/treelora/lib/python3.10/site-packages/PIL/Image.py:1137: UserWarning: Palette images with Transparency expressed in bytes should be converted to RGBA images
  warnings.warn(
/data/gmar762/anaconda3/envs/treelora/lib/python3.10/site-packages/PIL/Image.py:1137: UserWarning: Palette images with Transparency expressed in bytes should be converted to RGBA images
  warnings.warn(
/data/gmar762/anaconda3/envs/treelora/lib/python3.10/site-packages/PIL/Image.py:1137: UserWarning: Palette images with Transparency expressed in bytes should be converted to RGBA images
  warnings.warn(
/data/gmar762/anaconda3/envs/treelora/lib/python3.10/site-packages/PIL/Image.py:1137: UserWarning: Palette images with Transparency expressed in bytes should be converted to RGBA images
  warnings.warn(
/data/gmar762/anaconda3/envs/treelora/lib/python3.10/site-packages/PIL/Image.py:1137: UserWarning: Palette images with Transparency expressed in bytes should be converted to RGBA images
  warnings.warn(
2026-07-27 12:42:08,721 [inflora.py] => [InfLoRA] DualGPM threshold: 0.9750
2026-07-27 12:42:10,131 [inflora.py] => [InfLoRA] Layer 1: 39/768 type remove
2026-07-27 12:42:10,131 [inflora.py] => [InfLoRA] Layer 2: 21/768 type remove
2026-07-27 12:42:10,131 [inflora.py] => [InfLoRA] Layer 3: 56/768 type remove
2026-07-27 12:42:10,131 [inflora.py] => [InfLoRA] Layer 4: 65/768 type remove
2026-07-27 12:42:10,131 [inflora.py] => [InfLoRA] Layer 5: 106/768 type remove
2026-07-27 12:42:10,131 [inflora.py] => [InfLoRA] Layer 6: 145/768 type remove
2026-07-27 12:42:10,131 [inflora.py] => [InfLoRA] Layer 7: 157/768 type remove
2026-07-27 12:42:10,131 [inflora.py] => [InfLoRA] Layer 8: 221/768 type remove
2026-07-27 12:42:10,132 [inflora.py] => [InfLoRA] Layer 9: 351/768 type remove
2026-07-27 12:42:10,132 [inflora.py] => [InfLoRA] Layer 10: 301/768 type retain
2026-07-27 12:42:10,132 [inflora.py] => [InfLoRA] Layer 11: 345/768 type retain
2026-07-27 12:42:10,132 [inflora.py] => [InfLoRA] Layer 12: 352/768 type retain
2026-07-27 12:43:02,780 [inflora.py] => [InfLoRA] DualGPM threshold: 0.9750
2026-07-27 12:43:04,232 [inflora.py] => [InfLoRA] Layer 1: 39/768 type remove
2026-07-27 12:43:04,232 [inflora.py] => [InfLoRA] Layer 2: 21/768 type remove
2026-07-27 12:43:04,232 [inflora.py] => [InfLoRA] Layer 3: 57/768 type remove
2026-07-27 12:43:04,232 [inflora.py] => [InfLoRA] Layer 4: 66/768 type remove
2026-07-27 12:43:04,232 [inflora.py] => [InfLoRA] Layer 5: 107/768 type remove
2026-07-27 12:43:04,232 [inflora.py] => [InfLoRA] Layer 6: 145/768 type remove
2026-07-27 12:43:04,232 [inflora.py] => [InfLoRA] Layer 7: 157/768 type remove
2026-07-27 12:43:04,232 [inflora.py] => [InfLoRA] Layer 8: 221/768 type remove
2026-07-27 12:43:04,232 [inflora.py] => [InfLoRA] Layer 9: 351/768 type remove
2026-07-27 12:43:04,232 [inflora.py] => [InfLoRA] Layer 10: 301/768 type retain
2026-07-27 12:43:04,232 [inflora.py] => [InfLoRA] Layer 11: 345/768 type retain
2026-07-27 12:43:04,232 [inflora.py] => [InfLoRA] Layer 12: 352/768 type retain
2026-07-27 12:43:55,183 [inflora.py] => [InfLoRA] DualGPM threshold: 0.9750
2026-07-27 12:43:56,421 [inflora.py] => [InfLoRA] Layer 1: 39/768 type remove
2026-07-27 12:43:56,421 [inflora.py] => [InfLoRA] Layer 2: 21/768 type remove
2026-07-27 12:43:56,421 [inflora.py] => [InfLoRA] Layer 3: 57/768 type remove
2026-07-27 12:43:56,421 [inflora.py] => [InfLoRA] Layer 4: 66/768 type remove
2026-07-27 12:43:56,421 [inflora.py] => [InfLoRA] Layer 5: 107/768 type remove
2026-07-27 12:43:56,421 [inflora.py] => [InfLoRA] Layer 6: 145/768 type remove
2026-07-27 12:43:56,421 [inflora.py] => [InfLoRA] Layer 7: 157/768 type remove
2026-07-27 12:43:56,421 [inflora.py] => [InfLoRA] Layer 8: 221/768 type remove
2026-07-27 12:43:56,421 [inflora.py] => [InfLoRA] Layer 9: 351/768 type remove
2026-07-27 12:43:56,421 [inflora.py] => [InfLoRA] Layer 10: 301/768 type retain
2026-07-27 12:43:56,421 [inflora.py] => [InfLoRA] Layer 11: 345/768 type retain
2026-07-27 12:43:56,421 [inflora.py] => [InfLoRA] Layer 12: 351/768 type retain
2026-07-27 12:44:48,640 [inflora.py] => [InfLoRA] DualGPM threshold: 0.9750
2026-07-27 12:44:50,086 [inflora.py] => [InfLoRA] Layer 1: 39/768 type remove
2026-07-27 12:44:50,086 [inflora.py] => [InfLoRA] Layer 2: 21/768 type remove
2026-07-27 12:44:50,086 [inflora.py] => [InfLoRA] Layer 3: 57/768 type remove
2026-07-27 12:44:50,086 [inflora.py] => [InfLoRA] Layer 4: 66/768 type remove
2026-07-27 12:44:50,086 [inflora.py] => [InfLoRA] Layer 5: 107/768 type remove
2026-07-27 12:44:50,087 [inflora.py] => [InfLoRA] Layer 6: 145/768 type remove
2026-07-27 12:44:50,087 [inflora.py] => [InfLoRA] Layer 7: 157/768 type remove
2026-07-27 12:44:50,087 [inflora.py] => [InfLoRA] Layer 8: 221/768 type remove
2026-07-27 12:44:50,087 [inflora.py] => [InfLoRA] Layer 9: 351/768 type remove
2026-07-27 12:44:50,087 [inflora.py] => [InfLoRA] Layer 10: 301/768 type retain
2026-07-27 12:44:50,087 [inflora.py] => [InfLoRA] Layer 11: 345/768 type retain
2026-07-27 12:44:50,087 [inflora.py] => [InfLoRA] Layer 12: 350/768 type retain
2026-07-27 12:45:42,561 [inflora.py] => [InfLoRA] DualGPM threshold: 0.9750
2026-07-27 12:45:43,974 [inflora.py] => [InfLoRA] Layer 1: 39/768 type remove
2026-07-27 12:45:43,974 [inflora.py] => [InfLoRA] Layer 2: 21/768 type remove
2026-07-27 12:45:43,974 [inflora.py] => [InfLoRA] Layer 3: 57/768 type remove
2026-07-27 12:45:43,974 [inflora.py] => [InfLoRA] Layer 4: 66/768 type remove
2026-07-27 12:45:43,974 [inflora.py] => [InfLoRA] Layer 5: 107/768 type remove
2026-07-27 12:45:43,974 [inflora.py] => [InfLoRA] Layer 6: 145/768 type remove
2026-07-27 12:45:43,974 [inflora.py] => [InfLoRA] Layer 7: 157/768 type remove
2026-07-27 12:45:43,974 [inflora.py] => [InfLoRA] Layer 8: 222/768 type remove
2026-07-27 12:45:43,974 [inflora.py] => [InfLoRA] Layer 9: 351/768 type remove
2026-07-27 12:45:43,974 [inflora.py] => [InfLoRA] Layer 10: 300/768 type retain
2026-07-27 12:45:43,974 [inflora.py] => [InfLoRA] Layer 11: 344/768 type retain
2026-07-27 12:45:43,974 [inflora.py] => [InfLoRA] Layer 12: 350/768 type retain
2026-07-27 12:46:35,561 [inflora.py] => [InfLoRA] DualGPM threshold: 0.9750
2026-07-27 12:46:36,792 [inflora.py] => [InfLoRA] Layer 1: 39/768 type remove
2026-07-27 12:46:36,792 [inflora.py] => [InfLoRA] Layer 2: 21/768 type remove
2026-07-27 12:46:36,792 [inflora.py] => [InfLoRA] Layer 3: 57/768 type remove
2026-07-27 12:46:36,792 [inflora.py] => [InfLoRA] Layer 4: 66/768 type remove
2026-07-27 12:46:36,792 [inflora.py] => [InfLoRA] Layer 5: 107/768 type remove
2026-07-27 12:46:36,792 [inflora.py] => [InfLoRA] Layer 6: 145/768 type remove
2026-07-27 12:46:36,792 [inflora.py] => [InfLoRA] Layer 7: 157/768 type remove
2026-07-27 12:46:36,792 [inflora.py] => [InfLoRA] Layer 8: 222/768 type remove
2026-07-27 12:46:36,792 [inflora.py] => [InfLoRA] Layer 9: 351/768 type remove
2026-07-27 12:46:36,792 [inflora.py] => [InfLoRA] Layer 10: 300/768 type retain
2026-07-27 12:46:36,792 [inflora.py] => [InfLoRA] Layer 11: 343/768 type retain
2026-07-27 12:46:36,792 [inflora.py] => [InfLoRA] Layer 12: 348/768 type retain
2026-07-27 12:47:27,305 [inflora.py] => [InfLoRA] DualGPM threshold: 0.9750
2026-07-27 12:47:28,705 [inflora.py] => [InfLoRA] Layer 1: 39/768 type remove
2026-07-27 12:47:28,705 [inflora.py] => [InfLoRA] Layer 2: 21/768 type remove
2026-07-27 12:47:28,705 [inflora.py] => [InfLoRA] Layer 3: 57/768 type remove
2026-07-27 12:47:28,705 [inflora.py] => [InfLoRA] Layer 4: 66/768 type remove
2026-07-27 12:47:28,705 [inflora.py] => [InfLoRA] Layer 5: 108/768 type remove
2026-07-27 12:47:28,705 [inflora.py] => [InfLoRA] Layer 6: 146/768 type remove
2026-07-27 12:47:28,705 [inflora.py] => [InfLoRA] Layer 7: 158/768 type remove
2026-07-27 12:47:28,705 [inflora.py] => [InfLoRA] Layer 8: 222/768 type remove
2026-07-27 12:47:28,705 [inflora.py] => [InfLoRA] Layer 9: 352/768 type remove
2026-07-27 12:47:28,705 [inflora.py] => [InfLoRA] Layer 10: 299/768 type retain
2026-07-27 12:47:28,705 [inflora.py] => [InfLoRA] Layer 11: 342/768 type retain
2026-07-27 12:47:28,705 [inflora.py] => [InfLoRA] Layer 12: 348/768 type retain
2026-07-27 12:48:19,507 [inflora.py] => [InfLoRA] DualGPM threshold: 0.9750
2026-07-27 12:48:20,755 [inflora.py] => [InfLoRA] Layer 1: 39/768 type remove
2026-07-27 12:48:20,755 [inflora.py] => [InfLoRA] Layer 2: 21/768 type remove
2026-07-27 12:48:20,755 [inflora.py] => [InfLoRA] Layer 3: 57/768 type remove
2026-07-27 12:48:20,755 [inflora.py] => [InfLoRA] Layer 4: 66/768 type remove
2026-07-27 12:48:20,755 [inflora.py] => [InfLoRA] Layer 5: 108/768 type remove
2026-07-27 12:48:20,755 [inflora.py] => [InfLoRA] Layer 6: 146/768 type remove
2026-07-27 12:48:20,755 [inflora.py] => [InfLoRA] Layer 7: 158/768 type remove
2026-07-27 12:48:20,755 [inflora.py] => [InfLoRA] Layer 8: 222/768 type remove
2026-07-27 12:48:20,755 [inflora.py] => [InfLoRA] Layer 9: 352/768 type remove
2026-07-27 12:48:20,755 [inflora.py] => [InfLoRA] Layer 10: 298/768 type retain
2026-07-27 12:48:20,755 [inflora.py] => [InfLoRA] Layer 11: 341/768 type retain
2026-07-27 12:48:20,755 [inflora.py] => [InfLoRA] Layer 12: 347/768 type retain
2026-07-27 12:48:40,062 [bounded_memory_mixin.py] => [bounded_mem eval] volume 0.60 | cycle 145 | classes_seen 610 | CIL top1 49.67 | top5 77.84 | (nearest latent task ~60) | param_hash 0a530bf7fa52b080 | per-task [31.66, 64.0, 27.92, 50.26, 65.0, 65.33, 72.0, 36.5, 49.5, 58.59, 40.91, 36.04, 64.0, 52.53, 59.0, 59.8, 39.2, 68.5, 37.5, 52.26, 51.26, 64.0, 49.75, 54.31, 27.0, 54.55, 48.74, 67.0, 50.25, 38.5, 49.5, 63.5, 58.5, 54.5, 53.06, 57.29, 53.06, 44.16, 76.38, 32.32, 29.95, 64.82, 31.47, 17.0, 56.5, 43.0, 42.93, 53.06, 38.5, 55.78, 36.68, 65.0, 64.82, 46.97, 50.0, 37.56, 61.31, 22.0, 50.25, 67.34, 16.08]
2026-07-27 12:49:34,122 [inflora.py] => [InfLoRA] DualGPM threshold: 0.9750
2026-07-27 12:49:35,370 [inflora.py] => [InfLoRA] Layer 1: 39/768 type remove
2026-07-27 12:49:35,370 [inflora.py] => [InfLoRA] Layer 2: 21/768 type remove
2026-07-27 12:49:35,370 [inflora.py] => [InfLoRA] Layer 3: 57/768 type remove
2026-07-27 12:49:35,370 [inflora.py] => [InfLoRA] Layer 4: 66/768 type remove
2026-07-27 12:49:35,370 [inflora.py] => [InfLoRA] Layer 5: 109/768 type remove
2026-07-27 12:49:35,370 [inflora.py] => [InfLoRA] Layer 6: 147/768 type remove
2026-07-27 12:49:35,370 [inflora.py] => [InfLoRA] Layer 7: 159/768 type remove
2026-07-27 12:49:35,370 [inflora.py] => [InfLoRA] Layer 8: 224/768 type remove
2026-07-27 12:49:35,370 [inflora.py] => [InfLoRA] Layer 9: 354/768 type remove
2026-07-27 12:49:35,370 [inflora.py] => [InfLoRA] Layer 10: 295/768 type retain
2026-07-27 12:49:35,370 [inflora.py] => [InfLoRA] Layer 11: 339/768 type retain
2026-07-27 12:49:35,370 [inflora.py] => [InfLoRA] Layer 12: 346/768 type retain
2026-07-27 12:50:28,402 [inflora.py] => [InfLoRA] DualGPM threshold: 0.9750
2026-07-27 12:50:29,838 [inflora.py] => [InfLoRA] Layer 1: 39/768 type remove
2026-07-27 12:50:29,838 [inflora.py] => [InfLoRA] Layer 2: 21/768 type remove
2026-07-27 12:50:29,838 [inflora.py] => [InfLoRA] Layer 3: 58/768 type remove
2026-07-27 12:50:29,838 [inflora.py] => [InfLoRA] Layer 4: 67/768 type remove
2026-07-27 12:50:29,838 [inflora.py] => [InfLoRA] Layer 5: 109/768 type remove
2026-07-27 12:50:29,838 [inflora.py] => [InfLoRA] Layer 6: 147/768 type remove
2026-07-27 12:50:29,838 [inflora.py] => [InfLoRA] Layer 7: 159/768 type remove
2026-07-27 12:50:29,838 [inflora.py] => [InfLoRA] Layer 8: 225/768 type remove
2026-07-27 12:50:29,839 [inflora.py] => [InfLoRA] Layer 9: 354/768 type remove
2026-07-27 12:50:29,839 [inflora.py] => [InfLoRA] Layer 10: 295/768 type retain
2026-07-27 12:50:29,839 [inflora.py] => [InfLoRA] Layer 11: 339/768 type retain
2026-07-27 12:50:29,839 [inflora.py] => [InfLoRA] Layer 12: 346/768 type retain
2026-07-27 12:51:23,455 [inflora.py] => [InfLoRA] DualGPM threshold: 0.9750
2026-07-27 12:51:24,825 [inflora.py] => [InfLoRA] Layer 1: 39/768 type remove
2026-07-27 12:51:24,825 [inflora.py] => [InfLoRA] Layer 2: 21/768 type remove
2026-07-27 12:51:24,825 [inflora.py] => [InfLoRA] Layer 3: 58/768 type remove
2026-07-27 12:51:24,825 [inflora.py] => [InfLoRA] Layer 4: 67/768 type remove
2026-07-27 12:51:24,825 [inflora.py] => [InfLoRA] Layer 5: 109/768 type remove
2026-07-27 12:51:24,825 [inflora.py] => [InfLoRA] Layer 6: 147/768 type remove
2026-07-27 12:51:24,826 [inflora.py] => [InfLoRA] Layer 7: 160/768 type remove
2026-07-27 12:51:24,826 [inflora.py] => [InfLoRA] Layer 8: 225/768 type remove
2026-07-27 12:51:24,826 [inflora.py] => [InfLoRA] Layer 9: 354/768 type remove
2026-07-27 12:51:24,826 [inflora.py] => [InfLoRA] Layer 10: 295/768 type retain
2026-07-27 12:51:24,826 [inflora.py] => [InfLoRA] Layer 11: 339/768 type retain
2026-07-27 12:51:24,826 [inflora.py] => [InfLoRA] Layer 12: 346/768 type retain
2026-07-27 12:52:19,122 [inflora.py] => [InfLoRA] DualGPM threshold: 0.9750
2026-07-27 12:52:20,501 [inflora.py] => [InfLoRA] Layer 1: 39/768 type remove
2026-07-27 12:52:20,501 [inflora.py] => [InfLoRA] Layer 2: 21/768 type remove
2026-07-27 12:52:20,501 [inflora.py] => [InfLoRA] Layer 3: 58/768 type remove
2026-07-27 12:52:20,501 [inflora.py] => [InfLoRA] Layer 4: 67/768 type remove
2026-07-27 12:52:20,501 [inflora.py] => [InfLoRA] Layer 5: 109/768 type remove
2026-07-27 12:52:20,501 [inflora.py] => [InfLoRA] Layer 6: 148/768 type remove
2026-07-27 12:52:20,501 [inflora.py] => [InfLoRA] Layer 7: 160/768 type remove
2026-07-27 12:52:20,501 [inflora.py] => [InfLoRA] Layer 8: 226/768 type remove
2026-07-27 12:52:20,501 [inflora.py] => [InfLoRA] Layer 9: 355/768 type remove
2026-07-27 12:52:20,501 [inflora.py] => [InfLoRA] Layer 10: 295/768 type retain
2026-07-27 12:52:20,501 [inflora.py] => [InfLoRA] Layer 11: 339/768 type retain
2026-07-27 12:52:20,501 [inflora.py] => [InfLoRA] Layer 12: 346/768 type retain
2026-07-27 12:53:13,738 [inflora.py] => [InfLoRA] DualGPM threshold: 0.9750
2026-07-27 12:53:15,230 [inflora.py] => [InfLoRA] Layer 1: 39/768 type remove
2026-07-27 12:53:15,230 [inflora.py] => [InfLoRA] Layer 2: 21/768 type remove
2026-07-27 12:53:15,230 [inflora.py] => [InfLoRA] Layer 3: 58/768 type remove
2026-07-27 12:53:15,230 [inflora.py] => [InfLoRA] Layer 4: 67/768 type remove
2026-07-27 12:53:15,230 [inflora.py] => [InfLoRA] Layer 5: 110/768 type remove
2026-07-27 12:53:15,230 [inflora.py] => [InfLoRA] Layer 6: 149/768 type remove
2026-07-27 12:53:15,230 [inflora.py] => [InfLoRA] Layer 7: 161/768 type remove
2026-07-27 12:53:15,230 [inflora.py] => [InfLoRA] Layer 8: 227/768 type remove
2026-07-27 12:53:15,230 [inflora.py] => [InfLoRA] Layer 9: 356/768 type remove
2026-07-27 12:53:15,230 [inflora.py] => [InfLoRA] Layer 10: 294/768 type retain
2026-07-27 12:53:15,230 [inflora.py] => [InfLoRA] Layer 11: 338/768 type retain
2026-07-27 12:53:15,231 [inflora.py] => [InfLoRA] Layer 12: 345/768 type retain
2026-07-27 12:54:07,778 [inflora.py] => [InfLoRA] DualGPM threshold: 0.9750
2026-07-27 12:54:09,152 [inflora.py] => [InfLoRA] Layer 1: 39/768 type remove
2026-07-27 12:54:09,152 [inflora.py] => [InfLoRA] Layer 2: 21/768 type remove
2026-07-27 12:54:09,152 [inflora.py] => [InfLoRA] Layer 3: 58/768 type remove
2026-07-27 12:54:09,152 [inflora.py] => [InfLoRA] Layer 4: 67/768 type remove
2026-07-27 12:54:09,152 [inflora.py] => [InfLoRA] Layer 5: 110/768 type remove
2026-07-27 12:54:09,152 [inflora.py] => [InfLoRA] Layer 6: 149/768 type remove
2026-07-27 12:54:09,152 [inflora.py] => [InfLoRA] Layer 7: 161/768 type remove
2026-07-27 12:54:09,152 [inflora.py] => [InfLoRA] Layer 8: 227/768 type remove
2026-07-27 12:54:09,152 [inflora.py] => [InfLoRA] Layer 9: 356/768 type remove
2026-07-27 12:54:09,152 [inflora.py] => [InfLoRA] Layer 10: 294/768 type retain
2026-07-27 12:54:09,152 [inflora.py] => [InfLoRA] Layer 11: 338/768 type retain
2026-07-27 12:54:09,152 [inflora.py] => [InfLoRA] Layer 12: 345/768 type retain
2026-07-27 12:55:03,800 [inflora.py] => [InfLoRA] DualGPM threshold: 0.9750
2026-07-27 12:55:05,222 [inflora.py] => [InfLoRA] Layer 1: 39/768 type remove
2026-07-27 12:55:05,222 [inflora.py] => [InfLoRA] Layer 2: 21/768 type remove
2026-07-27 12:55:05,222 [inflora.py] => [InfLoRA] Layer 3: 58/768 type remove
2026-07-27 12:55:05,222 [inflora.py] => [InfLoRA] Layer 4: 67/768 type remove
2026-07-27 12:55:05,222 [inflora.py] => [InfLoRA] Layer 5: 110/768 type remove
2026-07-27 12:55:05,222 [inflora.py] => [InfLoRA] Layer 6: 149/768 type remove
2026-07-27 12:55:05,222 [inflora.py] => [InfLoRA] Layer 7: 161/768 type remove
2026-07-27 12:55:05,222 [inflora.py] => [InfLoRA] Layer 8: 227/768 type remove
2026-07-27 12:55:05,222 [inflora.py] => [InfLoRA] Layer 9: 356/768 type remove
2026-07-27 12:55:05,222 [inflora.py] => [InfLoRA] Layer 10: 294/768 type retain
2026-07-27 12:55:05,222 [inflora.py] => [InfLoRA] Layer 11: 338/768 type retain
2026-07-27 12:55:05,222 [inflora.py] => [InfLoRA] Layer 12: 344/768 type retain
2026-07-27 12:55:59,847 [inflora.py] => [InfLoRA] DualGPM threshold: 0.9750
2026-07-27 12:56:01,208 [inflora.py] => [InfLoRA] Layer 1: 39/768 type remove
2026-07-27 12:56:01,209 [inflora.py] => [InfLoRA] Layer 2: 21/768 type remove
2026-07-27 12:56:01,209 [inflora.py] => [InfLoRA] Layer 3: 58/768 type remove
2026-07-27 12:56:01,209 [inflora.py] => [InfLoRA] Layer 4: 67/768 type remove
2026-07-27 12:56:01,209 [inflora.py] => [InfLoRA] Layer 5: 110/768 type remove
2026-07-27 12:56:01,209 [inflora.py] => [InfLoRA] Layer 6: 150/768 type remove
2026-07-27 12:56:01,209 [inflora.py] => [InfLoRA] Layer 7: 162/768 type remove
2026-07-27 12:56:01,209 [inflora.py] => [InfLoRA] Layer 8: 227/768 type remove
2026-07-27 12:56:01,209 [inflora.py] => [InfLoRA] Layer 9: 357/768 type remove
2026-07-27 12:56:01,209 [inflora.py] => [InfLoRA] Layer 10: 293/768 type retain
2026-07-27 12:56:01,209 [inflora.py] => [InfLoRA] Layer 11: 336/768 type retain
2026-07-27 12:56:01,209 [inflora.py] => [InfLoRA] Layer 12: 343/768 type retain
2026-07-27 12:56:53,845 [inflora.py] => [InfLoRA] DualGPM threshold: 0.9750
2026-07-27 12:56:55,060 [inflora.py] => [InfLoRA] Layer 1: 39/768 type remove
2026-07-27 12:56:55,060 [inflora.py] => [InfLoRA] Layer 2: 21/768 type remove
2026-07-27 12:56:55,060 [inflora.py] => [InfLoRA] Layer 3: 58/768 type remove
2026-07-27 12:56:55,060 [inflora.py] => [InfLoRA] Layer 4: 67/768 type remove
2026-07-27 12:56:55,060 [inflora.py] => [InfLoRA] Layer 5: 110/768 type remove
2026-07-27 12:56:55,060 [inflora.py] => [InfLoRA] Layer 6: 150/768 type remove
2026-07-27 12:56:55,060 [inflora.py] => [InfLoRA] Layer 7: 162/768 type remove
2026-07-27 12:56:55,060 [inflora.py] => [InfLoRA] Layer 8: 227/768 type remove
2026-07-27 12:56:55,060 [inflora.py] => [InfLoRA] Layer 9: 357/768 type remove
2026-07-27 12:56:55,060 [inflora.py] => [InfLoRA] Layer 10: 293/768 type retain
2026-07-27 12:56:55,060 [inflora.py] => [InfLoRA] Layer 11: 336/768 type retain
2026-07-27 12:56:55,060 [inflora.py] => [InfLoRA] Layer 12: 343/768 type retain
2026-07-27 12:57:48,783 [inflora.py] => [InfLoRA] DualGPM threshold: 0.9750
2026-07-27 12:57:50,139 [inflora.py] => [InfLoRA] Layer 1: 39/768 type remove
2026-07-27 12:57:50,139 [inflora.py] => [InfLoRA] Layer 2: 21/768 type remove
2026-07-27 12:57:50,139 [inflora.py] => [InfLoRA] Layer 3: 59/768 type remove
2026-07-27 12:57:50,139 [inflora.py] => [InfLoRA] Layer 4: 68/768 type remove
2026-07-27 12:57:50,139 [inflora.py] => [InfLoRA] Layer 5: 111/768 type remove
2026-07-27 12:57:50,139 [inflora.py] => [InfLoRA] Layer 6: 151/768 type remove
2026-07-27 12:57:50,139 [inflora.py] => [InfLoRA] Layer 7: 163/768 type remove
2026-07-27 12:57:50,139 [inflora.py] => [InfLoRA] Layer 8: 228/768 type remove
2026-07-27 12:57:50,139 [inflora.py] => [InfLoRA] Layer 9: 358/768 type remove
2026-07-27 12:57:50,139 [inflora.py] => [InfLoRA] Layer 10: 292/768 type retain
2026-07-27 12:57:50,139 [inflora.py] => [InfLoRA] Layer 11: 335/768 type retain
2026-07-27 12:57:50,139 [inflora.py] => [InfLoRA] Layer 12: 342/768 type retain
2026-07-27 12:58:45,442 [inflora.py] => [InfLoRA] DualGPM threshold: 0.9750
2026-07-27 12:58:46,802 [inflora.py] => [InfLoRA] Layer 1: 39/768 type remove
2026-07-27 12:58:46,803 [inflora.py] => [InfLoRA] Layer 2: 21/768 type remove
2026-07-27 12:58:46,803 [inflora.py] => [InfLoRA] Layer 3: 59/768 type remove
2026-07-27 12:58:46,803 [inflora.py] => [InfLoRA] Layer 4: 68/768 type remove
2026-07-27 12:58:46,803 [inflora.py] => [InfLoRA] Layer 5: 111/768 type remove
2026-07-27 12:58:46,803 [inflora.py] => [InfLoRA] Layer 6: 151/768 type remove
2026-07-27 12:58:46,803 [inflora.py] => [InfLoRA] Layer 7: 164/768 type remove
2026-07-27 12:58:46,803 [inflora.py] => [InfLoRA] Layer 8: 228/768 type remove
2026-07-27 12:58:46,803 [inflora.py] => [InfLoRA] Layer 9: 358/768 type remove
2026-07-27 12:58:46,803 [inflora.py] => [InfLoRA] Layer 10: 292/768 type retain
2026-07-27 12:58:46,803 [inflora.py] => [InfLoRA] Layer 11: 335/768 type retain
2026-07-27 12:58:46,803 [inflora.py] => [InfLoRA] Layer 12: 342/768 type retain
2026-07-27 12:59:42,367 [inflora.py] => [InfLoRA] DualGPM threshold: 0.9750
2026-07-27 12:59:43,806 [inflora.py] => [InfLoRA] Layer 1: 39/768 type remove
2026-07-27 12:59:43,807 [inflora.py] => [InfLoRA] Layer 2: 21/768 type remove
2026-07-27 12:59:43,807 [inflora.py] => [InfLoRA] Layer 3: 59/768 type remove
2026-07-27 12:59:43,807 [inflora.py] => [InfLoRA] Layer 4: 68/768 type remove
2026-07-27 12:59:43,807 [inflora.py] => [InfLoRA] Layer 5: 112/768 type remove
2026-07-27 12:59:43,807 [inflora.py] => [InfLoRA] Layer 6: 152/768 type remove
2026-07-27 12:59:43,807 [inflora.py] => [InfLoRA] Layer 7: 165/768 type remove
2026-07-27 12:59:43,807 [inflora.py] => [InfLoRA] Layer 8: 229/768 type remove
2026-07-27 12:59:43,807 [inflora.py] => [InfLoRA] Layer 9: 359/768 type remove
2026-07-27 12:59:43,807 [inflora.py] => [InfLoRA] Layer 10: 291/768 type retain
2026-07-27 12:59:43,807 [inflora.py] => [InfLoRA] Layer 11: 334/768 type retain
2026-07-27 12:59:43,807 [inflora.py] => [InfLoRA] Layer 12: 340/768 type retain
2026-07-27 13:00:36,957 [inflora.py] => [InfLoRA] DualGPM threshold: 0.9750
2026-07-27 13:00:38,344 [inflora.py] => [InfLoRA] Layer 1: 39/768 type remove
2026-07-27 13:00:38,344 [inflora.py] => [InfLoRA] Layer 2: 21/768 type remove
2026-07-27 13:00:38,344 [inflora.py] => [InfLoRA] Layer 3: 60/768 type remove
2026-07-27 13:00:38,344 [inflora.py] => [InfLoRA] Layer 4: 69/768 type remove
2026-07-27 13:00:38,344 [inflora.py] => [InfLoRA] Layer 5: 112/768 type remove
2026-07-27 13:00:38,344 [inflora.py] => [InfLoRA] Layer 6: 152/768 type remove
2026-07-27 13:00:38,344 [inflora.py] => [InfLoRA] Layer 7: 165/768 type remove
2026-07-27 13:00:38,344 [inflora.py] => [InfLoRA] Layer 8: 229/768 type remove
2026-07-27 13:00:38,344 [inflora.py] => [InfLoRA] Layer 9: 359/768 type remove
2026-07-27 13:00:38,344 [inflora.py] => [InfLoRA] Layer 10: 291/768 type retain
2026-07-27 13:00:38,344 [inflora.py] => [InfLoRA] Layer 11: 334/768 type retain
2026-07-27 13:00:38,344 [inflora.py] => [InfLoRA] Layer 12: 340/768 type retain
2026-07-27 13:01:34,027 [inflora.py] => [InfLoRA] DualGPM threshold: 0.9750
2026-07-27 13:01:35,403 [inflora.py] => [InfLoRA] Layer 1: 39/768 type remove
2026-07-27 13:01:35,403 [inflora.py] => [InfLoRA] Layer 2: 21/768 type remove
2026-07-27 13:01:35,403 [inflora.py] => [InfLoRA] Layer 3: 60/768 type remove
2026-07-27 13:01:35,403 [inflora.py] => [InfLoRA] Layer 4: 69/768 type remove
2026-07-27 13:01:35,403 [inflora.py] => [InfLoRA] Layer 5: 112/768 type remove
2026-07-27 13:01:35,403 [inflora.py] => [InfLoRA] Layer 6: 152/768 type remove
2026-07-27 13:01:35,403 [inflora.py] => [InfLoRA] Layer 7: 165/768 type remove
2026-07-27 13:01:35,403 [inflora.py] => [InfLoRA] Layer 8: 230/768 type remove
2026-07-27 13:01:35,403 [inflora.py] => [InfLoRA] Layer 9: 360/768 type remove
2026-07-27 13:01:35,403 [inflora.py] => [InfLoRA] Layer 10: 291/768 type retain
2026-07-27 13:01:35,403 [inflora.py] => [InfLoRA] Layer 11: 333/768 type retain
2026-07-27 13:01:35,403 [inflora.py] => [InfLoRA] Layer 12: 338/768 type retain
2026-07-27 13:02:29,098 [inflora.py] => [InfLoRA] DualGPM threshold: 0.9750
2026-07-27 13:02:30,527 [inflora.py] => [InfLoRA] Layer 1: 39/768 type remove
2026-07-27 13:02:30,528 [inflora.py] => [InfLoRA] Layer 2: 21/768 type remove
2026-07-27 13:02:30,528 [inflora.py] => [InfLoRA] Layer 3: 60/768 type remove
2026-07-27 13:02:30,528 [inflora.py] => [InfLoRA] Layer 4: 69/768 type remove
2026-07-27 13:02:30,528 [inflora.py] => [InfLoRA] Layer 5: 113/768 type remove
2026-07-27 13:02:30,528 [inflora.py] => [InfLoRA] Layer 6: 153/768 type remove
2026-07-27 13:02:30,528 [inflora.py] => [InfLoRA] Layer 7: 165/768 type remove
2026-07-27 13:02:30,528 [inflora.py] => [InfLoRA] Layer 8: 230/768 type remove
2026-07-27 13:02:30,528 [inflora.py] => [InfLoRA] Layer 9: 361/768 type remove
2026-07-27 13:02:30,528 [inflora.py] => [InfLoRA] Layer 10: 290/768 type retain
2026-07-27 13:02:30,528 [inflora.py] => [InfLoRA] Layer 11: 333/768 type retain
2026-07-27 13:02:30,528 [inflora.py] => [InfLoRA] Layer 12: 338/768 type retain
2026-07-27 13:03:24,638 [inflora.py] => [InfLoRA] DualGPM threshold: 0.9750
2026-07-27 13:03:25,917 [inflora.py] => [InfLoRA] Layer 1: 39/768 type remove
2026-07-27 13:03:25,917 [inflora.py] => [InfLoRA] Layer 2: 21/768 type remove
2026-07-27 13:03:25,918 [inflora.py] => [InfLoRA] Layer 3: 60/768 type remove
2026-07-27 13:03:25,918 [inflora.py] => [InfLoRA] Layer 4: 69/768 type remove
2026-07-27 13:03:25,918 [inflora.py] => [InfLoRA] Layer 5: 113/768 type remove
2026-07-27 13:03:25,918 [inflora.py] => [InfLoRA] Layer 6: 153/768 type remove
2026-07-27 13:03:25,918 [inflora.py] => [InfLoRA] Layer 7: 166/768 type remove
2026-07-27 13:03:25,918 [inflora.py] => [InfLoRA] Layer 8: 231/768 type remove
2026-07-27 13:03:25,918 [inflora.py] => [InfLoRA] Layer 9: 361/768 type remove
2026-07-27 13:03:25,918 [inflora.py] => [InfLoRA] Layer 10: 290/768 type retain
2026-07-27 13:03:25,918 [inflora.py] => [InfLoRA] Layer 11: 333/768 type retain
2026-07-27 13:03:25,918 [inflora.py] => [InfLoRA] Layer 12: 338/768 type retain
2026-07-27 13:04:20,309 [inflora.py] => [InfLoRA] DualGPM threshold: 0.9750
2026-07-27 13:04:21,523 [inflora.py] => [InfLoRA] Layer 1: 39/768 type remove
2026-07-27 13:04:21,523 [inflora.py] => [InfLoRA] Layer 2: 21/768 type remove
2026-07-27 13:04:21,523 [inflora.py] => [InfLoRA] Layer 3: 60/768 type remove
2026-07-27 13:04:21,523 [inflora.py] => [InfLoRA] Layer 4: 69/768 type remove
2026-07-27 13:04:21,523 [inflora.py] => [InfLoRA] Layer 5: 114/768 type remove
2026-07-27 13:04:21,523 [inflora.py] => [InfLoRA] Layer 6: 154/768 type remove
2026-07-27 13:04:21,523 [inflora.py] => [InfLoRA] Layer 7: 166/768 type remove
2026-07-27 13:04:21,523 [inflora.py] => [InfLoRA] Layer 8: 231/768 type remove
2026-07-27 13:04:21,523 [inflora.py] => [InfLoRA] Layer 9: 361/768 type remove
2026-07-27 13:04:21,523 [inflora.py] => [InfLoRA] Layer 10: 290/768 type retain
2026-07-27 13:04:21,523 [inflora.py] => [InfLoRA] Layer 11: 332/768 type retain
2026-07-27 13:04:21,523 [inflora.py] => [InfLoRA] Layer 12: 337/768 type retain
2026-07-27 13:05:15,114 [inflora.py] => [InfLoRA] DualGPM threshold: 0.9750
2026-07-27 13:05:16,523 [inflora.py] => [InfLoRA] Layer 1: 39/768 type remove
2026-07-27 13:05:16,523 [inflora.py] => [InfLoRA] Layer 2: 21/768 type remove
2026-07-27 13:05:16,523 [inflora.py] => [InfLoRA] Layer 3: 60/768 type remove
2026-07-27 13:05:16,523 [inflora.py] => [InfLoRA] Layer 4: 69/768 type remove
2026-07-27 13:05:16,523 [inflora.py] => [InfLoRA] Layer 5: 114/768 type remove
2026-07-27 13:05:16,523 [inflora.py] => [InfLoRA] Layer 6: 155/768 type remove
2026-07-27 13:05:16,523 [inflora.py] => [InfLoRA] Layer 7: 167/768 type remove
2026-07-27 13:05:16,523 [inflora.py] => [InfLoRA] Layer 8: 231/768 type remove
2026-07-27 13:05:16,523 [inflora.py] => [InfLoRA] Layer 9: 361/768 type remove
2026-07-27 13:05:16,523 [inflora.py] => [InfLoRA] Layer 10: 290/768 type retain
2026-07-27 13:05:16,523 [inflora.py] => [InfLoRA] Layer 11: 332/768 type retain
2026-07-27 13:05:16,523 [inflora.py] => [InfLoRA] Layer 12: 336/768 type retain
2026-07-27 13:06:12,005 [inflora.py] => [InfLoRA] DualGPM threshold: 0.9750
2026-07-27 13:06:13,334 [inflora.py] => [InfLoRA] Layer 1: 39/768 type remove
2026-07-27 13:06:13,335 [inflora.py] => [InfLoRA] Layer 2: 21/768 type remove
2026-07-27 13:06:13,335 [inflora.py] => [InfLoRA] Layer 3: 60/768 type remove
2026-07-27 13:06:13,335 [inflora.py] => [InfLoRA] Layer 4: 69/768 type remove
2026-07-27 13:06:13,335 [inflora.py] => [InfLoRA] Layer 5: 114/768 type remove
2026-07-27 13:06:13,335 [inflora.py] => [InfLoRA] Layer 6: 155/768 type remove
2026-07-27 13:06:13,335 [inflora.py] => [InfLoRA] Layer 7: 167/768 type remove
2026-07-27 13:06:13,335 [inflora.py] => [InfLoRA] Layer 8: 231/768 type remove
2026-07-27 13:06:13,335 [inflora.py] => [InfLoRA] Layer 9: 361/768 type remove
2026-07-27 13:06:13,335 [inflora.py] => [InfLoRA] Layer 10: 290/768 type retain
2026-07-27 13:06:13,335 [inflora.py] => [InfLoRA] Layer 11: 332/768 type retain
2026-07-27 13:06:13,335 [inflora.py] => [InfLoRA] Layer 12: 336/768 type retain
2026-07-27 13:07:07,318 [inflora.py] => [InfLoRA] DualGPM threshold: 0.9750
2026-07-27 13:07:08,704 [inflora.py] => [InfLoRA] Layer 1: 39/768 type remove
2026-07-27 13:07:08,704 [inflora.py] => [InfLoRA] Layer 2: 21/768 type remove
2026-07-27 13:07:08,704 [inflora.py] => [InfLoRA] Layer 3: 60/768 type remove
2026-07-27 13:07:08,704 [inflora.py] => [InfLoRA] Layer 4: 69/768 type remove
2026-07-27 13:07:08,704 [inflora.py] => [InfLoRA] Layer 5: 115/768 type remove
2026-07-27 13:07:08,704 [inflora.py] => [InfLoRA] Layer 6: 155/768 type remove
2026-07-27 13:07:08,704 [inflora.py] => [InfLoRA] Layer 7: 167/768 type remove
2026-07-27 13:07:08,704 [inflora.py] => [InfLoRA] Layer 8: 232/768 type remove
2026-07-27 13:07:08,704 [inflora.py] => [InfLoRA] Layer 9: 361/768 type remove
2026-07-27 13:07:08,704 [inflora.py] => [InfLoRA] Layer 10: 290/768 type retain
2026-07-27 13:07:08,704 [inflora.py] => [InfLoRA] Layer 11: 332/768 type retain
2026-07-27 13:07:08,704 [inflora.py] => [InfLoRA] Layer 12: 335/768 type retain
2026-07-27 13:08:02,510 [inflora.py] => [InfLoRA] DualGPM threshold: 0.9750
2026-07-27 13:08:03,917 [inflora.py] => [InfLoRA] Layer 1: 39/768 type remove
2026-07-27 13:08:03,917 [inflora.py] => [InfLoRA] Layer 2: 21/768 type remove
2026-07-27 13:08:03,918 [inflora.py] => [InfLoRA] Layer 3: 60/768 type remove
2026-07-27 13:08:03,918 [inflora.py] => [InfLoRA] Layer 4: 69/768 type remove
2026-07-27 13:08:03,918 [inflora.py] => [InfLoRA] Layer 5: 115/768 type remove
2026-07-27 13:08:03,918 [inflora.py] => [InfLoRA] Layer 6: 156/768 type remove
2026-07-27 13:08:03,918 [inflora.py] => [InfLoRA] Layer 7: 167/768 type remove
2026-07-27 13:08:03,918 [inflora.py] => [InfLoRA] Layer 8: 232/768 type remove
2026-07-27 13:08:03,918 [inflora.py] => [InfLoRA] Layer 9: 361/768 type remove
2026-07-27 13:08:03,918 [inflora.py] => [InfLoRA] Layer 10: 290/768 type retain
2026-07-27 13:08:03,918 [inflora.py] => [InfLoRA] Layer 11: 332/768 type retain
2026-07-27 13:08:03,918 [inflora.py] => [InfLoRA] Layer 12: 335/768 type retain
2026-07-27 13:08:56,744 [inflora.py] => [InfLoRA] DualGPM threshold: 0.9750
2026-07-27 13:08:57,961 [inflora.py] => [InfLoRA] Layer 1: 39/768 type remove
2026-07-27 13:08:57,961 [inflora.py] => [InfLoRA] Layer 2: 21/768 type remove
2026-07-27 13:08:57,961 [inflora.py] => [InfLoRA] Layer 3: 60/768 type remove
2026-07-27 13:08:57,961 [inflora.py] => [InfLoRA] Layer 4: 70/768 type remove
2026-07-27 13:08:57,961 [inflora.py] => [InfLoRA] Layer 5: 115/768 type remove
2026-07-27 13:08:57,961 [inflora.py] => [InfLoRA] Layer 6: 157/768 type remove
2026-07-27 13:08:57,961 [inflora.py] => [InfLoRA] Layer 7: 168/768 type remove
2026-07-27 13:08:57,961 [inflora.py] => [InfLoRA] Layer 8: 233/768 type remove
2026-07-27 13:08:57,961 [inflora.py] => [InfLoRA] Layer 9: 362/768 type remove
2026-07-27 13:08:57,961 [inflora.py] => [InfLoRA] Layer 10: 289/768 type retain
2026-07-27 13:08:57,961 [inflora.py] => [InfLoRA] Layer 11: 331/768 type retain
2026-07-27 13:08:57,961 [inflora.py] => [InfLoRA] Layer 12: 334/768 type retain
2026-07-27 13:09:51,766 [inflora.py] => [InfLoRA] DualGPM threshold: 0.9750
2026-07-27 13:09:53,048 [inflora.py] => [InfLoRA] Layer 1: 39/768 type remove
2026-07-27 13:09:53,048 [inflora.py] => [InfLoRA] Layer 2: 21/768 type remove
2026-07-27 13:09:53,048 [inflora.py] => [InfLoRA] Layer 3: 60/768 type remove
2026-07-27 13:09:53,048 [inflora.py] => [InfLoRA] Layer 4: 70/768 type remove
2026-07-27 13:09:53,048 [inflora.py] => [InfLoRA] Layer 5: 115/768 type remove
2026-07-27 13:09:53,048 [inflora.py] => [InfLoRA] Layer 6: 157/768 type remove
2026-07-27 13:09:53,048 [inflora.py] => [InfLoRA] Layer 7: 168/768 type remove
2026-07-27 13:09:53,048 [inflora.py] => [InfLoRA] Layer 8: 233/768 type remove
2026-07-27 13:09:53,048 [inflora.py] => [InfLoRA] Layer 9: 362/768 type remove
2026-07-27 13:09:53,048 [inflora.py] => [InfLoRA] Layer 10: 289/768 type retain
2026-07-27 13:09:53,048 [inflora.py] => [InfLoRA] Layer 11: 331/768 type retain
2026-07-27 13:09:53,048 [inflora.py] => [InfLoRA] Layer 12: 334/768 type retain
2026-07-27 13:10:45,328 [inflora.py] => [InfLoRA] DualGPM threshold: 0.9750
2026-07-27 13:10:46,635 [inflora.py] => [InfLoRA] Layer 1: 39/768 type remove
2026-07-27 13:10:46,635 [inflora.py] => [InfLoRA] Layer 2: 21/768 type remove
2026-07-27 13:10:46,635 [inflora.py] => [InfLoRA] Layer 3: 60/768 type remove
2026-07-27 13:10:46,635 [inflora.py] => [InfLoRA] Layer 4: 70/768 type remove
2026-07-27 13:10:46,636 [inflora.py] => [InfLoRA] Layer 5: 115/768 type remove
2026-07-27 13:10:46,636 [inflora.py] => [InfLoRA] Layer 6: 157/768 type remove
2026-07-27 13:10:46,636 [inflora.py] => [InfLoRA] Layer 7: 168/768 type remove
2026-07-27 13:10:46,636 [inflora.py] => [InfLoRA] Layer 8: 233/768 type remove
2026-07-27 13:10:46,636 [inflora.py] => [InfLoRA] Layer 9: 363/768 type remove
2026-07-27 13:10:46,636 [inflora.py] => [InfLoRA] Layer 10: 289/768 type retain
2026-07-27 13:10:46,636 [inflora.py] => [InfLoRA] Layer 11: 331/768 type retain
2026-07-27 13:10:46,636 [inflora.py] => [InfLoRA] Layer 12: 334/768 type retain
2026-07-27 13:11:07,534 [bounded_memory_mixin.py] => [bounded_mem eval] volume 0.70 | cycle 169 | classes_seen 710 | CIL top1 45.61 | top5 74.48 | (nearest latent task ~70) | param_hash 35e280646a000c1e | per-task [26.63, 59.0, 28.43, 43.59, 59.0, 57.29, 65.5, 35.5, 46.5, 54.04, 35.86, 32.49, 58.0, 43.94, 54.5, 61.81, 32.16, 69.0, 33.0, 46.73, 47.74, 57.5, 43.15, 58.38, 27.5, 52.53, 58.29, 66.5, 46.19, 39.5, 44.5, 54.0, 53.0, 54.0, 52.04, 56.78, 47.45, 42.13, 74.37, 34.85, 25.38, 58.79, 27.92, 13.0, 55.0, 38.0, 38.89, 51.53, 38.5, 52.26, 42.71, 59.0, 57.79, 44.44, 43.37, 38.58, 53.77, 20.0, 43.72, 66.33, 50.75, 7.58, 45.23, 47.96, 35.57, 31.16, 43.72, 49.25, 45.13, 45.45, 13.07]
2026-07-27 13:12:02,228 [inflora.py] => [InfLoRA] DualGPM threshold: 0.9750
2026-07-27 13:12:03,534 [inflora.py] => [InfLoRA] Layer 1: 39/768 type remove
2026-07-27 13:12:03,534 [inflora.py] => [InfLoRA] Layer 2: 21/768 type remove
2026-07-27 13:12:03,534 [inflora.py] => [InfLoRA] Layer 3: 60/768 type remove
2026-07-27 13:12:03,534 [inflora.py] => [InfLoRA] Layer 4: 70/768 type remove
2026-07-27 13:12:03,534 [inflora.py] => [InfLoRA] Layer 5: 116/768 type remove
2026-07-27 13:12:03,534 [inflora.py] => [InfLoRA] Layer 6: 158/768 type remove
2026-07-27 13:12:03,534 [inflora.py] => [InfLoRA] Layer 7: 169/768 type remove
2026-07-27 13:12:03,534 [inflora.py] => [InfLoRA] Layer 8: 234/768 type remove
2026-07-27 13:12:03,534 [inflora.py] => [InfLoRA] Layer 9: 364/768 type remove
2026-07-27 13:12:03,534 [inflora.py] => [InfLoRA] Layer 10: 288/768 type retain
2026-07-27 13:12:03,534 [inflora.py] => [InfLoRA] Layer 11: 330/768 type retain
2026-07-27 13:12:03,534 [inflora.py] => [InfLoRA] Layer 12: 333/768 type retain
2026-07-27 13:12:58,290 [inflora.py] => [InfLoRA] DualGPM threshold: 0.9750
2026-07-27 13:12:59,737 [inflora.py] => [InfLoRA] Layer 1: 39/768 type remove
2026-07-27 13:12:59,737 [inflora.py] => [InfLoRA] Layer 2: 21/768 type remove
2026-07-27 13:12:59,737 [inflora.py] => [InfLoRA] Layer 3: 60/768 type remove
2026-07-27 13:12:59,737 [inflora.py] => [InfLoRA] Layer 4: 70/768 type remove
2026-07-27 13:12:59,737 [inflora.py] => [InfLoRA] Layer 5: 116/768 type remove
2026-07-27 13:12:59,737 [inflora.py] => [InfLoRA] Layer 6: 158/768 type remove
2026-07-27 13:12:59,737 [inflora.py] => [InfLoRA] Layer 7: 169/768 type remove
2026-07-27 13:12:59,737 [inflora.py] => [InfLoRA] Layer 8: 234/768 type remove
2026-07-27 13:12:59,737 [inflora.py] => [InfLoRA] Layer 9: 365/768 type remove
2026-07-27 13:12:59,737 [inflora.py] => [InfLoRA] Layer 10: 287/768 type retain
2026-07-27 13:12:59,737 [inflora.py] => [InfLoRA] Layer 11: 329/768 type retain
2026-07-27 13:12:59,737 [inflora.py] => [InfLoRA] Layer 12: 332/768 type retain
2026-07-27 13:13:53,379 [inflora.py] => [InfLoRA] DualGPM threshold: 0.9750
2026-07-27 13:13:54,626 [inflora.py] => [InfLoRA] Layer 1: 42/768 type remove
2026-07-27 13:13:54,626 [inflora.py] => [InfLoRA] Layer 2: 21/768 type remove
2026-07-27 13:13:54,626 [inflora.py] => [InfLoRA] Layer 3: 61/768 type remove
2026-07-27 13:13:54,626 [inflora.py] => [InfLoRA] Layer 4: 71/768 type remove
2026-07-27 13:13:54,626 [inflora.py] => [InfLoRA] Layer 5: 117/768 type remove
2026-07-27 13:13:54,626 [inflora.py] => [InfLoRA] Layer 6: 159/768 type remove
2026-07-27 13:13:54,626 [inflora.py] => [InfLoRA] Layer 7: 170/768 type remove
2026-07-27 13:13:54,626 [inflora.py] => [InfLoRA] Layer 8: 235/768 type remove
2026-07-27 13:13:54,626 [inflora.py] => [InfLoRA] Layer 9: 366/768 type remove
2026-07-27 13:13:54,626 [inflora.py] => [InfLoRA] Layer 10: 286/768 type retain
2026-07-27 13:13:54,626 [inflora.py] => [InfLoRA] Layer 11: 327/768 type retain
2026-07-27 13:13:54,626 [inflora.py] => [InfLoRA] Layer 12: 331/768 type retain
2026-07-27 13:14:49,285 [inflora.py] => [InfLoRA] DualGPM threshold: 0.9750
2026-07-27 13:14:50,774 [inflora.py] => [InfLoRA] Layer 1: 42/768 type remove
2026-07-27 13:14:50,774 [inflora.py] => [InfLoRA] Layer 2: 21/768 type remove
2026-07-27 13:14:50,774 [inflora.py] => [InfLoRA] Layer 3: 61/768 type remove
2026-07-27 13:14:50,774 [inflora.py] => [InfLoRA] Layer 4: 71/768 type remove
2026-07-27 13:14:50,774 [inflora.py] => [InfLoRA] Layer 5: 117/768 type remove
2026-07-27 13:14:50,774 [inflora.py] => [InfLoRA] Layer 6: 159/768 type remove
2026-07-27 13:14:50,774 [inflora.py] => [InfLoRA] Layer 7: 170/768 type remove
2026-07-27 13:14:50,774 [inflora.py] => [InfLoRA] Layer 8: 236/768 type remove
2026-07-27 13:14:50,774 [inflora.py] => [InfLoRA] Layer 9: 368/768 type remove
2026-07-27 13:14:50,774 [inflora.py] => [InfLoRA] Layer 10: 285/768 type retain
2026-07-27 13:14:50,774 [inflora.py] => [InfLoRA] Layer 11: 326/768 type retain
2026-07-27 13:14:50,774 [inflora.py] => [InfLoRA] Layer 12: 330/768 type retain
2026-07-27 13:15:43,286 [inflora.py] => [InfLoRA] DualGPM threshold: 0.9750
2026-07-27 13:15:44,736 [inflora.py] => [InfLoRA] Layer 1: 42/768 type remove
2026-07-27 13:15:44,736 [inflora.py] => [InfLoRA] Layer 2: 21/768 type remove
2026-07-27 13:15:44,736 [inflora.py] => [InfLoRA] Layer 3: 61/768 type remove
2026-07-27 13:15:44,736 [inflora.py] => [InfLoRA] Layer 4: 71/768 type remove
2026-07-27 13:15:44,736 [inflora.py] => [InfLoRA] Layer 5: 118/768 type remove
2026-07-27 13:15:44,736 [inflora.py] => [InfLoRA] Layer 6: 160/768 type remove
2026-07-27 13:15:44,736 [inflora.py] => [InfLoRA] Layer 7: 171/768 type remove
2026-07-27 13:15:44,736 [inflora.py] => [InfLoRA] Layer 8: 237/768 type remove
2026-07-27 13:15:44,736 [inflora.py] => [InfLoRA] Layer 9: 370/768 type remove
2026-07-27 13:15:44,736 [inflora.py] => [InfLoRA] Layer 10: 284/768 type retain
2026-07-27 13:15:44,736 [inflora.py] => [InfLoRA] Layer 11: 324/768 type retain
2026-07-27 13:15:44,736 [inflora.py] => [InfLoRA] Layer 12: 328/768 type retain
2026-07-27 13:16:36,366 [inflora.py] => [InfLoRA] DualGPM threshold: 0.9750
2026-07-27 13:16:37,606 [inflora.py] => [InfLoRA] Layer 1: 42/768 type remove
2026-07-27 13:16:37,606 [inflora.py] => [InfLoRA] Layer 2: 21/768 type remove
2026-07-27 13:16:37,606 [inflora.py] => [InfLoRA] Layer 3: 61/768 type remove
2026-07-27 13:16:37,606 [inflora.py] => [InfLoRA] Layer 4: 71/768 type remove
2026-07-27 13:16:37,606 [inflora.py] => [InfLoRA] Layer 5: 118/768 type remove
2026-07-27 13:16:37,606 [inflora.py] => [InfLoRA] Layer 6: 160/768 type remove
2026-07-27 13:16:37,606 [inflora.py] => [InfLoRA] Layer 7: 171/768 type remove
2026-07-27 13:16:37,606 [inflora.py] => [InfLoRA] Layer 8: 238/768 type remove
2026-07-27 13:16:37,606 [inflora.py] => [InfLoRA] Layer 9: 370/768 type remove
2026-07-27 13:16:37,606 [inflora.py] => [InfLoRA] Layer 10: 284/768 type retain
2026-07-27 13:16:37,606 [inflora.py] => [InfLoRA] Layer 11: 324/768 type retain
2026-07-27 13:16:37,606 [inflora.py] => [InfLoRA] Layer 12: 328/768 type retain
2026-07-27 13:17:30,198 [inflora.py] => [InfLoRA] DualGPM threshold: 0.9750
2026-07-27 13:17:31,657 [inflora.py] => [InfLoRA] Layer 1: 42/768 type remove
2026-07-27 13:17:31,657 [inflora.py] => [InfLoRA] Layer 2: 21/768 type remove
2026-07-27 13:17:31,657 [inflora.py] => [InfLoRA] Layer 3: 61/768 type remove
2026-07-27 13:17:31,657 [inflora.py] => [InfLoRA] Layer 4: 71/768 type remove
2026-07-27 13:17:31,657 [inflora.py] => [InfLoRA] Layer 5: 118/768 type remove
2026-07-27 13:17:31,657 [inflora.py] => [InfLoRA] Layer 6: 160/768 type remove
2026-07-27 13:17:31,657 [inflora.py] => [InfLoRA] Layer 7: 171/768 type remove
2026-07-27 13:17:31,657 [inflora.py] => [InfLoRA] Layer 8: 238/768 type remove
2026-07-27 13:17:31,657 [inflora.py] => [InfLoRA] Layer 9: 370/768 type remove
2026-07-27 13:17:31,657 [inflora.py] => [InfLoRA] Layer 10: 284/768 type retain
2026-07-27 13:17:31,657 [inflora.py] => [InfLoRA] Layer 11: 324/768 type retain
2026-07-27 13:17:31,657 [inflora.py] => [InfLoRA] Layer 12: 328/768 type retain
2026-07-27 13:18:23,971 [inflora.py] => [InfLoRA] DualGPM threshold: 0.9750
2026-07-27 13:18:25,411 [inflora.py] => [InfLoRA] Layer 1: 42/768 type remove
2026-07-27 13:18:25,411 [inflora.py] => [InfLoRA] Layer 2: 21/768 type remove
2026-07-27 13:18:25,411 [inflora.py] => [InfLoRA] Layer 3: 61/768 type remove
2026-07-27 13:18:25,411 [inflora.py] => [InfLoRA] Layer 4: 71/768 type remove
2026-07-27 13:18:25,411 [inflora.py] => [InfLoRA] Layer 5: 118/768 type remove
2026-07-27 13:18:25,411 [inflora.py] => [InfLoRA] Layer 6: 160/768 type remove
2026-07-27 13:18:25,411 [inflora.py] => [InfLoRA] Layer 7: 171/768 type remove
2026-07-27 13:18:25,411 [inflora.py] => [InfLoRA] Layer 8: 238/768 type remove
2026-07-27 13:18:25,411 [inflora.py] => [InfLoRA] Layer 9: 370/768 type remove
2026-07-27 13:18:25,412 [inflora.py] => [InfLoRA] Layer 10: 283/768 type retain
2026-07-27 13:18:25,412 [inflora.py] => [InfLoRA] Layer 11: 323/768 type retain
2026-07-27 13:18:25,412 [inflora.py] => [InfLoRA] Layer 12: 327/768 type retain
2026-07-27 13:19:19,226 [inflora.py] => [InfLoRA] DualGPM threshold: 0.9750
2026-07-27 13:19:20,637 [inflora.py] => [InfLoRA] Layer 1: 42/768 type remove
2026-07-27 13:19:20,637 [inflora.py] => [InfLoRA] Layer 2: 21/768 type remove
2026-07-27 13:19:20,637 [inflora.py] => [InfLoRA] Layer 3: 61/768 type remove
2026-07-27 13:19:20,637 [inflora.py] => [InfLoRA] Layer 4: 72/768 type remove
2026-07-27 13:19:20,637 [inflora.py] => [InfLoRA] Layer 5: 119/768 type remove
2026-07-27 13:19:20,637 [inflora.py] => [InfLoRA] Layer 6: 161/768 type remove
2026-07-27 13:19:20,637 [inflora.py] => [InfLoRA] Layer 7: 171/768 type remove
2026-07-27 13:19:20,637 [inflora.py] => [InfLoRA] Layer 8: 238/768 type remove
2026-07-27 13:19:20,637 [inflora.py] => [InfLoRA] Layer 9: 370/768 type remove
2026-07-27 13:19:20,637 [inflora.py] => [InfLoRA] Layer 10: 283/768 type retain
2026-07-27 13:19:20,637 [inflora.py] => [InfLoRA] Layer 11: 322/768 type retain
2026-07-27 13:19:20,637 [inflora.py] => [InfLoRA] Layer 12: 327/768 type retain
2026-07-27 13:20:16,226 [inflora.py] => [InfLoRA] DualGPM threshold: 0.9750
2026-07-27 13:20:17,588 [inflora.py] => [InfLoRA] Layer 1: 42/768 type remove
2026-07-27 13:20:17,588 [inflora.py] => [InfLoRA] Layer 2: 21/768 type remove
2026-07-27 13:20:17,588 [inflora.py] => [InfLoRA] Layer 3: 61/768 type remove
2026-07-27 13:20:17,588 [inflora.py] => [InfLoRA] Layer 4: 72/768 type remove
2026-07-27 13:20:17,588 [inflora.py] => [InfLoRA] Layer 5: 119/768 type remove
2026-07-27 13:20:17,588 [inflora.py] => [InfLoRA] Layer 6: 161/768 type remove
2026-07-27 13:20:17,588 [inflora.py] => [InfLoRA] Layer 7: 171/768 type remove
2026-07-27 13:20:17,588 [inflora.py] => [InfLoRA] Layer 8: 238/768 type remove
2026-07-27 13:20:17,588 [inflora.py] => [InfLoRA] Layer 9: 370/768 type remove
2026-07-27 13:20:17,588 [inflora.py] => [InfLoRA] Layer 10: 283/768 type retain
2026-07-27 13:20:17,588 [inflora.py] => [InfLoRA] Layer 11: 322/768 type retain
2026-07-27 13:20:17,588 [inflora.py] => [InfLoRA] Layer 12: 326/768 type retain
2026-07-27 13:21:10,890 [inflora.py] => [InfLoRA] DualGPM threshold: 0.9750
2026-07-27 13:21:12,255 [inflora.py] => [InfLoRA] Layer 1: 42/768 type remove
2026-07-27 13:21:12,255 [inflora.py] => [InfLoRA] Layer 2: 21/768 type remove
2026-07-27 13:21:12,255 [inflora.py] => [InfLoRA] Layer 3: 61/768 type remove
2026-07-27 13:21:12,255 [inflora.py] => [InfLoRA] Layer 4: 72/768 type remove
2026-07-27 13:21:12,255 [inflora.py] => [InfLoRA] Layer 5: 119/768 type remove
2026-07-27 13:21:12,255 [inflora.py] => [InfLoRA] Layer 6: 161/768 type remove
2026-07-27 13:21:12,255 [inflora.py] => [InfLoRA] Layer 7: 172/768 type remove
2026-07-27 13:21:12,255 [inflora.py] => [InfLoRA] Layer 8: 238/768 type remove
2026-07-27 13:21:12,255 [inflora.py] => [InfLoRA] Layer 9: 370/768 type remove
2026-07-27 13:21:12,255 [inflora.py] => [InfLoRA] Layer 10: 283/768 type retain
2026-07-27 13:21:12,255 [inflora.py] => [InfLoRA] Layer 11: 322/768 type retain
2026-07-27 13:21:12,255 [inflora.py] => [InfLoRA] Layer 12: 326/768 type retain
2026-07-27 13:22:06,790 [inflora.py] => [InfLoRA] DualGPM threshold: 0.9750
2026-07-27 13:22:07,950 [inflora.py] => [InfLoRA] Layer 1: 42/768 type remove
2026-07-27 13:22:07,951 [inflora.py] => [InfLoRA] Layer 2: 21/768 type remove
2026-07-27 13:22:07,951 [inflora.py] => [InfLoRA] Layer 3: 62/768 type remove
2026-07-27 13:22:07,951 [inflora.py] => [InfLoRA] Layer 4: 73/768 type remove
2026-07-27 13:22:07,951 [inflora.py] => [InfLoRA] Layer 5: 120/768 type remove
2026-07-27 13:22:07,951 [inflora.py] => [InfLoRA] Layer 6: 162/768 type remove
2026-07-27 13:22:07,951 [inflora.py] => [InfLoRA] Layer 7: 172/768 type remove
2026-07-27 13:22:07,951 [inflora.py] => [InfLoRA] Layer 8: 239/768 type remove
2026-07-27 13:22:07,951 [inflora.py] => [InfLoRA] Layer 9: 371/768 type remove
2026-07-27 13:22:07,951 [inflora.py] => [InfLoRA] Layer 10: 283/768 type retain
2026-07-27 13:22:07,951 [inflora.py] => [InfLoRA] Layer 11: 322/768 type retain
2026-07-27 13:22:07,951 [inflora.py] => [InfLoRA] Layer 12: 326/768 type retain
2026-07-27 13:23:01,156 [inflora.py] => [InfLoRA] DualGPM threshold: 0.9750
2026-07-27 13:23:02,507 [inflora.py] => [InfLoRA] Layer 1: 42/768 type remove
2026-07-27 13:23:02,507 [inflora.py] => [InfLoRA] Layer 2: 21/768 type remove
2026-07-27 13:23:02,507 [inflora.py] => [InfLoRA] Layer 3: 62/768 type remove
2026-07-27 13:23:02,507 [inflora.py] => [InfLoRA] Layer 4: 73/768 type remove
2026-07-27 13:23:02,507 [inflora.py] => [InfLoRA] Layer 5: 120/768 type remove
2026-07-27 13:23:02,507 [inflora.py] => [InfLoRA] Layer 6: 162/768 type remove
2026-07-27 13:23:02,507 [inflora.py] => [InfLoRA] Layer 7: 172/768 type remove
2026-07-27 13:23:02,507 [inflora.py] => [InfLoRA] Layer 8: 239/768 type remove
2026-07-27 13:23:02,507 [inflora.py] => [InfLoRA] Layer 9: 371/768 type remove
2026-07-27 13:23:02,507 [inflora.py] => [InfLoRA] Layer 10: 282/768 type retain
2026-07-27 13:23:02,507 [inflora.py] => [InfLoRA] Layer 11: 321/768 type retain
2026-07-27 13:23:02,507 [inflora.py] => [InfLoRA] Layer 12: 325/768 type retain
2026-07-27 13:23:55,466 [inflora.py] => [InfLoRA] DualGPM threshold: 0.9750
2026-07-27 13:23:56,909 [inflora.py] => [InfLoRA] Layer 1: 42/768 type remove
2026-07-27 13:23:56,909 [inflora.py] => [InfLoRA] Layer 2: 21/768 type remove
2026-07-27 13:23:56,909 [inflora.py] => [InfLoRA] Layer 3: 62/768 type remove
2026-07-27 13:23:56,909 [inflora.py] => [InfLoRA] Layer 4: 73/768 type remove
2026-07-27 13:23:56,909 [inflora.py] => [InfLoRA] Layer 5: 120/768 type remove
2026-07-27 13:23:56,909 [inflora.py] => [InfLoRA] Layer 6: 162/768 type remove
2026-07-27 13:23:56,909 [inflora.py] => [InfLoRA] Layer 7: 172/768 type remove
2026-07-27 13:23:56,909 [inflora.py] => [InfLoRA] Layer 8: 239/768 type remove
2026-07-27 13:23:56,910 [inflora.py] => [InfLoRA] Layer 9: 371/768 type remove
2026-07-27 13:23:56,910 [inflora.py] => [InfLoRA] Layer 10: 282/768 type retain
2026-07-27 13:23:56,910 [inflora.py] => [InfLoRA] Layer 11: 321/768 type retain
2026-07-27 13:23:56,910 [inflora.py] => [InfLoRA] Layer 12: 325/768 type retain
2026-07-27 13:24:51,482 [inflora.py] => [InfLoRA] DualGPM threshold: 0.9750
2026-07-27 13:24:52,914 [inflora.py] => [InfLoRA] Layer 1: 42/768 type remove
2026-07-27 13:24:52,915 [inflora.py] => [InfLoRA] Layer 2: 21/768 type remove
2026-07-27 13:24:52,915 [inflora.py] => [InfLoRA] Layer 3: 63/768 type remove
2026-07-27 13:24:52,915 [inflora.py] => [InfLoRA] Layer 4: 74/768 type remove
2026-07-27 13:24:52,915 [inflora.py] => [InfLoRA] Layer 5: 121/768 type remove
2026-07-27 13:24:52,915 [inflora.py] => [InfLoRA] Layer 6: 163/768 type remove
2026-07-27 13:24:52,915 [inflora.py] => [InfLoRA] Layer 7: 172/768 type remove
2026-07-27 13:24:52,915 [inflora.py] => [InfLoRA] Layer 8: 239/768 type remove
2026-07-27 13:24:52,915 [inflora.py] => [InfLoRA] Layer 9: 371/768 type remove
2026-07-27 13:24:52,915 [inflora.py] => [InfLoRA] Layer 10: 282/768 type retain
2026-07-27 13:24:52,915 [inflora.py] => [InfLoRA] Layer 11: 320/768 type retain
2026-07-27 13:24:52,915 [inflora.py] => [InfLoRA] Layer 12: 324/768 type retain
2026-07-27 13:25:46,474 [inflora.py] => [InfLoRA] DualGPM threshold: 0.9750
2026-07-27 13:25:47,772 [inflora.py] => [InfLoRA] Layer 1: 42/768 type remove
2026-07-27 13:25:47,772 [inflora.py] => [InfLoRA] Layer 2: 21/768 type remove
2026-07-27 13:25:47,772 [inflora.py] => [InfLoRA] Layer 3: 63/768 type remove
2026-07-27 13:25:47,772 [inflora.py] => [InfLoRA] Layer 4: 74/768 type remove
2026-07-27 13:25:47,772 [inflora.py] => [InfLoRA] Layer 5: 121/768 type remove
2026-07-27 13:25:47,772 [inflora.py] => [InfLoRA] Layer 6: 163/768 type remove
2026-07-27 13:25:47,772 [inflora.py] => [InfLoRA] Layer 7: 172/768 type remove
2026-07-27 13:25:47,772 [inflora.py] => [InfLoRA] Layer 8: 239/768 type remove
2026-07-27 13:25:47,772 [inflora.py] => [InfLoRA] Layer 9: 371/768 type remove
2026-07-27 13:25:47,772 [inflora.py] => [InfLoRA] Layer 10: 282/768 type retain
2026-07-27 13:25:47,772 [inflora.py] => [InfLoRA] Layer 11: 320/768 type retain
2026-07-27 13:25:47,772 [inflora.py] => [InfLoRA] Layer 12: 324/768 type retain
2026-07-27 13:26:43,698 [inflora.py] => [InfLoRA] DualGPM threshold: 0.9750
2026-07-27 13:26:45,018 [inflora.py] => [InfLoRA] Layer 1: 42/768 type remove
2026-07-27 13:26:45,019 [inflora.py] => [InfLoRA] Layer 2: 21/768 type remove
2026-07-27 13:26:45,019 [inflora.py] => [InfLoRA] Layer 3: 63/768 type remove
2026-07-27 13:26:45,019 [inflora.py] => [InfLoRA] Layer 4: 74/768 type remove
2026-07-27 13:26:45,019 [inflora.py] => [InfLoRA] Layer 5: 121/768 type remove
2026-07-27 13:26:45,019 [inflora.py] => [InfLoRA] Layer 6: 163/768 type remove
2026-07-27 13:26:45,019 [inflora.py] => [InfLoRA] Layer 7: 172/768 type remove
2026-07-27 13:26:45,019 [inflora.py] => [InfLoRA] Layer 8: 239/768 type remove
2026-07-27 13:26:45,019 [inflora.py] => [InfLoRA] Layer 9: 371/768 type remove
2026-07-27 13:26:45,019 [inflora.py] => [InfLoRA] Layer 10: 282/768 type retain
2026-07-27 13:26:45,019 [inflora.py] => [InfLoRA] Layer 11: 320/768 type retain
2026-07-27 13:26:45,019 [inflora.py] => [InfLoRA] Layer 12: 324/768 type retain
2026-07-27 13:27:40,333 [inflora.py] => [InfLoRA] DualGPM threshold: 0.9750
2026-07-27 13:27:41,583 [inflora.py] => [InfLoRA] Layer 1: 42/768 type remove
2026-07-27 13:27:41,583 [inflora.py] => [InfLoRA] Layer 2: 21/768 type remove
2026-07-27 13:27:41,583 [inflora.py] => [InfLoRA] Layer 3: 63/768 type remove
2026-07-27 13:27:41,583 [inflora.py] => [InfLoRA] Layer 4: 74/768 type remove
2026-07-27 13:27:41,583 [inflora.py] => [InfLoRA] Layer 5: 121/768 type remove
2026-07-27 13:27:41,583 [inflora.py] => [InfLoRA] Layer 6: 163/768 type remove
2026-07-27 13:27:41,583 [inflora.py] => [InfLoRA] Layer 7: 172/768 type remove
2026-07-27 13:27:41,583 [inflora.py] => [InfLoRA] Layer 8: 239/768 type remove
2026-07-27 13:27:41,583 [inflora.py] => [InfLoRA] Layer 9: 372/768 type remove
2026-07-27 13:27:41,584 [inflora.py] => [InfLoRA] Layer 10: 281/768 type retain
2026-07-27 13:27:41,584 [inflora.py] => [InfLoRA] Layer 11: 319/768 type retain
2026-07-27 13:27:41,584 [inflora.py] => [InfLoRA] Layer 12: 323/768 type retain
2026-07-27 13:28:39,334 [inflora.py] => [InfLoRA] DualGPM threshold: 0.9750
2026-07-27 13:28:40,784 [inflora.py] => [InfLoRA] Layer 1: 42/768 type remove
2026-07-27 13:28:40,784 [inflora.py] => [InfLoRA] Layer 2: 21/768 type remove
2026-07-27 13:28:40,784 [inflora.py] => [InfLoRA] Layer 3: 63/768 type remove
2026-07-27 13:28:40,784 [inflora.py] => [InfLoRA] Layer 4: 74/768 type remove
2026-07-27 13:28:40,784 [inflora.py] => [InfLoRA] Layer 5: 121/768 type remove
2026-07-27 13:28:40,784 [inflora.py] => [InfLoRA] Layer 6: 163/768 type remove
2026-07-27 13:28:40,784 [inflora.py] => [InfLoRA] Layer 7: 172/768 type remove
2026-07-27 13:28:40,784 [inflora.py] => [InfLoRA] Layer 8: 239/768 type remove
2026-07-27 13:28:40,784 [inflora.py] => [InfLoRA] Layer 9: 372/768 type remove
2026-07-27 13:28:40,784 [inflora.py] => [InfLoRA] Layer 10: 281/768 type retain
2026-07-27 13:28:40,784 [inflora.py] => [InfLoRA] Layer 11: 319/768 type retain
2026-07-27 13:28:40,784 [inflora.py] => [InfLoRA] Layer 12: 322/768 type retain
2026-07-27 13:29:36,264 [inflora.py] => [InfLoRA] DualGPM threshold: 0.9750
2026-07-27 13:29:37,512 [inflora.py] => [InfLoRA] Layer 1: 42/768 type remove
2026-07-27 13:29:37,512 [inflora.py] => [InfLoRA] Layer 2: 21/768 type remove
2026-07-27 13:29:37,512 [inflora.py] => [InfLoRA] Layer 3: 63/768 type remove
2026-07-27 13:29:37,512 [inflora.py] => [InfLoRA] Layer 4: 74/768 type remove
2026-07-27 13:29:37,512 [inflora.py] => [InfLoRA] Layer 5: 122/768 type remove
2026-07-27 13:29:37,512 [inflora.py] => [InfLoRA] Layer 6: 164/768 type remove
2026-07-27 13:29:37,512 [inflora.py] => [InfLoRA] Layer 7: 173/768 type remove
2026-07-27 13:29:37,512 [inflora.py] => [InfLoRA] Layer 8: 240/768 type remove
2026-07-27 13:29:37,512 [inflora.py] => [InfLoRA] Layer 9: 372/768 type remove
2026-07-27 13:29:37,512 [inflora.py] => [InfLoRA] Layer 10: 281/768 type retain
2026-07-27 13:29:37,512 [inflora.py] => [InfLoRA] Layer 11: 319/768 type retain
2026-07-27 13:29:37,512 [inflora.py] => [InfLoRA] Layer 12: 322/768 type retain
2026-07-27 13:30:34,019 [inflora.py] => [InfLoRA] DualGPM threshold: 0.9750
2026-07-27 13:30:35,429 [inflora.py] => [InfLoRA] Layer 1: 42/768 type remove
2026-07-27 13:30:35,429 [inflora.py] => [InfLoRA] Layer 2: 21/768 type remove
2026-07-27 13:30:35,429 [inflora.py] => [InfLoRA] Layer 3: 64/768 type remove
2026-07-27 13:30:35,429 [inflora.py] => [InfLoRA] Layer 4: 75/768 type remove
2026-07-27 13:30:35,429 [inflora.py] => [InfLoRA] Layer 5: 122/768 type remove
2026-07-27 13:30:35,429 [inflora.py] => [InfLoRA] Layer 6: 164/768 type remove
2026-07-27 13:30:35,429 [inflora.py] => [InfLoRA] Layer 7: 173/768 type remove
2026-07-27 13:30:35,429 [inflora.py] => [InfLoRA] Layer 8: 240/768 type remove
2026-07-27 13:30:35,429 [inflora.py] => [InfLoRA] Layer 9: 372/768 type remove
2026-07-27 13:30:35,429 [inflora.py] => [InfLoRA] Layer 10: 281/768 type retain
2026-07-27 13:30:35,429 [inflora.py] => [InfLoRA] Layer 11: 319/768 type retain
2026-07-27 13:30:35,429 [inflora.py] => [InfLoRA] Layer 12: 322/768 type retain
2026-07-27 13:31:29,555 [inflora.py] => [InfLoRA] DualGPM threshold: 0.9750
2026-07-27 13:31:30,778 [inflora.py] => [InfLoRA] Layer 1: 42/768 type remove
2026-07-27 13:31:30,779 [inflora.py] => [InfLoRA] Layer 2: 21/768 type remove
2026-07-27 13:31:30,779 [inflora.py] => [InfLoRA] Layer 3: 64/768 type remove
2026-07-27 13:31:30,779 [inflora.py] => [InfLoRA] Layer 4: 75/768 type remove
2026-07-27 13:31:30,779 [inflora.py] => [InfLoRA] Layer 5: 123/768 type remove
2026-07-27 13:31:30,779 [inflora.py] => [InfLoRA] Layer 6: 165/768 type remove
2026-07-27 13:31:30,779 [inflora.py] => [InfLoRA] Layer 7: 174/768 type remove
2026-07-27 13:31:30,779 [inflora.py] => [InfLoRA] Layer 8: 240/768 type remove
2026-07-27 13:31:30,779 [inflora.py] => [InfLoRA] Layer 9: 372/768 type remove
2026-07-27 13:31:30,779 [inflora.py] => [InfLoRA] Layer 10: 281/768 type retain
2026-07-27 13:31:30,779 [inflora.py] => [InfLoRA] Layer 11: 318/768 type retain
2026-07-27 13:31:30,779 [inflora.py] => [InfLoRA] Layer 12: 320/768 type retain
2026-07-27 13:32:23,193 [inflora.py] => [InfLoRA] DualGPM threshold: 0.9750
2026-07-27 13:32:24,377 [inflora.py] => [InfLoRA] Layer 1: 42/768 type remove
2026-07-27 13:32:24,377 [inflora.py] => [InfLoRA] Layer 2: 21/768 type remove
2026-07-27 13:32:24,377 [inflora.py] => [InfLoRA] Layer 3: 64/768 type remove
2026-07-27 13:32:24,377 [inflora.py] => [InfLoRA] Layer 4: 75/768 type remove
2026-07-27 13:32:24,377 [inflora.py] => [InfLoRA] Layer 5: 123/768 type remove
2026-07-27 13:32:24,377 [inflora.py] => [InfLoRA] Layer 6: 165/768 type remove
2026-07-27 13:32:24,377 [inflora.py] => [InfLoRA] Layer 7: 174/768 type remove
2026-07-27 13:32:24,377 [inflora.py] => [InfLoRA] Layer 8: 240/768 type remove
2026-07-27 13:32:24,377 [inflora.py] => [InfLoRA] Layer 9: 372/768 type remove
2026-07-27 13:32:24,377 [inflora.py] => [InfLoRA] Layer 10: 281/768 type retain
2026-07-27 13:32:24,377 [inflora.py] => [InfLoRA] Layer 11: 318/768 type retain
2026-07-27 13:32:24,377 [inflora.py] => [InfLoRA] Layer 12: 320/768 type retain
2026-07-27 13:33:19,272 [inflora.py] => [InfLoRA] DualGPM threshold: 0.9750
2026-07-27 13:33:20,527 [inflora.py] => [InfLoRA] Layer 1: 42/768 type remove
2026-07-27 13:33:20,527 [inflora.py] => [InfLoRA] Layer 2: 21/768 type remove
2026-07-27 13:33:20,527 [inflora.py] => [InfLoRA] Layer 3: 64/768 type remove
2026-07-27 13:33:20,527 [inflora.py] => [InfLoRA] Layer 4: 76/768 type remove
2026-07-27 13:33:20,527 [inflora.py] => [InfLoRA] Layer 5: 124/768 type remove
2026-07-27 13:33:20,527 [inflora.py] => [InfLoRA] Layer 6: 165/768 type remove
2026-07-27 13:33:20,527 [inflora.py] => [InfLoRA] Layer 7: 174/768 type remove
2026-07-27 13:33:20,527 [inflora.py] => [InfLoRA] Layer 8: 240/768 type remove
2026-07-27 13:33:20,527 [inflora.py] => [InfLoRA] Layer 9: 373/768 type remove
2026-07-27 13:33:20,527 [inflora.py] => [InfLoRA] Layer 10: 280/768 type retain
2026-07-27 13:33:20,527 [inflora.py] => [InfLoRA] Layer 11: 317/768 type retain
2026-07-27 13:33:20,527 [inflora.py] => [InfLoRA] Layer 12: 318/768 type retain
2026-07-27 13:33:46,588 [bounded_memory_mixin.py] => [bounded_mem eval] volume 0.80 | cycle 193 | classes_seen 810 | CIL top1 44.14 | top5 73.49 | (nearest latent task ~80) | param_hash 7f508920511c46f1 | per-task [20.6, 57.5, 24.37, 33.85, 54.5, 61.81, 67.0, 30.5, 47.5, 53.54, 34.85, 30.96, 54.0, 46.46, 52.0, 56.78, 30.15, 63.5, 28.0, 46.23, 48.24, 60.0, 43.65, 55.33, 26.5, 50.0, 42.71, 66.0, 46.7, 39.0, 42.5, 53.5, 52.0, 50.5, 48.98, 54.77, 48.98, 39.09, 67.84, 33.33, 21.32, 57.29, 26.4, 13.0, 51.5, 40.5, 38.89, 46.43, 33.5, 53.77, 35.68, 52.5, 60.3, 46.97, 42.86, 32.99, 55.28, 22.5, 46.73, 63.82, 48.24, 10.1, 43.72, 44.9, 31.44, 31.16, 41.71, 44.72, 35.38, 40.4, 51.26, 23.62, 68.02, 28.57, 44.5, 33.5, 65.33, 53.27, 39.09, 53.03, 36.04]
2026-07-27 13:34:42,566 [inflora.py] => [InfLoRA] DualGPM threshold: 0.9750
2026-07-27 13:34:43,877 [inflora.py] => [InfLoRA] Layer 1: 42/768 type remove
2026-07-27 13:34:43,878 [inflora.py] => [InfLoRA] Layer 2: 21/768 type remove
2026-07-27 13:34:43,878 [inflora.py] => [InfLoRA] Layer 3: 64/768 type remove
2026-07-27 13:34:43,878 [inflora.py] => [InfLoRA] Layer 4: 76/768 type remove
2026-07-27 13:34:43,878 [inflora.py] => [InfLoRA] Layer 5: 125/768 type remove
2026-07-27 13:34:43,878 [inflora.py] => [InfLoRA] Layer 6: 166/768 type remove
2026-07-27 13:34:43,878 [inflora.py] => [InfLoRA] Layer 7: 175/768 type remove
2026-07-27 13:34:43,878 [inflora.py] => [InfLoRA] Layer 8: 242/768 type remove
2026-07-27 13:34:43,878 [inflora.py] => [InfLoRA] Layer 9: 376/768 type remove
2026-07-27 13:34:43,878 [inflora.py] => [InfLoRA] Layer 10: 278/768 type retain
2026-07-27 13:34:43,878 [inflora.py] => [InfLoRA] Layer 11: 315/768 type retain
2026-07-27 13:34:43,878 [inflora.py] => [InfLoRA] Layer 12: 317/768 type retain
2026-07-27 13:35:39,464 [inflora.py] => [InfLoRA] DualGPM threshold: 0.9750
2026-07-27 13:35:40,854 [inflora.py] => [InfLoRA] Layer 1: 42/768 type remove
2026-07-27 13:35:40,854 [inflora.py] => [InfLoRA] Layer 2: 21/768 type remove
2026-07-27 13:35:40,854 [inflora.py] => [InfLoRA] Layer 3: 64/768 type remove
2026-07-27 13:35:40,854 [inflora.py] => [InfLoRA] Layer 4: 76/768 type remove
2026-07-27 13:35:40,854 [inflora.py] => [InfLoRA] Layer 5: 125/768 type remove
2026-07-27 13:35:40,854 [inflora.py] => [InfLoRA] Layer 6: 166/768 type remove
2026-07-27 13:35:40,854 [inflora.py] => [InfLoRA] Layer 7: 175/768 type remove
2026-07-27 13:35:40,854 [inflora.py] => [InfLoRA] Layer 8: 242/768 type remove
2026-07-27 13:35:40,854 [inflora.py] => [InfLoRA] Layer 9: 376/768 type remove
2026-07-27 13:35:40,854 [inflora.py] => [InfLoRA] Layer 10: 278/768 type retain
2026-07-27 13:35:40,854 [inflora.py] => [InfLoRA] Layer 11: 315/768 type retain
2026-07-27 13:35:40,854 [inflora.py] => [InfLoRA] Layer 12: 317/768 type retain
2026-07-27 13:36:37,574 [inflora.py] => [InfLoRA] DualGPM threshold: 0.9750
2026-07-27 13:36:38,870 [inflora.py] => [InfLoRA] Layer 1: 42/768 type remove
2026-07-27 13:36:38,870 [inflora.py] => [InfLoRA] Layer 2: 21/768 type remove
2026-07-27 13:36:38,870 [inflora.py] => [InfLoRA] Layer 3: 64/768 type remove
2026-07-27 13:36:38,870 [inflora.py] => [InfLoRA] Layer 4: 76/768 type remove
2026-07-27 13:36:38,870 [inflora.py] => [InfLoRA] Layer 5: 125/768 type remove
2026-07-27 13:36:38,870 [inflora.py] => [InfLoRA] Layer 6: 167/768 type remove
2026-07-27 13:36:38,870 [inflora.py] => [InfLoRA] Layer 7: 175/768 type remove
2026-07-27 13:36:38,870 [inflora.py] => [InfLoRA] Layer 8: 242/768 type remove
2026-07-27 13:36:38,870 [inflora.py] => [InfLoRA] Layer 9: 376/768 type remove
2026-07-27 13:36:38,870 [inflora.py] => [InfLoRA] Layer 10: 278/768 type retain
2026-07-27 13:36:38,870 [inflora.py] => [InfLoRA] Layer 11: 315/768 type retain
2026-07-27 13:36:38,870 [inflora.py] => [InfLoRA] Layer 12: 317/768 type retain
2026-07-27 13:37:32,476 [inflora.py] => [InfLoRA] DualGPM threshold: 0.9750
2026-07-27 13:37:33,938 [inflora.py] => [InfLoRA] Layer 1: 42/768 type remove
2026-07-27 13:37:33,938 [inflora.py] => [InfLoRA] Layer 2: 21/768 type remove
2026-07-27 13:37:33,938 [inflora.py] => [InfLoRA] Layer 3: 64/768 type remove
2026-07-27 13:37:33,938 [inflora.py] => [InfLoRA] Layer 4: 77/768 type remove
2026-07-27 13:37:33,938 [inflora.py] => [InfLoRA] Layer 5: 126/768 type remove
2026-07-27 13:37:33,938 [inflora.py] => [InfLoRA] Layer 6: 167/768 type remove
2026-07-27 13:37:33,938 [inflora.py] => [InfLoRA] Layer 7: 176/768 type remove
2026-07-27 13:37:33,938 [inflora.py] => [InfLoRA] Layer 8: 243/768 type remove
2026-07-27 13:37:33,938 [inflora.py] => [InfLoRA] Layer 9: 377/768 type remove
2026-07-27 13:37:33,938 [inflora.py] => [InfLoRA] Layer 10: 278/768 type retain
2026-07-27 13:37:33,938 [inflora.py] => [InfLoRA] Layer 11: 314/768 type retain
2026-07-27 13:37:33,938 [inflora.py] => [InfLoRA] Layer 12: 317/768 type retain
2026-07-27 13:38:25,585 [inflora.py] => [InfLoRA] DualGPM threshold: 0.9750
2026-07-27 13:38:27,017 [inflora.py] => [InfLoRA] Layer 1: 42/768 type remove
2026-07-27 13:38:27,017 [inflora.py] => [InfLoRA] Layer 2: 21/768 type remove
2026-07-27 13:38:27,017 [inflora.py] => [InfLoRA] Layer 3: 64/768 type remove
2026-07-27 13:38:27,017 [inflora.py] => [InfLoRA] Layer 4: 77/768 type remove
2026-07-27 13:38:27,017 [inflora.py] => [InfLoRA] Layer 5: 126/768 type remove
2026-07-27 13:38:27,017 [inflora.py] => [InfLoRA] Layer 6: 167/768 type remove
2026-07-27 13:38:27,017 [inflora.py] => [InfLoRA] Layer 7: 176/768 type remove
2026-07-27 13:38:27,017 [inflora.py] => [InfLoRA] Layer 8: 243/768 type remove
2026-07-27 13:38:27,017 [inflora.py] => [InfLoRA] Layer 9: 377/768 type remove
2026-07-27 13:38:27,017 [inflora.py] => [InfLoRA] Layer 10: 278/768 type retain
2026-07-27 13:38:27,017 [inflora.py] => [InfLoRA] Layer 11: 313/768 type retain
2026-07-27 13:38:27,017 [inflora.py] => [InfLoRA] Layer 12: 317/768 type retain
2026-07-27 13:39:19,565 [inflora.py] => [InfLoRA] DualGPM threshold: 0.9750
2026-07-27 13:39:20,943 [inflora.py] => [InfLoRA] Layer 1: 42/768 type remove
2026-07-27 13:39:20,944 [inflora.py] => [InfLoRA] Layer 2: 21/768 type remove
2026-07-27 13:39:20,944 [inflora.py] => [InfLoRA] Layer 3: 64/768 type remove
2026-07-27 13:39:20,944 [inflora.py] => [InfLoRA] Layer 4: 77/768 type remove
2026-07-27 13:39:20,944 [inflora.py] => [InfLoRA] Layer 5: 126/768 type remove
2026-07-27 13:39:20,944 [inflora.py] => [InfLoRA] Layer 6: 168/768 type remove
2026-07-27 13:39:20,944 [inflora.py] => [InfLoRA] Layer 7: 177/768 type remove
2026-07-27 13:39:20,944 [inflora.py] => [InfLoRA] Layer 8: 244/768 type remove
2026-07-27 13:39:20,944 [inflora.py] => [InfLoRA] Layer 9: 378/768 type remove
2026-07-27 13:39:20,944 [inflora.py] => [InfLoRA] Layer 10: 277/768 type retain
2026-07-27 13:39:20,944 [inflora.py] => [InfLoRA] Layer 11: 312/768 type retain
2026-07-27 13:39:20,944 [inflora.py] => [InfLoRA] Layer 12: 316/768 type retain
2026-07-27 13:40:13,958 [inflora.py] => [InfLoRA] DualGPM threshold: 0.9750
2026-07-27 13:40:15,226 [inflora.py] => [InfLoRA] Layer 1: 42/768 type remove
2026-07-27 13:40:15,227 [inflora.py] => [InfLoRA] Layer 2: 21/768 type remove
2026-07-27 13:40:15,227 [inflora.py] => [InfLoRA] Layer 3: 64/768 type remove
2026-07-27 13:40:15,227 [inflora.py] => [InfLoRA] Layer 4: 77/768 type remove
2026-07-27 13:40:15,227 [inflora.py] => [InfLoRA] Layer 5: 126/768 type remove
2026-07-27 13:40:15,227 [inflora.py] => [InfLoRA] Layer 6: 168/768 type remove
2026-07-27 13:40:15,227 [inflora.py] => [InfLoRA] Layer 7: 177/768 type remove
2026-07-27 13:40:15,227 [inflora.py] => [InfLoRA] Layer 8: 244/768 type remove
2026-07-27 13:40:15,227 [inflora.py] => [InfLoRA] Layer 9: 378/768 type remove
2026-07-27 13:40:15,227 [inflora.py] => [InfLoRA] Layer 10: 277/768 type retain
2026-07-27 13:40:15,227 [inflora.py] => [InfLoRA] Layer 11: 311/768 type retain
2026-07-27 13:40:15,227 [inflora.py] => [InfLoRA] Layer 12: 315/768 type retain
2026-07-27 13:41:09,139 [inflora.py] => [InfLoRA] DualGPM threshold: 0.9750
2026-07-27 13:41:10,650 [inflora.py] => [InfLoRA] Layer 1: 42/768 type remove
2026-07-27 13:41:10,650 [inflora.py] => [InfLoRA] Layer 2: 21/768 type remove
2026-07-27 13:41:10,650 [inflora.py] => [InfLoRA] Layer 3: 64/768 type remove
2026-07-27 13:41:10,651 [inflora.py] => [InfLoRA] Layer 4: 77/768 type remove
2026-07-27 13:41:10,651 [inflora.py] => [InfLoRA] Layer 5: 126/768 type remove
2026-07-27 13:41:10,651 [inflora.py] => [InfLoRA] Layer 6: 168/768 type remove
2026-07-27 13:41:10,651 [inflora.py] => [InfLoRA] Layer 7: 177/768 type remove
2026-07-27 13:41:10,651 [inflora.py] => [InfLoRA] Layer 8: 244/768 type remove
2026-07-27 13:41:10,651 [inflora.py] => [InfLoRA] Layer 9: 378/768 type remove
2026-07-27 13:41:10,651 [inflora.py] => [InfLoRA] Layer 10: 277/768 type retain
2026-07-27 13:41:10,651 [inflora.py] => [InfLoRA] Layer 11: 311/768 type retain
2026-07-27 13:41:10,651 [inflora.py] => [InfLoRA] Layer 12: 315/768 type retain
2026-07-27 13:42:04,922 [inflora.py] => [InfLoRA] DualGPM threshold: 0.9750
2026-07-27 13:42:06,196 [inflora.py] => [InfLoRA] Layer 1: 42/768 type remove
2026-07-27 13:42:06,196 [inflora.py] => [InfLoRA] Layer 2: 21/768 type remove
2026-07-27 13:42:06,196 [inflora.py] => [InfLoRA] Layer 3: 64/768 type remove
2026-07-27 13:42:06,196 [inflora.py] => [InfLoRA] Layer 4: 77/768 type remove
2026-07-27 13:42:06,196 [inflora.py] => [InfLoRA] Layer 5: 127/768 type remove
2026-07-27 13:42:06,197 [inflora.py] => [InfLoRA] Layer 6: 169/768 type remove
2026-07-27 13:42:06,197 [inflora.py] => [InfLoRA] Layer 7: 178/768 type remove
2026-07-27 13:42:06,197 [inflora.py] => [InfLoRA] Layer 8: 244/768 type remove
2026-07-27 13:42:06,197 [inflora.py] => [InfLoRA] Layer 9: 378/768 type remove
2026-07-27 13:42:06,197 [inflora.py] => [InfLoRA] Layer 10: 276/768 type retain
2026-07-27 13:42:06,197 [inflora.py] => [InfLoRA] Layer 11: 310/768 type retain
2026-07-27 13:42:06,197 [inflora.py] => [InfLoRA] Layer 12: 315/768 type retain
2026-07-27 13:43:03,847 [inflora.py] => [InfLoRA] DualGPM threshold: 0.9750
2026-07-27 13:43:05,098 [inflora.py] => [InfLoRA] Layer 1: 42/768 type remove
2026-07-27 13:43:05,098 [inflora.py] => [InfLoRA] Layer 2: 21/768 type remove
2026-07-27 13:43:05,098 [inflora.py] => [InfLoRA] Layer 3: 65/768 type remove
2026-07-27 13:43:05,098 [inflora.py] => [InfLoRA] Layer 4: 77/768 type remove
2026-07-27 13:43:05,098 [inflora.py] => [InfLoRA] Layer 5: 127/768 type remove
2026-07-27 13:43:05,098 [inflora.py] => [InfLoRA] Layer 6: 169/768 type remove
2026-07-27 13:43:05,098 [inflora.py] => [InfLoRA] Layer 7: 178/768 type remove
2026-07-27 13:43:05,098 [inflora.py] => [InfLoRA] Layer 8: 244/768 type remove
2026-07-27 13:43:05,098 [inflora.py] => [InfLoRA] Layer 9: 378/768 type remove
2026-07-27 13:43:05,098 [inflora.py] => [InfLoRA] Layer 10: 276/768 type retain
2026-07-27 13:43:05,098 [inflora.py] => [InfLoRA] Layer 11: 310/768 type retain
2026-07-27 13:43:05,098 [inflora.py] => [InfLoRA] Layer 12: 315/768 type retain
2026-07-27 13:44:01,571 [inflora.py] => [InfLoRA] DualGPM threshold: 0.9750
2026-07-27 13:44:03,014 [inflora.py] => [InfLoRA] Layer 1: 42/768 type remove
2026-07-27 13:44:03,014 [inflora.py] => [InfLoRA] Layer 2: 21/768 type remove
2026-07-27 13:44:03,014 [inflora.py] => [InfLoRA] Layer 3: 65/768 type remove
2026-07-27 13:44:03,014 [inflora.py] => [InfLoRA] Layer 4: 78/768 type remove
2026-07-27 13:44:03,014 [inflora.py] => [InfLoRA] Layer 5: 128/768 type remove
2026-07-27 13:44:03,014 [inflora.py] => [InfLoRA] Layer 6: 170/768 type remove
2026-07-27 13:44:03,014 [inflora.py] => [InfLoRA] Layer 7: 178/768 type remove
2026-07-27 13:44:03,014 [inflora.py] => [InfLoRA] Layer 8: 244/768 type remove
2026-07-27 13:44:03,014 [inflora.py] => [InfLoRA] Layer 9: 378/768 type remove
2026-07-27 13:44:03,014 [inflora.py] => [InfLoRA] Layer 10: 275/768 type retain
2026-07-27 13:44:03,014 [inflora.py] => [InfLoRA] Layer 11: 309/768 type retain
2026-07-27 13:44:03,014 [inflora.py] => [InfLoRA] Layer 12: 314/768 type retain
2026-07-27 13:44:58,573 [inflora.py] => [InfLoRA] DualGPM threshold: 0.9750
2026-07-27 13:44:59,959 [inflora.py] => [InfLoRA] Layer 1: 42/768 type remove
2026-07-27 13:44:59,959 [inflora.py] => [InfLoRA] Layer 2: 21/768 type remove
2026-07-27 13:44:59,959 [inflora.py] => [InfLoRA] Layer 3: 65/768 type remove
2026-07-27 13:44:59,959 [inflora.py] => [InfLoRA] Layer 4: 78/768 type remove
2026-07-27 13:44:59,959 [inflora.py] => [InfLoRA] Layer 5: 128/768 type remove
2026-07-27 13:44:59,959 [inflora.py] => [InfLoRA] Layer 6: 170/768 type remove
2026-07-27 13:44:59,959 [inflora.py] => [InfLoRA] Layer 7: 178/768 type remove
2026-07-27 13:44:59,959 [inflora.py] => [InfLoRA] Layer 8: 244/768 type remove
2026-07-27 13:44:59,959 [inflora.py] => [InfLoRA] Layer 9: 378/768 type remove
2026-07-27 13:44:59,959 [inflora.py] => [InfLoRA] Layer 10: 275/768 type retain
2026-07-27 13:44:59,959 [inflora.py] => [InfLoRA] Layer 11: 309/768 type retain
2026-07-27 13:44:59,959 [inflora.py] => [InfLoRA] Layer 12: 314/768 type retain
2026-07-27 13:45:54,973 [inflora.py] => [InfLoRA] DualGPM threshold: 0.9750
2026-07-27 13:45:56,370 [inflora.py] => [InfLoRA] Layer 1: 42/768 type remove
2026-07-27 13:45:56,370 [inflora.py] => [InfLoRA] Layer 2: 21/768 type remove
2026-07-27 13:45:56,370 [inflora.py] => [InfLoRA] Layer 3: 65/768 type remove
2026-07-27 13:45:56,370 [inflora.py] => [InfLoRA] Layer 4: 78/768 type remove
2026-07-27 13:45:56,370 [inflora.py] => [InfLoRA] Layer 5: 128/768 type remove
2026-07-27 13:45:56,370 [inflora.py] => [InfLoRA] Layer 6: 170/768 type remove
2026-07-27 13:45:56,370 [inflora.py] => [InfLoRA] Layer 7: 178/768 type remove
2026-07-27 13:45:56,370 [inflora.py] => [InfLoRA] Layer 8: 244/768 type remove
2026-07-27 13:45:56,370 [inflora.py] => [InfLoRA] Layer 9: 378/768 type remove
2026-07-27 13:45:56,370 [inflora.py] => [InfLoRA] Layer 10: 275/768 type retain
2026-07-27 13:45:56,370 [inflora.py] => [InfLoRA] Layer 11: 309/768 type retain
2026-07-27 13:45:56,370 [inflora.py] => [InfLoRA] Layer 12: 314/768 type retain
2026-07-27 13:46:52,225 [inflora.py] => [InfLoRA] DualGPM threshold: 0.9750
2026-07-27 13:46:53,568 [inflora.py] => [InfLoRA] Layer 1: 42/768 type remove
2026-07-27 13:46:53,568 [inflora.py] => [InfLoRA] Layer 2: 21/768 type remove
2026-07-27 13:46:53,568 [inflora.py] => [InfLoRA] Layer 3: 65/768 type remove
2026-07-27 13:46:53,568 [inflora.py] => [InfLoRA] Layer 4: 78/768 type remove
2026-07-27 13:46:53,568 [inflora.py] => [InfLoRA] Layer 5: 128/768 type remove
2026-07-27 13:46:53,568 [inflora.py] => [InfLoRA] Layer 6: 170/768 type remove
2026-07-27 13:46:53,568 [inflora.py] => [InfLoRA] Layer 7: 178/768 type remove
2026-07-27 13:46:53,568 [inflora.py] => [InfLoRA] Layer 8: 244/768 type remove
2026-07-27 13:46:53,568 [inflora.py] => [InfLoRA] Layer 9: 378/768 type remove
2026-07-27 13:46:53,568 [inflora.py] => [InfLoRA] Layer 10: 275/768 type retain
2026-07-27 13:46:53,568 [inflora.py] => [InfLoRA] Layer 11: 309/768 type retain
2026-07-27 13:46:53,568 [inflora.py] => [InfLoRA] Layer 12: 314/768 type retain
2026-07-27 13:47:48,923 [inflora.py] => [InfLoRA] DualGPM threshold: 0.9750
2026-07-27 13:47:50,378 [inflora.py] => [InfLoRA] Layer 1: 42/768 type remove
2026-07-27 13:47:50,379 [inflora.py] => [InfLoRA] Layer 2: 21/768 type remove
2026-07-27 13:47:50,379 [inflora.py] => [InfLoRA] Layer 3: 65/768 type remove
2026-07-27 13:47:50,379 [inflora.py] => [InfLoRA] Layer 4: 78/768 type remove
2026-07-27 13:47:50,379 [inflora.py] => [InfLoRA] Layer 5: 128/768 type remove
2026-07-27 13:47:50,379 [inflora.py] => [InfLoRA] Layer 6: 170/768 type remove
2026-07-27 13:47:50,379 [inflora.py] => [InfLoRA] Layer 7: 178/768 type remove
2026-07-27 13:47:50,379 [inflora.py] => [InfLoRA] Layer 8: 244/768 type remove
2026-07-27 13:47:50,379 [inflora.py] => [InfLoRA] Layer 9: 378/768 type remove
2026-07-27 13:47:50,379 [inflora.py] => [InfLoRA] Layer 10: 275/768 type retain
2026-07-27 13:47:50,379 [inflora.py] => [InfLoRA] Layer 11: 309/768 type retain
2026-07-27 13:47:50,379 [inflora.py] => [InfLoRA] Layer 12: 314/768 type retain
2026-07-27 13:48:46,010 [inflora.py] => [InfLoRA] DualGPM threshold: 0.9750
2026-07-27 13:48:47,344 [inflora.py] => [InfLoRA] Layer 1: 42/768 type remove
2026-07-27 13:48:47,344 [inflora.py] => [InfLoRA] Layer 2: 21/768 type remove
2026-07-27 13:48:47,344 [inflora.py] => [InfLoRA] Layer 3: 65/768 type remove
2026-07-27 13:48:47,344 [inflora.py] => [InfLoRA] Layer 4: 78/768 type remove
2026-07-27 13:48:47,344 [inflora.py] => [InfLoRA] Layer 5: 128/768 type remove
2026-07-27 13:48:47,344 [inflora.py] => [InfLoRA] Layer 6: 171/768 type remove
2026-07-27 13:48:47,344 [inflora.py] => [InfLoRA] Layer 7: 178/768 type remove
2026-07-27 13:48:47,344 [inflora.py] => [InfLoRA] Layer 8: 244/768 type remove
2026-07-27 13:48:47,344 [inflora.py] => [InfLoRA] Layer 9: 378/768 type remove
2026-07-27 13:48:47,344 [inflora.py] => [InfLoRA] Layer 10: 275/768 type retain
2026-07-27 13:48:47,344 [inflora.py] => [InfLoRA] Layer 11: 309/768 type retain
2026-07-27 13:48:47,344 [inflora.py] => [InfLoRA] Layer 12: 313/768 type retain
2026-07-27 13:49:42,492 [inflora.py] => [InfLoRA] DualGPM threshold: 0.9750
2026-07-27 13:49:43,747 [inflora.py] => [InfLoRA] Layer 1: 42/768 type remove
2026-07-27 13:49:43,747 [inflora.py] => [InfLoRA] Layer 2: 21/768 type remove
2026-07-27 13:49:43,747 [inflora.py] => [InfLoRA] Layer 3: 65/768 type remove
2026-07-27 13:49:43,747 [inflora.py] => [InfLoRA] Layer 4: 78/768 type remove
2026-07-27 13:49:43,747 [inflora.py] => [InfLoRA] Layer 5: 128/768 type remove
2026-07-27 13:49:43,747 [inflora.py] => [InfLoRA] Layer 6: 171/768 type remove
2026-07-27 13:49:43,747 [inflora.py] => [InfLoRA] Layer 7: 178/768 type remove
2026-07-27 13:49:43,747 [inflora.py] => [InfLoRA] Layer 8: 244/768 type remove
2026-07-27 13:49:43,747 [inflora.py] => [InfLoRA] Layer 9: 378/768 type remove
2026-07-27 13:49:43,747 [inflora.py] => [InfLoRA] Layer 10: 275/768 type retain
2026-07-27 13:49:43,747 [inflora.py] => [InfLoRA] Layer 11: 309/768 type retain
2026-07-27 13:49:43,747 [inflora.py] => [InfLoRA] Layer 12: 313/768 type retain
2026-07-27 13:50:38,238 [inflora.py] => [InfLoRA] DualGPM threshold: 0.9750
2026-07-27 13:50:39,682 [inflora.py] => [InfLoRA] Layer 1: 42/768 type remove
2026-07-27 13:50:39,682 [inflora.py] => [InfLoRA] Layer 2: 21/768 type remove
2026-07-27 13:50:39,682 [inflora.py] => [InfLoRA] Layer 3: 66/768 type remove
2026-07-27 13:50:39,682 [inflora.py] => [InfLoRA] Layer 4: 79/768 type remove
2026-07-27 13:50:39,682 [inflora.py] => [InfLoRA] Layer 5: 129/768 type remove
2026-07-27 13:50:39,682 [inflora.py] => [InfLoRA] Layer 6: 172/768 type remove
2026-07-27 13:50:39,682 [inflora.py] => [InfLoRA] Layer 7: 179/768 type remove
2026-07-27 13:50:39,682 [inflora.py] => [InfLoRA] Layer 8: 245/768 type remove
2026-07-27 13:50:39,682 [inflora.py] => [InfLoRA] Layer 9: 378/768 type remove
2026-07-27 13:50:39,682 [inflora.py] => [InfLoRA] Layer 10: 275/768 type retain
2026-07-27 13:50:39,682 [inflora.py] => [InfLoRA] Layer 11: 309/768 type retain
2026-07-27 13:50:39,682 [inflora.py] => [InfLoRA] Layer 12: 313/768 type retain
2026-07-27 13:51:34,867 [inflora.py] => [InfLoRA] DualGPM threshold: 0.9750
2026-07-27 13:51:36,222 [inflora.py] => [InfLoRA] Layer 1: 42/768 type remove
2026-07-27 13:51:36,222 [inflora.py] => [InfLoRA] Layer 2: 21/768 type remove
2026-07-27 13:51:36,222 [inflora.py] => [InfLoRA] Layer 3: 66/768 type remove
2026-07-27 13:51:36,222 [inflora.py] => [InfLoRA] Layer 4: 79/768 type remove
2026-07-27 13:51:36,222 [inflora.py] => [InfLoRA] Layer 5: 129/768 type remove
2026-07-27 13:51:36,222 [inflora.py] => [InfLoRA] Layer 6: 172/768 type remove
2026-07-27 13:51:36,222 [inflora.py] => [InfLoRA] Layer 7: 179/768 type remove
2026-07-27 13:51:36,222 [inflora.py] => [InfLoRA] Layer 8: 245/768 type remove
2026-07-27 13:51:36,222 [inflora.py] => [InfLoRA] Layer 9: 378/768 type remove
2026-07-27 13:51:36,223 [inflora.py] => [InfLoRA] Layer 10: 275/768 type retain
2026-07-27 13:51:36,223 [inflora.py] => [InfLoRA] Layer 11: 309/768 type retain
2026-07-27 13:51:36,223 [inflora.py] => [InfLoRA] Layer 12: 313/768 type retain
2026-07-27 13:52:30,953 [inflora.py] => [InfLoRA] DualGPM threshold: 0.9750
2026-07-27 13:52:32,115 [inflora.py] => [InfLoRA] Layer 1: 42/768 type remove
2026-07-27 13:52:32,115 [inflora.py] => [InfLoRA] Layer 2: 21/768 type remove
2026-07-27 13:52:32,115 [inflora.py] => [InfLoRA] Layer 3: 66/768 type remove
2026-07-27 13:52:32,115 [inflora.py] => [InfLoRA] Layer 4: 79/768 type remove
2026-07-27 13:52:32,115 [inflora.py] => [InfLoRA] Layer 5: 129/768 type remove
2026-07-27 13:52:32,115 [inflora.py] => [InfLoRA] Layer 6: 172/768 type remove
2026-07-27 13:52:32,115 [inflora.py] => [InfLoRA] Layer 7: 179/768 type remove
2026-07-27 13:52:32,115 [inflora.py] => [InfLoRA] Layer 8: 245/768 type remove
2026-07-27 13:52:32,115 [inflora.py] => [InfLoRA] Layer 9: 378/768 type remove
2026-07-27 13:52:32,115 [inflora.py] => [InfLoRA] Layer 10: 275/768 type retain
2026-07-27 13:52:32,115 [inflora.py] => [InfLoRA] Layer 11: 309/768 type retain
2026-07-27 13:52:32,115 [inflora.py] => [InfLoRA] Layer 12: 313/768 type retain
2026-07-27 13:53:26,234 [inflora.py] => [InfLoRA] DualGPM threshold: 0.9750
2026-07-27 13:53:27,652 [inflora.py] => [InfLoRA] Layer 1: 42/768 type remove
2026-07-27 13:53:27,652 [inflora.py] => [InfLoRA] Layer 2: 21/768 type remove
2026-07-27 13:53:27,652 [inflora.py] => [InfLoRA] Layer 3: 66/768 type remove
2026-07-27 13:53:27,652 [inflora.py] => [InfLoRA] Layer 4: 79/768 type remove
2026-07-27 13:53:27,652 [inflora.py] => [InfLoRA] Layer 5: 129/768 type remove
2026-07-27 13:53:27,652 [inflora.py] => [InfLoRA] Layer 6: 173/768 type remove
2026-07-27 13:53:27,652 [inflora.py] => [InfLoRA] Layer 7: 180/768 type remove
2026-07-27 13:53:27,652 [inflora.py] => [InfLoRA] Layer 8: 246/768 type remove
2026-07-27 13:53:27,652 [inflora.py] => [InfLoRA] Layer 9: 379/768 type remove
2026-07-27 13:53:27,652 [inflora.py] => [InfLoRA] Layer 10: 275/768 type retain
2026-07-27 13:53:27,652 [inflora.py] => [InfLoRA] Layer 11: 309/768 type retain
2026-07-27 13:53:27,652 [inflora.py] => [InfLoRA] Layer 12: 312/768 type retain
2026-07-27 13:54:21,221 [inflora.py] => [InfLoRA] DualGPM threshold: 0.9750
2026-07-27 13:54:22,485 [inflora.py] => [InfLoRA] Layer 1: 42/768 type remove
2026-07-27 13:54:22,485 [inflora.py] => [InfLoRA] Layer 2: 21/768 type remove
2026-07-27 13:54:22,485 [inflora.py] => [InfLoRA] Layer 3: 66/768 type remove
2026-07-27 13:54:22,486 [inflora.py] => [InfLoRA] Layer 4: 80/768 type remove
2026-07-27 13:54:22,486 [inflora.py] => [InfLoRA] Layer 5: 130/768 type remove
2026-07-27 13:54:22,486 [inflora.py] => [InfLoRA] Layer 6: 173/768 type remove
2026-07-27 13:54:22,486 [inflora.py] => [InfLoRA] Layer 7: 180/768 type remove
2026-07-27 13:54:22,486 [inflora.py] => [InfLoRA] Layer 8: 246/768 type remove
2026-07-27 13:54:22,486 [inflora.py] => [InfLoRA] Layer 9: 379/768 type remove
2026-07-27 13:54:22,486 [inflora.py] => [InfLoRA] Layer 10: 275/768 type retain
2026-07-27 13:54:22,486 [inflora.py] => [InfLoRA] Layer 11: 309/768 type retain
2026-07-27 13:54:22,486 [inflora.py] => [InfLoRA] Layer 12: 312/768 type retain
2026-07-27 13:55:15,509 [inflora.py] => [InfLoRA] DualGPM threshold: 0.9750
2026-07-27 13:55:16,887 [inflora.py] => [InfLoRA] Layer 1: 42/768 type remove
2026-07-27 13:55:16,887 [inflora.py] => [InfLoRA] Layer 2: 21/768 type remove
2026-07-27 13:55:16,887 [inflora.py] => [InfLoRA] Layer 3: 67/768 type remove
2026-07-27 13:55:16,887 [inflora.py] => [InfLoRA] Layer 4: 80/768 type remove
2026-07-27 13:55:16,887 [inflora.py] => [InfLoRA] Layer 5: 130/768 type remove
2026-07-27 13:55:16,887 [inflora.py] => [InfLoRA] Layer 6: 174/768 type remove
2026-07-27 13:55:16,887 [inflora.py] => [InfLoRA] Layer 7: 180/768 type remove
2026-07-27 13:55:16,887 [inflora.py] => [InfLoRA] Layer 8: 247/768 type remove
2026-07-27 13:55:16,887 [inflora.py] => [InfLoRA] Layer 9: 380/768 type remove
2026-07-27 13:55:16,887 [inflora.py] => [InfLoRA] Layer 10: 274/768 type retain
2026-07-27 13:55:16,887 [inflora.py] => [InfLoRA] Layer 11: 308/768 type retain
2026-07-27 13:55:16,887 [inflora.py] => [InfLoRA] Layer 12: 311/768 type retain
2026-07-27 13:56:09,990 [inflora.py] => [InfLoRA] DualGPM threshold: 0.9750
2026-07-27 13:56:11,384 [inflora.py] => [InfLoRA] Layer 1: 42/768 type remove
2026-07-27 13:56:11,384 [inflora.py] => [InfLoRA] Layer 2: 21/768 type remove
2026-07-27 13:56:11,384 [inflora.py] => [InfLoRA] Layer 3: 67/768 type remove
2026-07-27 13:56:11,384 [inflora.py] => [InfLoRA] Layer 4: 80/768 type remove
2026-07-27 13:56:11,384 [inflora.py] => [InfLoRA] Layer 5: 130/768 type remove
2026-07-27 13:56:11,384 [inflora.py] => [InfLoRA] Layer 6: 174/768 type remove
2026-07-27 13:56:11,384 [inflora.py] => [InfLoRA] Layer 7: 180/768 type remove
2026-07-27 13:56:11,384 [inflora.py] => [InfLoRA] Layer 8: 247/768 type remove
2026-07-27 13:56:11,384 [inflora.py] => [InfLoRA] Layer 9: 380/768 type remove
2026-07-27 13:56:11,384 [inflora.py] => [InfLoRA] Layer 10: 274/768 type retain
2026-07-27 13:56:11,384 [inflora.py] => [InfLoRA] Layer 11: 308/768 type retain
2026-07-27 13:56:11,384 [inflora.py] => [InfLoRA] Layer 12: 311/768 type retain
2026-07-27 13:56:37,401 [bounded_memory_mixin.py] => [bounded_mem eval] volume 0.90 | cycle 217 | classes_seen 910 | CIL top1 42.20 | top5 71.40 | (nearest latent task ~90) | param_hash fec9b71da83c651e | per-task [21.11, 58.0, 25.38, 37.44, 60.0, 60.8, 67.0, 27.0, 49.0, 48.99, 37.37, 30.46, 49.0, 50.0, 47.5, 57.29, 28.14, 61.5, 30.5, 42.21, 48.24, 59.0, 39.09, 56.85, 17.5, 48.48, 40.7, 65.0, 45.18, 34.5, 39.5, 47.5, 50.5, 55.5, 50.0, 56.28, 48.47, 38.58, 59.3, 32.83, 19.29, 56.28, 26.9, 15.5, 49.0, 38.5, 36.87, 48.98, 29.5, 52.76, 32.66, 54.5, 59.3, 41.92, 39.8, 37.56, 55.78, 26.5, 50.25, 70.85, 51.76, 11.62, 44.72, 42.86, 29.9, 30.65, 39.7, 42.71, 35.9, 46.46, 48.74, 23.12, 63.96, 25.51, 39.5, 30.5, 54.77, 50.75, 35.53, 46.97, 52.79, 41.71, 25.76, 31.16, 57.29, 16.33, 33.5, 20.6, 52.28, 41.71, 5.1]
2026-07-27 13:57:30,691 [inflora.py] => [InfLoRA] DualGPM threshold: 0.9750
2026-07-27 13:57:31,909 [inflora.py] => [InfLoRA] Layer 1: 42/768 type remove
2026-07-27 13:57:31,909 [inflora.py] => [InfLoRA] Layer 2: 21/768 type remove
2026-07-27 13:57:31,909 [inflora.py] => [InfLoRA] Layer 3: 67/768 type remove
2026-07-27 13:57:31,909 [inflora.py] => [InfLoRA] Layer 4: 80/768 type remove
2026-07-27 13:57:31,909 [inflora.py] => [InfLoRA] Layer 5: 130/768 type remove
2026-07-27 13:57:31,909 [inflora.py] => [InfLoRA] Layer 6: 174/768 type remove
2026-07-27 13:57:31,909 [inflora.py] => [InfLoRA] Layer 7: 181/768 type remove
2026-07-27 13:57:31,909 [inflora.py] => [InfLoRA] Layer 8: 247/768 type remove
2026-07-27 13:57:31,909 [inflora.py] => [InfLoRA] Layer 9: 380/768 type remove
2026-07-27 13:57:31,909 [inflora.py] => [InfLoRA] Layer 10: 273/768 type retain
2026-07-27 13:57:31,909 [inflora.py] => [InfLoRA] Layer 11: 306/768 type retain
2026-07-27 13:57:31,909 [inflora.py] => [InfLoRA] Layer 12: 309/768 type retain
2026-07-27 13:58:25,444 [inflora.py] => [InfLoRA] DualGPM threshold: 0.9750
2026-07-27 13:58:26,623 [inflora.py] => [InfLoRA] Layer 1: 42/768 type remove
2026-07-27 13:58:26,624 [inflora.py] => [InfLoRA] Layer 2: 21/768 type remove
2026-07-27 13:58:26,624 [inflora.py] => [InfLoRA] Layer 3: 67/768 type remove
2026-07-27 13:58:26,624 [inflora.py] => [InfLoRA] Layer 4: 80/768 type remove
2026-07-27 13:58:26,624 [inflora.py] => [InfLoRA] Layer 5: 130/768 type remove
2026-07-27 13:58:26,624 [inflora.py] => [InfLoRA] Layer 6: 174/768 type remove
2026-07-27 13:58:26,624 [inflora.py] => [InfLoRA] Layer 7: 181/768 type remove
2026-07-27 13:58:26,624 [inflora.py] => [InfLoRA] Layer 8: 247/768 type remove
2026-07-27 13:58:26,624 [inflora.py] => [InfLoRA] Layer 9: 380/768 type remove
2026-07-27 13:58:26,624 [inflora.py] => [InfLoRA] Layer 10: 273/768 type retain
2026-07-27 13:58:26,624 [inflora.py] => [InfLoRA] Layer 11: 306/768 type retain
2026-07-27 13:58:26,624 [inflora.py] => [InfLoRA] Layer 12: 309/768 type retain
2026-07-27 13:59:18,934 [inflora.py] => [InfLoRA] DualGPM threshold: 0.9750
2026-07-27 13:59:20,145 [inflora.py] => [InfLoRA] Layer 1: 42/768 type remove
2026-07-27 13:59:20,145 [inflora.py] => [InfLoRA] Layer 2: 21/768 type remove
2026-07-27 13:59:20,145 [inflora.py] => [InfLoRA] Layer 3: 67/768 type remove
2026-07-27 13:59:20,145 [inflora.py] => [InfLoRA] Layer 4: 80/768 type remove
2026-07-27 13:59:20,145 [inflora.py] => [InfLoRA] Layer 5: 130/768 type remove
2026-07-27 13:59:20,145 [inflora.py] => [InfLoRA] Layer 6: 174/768 type remove
2026-07-27 13:59:20,145 [inflora.py] => [InfLoRA] Layer 7: 181/768 type remove
2026-07-27 13:59:20,145 [inflora.py] => [InfLoRA] Layer 8: 247/768 type remove
2026-07-27 13:59:20,145 [inflora.py] => [InfLoRA] Layer 9: 380/768 type remove
2026-07-27 13:59:20,145 [inflora.py] => [InfLoRA] Layer 10: 273/768 type retain
2026-07-27 13:59:20,145 [inflora.py] => [InfLoRA] Layer 11: 306/768 type retain
2026-07-27 13:59:20,145 [inflora.py] => [InfLoRA] Layer 12: 309/768 type retain
2026-07-27 14:00:12,718 [inflora.py] => [InfLoRA] DualGPM threshold: 0.9750
2026-07-27 14:00:13,925 [inflora.py] => [InfLoRA] Layer 1: 42/768 type remove
2026-07-27 14:00:13,925 [inflora.py] => [InfLoRA] Layer 2: 21/768 type remove
2026-07-27 14:00:13,925 [inflora.py] => [InfLoRA] Layer 3: 67/768 type remove
2026-07-27 14:00:13,925 [inflora.py] => [InfLoRA] Layer 4: 80/768 type remove
2026-07-27 14:00:13,925 [inflora.py] => [InfLoRA] Layer 5: 130/768 type remove
2026-07-27 14:00:13,925 [inflora.py] => [InfLoRA] Layer 6: 174/768 type remove
2026-07-27 14:00:13,925 [inflora.py] => [InfLoRA] Layer 7: 181/768 type remove
2026-07-27 14:00:13,925 [inflora.py] => [InfLoRA] Layer 8: 247/768 type remove
2026-07-27 14:00:13,925 [inflora.py] => [InfLoRA] Layer 9: 380/768 type remove
2026-07-27 14:00:13,925 [inflora.py] => [InfLoRA] Layer 10: 273/768 type retain
2026-07-27 14:00:13,925 [inflora.py] => [InfLoRA] Layer 11: 306/768 type retain
2026-07-27 14:00:13,925 [inflora.py] => [InfLoRA] Layer 12: 308/768 type retain
2026-07-27 14:01:06,928 [inflora.py] => [InfLoRA] DualGPM threshold: 0.9750
2026-07-27 14:01:08,271 [inflora.py] => [InfLoRA] Layer 1: 42/768 type remove
2026-07-27 14:01:08,271 [inflora.py] => [InfLoRA] Layer 2: 21/768 type remove
2026-07-27 14:01:08,271 [inflora.py] => [InfLoRA] Layer 3: 67/768 type remove
2026-07-27 14:01:08,271 [inflora.py] => [InfLoRA] Layer 4: 80/768 type remove
2026-07-27 14:01:08,271 [inflora.py] => [InfLoRA] Layer 5: 131/768 type remove
2026-07-27 14:01:08,271 [inflora.py] => [InfLoRA] Layer 6: 174/768 type remove
2026-07-27 14:01:08,271 [inflora.py] => [InfLoRA] Layer 7: 181/768 type remove
2026-07-27 14:01:08,271 [inflora.py] => [InfLoRA] Layer 8: 247/768 type remove
2026-07-27 14:01:08,271 [inflora.py] => [InfLoRA] Layer 9: 380/768 type remove
2026-07-27 14:01:08,271 [inflora.py] => [InfLoRA] Layer 10: 273/768 type retain
2026-07-27 14:01:08,271 [inflora.py] => [InfLoRA] Layer 11: 306/768 type retain
2026-07-27 14:01:08,271 [inflora.py] => [InfLoRA] Layer 12: 308/768 type retain
2026-07-27 14:02:01,774 [inflora.py] => [InfLoRA] DualGPM threshold: 0.9750
2026-07-27 14:02:03,117 [inflora.py] => [InfLoRA] Layer 1: 42/768 type remove
2026-07-27 14:02:03,117 [inflora.py] => [InfLoRA] Layer 2: 21/768 type remove
2026-07-27 14:02:03,117 [inflora.py] => [InfLoRA] Layer 3: 67/768 type remove
2026-07-27 14:02:03,117 [inflora.py] => [InfLoRA] Layer 4: 81/768 type remove
2026-07-27 14:02:03,117 [inflora.py] => [InfLoRA] Layer 5: 131/768 type remove
2026-07-27 14:02:03,117 [inflora.py] => [InfLoRA] Layer 6: 175/768 type remove
2026-07-27 14:02:03,117 [inflora.py] => [InfLoRA] Layer 7: 181/768 type remove
2026-07-27 14:02:03,117 [inflora.py] => [InfLoRA] Layer 8: 247/768 type remove
2026-07-27 14:02:03,118 [inflora.py] => [InfLoRA] Layer 9: 380/768 type remove
2026-07-27 14:02:03,118 [inflora.py] => [InfLoRA] Layer 10: 272/768 type retain
2026-07-27 14:02:03,118 [inflora.py] => [InfLoRA] Layer 11: 305/768 type retain
2026-07-27 14:02:03,118 [inflora.py] => [InfLoRA] Layer 12: 306/768 type retain
2026-07-27 14:02:56,524 [inflora.py] => [InfLoRA] DualGPM threshold: 0.9750
2026-07-27 14:02:57,917 [inflora.py] => [InfLoRA] Layer 1: 42/768 type remove
2026-07-27 14:02:57,917 [inflora.py] => [InfLoRA] Layer 2: 21/768 type remove
2026-07-27 14:02:57,917 [inflora.py] => [InfLoRA] Layer 3: 67/768 type remove
2026-07-27 14:02:57,917 [inflora.py] => [InfLoRA] Layer 4: 81/768 type remove
2026-07-27 14:02:57,917 [inflora.py] => [InfLoRA] Layer 5: 131/768 type remove
2026-07-27 14:02:57,917 [inflora.py] => [InfLoRA] Layer 6: 175/768 type remove
2026-07-27 14:02:57,917 [inflora.py] => [InfLoRA] Layer 7: 181/768 type remove
2026-07-27 14:02:57,917 [inflora.py] => [InfLoRA] Layer 8: 247/768 type remove
2026-07-27 14:02:57,917 [inflora.py] => [InfLoRA] Layer 9: 381/768 type remove
2026-07-27 14:02:57,917 [inflora.py] => [InfLoRA] Layer 10: 272/768 type retain
2026-07-27 14:02:57,917 [inflora.py] => [InfLoRA] Layer 11: 305/768 type retain
2026-07-27 14:02:57,917 [inflora.py] => [InfLoRA] Layer 12: 305/768 type retain
2026-07-27 14:03:50,847 [inflora.py] => [InfLoRA] DualGPM threshold: 0.9750
2026-07-27 14:03:52,293 [inflora.py] => [InfLoRA] Layer 1: 42/768 type remove
2026-07-27 14:03:52,293 [inflora.py] => [InfLoRA] Layer 2: 21/768 type remove
2026-07-27 14:03:52,293 [inflora.py] => [InfLoRA] Layer 3: 67/768 type remove
2026-07-27 14:03:52,293 [inflora.py] => [InfLoRA] Layer 4: 81/768 type remove
2026-07-27 14:03:52,293 [inflora.py] => [InfLoRA] Layer 5: 131/768 type remove
2026-07-27 14:03:52,293 [inflora.py] => [InfLoRA] Layer 6: 175/768 type remove
2026-07-27 14:03:52,293 [inflora.py] => [InfLoRA] Layer 7: 181/768 type remove
2026-07-27 14:03:52,293 [inflora.py] => [InfLoRA] Layer 8: 248/768 type remove
2026-07-27 14:03:52,293 [inflora.py] => [InfLoRA] Layer 9: 381/768 type remove
2026-07-27 14:03:52,293 [inflora.py] => [InfLoRA] Layer 10: 272/768 type retain
2026-07-27 14:03:52,294 [inflora.py] => [InfLoRA] Layer 11: 305/768 type retain
2026-07-27 14:03:52,294 [inflora.py] => [InfLoRA] Layer 12: 305/768 type retain
2026-07-27 14:04:44,993 [inflora.py] => [InfLoRA] DualGPM threshold: 0.9750
2026-07-27 14:04:46,392 [inflora.py] => [InfLoRA] Layer 1: 42/768 type remove
2026-07-27 14:04:46,393 [inflora.py] => [InfLoRA] Layer 2: 21/768 type remove
2026-07-27 14:04:46,393 [inflora.py] => [InfLoRA] Layer 3: 67/768 type remove
2026-07-27 14:04:46,393 [inflora.py] => [InfLoRA] Layer 4: 81/768 type remove
2026-07-27 14:04:46,393 [inflora.py] => [InfLoRA] Layer 5: 132/768 type remove
2026-07-27 14:04:46,393 [inflora.py] => [InfLoRA] Layer 6: 175/768 type remove
2026-07-27 14:04:46,393 [inflora.py] => [InfLoRA] Layer 7: 182/768 type remove
2026-07-27 14:04:46,393 [inflora.py] => [InfLoRA] Layer 8: 248/768 type remove
2026-07-27 14:04:46,393 [inflora.py] => [InfLoRA] Layer 9: 382/768 type remove
2026-07-27 14:04:46,393 [inflora.py] => [InfLoRA] Layer 10: 272/768 type retain
2026-07-27 14:04:46,393 [inflora.py] => [InfLoRA] Layer 11: 304/768 type retain
2026-07-27 14:04:46,393 [inflora.py] => [InfLoRA] Layer 12: 303/768 type retain
2026-07-27 14:05:38,978 [inflora.py] => [InfLoRA] DualGPM threshold: 0.9750
2026-07-27 14:05:40,359 [inflora.py] => [InfLoRA] Layer 1: 42/768 type remove
2026-07-27 14:05:40,359 [inflora.py] => [InfLoRA] Layer 2: 21/768 type remove
2026-07-27 14:05:40,359 [inflora.py] => [InfLoRA] Layer 3: 68/768 type remove
2026-07-27 14:05:40,359 [inflora.py] => [InfLoRA] Layer 4: 81/768 type remove
2026-07-27 14:05:40,359 [inflora.py] => [InfLoRA] Layer 5: 132/768 type remove
2026-07-27 14:05:40,359 [inflora.py] => [InfLoRA] Layer 6: 176/768 type remove
2026-07-27 14:05:40,359 [inflora.py] => [InfLoRA] Layer 7: 182/768 type remove
2026-07-27 14:05:40,359 [inflora.py] => [InfLoRA] Layer 8: 248/768 type remove
2026-07-27 14:05:40,359 [inflora.py] => [InfLoRA] Layer 9: 382/768 type remove
2026-07-27 14:05:40,359 [inflora.py] => [InfLoRA] Layer 10: 272/768 type retain
2026-07-27 14:05:40,359 [inflora.py] => [InfLoRA] Layer 11: 304/768 type retain
2026-07-27 14:05:40,359 [inflora.py] => [InfLoRA] Layer 12: 302/768 type retain
2026-07-27 14:06:33,884 [inflora.py] => [InfLoRA] DualGPM threshold: 0.9750
2026-07-27 14:06:35,255 [inflora.py] => [InfLoRA] Layer 1: 42/768 type remove
2026-07-27 14:06:35,255 [inflora.py] => [InfLoRA] Layer 2: 21/768 type remove
2026-07-27 14:06:35,255 [inflora.py] => [InfLoRA] Layer 3: 68/768 type remove
2026-07-27 14:06:35,255 [inflora.py] => [InfLoRA] Layer 4: 82/768 type remove
2026-07-27 14:06:35,255 [inflora.py] => [InfLoRA] Layer 5: 133/768 type remove
2026-07-27 14:06:35,255 [inflora.py] => [InfLoRA] Layer 6: 177/768 type remove
2026-07-27 14:06:35,255 [inflora.py] => [InfLoRA] Layer 7: 183/768 type remove
2026-07-27 14:06:35,255 [inflora.py] => [InfLoRA] Layer 8: 249/768 type remove
2026-07-27 14:06:35,255 [inflora.py] => [InfLoRA] Layer 9: 383/768 type remove
2026-07-27 14:06:35,255 [inflora.py] => [InfLoRA] Layer 10: 271/768 type retain
2026-07-27 14:06:35,255 [inflora.py] => [InfLoRA] Layer 11: 302/768 type retain
2026-07-27 14:06:35,255 [inflora.py] => [InfLoRA] Layer 12: 301/768 type retain
2026-07-27 14:07:28,425 [inflora.py] => [InfLoRA] DualGPM threshold: 0.9750
2026-07-27 14:07:29,843 [inflora.py] => [InfLoRA] Layer 1: 42/768 type remove
2026-07-27 14:07:29,843 [inflora.py] => [InfLoRA] Layer 2: 21/768 type remove
2026-07-27 14:07:29,843 [inflora.py] => [InfLoRA] Layer 3: 69/768 type remove
2026-07-27 14:07:29,843 [inflora.py] => [InfLoRA] Layer 4: 82/768 type remove
2026-07-27 14:07:29,843 [inflora.py] => [InfLoRA] Layer 5: 133/768 type remove
2026-07-27 14:07:29,843 [inflora.py] => [InfLoRA] Layer 6: 177/768 type remove
2026-07-27 14:07:29,843 [inflora.py] => [InfLoRA] Layer 7: 183/768 type remove
2026-07-27 14:07:29,843 [inflora.py] => [InfLoRA] Layer 8: 249/768 type remove
2026-07-27 14:07:29,843 [inflora.py] => [InfLoRA] Layer 9: 383/768 type remove
2026-07-27 14:07:29,843 [inflora.py] => [InfLoRA] Layer 10: 271/768 type retain
2026-07-27 14:07:29,843 [inflora.py] => [InfLoRA] Layer 11: 302/768 type retain
2026-07-27 14:07:29,843 [inflora.py] => [InfLoRA] Layer 12: 300/768 type retain
2026-07-27 14:08:22,251 [inflora.py] => [InfLoRA] DualGPM threshold: 0.9750
2026-07-27 14:08:23,668 [inflora.py] => [InfLoRA] Layer 1: 42/768 type remove
2026-07-27 14:08:23,668 [inflora.py] => [InfLoRA] Layer 2: 21/768 type remove
2026-07-27 14:08:23,668 [inflora.py] => [InfLoRA] Layer 3: 69/768 type remove
2026-07-27 14:08:23,668 [inflora.py] => [InfLoRA] Layer 4: 82/768 type remove
2026-07-27 14:08:23,668 [inflora.py] => [InfLoRA] Layer 5: 133/768 type remove
2026-07-27 14:08:23,668 [inflora.py] => [InfLoRA] Layer 6: 178/768 type remove
2026-07-27 14:08:23,668 [inflora.py] => [InfLoRA] Layer 7: 183/768 type remove
2026-07-27 14:08:23,668 [inflora.py] => [InfLoRA] Layer 8: 249/768 type remove
2026-07-27 14:08:23,668 [inflora.py] => [InfLoRA] Layer 9: 383/768 type remove
2026-07-27 14:08:23,668 [inflora.py] => [InfLoRA] Layer 10: 271/768 type retain
2026-07-27 14:08:23,668 [inflora.py] => [InfLoRA] Layer 11: 302/768 type retain
2026-07-27 14:08:23,668 [inflora.py] => [InfLoRA] Layer 12: 299/768 type retain
2026-07-27 14:09:16,564 [inflora.py] => [InfLoRA] DualGPM threshold: 0.9750
2026-07-27 14:09:17,767 [inflora.py] => [InfLoRA] Layer 1: 42/768 type remove
2026-07-27 14:09:17,767 [inflora.py] => [InfLoRA] Layer 2: 21/768 type remove
2026-07-27 14:09:17,767 [inflora.py] => [InfLoRA] Layer 3: 69/768 type remove
2026-07-27 14:09:17,767 [inflora.py] => [InfLoRA] Layer 4: 83/768 type remove
2026-07-27 14:09:17,767 [inflora.py] => [InfLoRA] Layer 5: 134/768 type remove
2026-07-27 14:09:17,767 [inflora.py] => [InfLoRA] Layer 6: 178/768 type remove
2026-07-27 14:09:17,767 [inflora.py] => [InfLoRA] Layer 7: 183/768 type remove
2026-07-27 14:09:17,767 [inflora.py] => [InfLoRA] Layer 8: 249/768 type remove
2026-07-27 14:09:17,767 [inflora.py] => [InfLoRA] Layer 9: 383/768 type remove
2026-07-27 14:09:17,767 [inflora.py] => [InfLoRA] Layer 10: 271/768 type retain
2026-07-27 14:09:17,767 [inflora.py] => [InfLoRA] Layer 11: 302/768 type retain
2026-07-27 14:09:17,767 [inflora.py] => [InfLoRA] Layer 12: 299/768 type retain
2026-07-27 14:10:09,297 [inflora.py] => [InfLoRA] DualGPM threshold: 0.9750
2026-07-27 14:10:10,518 [inflora.py] => [InfLoRA] Layer 1: 42/768 type remove
2026-07-27 14:10:10,518 [inflora.py] => [InfLoRA] Layer 2: 21/768 type remove
2026-07-27 14:10:10,518 [inflora.py] => [InfLoRA] Layer 3: 69/768 type remove
2026-07-27 14:10:10,518 [inflora.py] => [InfLoRA] Layer 4: 83/768 type remove
2026-07-27 14:10:10,518 [inflora.py] => [InfLoRA] Layer 5: 134/768 type remove
2026-07-27 14:10:10,518 [inflora.py] => [InfLoRA] Layer 6: 178/768 type remove
2026-07-27 14:10:10,518 [inflora.py] => [InfLoRA] Layer 7: 183/768 type remove
2026-07-27 14:10:10,518 [inflora.py] => [InfLoRA] Layer 8: 249/768 type remove
2026-07-27 14:10:10,518 [inflora.py] => [InfLoRA] Layer 9: 383/768 type remove
2026-07-27 14:10:10,518 [inflora.py] => [InfLoRA] Layer 10: 271/768 type retain
2026-07-27 14:10:10,518 [inflora.py] => [InfLoRA] Layer 11: 302/768 type retain
2026-07-27 14:10:10,518 [inflora.py] => [InfLoRA] Layer 12: 299/768 type retain
2026-07-27 14:11:04,156 [inflora.py] => [InfLoRA] DualGPM threshold: 0.9750
2026-07-27 14:11:05,560 [inflora.py] => [InfLoRA] Layer 1: 42/768 type remove
2026-07-27 14:11:05,560 [inflora.py] => [InfLoRA] Layer 2: 21/768 type remove
2026-07-27 14:11:05,560 [inflora.py] => [InfLoRA] Layer 3: 69/768 type remove
2026-07-27 14:11:05,560 [inflora.py] => [InfLoRA] Layer 4: 83/768 type remove
2026-07-27 14:11:05,560 [inflora.py] => [InfLoRA] Layer 5: 134/768 type remove
2026-07-27 14:11:05,560 [inflora.py] => [InfLoRA] Layer 6: 178/768 type remove
2026-07-27 14:11:05,560 [inflora.py] => [InfLoRA] Layer 7: 184/768 type remove
2026-07-27 14:11:05,560 [inflora.py] => [InfLoRA] Layer 8: 249/768 type remove
2026-07-27 14:11:05,560 [inflora.py] => [InfLoRA] Layer 9: 383/768 type remove
2026-07-27 14:11:05,560 [inflora.py] => [InfLoRA] Layer 10: 271/768 type retain
2026-07-27 14:11:05,560 [inflora.py] => [InfLoRA] Layer 11: 302/768 type retain
2026-07-27 14:11:05,560 [inflora.py] => [InfLoRA] Layer 12: 299/768 type retain
2026-07-27 14:11:58,237 [inflora.py] => [InfLoRA] DualGPM threshold: 0.9750
2026-07-27 14:11:59,443 [inflora.py] => [InfLoRA] Layer 1: 42/768 type remove
2026-07-27 14:11:59,444 [inflora.py] => [InfLoRA] Layer 2: 21/768 type remove
2026-07-27 14:11:59,444 [inflora.py] => [InfLoRA] Layer 3: 69/768 type remove
2026-07-27 14:11:59,444 [inflora.py] => [InfLoRA] Layer 4: 83/768 type remove
2026-07-27 14:11:59,444 [inflora.py] => [InfLoRA] Layer 5: 134/768 type remove
2026-07-27 14:11:59,444 [inflora.py] => [InfLoRA] Layer 6: 179/768 type remove
2026-07-27 14:11:59,444 [inflora.py] => [InfLoRA] Layer 7: 184/768 type remove
2026-07-27 14:11:59,444 [inflora.py] => [InfLoRA] Layer 8: 249/768 type remove
2026-07-27 14:11:59,444 [inflora.py] => [InfLoRA] Layer 9: 383/768 type remove
2026-07-27 14:11:59,444 [inflora.py] => [InfLoRA] Layer 10: 271/768 type retain
2026-07-27 14:11:59,444 [inflora.py] => [InfLoRA] Layer 11: 302/768 type retain
2026-07-27 14:11:59,444 [inflora.py] => [InfLoRA] Layer 12: 299/768 type retain
2026-07-27 14:12:52,913 [inflora.py] => [InfLoRA] DualGPM threshold: 0.9750
2026-07-27 14:12:54,342 [inflora.py] => [InfLoRA] Layer 1: 42/768 type remove
2026-07-27 14:12:54,342 [inflora.py] => [InfLoRA] Layer 2: 21/768 type remove
2026-07-27 14:12:54,342 [inflora.py] => [InfLoRA] Layer 3: 69/768 type remove
2026-07-27 14:12:54,342 [inflora.py] => [InfLoRA] Layer 4: 83/768 type remove
2026-07-27 14:12:54,342 [inflora.py] => [InfLoRA] Layer 5: 135/768 type remove
2026-07-27 14:12:54,342 [inflora.py] => [InfLoRA] Layer 6: 179/768 type remove
2026-07-27 14:12:54,342 [inflora.py] => [InfLoRA] Layer 7: 184/768 type remove
2026-07-27 14:12:54,342 [inflora.py] => [InfLoRA] Layer 8: 250/768 type remove
2026-07-27 14:12:54,342 [inflora.py] => [InfLoRA] Layer 9: 384/768 type remove
2026-07-27 14:12:54,342 [inflora.py] => [InfLoRA] Layer 10: 270/768 type retain
2026-07-27 14:12:54,342 [inflora.py] => [InfLoRA] Layer 11: 301/768 type retain
2026-07-27 14:12:54,342 [inflora.py] => [InfLoRA] Layer 12: 297/768 type retain
2026-07-27 14:13:47,508 [inflora.py] => [InfLoRA] DualGPM threshold: 0.9750
2026-07-27 14:13:48,984 [inflora.py] => [InfLoRA] Layer 1: 42/768 type remove
2026-07-27 14:13:48,984 [inflora.py] => [InfLoRA] Layer 2: 21/768 type remove
2026-07-27 14:13:48,984 [inflora.py] => [InfLoRA] Layer 3: 69/768 type remove
2026-07-27 14:13:48,984 [inflora.py] => [InfLoRA] Layer 4: 83/768 type remove
2026-07-27 14:13:48,984 [inflora.py] => [InfLoRA] Layer 5: 135/768 type remove
2026-07-27 14:13:48,984 [inflora.py] => [InfLoRA] Layer 6: 179/768 type remove
2026-07-27 14:13:48,984 [inflora.py] => [InfLoRA] Layer 7: 185/768 type remove
2026-07-27 14:13:48,984 [inflora.py] => [InfLoRA] Layer 8: 250/768 type remove
2026-07-27 14:13:48,984 [inflora.py] => [InfLoRA] Layer 9: 384/768 type remove
2026-07-27 14:13:48,985 [inflora.py] => [InfLoRA] Layer 10: 270/768 type retain
2026-07-27 14:13:48,985 [inflora.py] => [InfLoRA] Layer 11: 301/768 type retain
2026-07-27 14:13:48,985 [inflora.py] => [InfLoRA] Layer 12: 297/768 type retain
2026-07-27 14:14:41,187 [inflora.py] => [InfLoRA] DualGPM threshold: 0.9750
2026-07-27 14:14:42,617 [inflora.py] => [InfLoRA] Layer 1: 42/768 type remove
2026-07-27 14:14:42,617 [inflora.py] => [InfLoRA] Layer 2: 21/768 type remove
2026-07-27 14:14:42,617 [inflora.py] => [InfLoRA] Layer 3: 69/768 type remove
2026-07-27 14:14:42,617 [inflora.py] => [InfLoRA] Layer 4: 84/768 type remove
2026-07-27 14:14:42,617 [inflora.py] => [InfLoRA] Layer 5: 136/768 type remove
2026-07-27 14:14:42,617 [inflora.py] => [InfLoRA] Layer 6: 179/768 type remove
2026-07-27 14:14:42,617 [inflora.py] => [InfLoRA] Layer 7: 185/768 type remove
2026-07-27 14:14:42,617 [inflora.py] => [InfLoRA] Layer 8: 250/768 type remove
2026-07-27 14:14:42,617 [inflora.py] => [InfLoRA] Layer 9: 384/768 type remove
2026-07-27 14:14:42,617 [inflora.py] => [InfLoRA] Layer 10: 270/768 type retain
2026-07-27 14:14:42,617 [inflora.py] => [InfLoRA] Layer 11: 301/768 type retain
2026-07-27 14:14:42,617 [inflora.py] => [InfLoRA] Layer 12: 297/768 type retain
2026-07-27 14:15:35,602 [inflora.py] => [InfLoRA] DualGPM threshold: 0.9750
2026-07-27 14:15:36,995 [inflora.py] => [InfLoRA] Layer 1: 42/768 type remove
2026-07-27 14:15:36,995 [inflora.py] => [InfLoRA] Layer 2: 21/768 type remove
2026-07-27 14:15:36,995 [inflora.py] => [InfLoRA] Layer 3: 69/768 type remove
2026-07-27 14:15:36,995 [inflora.py] => [InfLoRA] Layer 4: 84/768 type remove
2026-07-27 14:15:36,995 [inflora.py] => [InfLoRA] Layer 5: 136/768 type remove
2026-07-27 14:15:36,995 [inflora.py] => [InfLoRA] Layer 6: 179/768 type remove
2026-07-27 14:15:36,995 [inflora.py] => [InfLoRA] Layer 7: 185/768 type remove
2026-07-27 14:15:36,995 [inflora.py] => [InfLoRA] Layer 8: 251/768 type remove
2026-07-27 14:15:36,995 [inflora.py] => [InfLoRA] Layer 9: 384/768 type remove
2026-07-27 14:15:36,995 [inflora.py] => [InfLoRA] Layer 10: 270/768 type retain
2026-07-27 14:15:36,995 [inflora.py] => [InfLoRA] Layer 11: 301/768 type retain
2026-07-27 14:15:36,995 [inflora.py] => [InfLoRA] Layer 12: 297/768 type retain
2026-07-27 14:16:29,328 [inflora.py] => [InfLoRA] DualGPM threshold: 0.9750
2026-07-27 14:16:30,548 [inflora.py] => [InfLoRA] Layer 1: 42/768 type remove
2026-07-27 14:16:30,548 [inflora.py] => [InfLoRA] Layer 2: 21/768 type remove
2026-07-27 14:16:30,548 [inflora.py] => [InfLoRA] Layer 3: 69/768 type remove
2026-07-27 14:16:30,548 [inflora.py] => [InfLoRA] Layer 4: 84/768 type remove
2026-07-27 14:16:30,548 [inflora.py] => [InfLoRA] Layer 5: 136/768 type remove
2026-07-27 14:16:30,548 [inflora.py] => [InfLoRA] Layer 6: 180/768 type remove
2026-07-27 14:16:30,548 [inflora.py] => [InfLoRA] Layer 7: 186/768 type remove
2026-07-27 14:16:30,548 [inflora.py] => [InfLoRA] Layer 8: 251/768 type remove
2026-07-27 14:16:30,548 [inflora.py] => [InfLoRA] Layer 9: 384/768 type remove
2026-07-27 14:16:30,548 [inflora.py] => [InfLoRA] Layer 10: 270/768 type retain
2026-07-27 14:16:30,548 [inflora.py] => [InfLoRA] Layer 11: 301/768 type retain
2026-07-27 14:16:30,548 [inflora.py] => [InfLoRA] Layer 12: 297/768 type retain
2026-07-27 14:17:23,592 [inflora.py] => [InfLoRA] DualGPM threshold: 0.9750
2026-07-27 14:17:24,836 [inflora.py] => [InfLoRA] Layer 1: 42/768 type remove
2026-07-27 14:17:24,836 [inflora.py] => [InfLoRA] Layer 2: 21/768 type remove
2026-07-27 14:17:24,836 [inflora.py] => [InfLoRA] Layer 3: 70/768 type remove
2026-07-27 14:17:24,836 [inflora.py] => [InfLoRA] Layer 4: 84/768 type remove
2026-07-27 14:17:24,836 [inflora.py] => [InfLoRA] Layer 5: 136/768 type remove
2026-07-27 14:17:24,836 [inflora.py] => [InfLoRA] Layer 6: 180/768 type remove
2026-07-27 14:17:24,836 [inflora.py] => [InfLoRA] Layer 7: 186/768 type remove
2026-07-27 14:17:24,836 [inflora.py] => [InfLoRA] Layer 8: 251/768 type remove
2026-07-27 14:17:24,854 [inflora.py] => [InfLoRA] Layer 9: 383/768 type retain
2026-07-27 14:17:24,854 [inflora.py] => [InfLoRA] Layer 10: 269/768 type retain
2026-07-27 14:17:24,854 [inflora.py] => [InfLoRA] Layer 11: 300/768 type retain
2026-07-27 14:17:24,854 [inflora.py] => [InfLoRA] Layer 12: 296/768 type retain
2026-07-27 14:18:17,677 [inflora.py] => [InfLoRA] DualGPM threshold: 0.9750
2026-07-27 14:18:19,139 [inflora.py] => [InfLoRA] Layer 1: 42/768 type remove
2026-07-27 14:18:19,139 [inflora.py] => [InfLoRA] Layer 2: 21/768 type remove
2026-07-27 14:18:19,139 [inflora.py] => [InfLoRA] Layer 3: 70/768 type remove
2026-07-27 14:18:19,139 [inflora.py] => [InfLoRA] Layer 4: 84/768 type remove
2026-07-27 14:18:19,139 [inflora.py] => [InfLoRA] Layer 5: 136/768 type remove
2026-07-27 14:18:19,139 [inflora.py] => [InfLoRA] Layer 6: 180/768 type remove
2026-07-27 14:18:19,139 [inflora.py] => [InfLoRA] Layer 7: 186/768 type remove
2026-07-27 14:18:19,139 [inflora.py] => [InfLoRA] Layer 8: 252/768 type remove
2026-07-27 14:18:19,139 [inflora.py] => [InfLoRA] Layer 9: 383/768 type retain
2026-07-27 14:18:19,139 [inflora.py] => [InfLoRA] Layer 10: 269/768 type retain
2026-07-27 14:18:19,139 [inflora.py] => [InfLoRA] Layer 11: 300/768 type retain
2026-07-27 14:18:19,139 [inflora.py] => [InfLoRA] Layer 12: 296/768 type retain
2026-07-27 14:18:35,230 [inflora.py] => [InfLoRA] DualGPM threshold: 0.9750
2026-07-27 14:18:36,614 [inflora.py] => [InfLoRA] Layer 1: 42/768 type remove
2026-07-27 14:18:36,614 [inflora.py] => [InfLoRA] Layer 2: 21/768 type remove
2026-07-27 14:18:36,614 [inflora.py] => [InfLoRA] Layer 3: 71/768 type remove
2026-07-27 14:18:36,614 [inflora.py] => [InfLoRA] Layer 4: 85/768 type remove
2026-07-27 14:18:36,614 [inflora.py] => [InfLoRA] Layer 5: 137/768 type remove
2026-07-27 14:18:36,614 [inflora.py] => [InfLoRA] Layer 6: 181/768 type remove
2026-07-27 14:18:36,614 [inflora.py] => [InfLoRA] Layer 7: 189/768 type remove
2026-07-27 14:18:36,614 [inflora.py] => [InfLoRA] Layer 8: 255/768 type remove
2026-07-27 14:18:36,614 [inflora.py] => [InfLoRA] Layer 9: 376/768 type retain
2026-07-27 14:18:36,614 [inflora.py] => [InfLoRA] Layer 10: 264/768 type retain
2026-07-27 14:18:36,614 [inflora.py] => [InfLoRA] Layer 11: 294/768 type retain
2026-07-27 14:18:36,614 [inflora.py] => [InfLoRA] Layer 12: 295/768 type retain
2026-07-27 14:19:05,689 [bounded_memory_mixin.py] => [bounded_mem eval] volume 1.00 | cycle 242 | classes_seen 1000 | CIL top1 40.18 | top5 70.07 | (nearest latent task ~99) | param_hash c1a0905513d1f0e5 | per-task [17.59, 53.5, 24.87, 32.82, 56.0, 57.29, 63.5, 29.5, 43.0, 46.46, 34.85, 29.95, 52.0, 50.0, 41.5, 58.79, 27.64, 57.0, 29.5, 37.69, 43.22, 56.0, 36.04, 49.24, 14.0, 45.96, 37.19, 63.5, 50.25, 31.0, 40.0, 51.5, 51.5, 54.5, 48.98, 53.27, 45.92, 34.01, 53.27, 27.78, 15.74, 41.21, 24.37, 12.5, 47.5, 39.5, 36.87, 47.45, 28.0, 49.25, 32.66, 46.5, 54.77, 42.42, 36.22, 26.9, 56.28, 18.5, 39.2, 60.3, 48.24, 10.61, 42.71, 37.76, 27.84, 32.66, 43.72, 39.7, 37.44, 50.51, 48.24, 23.62, 63.45, 28.57, 35.5, 24.5, 47.24, 45.73, 36.04, 44.95, 50.25, 35.68, 27.78, 29.15, 56.28, 15.82, 32.5, 21.61, 47.21, 36.18, 48.98, 28.28, 44.72, 42.71, 40.4, 29.15, 42.93, 37.5, 47.24, 46.97]
2026-07-27 14:19:08,218 [metrics_logger.py] => [metrics] wrote run_logs/final/inflora/metrics_inflora_round2_slurm_grid_omni30t_100mb_inflora_s1996_s1996.json
2026-07-27 14:19:08,219 [trainer.py] => [bounded_mem] volume checkpoints: [0.1, 0.2, 0.3, 0.4, 0.5, 0.6, 0.7, 0.8, 0.9, 1.0]
2026-07-27 14:19:08,219 [trainer.py] => [bounded_mem] CIL top1 curve: [77.77, 67.39, 61.48, 55.91, 52.57, 49.67, 45.61, 44.14, 42.2, 40.18]
2026-07-27 14:19:08,219 [trainer.py] => [bounded_mem] CIL top5 curve: [95.06, 90.9, 87.82, 84.26, 79.95, 77.84, 74.48, 73.49, 71.4, 70.07]
[bounded_mem] checkpoints (fraction of stream): [0.1, 0.2, 0.3, 0.4, 0.5, 0.6, 0.7, 0.8, 0.9, 1.0]
[bounded_mem] CIL top1: [77.77, 67.39, 61.48, 55.91, 52.57, 49.67, 45.61, 44.14, 42.2, 40.18]
[bounded_mem] CIL top5: [95.06, 90.9, 87.82, 84.26, 79.95, 77.84, 74.48, 73.49, 71.4, 70.07]
2026-07-27 14:19:08,219 [trainer.py] => [bounded_mem] FINAL CIL top1 40.18 | top5 70.07 (at 100% of stream)
[bounded_mem] FINAL CIL top1 40.18 | top5 70.07
[bounded_mem] wrote run_logs/boundedmem_inflora_round2_slurm_grid_omni30t_100mb_inflora_s1996_s1996.json
