2026-07-28 11:23:11,322 [trainer.py] => config: exps/round2_slurm_grid/inflora_200mb_s1999.json
2026-07-28 11:23:11,322 [trainer.py] => dataset: omnibenchmark1k
2026-07-28 11:23:11,322 [trainer.py] => memory_size: 0
2026-07-28 11:23:11,322 [trainer.py] => memory_per_class: 0
2026-07-28 11:23:11,322 [trainer.py] => fixed_memory: False
2026-07-28 11:23:11,322 [trainer.py] => shuffle: True
2026-07-28 11:23:11,322 [trainer.py] => init_cls: 10
2026-07-28 11:23:11,323 [trainer.py] => increment: 10
2026-07-28 11:23:11,323 [trainer.py] => scenario: cil
2026-07-28 11:23:11,323 [trainer.py] => pretrained: True
2026-07-28 11:23:11,323 [trainer.py] => print_forget: False
2026-07-28 11:23:11,323 [trainer.py] => final_metrics: False
2026-07-28 11:23:11,323 [trainer.py] => backbone_type: vit_base_patch16_224_lora
2026-07-28 11:23:11,323 [trainer.py] => lora_rank: 10
2026-07-28 11:23:11,323 [trainer.py] => lora_alpha: None
2026-07-28 11:23:11,323 [trainer.py] => batch_size: 48
2026-07-28 11:23:11,323 [trainer.py] => weight_decay: 0.0005
2026-07-28 11:23:11,323 [trainer.py] => min_lr: 0.0
2026-07-28 11:23:11,323 [trainer.py] => tuned_epoch: 20
2026-07-28 11:23:11,323 [trainer.py] => boundary_mode: bounded_memory
2026-07-28 11:23:11,323 [trainer.py] => stop_after_tasks: 100
2026-07-28 11:23:11,323 [trainer.py] => device: [device(type='cuda', index=0)]
2026-07-28 11:23:11,323 [trainer.py] => model_name: inflora
2026-07-28 11:23:11,323 [trainer.py] => lora_merge: True
2026-07-28 11:23:11,323 [trainer.py] => lamb: 0.975
2026-07-28 11:23:11,323 [trainer.py] => lame: 0.975
2026-07-28 11:23:11,323 [trainer.py] => init_lr: 0.0005
2026-07-28 11:23:11,323 [trainer.py] => seed: 1999
2026-07-28 11:23:11,323 [trainer.py] => bm_budget_mb: 200
2026-07-28 11:23:11,323 [trainer.py] => prefix: round2_slurm_grid_omni30t_200mb_inflora_s1999
2026-07-28 11:23:11,610 [data_manager.py] => [871, 988, 216, 124, 898, 798, 637, 622, 54, 903, 35, 800, 796, 709, 57, 297, 319, 83, 71, 327, 629, 515, 528, 486, 762, 365, 315, 276, 916, 163, 311, 498, 448, 442, 437, 168, 932, 139, 696, 169, 533, 884, 581, 478, 65, 421, 336, 184, 445, 273, 53, 848, 508, 379, 304, 582, 157, 115, 592, 93, 355, 679, 907, 288, 999, 272, 951, 921, 224, 684, 204, 268, 298, 284, 40, 794, 250, 965, 558, 842, 130, 886, 522, 292, 15, 994, 854, 33, 366, 145, 387, 926, 123, 466, 969, 742, 465, 497, 196, 489, 825, 215, 906, 307, 66, 521, 779, 487, 967, 481, 488, 964, 913, 306, 132, 905, 869, 602, 813, 253, 789, 625, 179, 982, 378, 463, 85, 375, 636, 325, 525, 475, 783, 377, 931, 530, 496, 146, 537, 31, 362, 438, 305, 852, 672, 986, 711, 219, 868, 715, 432, 428, 725, 580, 620, 231, 351, 82, 667, 376, 772, 91, 578, 664, 459, 228, 648, 350, 454, 364, 150, 19, 797, 820, 220, 735, 943, 706, 520, 420, 207, 770, 571, 23, 477, 861, 509, 494, 209, 469, 406, 357, 280, 727, 182, 678, 167, 431, 744, 189, 757, 159, 639, 143, 96, 214, 501, 817, 0, 467, 334, 804, 113, 627, 412, 194, 173, 812, 543, 251, 665, 674, 956, 183, 681, 670, 403, 122, 238, 205, 805, 781, 584, 874, 457, 358, 830, 513, 893, 946, 332, 919, 763, 694, 624, 70, 160, 996, 641, 690, 895, 291, 242, 426, 542, 568, 588, 476, 593, 844, 234, 359, 354, 976, 21, 92, 595, 803, 598, 562, 170, 491, 32, 911, 909, 504, 418, 148, 682, 712, 22, 900, 14, 43, 158, 10, 544, 720, 547, 862, 223, 479, 249, 266, 618, 623, 638, 72, 201, 654, 285, 564, 340, 394, 758, 675, 635, 845, 766, 199, 111, 244, 55, 922, 673, 808, 827, 939, 822, 372, 941, 335, 693, 279, 732, 823, 300, 500, 897, 112, 289, 174, 252, 281, 737, 190, 677, 149, 632, 52, 232, 646, 716, 368, 260, 263, 464, 77, 389, 656, 89, 374, 120, 101, 240, 702, 961, 972, 612, 925, 435, 660, 270, 685, 771, 116, 212, 617, 429, 570, 517, 866, 446, 134, 776, 894, 573, 557, 118, 104, 841, 16, 750, 891, 873, 589, 724, 738, 647, 768, 237, 600, 443, 473, 604, 17, 50, 597, 968, 140, 398, 97, 718, 277, 591, 947, 658, 81, 721, 271, 383, 644, 917, 596, 422, 404, 180, 193, 227, 9, 49, 229, 142, 902, 106, 26, 764, 535, 534, 4, 95, 328, 876, 114, 818, 937, 151, 382, 125, 553, 710, 133, 424, 945, 510, 456, 756, 793, 829, 103, 603, 61, 551, 628, 37, 802, 875, 385, 824, 733, 399, 156, 526, 423, 30, 734, 121, 286, 707, 934, 107, 634, 601, 935, 701, 799, 741, 767, 642, 176, 955, 178, 587, 867, 202, 346, 63, 669, 392, 3, 352, 545, 888, 828, 523, 294, 536, 788, 233, 695, 958, 971, 688, 408, 826, 615, 746, 79, 590, 12, 239, 837, 109, 952, 390, 663, 482, 44, 901, 655, 371, 29, 384, 333, 722, 348, 527, 441, 344, 80, 792, 705, 86, 262, 302, 550, 698, 367, 645, 576, 225, 308, 275, 129, 282, 821, 700, 887, 649, 769, 933, 773, 858, 676, 38, 920, 751, 565, 704, 566, 217, 468, 651, 586, 287, 995, 606, 455, 309, 774, 213, 560, 747, 278, 363, 388, 863, 549, 607, 857, 411, 652, 416, 538, 815, 777, 258, 449, 927, 98, 786, 717, 910, 56, 200, 885, 470, 574, 556, 48, 752, 69, 877, 144, 337, 370, 405, 984, 899, 840, 541, 683, 699, 154, 666, 290, 413, 569, 539, 853, 811, 339, 689, 6, 42, 161, 453, 51, 507, 64, 28, 155, 761, 7, 548, 342, 316, 980, 807, 330, 434, 347, 341, 914, 360, 87, 480, 353, 810, 181, 235, 361, 740, 20, 532, 991, 975, 131, 816, 736, 191, 197, 621, 883, 896, 691, 78, 226, 208, 187, 256, 192, 318, 472, 451, 966, 393, 90, 970, 502, 322, 514, 269, 882, 512, 889, 865, 452, 314, 847, 559, 745, 784, 775, 662, 613, 998, 703, 915, 175, 726, 659, 585, 135, 326, 436, 25, 236, 185, 127, 791, 369, 749, 171, 222, 415, 579, 552, 8, 610, 195, 851, 892, 643, 880, 427, 245, 461, 540, 511, 152, 303, 708, 608, 657, 137, 950, 345, 856, 731, 531, 188, 338, 243, 67, 631, 39, 59, 490, 963, 953, 162, 164, 577, 450, 687, 686, 611, 24, 36, 138, 165, 247, 790, 609, 255, 743, 13, 908, 321, 483, 46, 833, 605, 94, 73, 417, 838, 254, 493, 778, 697, 293, 723, 312, 410, 474, 484, 198, 261, 2, 938, 524, 221, 519, 349, 76, 433, 780, 924, 409, 60, 661, 380, 447, 320, 102, 518, 407, 485, 440, 317, 948, 759, 973, 809, 692, 944, 575, 653, 283, 41, 633, 954, 671, 425, 499, 985, 739, 864, 414, 765, 801, 760, 323, 912, 554, 99, 128, 713, 923, 849, 614, 430, 381, 396, 594, 879, 878, 942, 616, 983, 74, 806, 265, 401, 462, 331, 147, 313, 993, 264, 186, 439, 918, 567, 119, 211, 492, 834, 936, 997, 881, 257, 940, 729, 58, 267, 795, 787, 62, 301, 785, 506, 977, 299, 680, 753, 386, 755, 505, 11, 989, 84, 782, 855, 668, 419, 754, 860, 471, 949, 748, 930, 206, 814, 5, 166, 324, 230, 373, 714, 88, 458, 503, 1, 356, 626, 295, 890, 990, 959, 136, 126, 546, 246, 650, 719, 110, 402, 962, 395, 904, 34, 831, 599, 835, 47, 728, 310, 640, 819, 563, 27, 105, 872, 850, 839, 248, 68, 981, 329, 843, 241, 495, 529, 75, 45, 928, 561, 974, 572, 274, 391, 929, 444, 583, 296, 730, 218, 141, 117, 846, 397, 859, 836, 992, 555, 870, 460, 177, 979, 172, 400, 153, 516, 987, 100, 630, 957, 210, 203, 978, 18, 343, 619, 108, 960, 832, 259]
This is for the BaseNet initialization.
I'm using ViT with per-task LoRA (q,v).
_IncompatibleKeys(missing_keys=['blocks.0.attn.cur_matrix', 'blocks.0.attn.frozen_delta_q', 'blocks.0.attn.frozen_delta_v', 'blocks.0.attn.lora_A_q.0.weight', 'blocks.0.attn.lora_B_q.0.weight', 'blocks.0.attn.lora_A_v.0.weight', 'blocks.0.attn.lora_B_v.0.weight', 'blocks.1.attn.cur_matrix', 'blocks.1.attn.frozen_delta_q', 'blocks.1.attn.frozen_delta_v', 'blocks.1.attn.lora_A_q.0.weight', 'blocks.1.attn.lora_B_q.0.weight', 'blocks.1.attn.lora_A_v.0.weight', 'blocks.1.attn.lora_B_v.0.weight', 'blocks.2.attn.cur_matrix', 'blocks.2.attn.frozen_delta_q', 'blocks.2.attn.frozen_delta_v', 'blocks.2.attn.lora_A_q.0.weight', 'blocks.2.attn.lora_B_q.0.weight', 'blocks.2.attn.lora_A_v.0.weight', 'blocks.2.attn.lora_B_v.0.weight', 'blocks.3.attn.cur_matrix', 'blocks.3.attn.frozen_delta_q', 'blocks.3.attn.frozen_delta_v', 'blocks.3.attn.lora_A_q.0.weight', 'blocks.3.attn.lora_B_q.0.weight', 'blocks.3.attn.lora_A_v.0.weight', 'blocks.3.attn.lora_B_v.0.weight', 'blocks.4.attn.cur_matrix', 'blocks.4.attn.frozen_delta_q', 'blocks.4.attn.frozen_delta_v', 'blocks.4.attn.lora_A_q.0.weight', 'blocks.4.attn.lora_B_q.0.weight', 'blocks.4.attn.lora_A_v.0.weight', 'blocks.4.attn.lora_B_v.0.weight', 'blocks.5.attn.cur_matrix', 'blocks.5.attn.frozen_delta_q', 'blocks.5.attn.frozen_delta_v', 'blocks.5.attn.lora_A_q.0.weight', 'blocks.5.attn.lora_B_q.0.weight', 'blocks.5.attn.lora_A_v.0.weight', 'blocks.5.attn.lora_B_v.0.weight', 'blocks.6.attn.cur_matrix', 'blocks.6.attn.frozen_delta_q', 'blocks.6.attn.frozen_delta_v', 'blocks.6.attn.lora_A_q.0.weight', 'blocks.6.attn.lora_B_q.0.weight', 'blocks.6.attn.lora_A_v.0.weight', 'blocks.6.attn.lora_B_v.0.weight', 'blocks.7.attn.cur_matrix', 'blocks.7.attn.frozen_delta_q', 'blocks.7.attn.frozen_delta_v', 'blocks.7.attn.lora_A_q.0.weight', 'blocks.7.attn.lora_B_q.0.weight', 'blocks.7.attn.lora_A_v.0.weight', 'blocks.7.attn.lora_B_v.0.weight', 'blocks.8.attn.cur_matrix', 'blocks.8.attn.frozen_delta_q', 'blocks.8.attn.frozen_delta_v', 'blocks.8.attn.lora_A_q.0.weight', 'blocks.8.attn.lora_B_q.0.weight', 'blocks.8.attn.lora_A_v.0.weight', 'blocks.8.attn.lora_B_v.0.weight', 'blocks.9.attn.cur_matrix', 'blocks.9.attn.frozen_delta_q', 'blocks.9.attn.frozen_delta_v', 'blocks.9.attn.lora_A_q.0.weight', 'blocks.9.attn.lora_B_q.0.weight', 'blocks.9.attn.lora_A_v.0.weight', 'blocks.9.attn.lora_B_v.0.weight', 'blocks.10.attn.cur_matrix', 'blocks.10.attn.frozen_delta_q', 'blocks.10.attn.frozen_delta_v', 'blocks.10.attn.lora_A_q.0.weight', 'blocks.10.attn.lora_B_q.0.weight', 'blocks.10.attn.lora_A_v.0.weight', 'blocks.10.attn.lora_B_v.0.weight', 'blocks.11.attn.cur_matrix', 'blocks.11.attn.frozen_delta_q', 'blocks.11.attn.frozen_delta_v', 'blocks.11.attn.lora_A_q.0.weight', 'blocks.11.attn.lora_B_q.0.weight', 'blocks.11.attn.lora_A_v.0.weight', 'blocks.11.attn.lora_B_v.0.weight'], unexpected_keys=[])
After BaseNet initialization.
2026-07-28 11:23:18,019 [bounded_memory_mixin.py] => [bounded_mem] budget_mb=200.0 -> cycle=1393 images (mean_task=1687.2 images, so this budget is 0.83x mean task size); 168718 total images -> 122 cycles (T=122 sessions); 10 eval checkpoints
2026-07-28 11:25:04,290 [inflora.py] => [InfLoRA] DualGPM threshold: 0.9750
2026-07-28 11:25:04,750 [inflora.py] => [InfLoRA] Layer 1: 37/768 type remove
2026-07-28 11:25:04,750 [inflora.py] => [InfLoRA] Layer 2: 16/768 type remove
2026-07-28 11:25:04,750 [inflora.py] => [InfLoRA] Layer 3: 20/768 type remove
2026-07-28 11:25:04,750 [inflora.py] => [InfLoRA] Layer 4: 16/768 type remove
2026-07-28 11:25:04,750 [inflora.py] => [InfLoRA] Layer 5: 21/768 type remove
2026-07-28 11:25:04,750 [inflora.py] => [InfLoRA] Layer 6: 28/768 type remove
2026-07-28 11:25:04,750 [inflora.py] => [InfLoRA] Layer 7: 31/768 type remove
2026-07-28 11:25:04,750 [inflora.py] => [InfLoRA] Layer 8: 44/768 type remove
2026-07-28 11:25:04,750 [inflora.py] => [InfLoRA] Layer 9: 75/768 type remove
2026-07-28 11:25:04,750 [inflora.py] => [InfLoRA] Layer 10: 129/768 type remove
2026-07-28 11:25:04,750 [inflora.py] => [InfLoRA] Layer 11: 80/768 type remove
2026-07-28 11:25:04,750 [inflora.py] => [InfLoRA] Layer 12: 45/768 type remove
2026-07-28 11:26:31,572 [inflora.py] => [InfLoRA] DualGPM threshold: 0.9750
2026-07-28 11:26:32,628 [inflora.py] => [InfLoRA] Layer 1: 42/768 type remove
2026-07-28 11:26:32,628 [inflora.py] => [InfLoRA] Layer 2: 18/768 type remove
2026-07-28 11:26:32,628 [inflora.py] => [InfLoRA] Layer 3: 25/768 type remove
2026-07-28 11:26:32,628 [inflora.py] => [InfLoRA] Layer 4: 20/768 type remove
2026-07-28 11:26:32,628 [inflora.py] => [InfLoRA] Layer 5: 27/768 type remove
2026-07-28 11:26:32,628 [inflora.py] => [InfLoRA] Layer 6: 36/768 type remove
2026-07-28 11:26:32,628 [inflora.py] => [InfLoRA] Layer 7: 39/768 type remove
2026-07-28 11:26:32,628 [inflora.py] => [InfLoRA] Layer 8: 57/768 type remove
2026-07-28 11:26:32,628 [inflora.py] => [InfLoRA] Layer 9: 95/768 type remove
2026-07-28 11:26:32,628 [inflora.py] => [InfLoRA] Layer 10: 164/768 type remove
2026-07-28 11:26:32,628 [inflora.py] => [InfLoRA] Layer 11: 104/768 type remove
2026-07-28 11:26:32,628 [inflora.py] => [InfLoRA] Layer 12: 73/768 type remove
2026-07-28 11:28:00,737 [inflora.py] => [InfLoRA] DualGPM threshold: 0.9750
2026-07-28 11:28:01,666 [inflora.py] => [InfLoRA] Layer 1: 42/768 type remove
2026-07-28 11:28:01,666 [inflora.py] => [InfLoRA] Layer 2: 18/768 type remove
2026-07-28 11:28:01,666 [inflora.py] => [InfLoRA] Layer 3: 26/768 type remove
2026-07-28 11:28:01,666 [inflora.py] => [InfLoRA] Layer 4: 21/768 type remove
2026-07-28 11:28:01,666 [inflora.py] => [InfLoRA] Layer 5: 29/768 type remove
2026-07-28 11:28:01,666 [inflora.py] => [InfLoRA] Layer 6: 39/768 type remove
2026-07-28 11:28:01,666 [inflora.py] => [InfLoRA] Layer 7: 43/768 type remove
2026-07-28 11:28:01,666 [inflora.py] => [InfLoRA] Layer 8: 63/768 type remove
2026-07-28 11:28:01,666 [inflora.py] => [InfLoRA] Layer 9: 107/768 type remove
2026-07-28 11:28:01,666 [inflora.py] => [InfLoRA] Layer 10: 186/768 type remove
2026-07-28 11:28:01,666 [inflora.py] => [InfLoRA] Layer 11: 120/768 type remove
2026-07-28 11:28:01,666 [inflora.py] => [InfLoRA] Layer 12: 98/768 type remove
2026-07-28 11:29:29,306 [inflora.py] => [InfLoRA] DualGPM threshold: 0.9750
2026-07-28 11:29:30,244 [inflora.py] => [InfLoRA] Layer 1: 42/768 type remove
2026-07-28 11:29:30,244 [inflora.py] => [InfLoRA] Layer 2: 18/768 type remove
2026-07-28 11:29:30,244 [inflora.py] => [InfLoRA] Layer 3: 26/768 type remove
2026-07-28 11:29:30,244 [inflora.py] => [InfLoRA] Layer 4: 21/768 type remove
2026-07-28 11:29:30,244 [inflora.py] => [InfLoRA] Layer 5: 29/768 type remove
2026-07-28 11:29:30,244 [inflora.py] => [InfLoRA] Layer 6: 40/768 type remove
2026-07-28 11:29:30,244 [inflora.py] => [InfLoRA] Layer 7: 45/768 type remove
2026-07-28 11:29:30,244 [inflora.py] => [InfLoRA] Layer 8: 66/768 type remove
2026-07-28 11:29:30,244 [inflora.py] => [InfLoRA] Layer 9: 116/768 type remove
2026-07-28 11:29:30,244 [inflora.py] => [InfLoRA] Layer 10: 200/768 type remove
2026-07-28 11:29:30,244 [inflora.py] => [InfLoRA] Layer 11: 129/768 type remove
2026-07-28 11:29:30,244 [inflora.py] => [InfLoRA] Layer 12: 113/768 type remove
2026-07-28 11:30:56,041 [inflora.py] => [InfLoRA] DualGPM threshold: 0.9750
2026-07-28 11:30:57,003 [inflora.py] => [InfLoRA] Layer 1: 42/768 type remove
2026-07-28 11:30:57,003 [inflora.py] => [InfLoRA] Layer 2: 18/768 type remove
2026-07-28 11:30:57,003 [inflora.py] => [InfLoRA] Layer 3: 27/768 type remove
2026-07-28 11:30:57,003 [inflora.py] => [InfLoRA] Layer 4: 23/768 type remove
2026-07-28 11:30:57,003 [inflora.py] => [InfLoRA] Layer 5: 31/768 type remove
2026-07-28 11:30:57,003 [inflora.py] => [InfLoRA] Layer 6: 44/768 type remove
2026-07-28 11:30:57,003 [inflora.py] => [InfLoRA] Layer 7: 49/768 type remove
2026-07-28 11:30:57,003 [inflora.py] => [InfLoRA] Layer 8: 72/768 type remove
2026-07-28 11:30:57,003 [inflora.py] => [InfLoRA] Layer 9: 125/768 type remove
2026-07-28 11:30:57,003 [inflora.py] => [InfLoRA] Layer 10: 207/768 type remove
2026-07-28 11:30:57,003 [inflora.py] => [InfLoRA] Layer 11: 136/768 type remove
2026-07-28 11:30:57,003 [inflora.py] => [InfLoRA] Layer 12: 116/768 type remove
2026-07-28 11:32:22,951 [inflora.py] => [InfLoRA] DualGPM threshold: 0.9750
2026-07-28 11:32:23,905 [inflora.py] => [InfLoRA] Layer 1: 42/768 type remove
2026-07-28 11:32:23,905 [inflora.py] => [InfLoRA] Layer 2: 18/768 type remove
2026-07-28 11:32:23,905 [inflora.py] => [InfLoRA] Layer 3: 29/768 type remove
2026-07-28 11:32:23,906 [inflora.py] => [InfLoRA] Layer 4: 24/768 type remove
2026-07-28 11:32:23,906 [inflora.py] => [InfLoRA] Layer 5: 34/768 type remove
2026-07-28 11:32:23,906 [inflora.py] => [InfLoRA] Layer 6: 49/768 type remove
2026-07-28 11:32:23,906 [inflora.py] => [InfLoRA] Layer 7: 54/768 type remove
2026-07-28 11:32:23,906 [inflora.py] => [InfLoRA] Layer 8: 81/768 type remove
2026-07-28 11:32:23,906 [inflora.py] => [InfLoRA] Layer 9: 141/768 type remove
2026-07-28 11:32:23,906 [inflora.py] => [InfLoRA] Layer 10: 218/768 type remove
2026-07-28 11:32:23,906 [inflora.py] => [InfLoRA] Layer 11: 141/768 type remove
2026-07-28 11:32:23,906 [inflora.py] => [InfLoRA] Layer 12: 125/768 type remove
2026-07-28 11:33:49,588 [inflora.py] => [InfLoRA] DualGPM threshold: 0.9750
2026-07-28 11:33:50,546 [inflora.py] => [InfLoRA] Layer 1: 42/768 type remove
2026-07-28 11:33:50,546 [inflora.py] => [InfLoRA] Layer 2: 18/768 type remove
2026-07-28 11:33:50,546 [inflora.py] => [InfLoRA] Layer 3: 30/768 type remove
2026-07-28 11:33:50,546 [inflora.py] => [InfLoRA] Layer 4: 25/768 type remove
2026-07-28 11:33:50,546 [inflora.py] => [InfLoRA] Layer 5: 36/768 type remove
2026-07-28 11:33:50,546 [inflora.py] => [InfLoRA] Layer 6: 52/768 type remove
2026-07-28 11:33:50,546 [inflora.py] => [InfLoRA] Layer 7: 59/768 type remove
2026-07-28 11:33:50,546 [inflora.py] => [InfLoRA] Layer 8: 89/768 type remove
2026-07-28 11:33:50,546 [inflora.py] => [InfLoRA] Layer 9: 154/768 type remove
2026-07-28 11:33:50,546 [inflora.py] => [InfLoRA] Layer 10: 232/768 type remove
2026-07-28 11:33:50,546 [inflora.py] => [InfLoRA] Layer 11: 148/768 type remove
2026-07-28 11:33:50,546 [inflora.py] => [InfLoRA] Layer 12: 139/768 type remove
2026-07-28 11:35:16,035 [inflora.py] => [InfLoRA] DualGPM threshold: 0.9750
2026-07-28 11:35:17,219 [inflora.py] => [InfLoRA] Layer 1: 42/768 type remove
2026-07-28 11:35:17,219 [inflora.py] => [InfLoRA] Layer 2: 18/768 type remove
2026-07-28 11:35:17,219 [inflora.py] => [InfLoRA] Layer 3: 30/768 type remove
2026-07-28 11:35:17,219 [inflora.py] => [InfLoRA] Layer 4: 26/768 type remove
2026-07-28 11:35:17,219 [inflora.py] => [InfLoRA] Layer 5: 37/768 type remove
2026-07-28 11:35:17,219 [inflora.py] => [InfLoRA] Layer 6: 54/768 type remove
2026-07-28 11:35:17,219 [inflora.py] => [InfLoRA] Layer 7: 62/768 type remove
2026-07-28 11:35:17,219 [inflora.py] => [InfLoRA] Layer 8: 96/768 type remove
2026-07-28 11:35:17,219 [inflora.py] => [InfLoRA] Layer 9: 167/768 type remove
2026-07-28 11:35:17,219 [inflora.py] => [InfLoRA] Layer 10: 242/768 type remove
2026-07-28 11:35:17,219 [inflora.py] => [InfLoRA] Layer 11: 154/768 type remove
2026-07-28 11:35:17,219 [inflora.py] => [InfLoRA] Layer 12: 147/768 type remove
2026-07-28 11:36:43,572 [inflora.py] => [InfLoRA] DualGPM threshold: 0.9750
2026-07-28 11:36:44,669 [inflora.py] => [InfLoRA] Layer 1: 42/768 type remove
2026-07-28 11:36:44,669 [inflora.py] => [InfLoRA] Layer 2: 18/768 type remove
2026-07-28 11:36:44,669 [inflora.py] => [InfLoRA] Layer 3: 31/768 type remove
2026-07-28 11:36:44,669 [inflora.py] => [InfLoRA] Layer 4: 27/768 type remove
2026-07-28 11:36:44,669 [inflora.py] => [InfLoRA] Layer 5: 39/768 type remove
2026-07-28 11:36:44,669 [inflora.py] => [InfLoRA] Layer 6: 57/768 type remove
2026-07-28 11:36:44,669 [inflora.py] => [InfLoRA] Layer 7: 66/768 type remove
2026-07-28 11:36:44,669 [inflora.py] => [InfLoRA] Layer 8: 104/768 type remove
2026-07-28 11:36:44,669 [inflora.py] => [InfLoRA] Layer 9: 176/768 type remove
2026-07-28 11:36:44,669 [inflora.py] => [InfLoRA] Layer 10: 248/768 type remove
2026-07-28 11:36:44,669 [inflora.py] => [InfLoRA] Layer 11: 158/768 type remove
2026-07-28 11:36:44,669 [inflora.py] => [InfLoRA] Layer 12: 148/768 type remove
2026-07-28 11:38:12,852 [inflora.py] => [InfLoRA] DualGPM threshold: 0.9750
2026-07-28 11:38:13,898 [inflora.py] => [InfLoRA] Layer 1: 42/768 type remove
2026-07-28 11:38:13,898 [inflora.py] => [InfLoRA] Layer 2: 18/768 type remove
2026-07-28 11:38:13,898 [inflora.py] => [InfLoRA] Layer 3: 32/768 type remove
2026-07-28 11:38:13,898 [inflora.py] => [InfLoRA] Layer 4: 29/768 type remove
2026-07-28 11:38:13,898 [inflora.py] => [InfLoRA] Layer 5: 42/768 type remove
2026-07-28 11:38:13,898 [inflora.py] => [InfLoRA] Layer 6: 62/768 type remove
2026-07-28 11:38:13,898 [inflora.py] => [InfLoRA] Layer 7: 72/768 type remove
2026-07-28 11:38:13,898 [inflora.py] => [InfLoRA] Layer 8: 112/768 type remove
2026-07-28 11:38:13,898 [inflora.py] => [InfLoRA] Layer 9: 187/768 type remove
2026-07-28 11:38:13,898 [inflora.py] => [InfLoRA] Layer 10: 259/768 type remove
2026-07-28 11:38:13,898 [inflora.py] => [InfLoRA] Layer 11: 165/768 type remove
2026-07-28 11:38:13,898 [inflora.py] => [InfLoRA] Layer 12: 157/768 type remove
2026-07-28 11:39:41,123 [inflora.py] => [InfLoRA] DualGPM threshold: 0.9750
2026-07-28 11:39:42,105 [inflora.py] => [InfLoRA] Layer 1: 42/768 type remove
2026-07-28 11:39:42,105 [inflora.py] => [InfLoRA] Layer 2: 18/768 type remove
2026-07-28 11:39:42,105 [inflora.py] => [InfLoRA] Layer 3: 33/768 type remove
2026-07-28 11:39:42,105 [inflora.py] => [InfLoRA] Layer 4: 29/768 type remove
2026-07-28 11:39:42,105 [inflora.py] => [InfLoRA] Layer 5: 43/768 type remove
2026-07-28 11:39:42,105 [inflora.py] => [InfLoRA] Layer 6: 63/768 type remove
2026-07-28 11:39:42,105 [inflora.py] => [InfLoRA] Layer 7: 74/768 type remove
2026-07-28 11:39:42,105 [inflora.py] => [InfLoRA] Layer 8: 115/768 type remove
2026-07-28 11:39:42,105 [inflora.py] => [InfLoRA] Layer 9: 196/768 type remove
2026-07-28 11:39:42,105 [inflora.py] => [InfLoRA] Layer 10: 280/768 type remove
2026-07-28 11:39:42,105 [inflora.py] => [InfLoRA] Layer 11: 185/768 type remove
2026-07-28 11:39:42,105 [inflora.py] => [InfLoRA] Layer 12: 162/768 type remove
2026-07-28 11:41:09,100 [inflora.py] => [InfLoRA] DualGPM threshold: 0.9750
2026-07-28 11:41:10,084 [inflora.py] => [InfLoRA] Layer 1: 42/768 type remove
2026-07-28 11:41:10,084 [inflora.py] => [InfLoRA] Layer 2: 18/768 type remove
2026-07-28 11:41:10,084 [inflora.py] => [InfLoRA] Layer 3: 33/768 type remove
2026-07-28 11:41:10,084 [inflora.py] => [InfLoRA] Layer 4: 29/768 type remove
2026-07-28 11:41:10,084 [inflora.py] => [InfLoRA] Layer 5: 44/768 type remove
2026-07-28 11:41:10,084 [inflora.py] => [InfLoRA] Layer 6: 64/768 type remove
2026-07-28 11:41:10,084 [inflora.py] => [InfLoRA] Layer 7: 76/768 type remove
2026-07-28 11:41:10,084 [inflora.py] => [InfLoRA] Layer 8: 120/768 type remove
2026-07-28 11:41:10,084 [inflora.py] => [InfLoRA] Layer 9: 208/768 type remove
2026-07-28 11:41:10,084 [inflora.py] => [InfLoRA] Layer 10: 300/768 type remove
2026-07-28 11:41:10,085 [inflora.py] => [InfLoRA] Layer 11: 204/768 type remove
2026-07-28 11:41:10,085 [inflora.py] => [InfLoRA] Layer 12: 186/768 type remove
2026-07-28 11:42:37,704 [inflora.py] => [InfLoRA] DualGPM threshold: 0.9750
2026-07-28 11:42:38,696 [inflora.py] => [InfLoRA] Layer 1: 42/768 type remove
2026-07-28 11:42:38,696 [inflora.py] => [InfLoRA] Layer 2: 18/768 type remove
2026-07-28 11:42:38,696 [inflora.py] => [InfLoRA] Layer 3: 34/768 type remove
2026-07-28 11:42:38,696 [inflora.py] => [InfLoRA] Layer 4: 30/768 type remove
2026-07-28 11:42:38,696 [inflora.py] => [InfLoRA] Layer 5: 45/768 type remove
2026-07-28 11:42:38,696 [inflora.py] => [InfLoRA] Layer 6: 66/768 type remove
2026-07-28 11:42:38,696 [inflora.py] => [InfLoRA] Layer 7: 78/768 type remove
2026-07-28 11:42:38,696 [inflora.py] => [InfLoRA] Layer 8: 125/768 type remove
2026-07-28 11:42:38,696 [inflora.py] => [InfLoRA] Layer 9: 222/768 type remove
2026-07-28 11:42:38,696 [inflora.py] => [InfLoRA] Layer 10: 318/768 type remove
2026-07-28 11:42:38,696 [inflora.py] => [InfLoRA] Layer 11: 220/768 type remove
2026-07-28 11:42:38,696 [inflora.py] => [InfLoRA] Layer 12: 209/768 type remove
2026-07-28 11:42:42,950 [bounded_memory_mixin.py] => [bounded_mem eval] volume 0.10 | cycle 12 | classes_seen 110 | CIL top1 73.24 | top5 95.73 | (nearest latent task ~10) | param_hash e0ff0493371b04f3 | per-task [89.39, 65.99, 80.5, 45.23, 71.36, 83.92, 78.79, 62.63, 65.48, 84.62, 77.89]
2026-07-28 11:44:09,044 [inflora.py] => [InfLoRA] DualGPM threshold: 0.9750
2026-07-28 11:44:10,029 [inflora.py] => [InfLoRA] Layer 1: 42/768 type remove
2026-07-28 11:44:10,029 [inflora.py] => [InfLoRA] Layer 2: 18/768 type remove
2026-07-28 11:44:10,029 [inflora.py] => [InfLoRA] Layer 3: 35/768 type remove
2026-07-28 11:44:10,029 [inflora.py] => [InfLoRA] Layer 4: 30/768 type remove
2026-07-28 11:44:10,029 [inflora.py] => [InfLoRA] Layer 5: 46/768 type remove
2026-07-28 11:44:10,029 [inflora.py] => [InfLoRA] Layer 6: 67/768 type remove
2026-07-28 11:44:10,029 [inflora.py] => [InfLoRA] Layer 7: 79/768 type remove
2026-07-28 11:44:10,029 [inflora.py] => [InfLoRA] Layer 8: 126/768 type remove
2026-07-28 11:44:10,029 [inflora.py] => [InfLoRA] Layer 9: 225/768 type remove
2026-07-28 11:44:10,029 [inflora.py] => [InfLoRA] Layer 10: 321/768 type remove
2026-07-28 11:44:10,029 [inflora.py] => [InfLoRA] Layer 11: 224/768 type remove
2026-07-28 11:44:10,029 [inflora.py] => [InfLoRA] Layer 12: 219/768 type remove
2026-07-28 11:45:36,264 [inflora.py] => [InfLoRA] DualGPM threshold: 0.9750
2026-07-28 11:45:37,404 [inflora.py] => [InfLoRA] Layer 1: 42/768 type remove
2026-07-28 11:45:37,404 [inflora.py] => [InfLoRA] Layer 2: 18/768 type remove
2026-07-28 11:45:37,404 [inflora.py] => [InfLoRA] Layer 3: 35/768 type remove
2026-07-28 11:45:37,404 [inflora.py] => [InfLoRA] Layer 4: 31/768 type remove
2026-07-28 11:45:37,404 [inflora.py] => [InfLoRA] Layer 5: 47/768 type remove
2026-07-28 11:45:37,404 [inflora.py] => [InfLoRA] Layer 6: 68/768 type remove
2026-07-28 11:45:37,404 [inflora.py] => [InfLoRA] Layer 7: 81/768 type remove
2026-07-28 11:45:37,404 [inflora.py] => [InfLoRA] Layer 8: 127/768 type remove
2026-07-28 11:45:37,404 [inflora.py] => [InfLoRA] Layer 9: 226/768 type remove
2026-07-28 11:45:37,404 [inflora.py] => [InfLoRA] Layer 10: 321/768 type remove
2026-07-28 11:45:37,404 [inflora.py] => [InfLoRA] Layer 11: 225/768 type remove
2026-07-28 11:45:37,404 [inflora.py] => [InfLoRA] Layer 12: 221/768 type remove
2026-07-28 11:47:03,813 [inflora.py] => [InfLoRA] DualGPM threshold: 0.9750
2026-07-28 11:47:04,916 [inflora.py] => [InfLoRA] Layer 1: 42/768 type remove
2026-07-28 11:47:04,916 [inflora.py] => [InfLoRA] Layer 2: 18/768 type remove
2026-07-28 11:47:04,916 [inflora.py] => [InfLoRA] Layer 3: 35/768 type remove
2026-07-28 11:47:04,916 [inflora.py] => [InfLoRA] Layer 4: 31/768 type remove
2026-07-28 11:47:04,916 [inflora.py] => [InfLoRA] Layer 5: 48/768 type remove
2026-07-28 11:47:04,916 [inflora.py] => [InfLoRA] Layer 6: 69/768 type remove
2026-07-28 11:47:04,916 [inflora.py] => [InfLoRA] Layer 7: 82/768 type remove
2026-07-28 11:47:04,916 [inflora.py] => [InfLoRA] Layer 8: 128/768 type remove
2026-07-28 11:47:04,916 [inflora.py] => [InfLoRA] Layer 9: 227/768 type remove
2026-07-28 11:47:04,916 [inflora.py] => [InfLoRA] Layer 10: 323/768 type remove
2026-07-28 11:47:04,916 [inflora.py] => [InfLoRA] Layer 11: 228/768 type remove
2026-07-28 11:47:04,916 [inflora.py] => [InfLoRA] Layer 12: 226/768 type remove
2026-07-28 11:48:32,726 [inflora.py] => [InfLoRA] DualGPM threshold: 0.9750
2026-07-28 11:48:33,727 [inflora.py] => [InfLoRA] Layer 1: 42/768 type remove
2026-07-28 11:48:33,727 [inflora.py] => [InfLoRA] Layer 2: 18/768 type remove
2026-07-28 11:48:33,727 [inflora.py] => [InfLoRA] Layer 3: 35/768 type remove
2026-07-28 11:48:33,727 [inflora.py] => [InfLoRA] Layer 4: 32/768 type remove
2026-07-28 11:48:33,727 [inflora.py] => [InfLoRA] Layer 5: 49/768 type remove
2026-07-28 11:48:33,727 [inflora.py] => [InfLoRA] Layer 6: 70/768 type remove
2026-07-28 11:48:33,727 [inflora.py] => [InfLoRA] Layer 7: 84/768 type remove
2026-07-28 11:48:33,727 [inflora.py] => [InfLoRA] Layer 8: 132/768 type remove
2026-07-28 11:48:33,727 [inflora.py] => [InfLoRA] Layer 9: 234/768 type remove
2026-07-28 11:48:33,727 [inflora.py] => [InfLoRA] Layer 10: 333/768 type remove
2026-07-28 11:48:33,727 [inflora.py] => [InfLoRA] Layer 11: 237/768 type remove
2026-07-28 11:48:33,727 [inflora.py] => [InfLoRA] Layer 12: 233/768 type remove
2026-07-28 11:50:02,220 [inflora.py] => [InfLoRA] DualGPM threshold: 0.9750
2026-07-28 11:50:03,205 [inflora.py] => [InfLoRA] Layer 1: 42/768 type remove
2026-07-28 11:50:03,205 [inflora.py] => [InfLoRA] Layer 2: 18/768 type remove
2026-07-28 11:50:03,205 [inflora.py] => [InfLoRA] Layer 3: 37/768 type remove
2026-07-28 11:50:03,205 [inflora.py] => [InfLoRA] Layer 4: 33/768 type remove
2026-07-28 11:50:03,205 [inflora.py] => [InfLoRA] Layer 5: 51/768 type remove
2026-07-28 11:50:03,205 [inflora.py] => [InfLoRA] Layer 6: 73/768 type remove
2026-07-28 11:50:03,205 [inflora.py] => [InfLoRA] Layer 7: 85/768 type remove
2026-07-28 11:50:03,205 [inflora.py] => [InfLoRA] Layer 8: 133/768 type remove
2026-07-28 11:50:03,205 [inflora.py] => [InfLoRA] Layer 9: 235/768 type remove
2026-07-28 11:50:03,205 [inflora.py] => [InfLoRA] Layer 10: 335/768 type remove
2026-07-28 11:50:03,205 [inflora.py] => [InfLoRA] Layer 11: 239/768 type remove
2026-07-28 11:50:03,205 [inflora.py] => [InfLoRA] Layer 12: 238/768 type remove
2026-07-28 11:51:29,457 [inflora.py] => [InfLoRA] DualGPM threshold: 0.9750
2026-07-28 11:51:30,662 [inflora.py] => [InfLoRA] Layer 1: 42/768 type remove
2026-07-28 11:51:30,662 [inflora.py] => [InfLoRA] Layer 2: 18/768 type remove
2026-07-28 11:51:30,662 [inflora.py] => [InfLoRA] Layer 3: 38/768 type remove
2026-07-28 11:51:30,662 [inflora.py] => [InfLoRA] Layer 4: 35/768 type remove
2026-07-28 11:51:30,662 [inflora.py] => [InfLoRA] Layer 5: 53/768 type remove
2026-07-28 11:51:30,662 [inflora.py] => [InfLoRA] Layer 6: 75/768 type remove
2026-07-28 11:51:30,662 [inflora.py] => [InfLoRA] Layer 7: 87/768 type remove
2026-07-28 11:51:30,662 [inflora.py] => [InfLoRA] Layer 8: 135/768 type remove
2026-07-28 11:51:30,662 [inflora.py] => [InfLoRA] Layer 9: 236/768 type remove
2026-07-28 11:51:30,662 [inflora.py] => [InfLoRA] Layer 10: 336/768 type remove
2026-07-28 11:51:30,662 [inflora.py] => [InfLoRA] Layer 11: 241/768 type remove
2026-07-28 11:51:30,662 [inflora.py] => [InfLoRA] Layer 12: 242/768 type remove
2026-07-28 11:52:57,808 [inflora.py] => [InfLoRA] DualGPM threshold: 0.9750
2026-07-28 11:52:59,029 [inflora.py] => [InfLoRA] Layer 1: 42/768 type remove
2026-07-28 11:52:59,029 [inflora.py] => [InfLoRA] Layer 2: 18/768 type remove
2026-07-28 11:52:59,029 [inflora.py] => [InfLoRA] Layer 3: 38/768 type remove
2026-07-28 11:52:59,029 [inflora.py] => [InfLoRA] Layer 4: 35/768 type remove
2026-07-28 11:52:59,029 [inflora.py] => [InfLoRA] Layer 5: 54/768 type remove
2026-07-28 11:52:59,029 [inflora.py] => [InfLoRA] Layer 6: 76/768 type remove
2026-07-28 11:52:59,029 [inflora.py] => [InfLoRA] Layer 7: 88/768 type remove
2026-07-28 11:52:59,029 [inflora.py] => [InfLoRA] Layer 8: 136/768 type remove
2026-07-28 11:52:59,029 [inflora.py] => [InfLoRA] Layer 9: 237/768 type remove
2026-07-28 11:52:59,029 [inflora.py] => [InfLoRA] Layer 10: 337/768 type remove
2026-07-28 11:52:59,029 [inflora.py] => [InfLoRA] Layer 11: 244/768 type remove
2026-07-28 11:52:59,029 [inflora.py] => [InfLoRA] Layer 12: 248/768 type remove
2026-07-28 11:54:27,190 [inflora.py] => [InfLoRA] DualGPM threshold: 0.9750
2026-07-28 11:54:28,194 [inflora.py] => [InfLoRA] Layer 1: 42/768 type remove
2026-07-28 11:54:28,194 [inflora.py] => [InfLoRA] Layer 2: 18/768 type remove
2026-07-28 11:54:28,194 [inflora.py] => [InfLoRA] Layer 3: 39/768 type remove
2026-07-28 11:54:28,194 [inflora.py] => [InfLoRA] Layer 4: 36/768 type remove
2026-07-28 11:54:28,194 [inflora.py] => [InfLoRA] Layer 5: 55/768 type remove
2026-07-28 11:54:28,194 [inflora.py] => [InfLoRA] Layer 6: 77/768 type remove
2026-07-28 11:54:28,194 [inflora.py] => [InfLoRA] Layer 7: 90/768 type remove
2026-07-28 11:54:28,195 [inflora.py] => [InfLoRA] Layer 8: 138/768 type remove
2026-07-28 11:54:28,195 [inflora.py] => [InfLoRA] Layer 9: 239/768 type remove
2026-07-28 11:54:28,195 [inflora.py] => [InfLoRA] Layer 10: 339/768 type remove
2026-07-28 11:54:28,195 [inflora.py] => [InfLoRA] Layer 11: 248/768 type remove
2026-07-28 11:54:28,195 [inflora.py] => [InfLoRA] Layer 12: 252/768 type remove
2026-07-28 11:55:54,235 [inflora.py] => [InfLoRA] DualGPM threshold: 0.9750
2026-07-28 11:55:55,426 [inflora.py] => [InfLoRA] Layer 1: 42/768 type remove
2026-07-28 11:55:55,426 [inflora.py] => [InfLoRA] Layer 2: 18/768 type remove
2026-07-28 11:55:55,426 [inflora.py] => [InfLoRA] Layer 3: 40/768 type remove
2026-07-28 11:55:55,426 [inflora.py] => [InfLoRA] Layer 4: 37/768 type remove
2026-07-28 11:55:55,426 [inflora.py] => [InfLoRA] Layer 5: 56/768 type remove
2026-07-28 11:55:55,426 [inflora.py] => [InfLoRA] Layer 6: 78/768 type remove
2026-07-28 11:55:55,426 [inflora.py] => [InfLoRA] Layer 7: 91/768 type remove
2026-07-28 11:55:55,426 [inflora.py] => [InfLoRA] Layer 8: 140/768 type remove
2026-07-28 11:55:55,426 [inflora.py] => [InfLoRA] Layer 9: 243/768 type remove
2026-07-28 11:55:55,426 [inflora.py] => [InfLoRA] Layer 10: 343/768 type remove
2026-07-28 11:55:55,426 [inflora.py] => [InfLoRA] Layer 11: 251/768 type remove
2026-07-28 11:55:55,426 [inflora.py] => [InfLoRA] Layer 12: 258/768 type remove
2026-07-28 11:57:22,149 [inflora.py] => [InfLoRA] DualGPM threshold: 0.9750
2026-07-28 11:57:23,204 [inflora.py] => [InfLoRA] Layer 1: 42/768 type remove
2026-07-28 11:57:23,204 [inflora.py] => [InfLoRA] Layer 2: 18/768 type remove
2026-07-28 11:57:23,204 [inflora.py] => [InfLoRA] Layer 3: 40/768 type remove
2026-07-28 11:57:23,204 [inflora.py] => [InfLoRA] Layer 4: 37/768 type remove
2026-07-28 11:57:23,204 [inflora.py] => [InfLoRA] Layer 5: 57/768 type remove
2026-07-28 11:57:23,204 [inflora.py] => [InfLoRA] Layer 6: 79/768 type remove
2026-07-28 11:57:23,204 [inflora.py] => [InfLoRA] Layer 7: 93/768 type remove
2026-07-28 11:57:23,204 [inflora.py] => [InfLoRA] Layer 8: 144/768 type remove
2026-07-28 11:57:23,204 [inflora.py] => [InfLoRA] Layer 9: 253/768 type remove
2026-07-28 11:57:23,204 [inflora.py] => [InfLoRA] Layer 10: 363/768 type remove
2026-07-28 11:57:23,204 [inflora.py] => [InfLoRA] Layer 11: 275/768 type remove
2026-07-28 11:57:23,204 [inflora.py] => [InfLoRA] Layer 12: 269/768 type remove
2026-07-28 11:58:51,156 [inflora.py] => [InfLoRA] DualGPM threshold: 0.9750
2026-07-28 11:58:52,171 [inflora.py] => [InfLoRA] Layer 1: 42/768 type remove
2026-07-28 11:58:52,171 [inflora.py] => [InfLoRA] Layer 2: 18/768 type remove
2026-07-28 11:58:52,171 [inflora.py] => [InfLoRA] Layer 3: 40/768 type remove
2026-07-28 11:58:52,171 [inflora.py] => [InfLoRA] Layer 4: 38/768 type remove
2026-07-28 11:58:52,171 [inflora.py] => [InfLoRA] Layer 5: 58/768 type remove
2026-07-28 11:58:52,171 [inflora.py] => [InfLoRA] Layer 6: 80/768 type remove
2026-07-28 11:58:52,171 [inflora.py] => [InfLoRA] Layer 7: 94/768 type remove
2026-07-28 11:58:52,171 [inflora.py] => [InfLoRA] Layer 8: 144/768 type remove
2026-07-28 11:58:52,171 [inflora.py] => [InfLoRA] Layer 9: 253/768 type remove
2026-07-28 11:58:52,171 [inflora.py] => [InfLoRA] Layer 10: 363/768 type remove
2026-07-28 11:58:52,171 [inflora.py] => [InfLoRA] Layer 11: 275/768 type remove
2026-07-28 11:58:52,171 [inflora.py] => [InfLoRA] Layer 12: 271/768 type remove
2026-07-28 12:00:18,418 [inflora.py] => [InfLoRA] DualGPM threshold: 0.9750
2026-07-28 12:00:19,627 [inflora.py] => [InfLoRA] Layer 1: 42/768 type remove
2026-07-28 12:00:19,627 [inflora.py] => [InfLoRA] Layer 2: 19/768 type remove
2026-07-28 12:00:19,627 [inflora.py] => [InfLoRA] Layer 3: 41/768 type remove
2026-07-28 12:00:19,627 [inflora.py] => [InfLoRA] Layer 4: 39/768 type remove
2026-07-28 12:00:19,627 [inflora.py] => [InfLoRA] Layer 5: 60/768 type remove
2026-07-28 12:00:19,627 [inflora.py] => [InfLoRA] Layer 6: 82/768 type remove
2026-07-28 12:00:19,627 [inflora.py] => [InfLoRA] Layer 7: 96/768 type remove
2026-07-28 12:00:19,627 [inflora.py] => [InfLoRA] Layer 8: 145/768 type remove
2026-07-28 12:00:19,627 [inflora.py] => [InfLoRA] Layer 9: 253/768 type remove
2026-07-28 12:00:19,627 [inflora.py] => [InfLoRA] Layer 10: 363/768 type remove
2026-07-28 12:00:19,627 [inflora.py] => [InfLoRA] Layer 11: 275/768 type remove
2026-07-28 12:00:19,627 [inflora.py] => [InfLoRA] Layer 12: 271/768 type remove
2026-07-28 12:00:26,359 [bounded_memory_mixin.py] => [bounded_mem eval] volume 0.20 | cycle 24 | classes_seen 210 | CIL top1 64.60 | top5 90.05 | (nearest latent task ~20) | param_hash e835fe206e3ad0c7 | per-task [83.33, 54.82, 78.0, 42.21, 67.84, 75.88, 71.72, 63.13, 55.84, 72.82, 80.9, 85.93, 73.0, 71.21, 51.76, 63.0, 43.0, 65.66, 77.5, 51.52, 27.27]
2026-07-28 12:01:52,141 [inflora.py] => [InfLoRA] DualGPM threshold: 0.9750
2026-07-28 12:01:53,155 [inflora.py] => [InfLoRA] Layer 1: 42/768 type remove
2026-07-28 12:01:53,156 [inflora.py] => [InfLoRA] Layer 2: 19/768 type remove
2026-07-28 12:01:53,156 [inflora.py] => [InfLoRA] Layer 3: 41/768 type remove
2026-07-28 12:01:53,156 [inflora.py] => [InfLoRA] Layer 4: 39/768 type remove
2026-07-28 12:01:53,156 [inflora.py] => [InfLoRA] Layer 5: 61/768 type remove
2026-07-28 12:01:53,156 [inflora.py] => [InfLoRA] Layer 6: 83/768 type remove
2026-07-28 12:01:53,156 [inflora.py] => [InfLoRA] Layer 7: 98/768 type remove
2026-07-28 12:01:53,156 [inflora.py] => [InfLoRA] Layer 8: 147/768 type remove
2026-07-28 12:01:53,156 [inflora.py] => [InfLoRA] Layer 9: 255/768 type remove
2026-07-28 12:01:53,156 [inflora.py] => [InfLoRA] Layer 10: 364/768 type remove
2026-07-28 12:01:53,156 [inflora.py] => [InfLoRA] Layer 11: 277/768 type remove
2026-07-28 12:01:53,156 [inflora.py] => [InfLoRA] Layer 12: 275/768 type remove
2026-07-28 12:03:19,042 [inflora.py] => [InfLoRA] DualGPM threshold: 0.9750
2026-07-28 12:03:20,241 [inflora.py] => [InfLoRA] Layer 1: 42/768 type remove
2026-07-28 12:03:20,242 [inflora.py] => [InfLoRA] Layer 2: 19/768 type remove
2026-07-28 12:03:20,242 [inflora.py] => [InfLoRA] Layer 3: 42/768 type remove
2026-07-28 12:03:20,242 [inflora.py] => [InfLoRA] Layer 4: 40/768 type remove
2026-07-28 12:03:20,242 [inflora.py] => [InfLoRA] Layer 5: 63/768 type remove
2026-07-28 12:03:20,242 [inflora.py] => [InfLoRA] Layer 6: 85/768 type remove
2026-07-28 12:03:20,242 [inflora.py] => [InfLoRA] Layer 7: 99/768 type remove
2026-07-28 12:03:20,242 [inflora.py] => [InfLoRA] Layer 8: 148/768 type remove
2026-07-28 12:03:20,242 [inflora.py] => [InfLoRA] Layer 9: 255/768 type remove
2026-07-28 12:03:20,242 [inflora.py] => [InfLoRA] Layer 10: 364/768 type remove
2026-07-28 12:03:20,242 [inflora.py] => [InfLoRA] Layer 11: 278/768 type remove
2026-07-28 12:03:20,242 [inflora.py] => [InfLoRA] Layer 12: 277/768 type remove
2026-07-28 12:04:46,504 [inflora.py] => [InfLoRA] DualGPM threshold: 0.9750
2026-07-28 12:04:47,743 [inflora.py] => [InfLoRA] Layer 1: 42/768 type remove
2026-07-28 12:04:47,743 [inflora.py] => [InfLoRA] Layer 2: 19/768 type remove
2026-07-28 12:04:47,743 [inflora.py] => [InfLoRA] Layer 3: 42/768 type remove
2026-07-28 12:04:47,743 [inflora.py] => [InfLoRA] Layer 4: 40/768 type remove
2026-07-28 12:04:47,743 [inflora.py] => [InfLoRA] Layer 5: 64/768 type remove
2026-07-28 12:04:47,743 [inflora.py] => [InfLoRA] Layer 6: 86/768 type remove
2026-07-28 12:04:47,743 [inflora.py] => [InfLoRA] Layer 7: 100/768 type remove
2026-07-28 12:04:47,743 [inflora.py] => [InfLoRA] Layer 8: 149/768 type remove
2026-07-28 12:04:47,743 [inflora.py] => [InfLoRA] Layer 9: 256/768 type remove
2026-07-28 12:04:47,743 [inflora.py] => [InfLoRA] Layer 10: 365/768 type remove
2026-07-28 12:04:47,743 [inflora.py] => [InfLoRA] Layer 11: 279/768 type remove
2026-07-28 12:04:47,743 [inflora.py] => [InfLoRA] Layer 12: 278/768 type remove
2026-07-28 12:06:13,819 [inflora.py] => [InfLoRA] DualGPM threshold: 0.9750
2026-07-28 12:06:14,830 [inflora.py] => [InfLoRA] Layer 1: 42/768 type remove
2026-07-28 12:06:14,830 [inflora.py] => [InfLoRA] Layer 2: 19/768 type remove
2026-07-28 12:06:14,830 [inflora.py] => [InfLoRA] Layer 3: 42/768 type remove
2026-07-28 12:06:14,830 [inflora.py] => [InfLoRA] Layer 4: 41/768 type remove
2026-07-28 12:06:14,830 [inflora.py] => [InfLoRA] Layer 5: 65/768 type remove
2026-07-28 12:06:14,830 [inflora.py] => [InfLoRA] Layer 6: 88/768 type remove
2026-07-28 12:06:14,830 [inflora.py] => [InfLoRA] Layer 7: 101/768 type remove
2026-07-28 12:06:14,830 [inflora.py] => [InfLoRA] Layer 8: 150/768 type remove
2026-07-28 12:06:14,830 [inflora.py] => [InfLoRA] Layer 9: 258/768 type remove
2026-07-28 12:06:14,830 [inflora.py] => [InfLoRA] Layer 10: 366/768 type remove
2026-07-28 12:06:14,830 [inflora.py] => [InfLoRA] Layer 11: 280/768 type remove
2026-07-28 12:06:14,830 [inflora.py] => [InfLoRA] Layer 12: 281/768 type remove
2026-07-28 12:07:40,447 [inflora.py] => [InfLoRA] DualGPM threshold: 0.9750
2026-07-28 12:07:41,643 [inflora.py] => [InfLoRA] Layer 1: 42/768 type remove
2026-07-28 12:07:41,643 [inflora.py] => [InfLoRA] Layer 2: 19/768 type remove
2026-07-28 12:07:41,643 [inflora.py] => [InfLoRA] Layer 3: 43/768 type remove
2026-07-28 12:07:41,643 [inflora.py] => [InfLoRA] Layer 4: 41/768 type remove
2026-07-28 12:07:41,643 [inflora.py] => [InfLoRA] Layer 5: 66/768 type remove
2026-07-28 12:07:41,643 [inflora.py] => [InfLoRA] Layer 6: 90/768 type remove
2026-07-28 12:07:41,643 [inflora.py] => [InfLoRA] Layer 7: 104/768 type remove
2026-07-28 12:07:41,643 [inflora.py] => [InfLoRA] Layer 8: 155/768 type remove
2026-07-28 12:07:41,643 [inflora.py] => [InfLoRA] Layer 9: 263/768 type remove
2026-07-28 12:07:41,643 [inflora.py] => [InfLoRA] Layer 10: 369/768 type remove
2026-07-28 12:07:41,643 [inflora.py] => [InfLoRA] Layer 11: 284/768 type remove
2026-07-28 12:07:41,643 [inflora.py] => [InfLoRA] Layer 12: 286/768 type remove
2026-07-28 12:09:08,659 [inflora.py] => [InfLoRA] DualGPM threshold: 0.9750
2026-07-28 12:09:09,673 [inflora.py] => [InfLoRA] Layer 1: 42/768 type remove
2026-07-28 12:09:09,673 [inflora.py] => [InfLoRA] Layer 2: 19/768 type remove
2026-07-28 12:09:09,673 [inflora.py] => [InfLoRA] Layer 3: 43/768 type remove
2026-07-28 12:09:09,673 [inflora.py] => [InfLoRA] Layer 4: 41/768 type remove
2026-07-28 12:09:09,673 [inflora.py] => [InfLoRA] Layer 5: 67/768 type remove
2026-07-28 12:09:09,673 [inflora.py] => [InfLoRA] Layer 6: 91/768 type remove
2026-07-28 12:09:09,673 [inflora.py] => [InfLoRA] Layer 7: 105/768 type remove
2026-07-28 12:09:09,673 [inflora.py] => [InfLoRA] Layer 8: 156/768 type remove
2026-07-28 12:09:09,673 [inflora.py] => [InfLoRA] Layer 9: 265/768 type remove
2026-07-28 12:09:09,673 [inflora.py] => [InfLoRA] Layer 10: 371/768 type remove
2026-07-28 12:09:09,673 [inflora.py] => [InfLoRA] Layer 11: 287/768 type remove
2026-07-28 12:09:09,673 [inflora.py] => [InfLoRA] Layer 12: 288/768 type remove
2026-07-28 12:10:36,726 [inflora.py] => [InfLoRA] DualGPM threshold: 0.9750
2026-07-28 12:10:37,913 [inflora.py] => [InfLoRA] Layer 1: 42/768 type remove
2026-07-28 12:10:37,913 [inflora.py] => [InfLoRA] Layer 2: 19/768 type remove
2026-07-28 12:10:37,913 [inflora.py] => [InfLoRA] Layer 3: 43/768 type remove
2026-07-28 12:10:37,913 [inflora.py] => [InfLoRA] Layer 4: 41/768 type remove
2026-07-28 12:10:37,913 [inflora.py] => [InfLoRA] Layer 5: 68/768 type remove
2026-07-28 12:10:37,913 [inflora.py] => [InfLoRA] Layer 6: 92/768 type remove
2026-07-28 12:10:37,913 [inflora.py] => [InfLoRA] Layer 7: 106/768 type remove
2026-07-28 12:10:37,913 [inflora.py] => [InfLoRA] Layer 8: 157/768 type remove
2026-07-28 12:10:37,913 [inflora.py] => [InfLoRA] Layer 9: 266/768 type remove
2026-07-28 12:10:37,913 [inflora.py] => [InfLoRA] Layer 10: 373/768 type remove
2026-07-28 12:10:37,913 [inflora.py] => [InfLoRA] Layer 11: 291/768 type remove
2026-07-28 12:10:37,913 [inflora.py] => [InfLoRA] Layer 12: 294/768 type remove
2026-07-28 12:12:04,539 [inflora.py] => [InfLoRA] DualGPM threshold: 0.9750
2026-07-28 12:12:05,604 [inflora.py] => [InfLoRA] Layer 1: 42/768 type remove
2026-07-28 12:12:05,604 [inflora.py] => [InfLoRA] Layer 2: 19/768 type remove
2026-07-28 12:12:05,604 [inflora.py] => [InfLoRA] Layer 3: 44/768 type remove
2026-07-28 12:12:05,604 [inflora.py] => [InfLoRA] Layer 4: 42/768 type remove
2026-07-28 12:12:05,604 [inflora.py] => [InfLoRA] Layer 5: 69/768 type remove
2026-07-28 12:12:05,604 [inflora.py] => [InfLoRA] Layer 6: 93/768 type remove
2026-07-28 12:12:05,604 [inflora.py] => [InfLoRA] Layer 7: 108/768 type remove
2026-07-28 12:12:05,604 [inflora.py] => [InfLoRA] Layer 8: 159/768 type remove
2026-07-28 12:12:05,604 [inflora.py] => [InfLoRA] Layer 9: 269/768 type remove
2026-07-28 12:12:05,604 [inflora.py] => [InfLoRA] Layer 10: 375/768 type remove
2026-07-28 12:12:05,604 [inflora.py] => [InfLoRA] Layer 11: 293/768 type remove
2026-07-28 12:12:05,604 [inflora.py] => [InfLoRA] Layer 12: 299/768 type remove
2026-07-28 12:13:34,472 [inflora.py] => [InfLoRA] DualGPM threshold: 0.9750
2026-07-28 12:13:35,483 [inflora.py] => [InfLoRA] Layer 1: 42/768 type remove
2026-07-28 12:13:35,483 [inflora.py] => [InfLoRA] Layer 2: 19/768 type remove
2026-07-28 12:13:35,483 [inflora.py] => [InfLoRA] Layer 3: 44/768 type remove
2026-07-28 12:13:35,483 [inflora.py] => [InfLoRA] Layer 4: 42/768 type remove
2026-07-28 12:13:35,483 [inflora.py] => [InfLoRA] Layer 5: 70/768 type remove
2026-07-28 12:13:35,483 [inflora.py] => [InfLoRA] Layer 6: 94/768 type remove
2026-07-28 12:13:35,483 [inflora.py] => [InfLoRA] Layer 7: 109/768 type remove
2026-07-28 12:13:35,483 [inflora.py] => [InfLoRA] Layer 8: 161/768 type remove
2026-07-28 12:13:35,483 [inflora.py] => [InfLoRA] Layer 9: 271/768 type remove
2026-07-28 12:13:35,483 [inflora.py] => [InfLoRA] Layer 10: 376/768 type remove
2026-07-28 12:13:35,483 [inflora.py] => [InfLoRA] Layer 11: 295/768 type remove
2026-07-28 12:13:35,483 [inflora.py] => [InfLoRA] Layer 12: 300/768 type remove
2026-07-28 12:15:01,812 [inflora.py] => [InfLoRA] DualGPM threshold: 0.9750
2026-07-28 12:15:02,839 [inflora.py] => [InfLoRA] Layer 1: 42/768 type remove
2026-07-28 12:15:02,839 [inflora.py] => [InfLoRA] Layer 2: 19/768 type remove
2026-07-28 12:15:02,839 [inflora.py] => [InfLoRA] Layer 3: 45/768 type remove
2026-07-28 12:15:02,839 [inflora.py] => [InfLoRA] Layer 4: 43/768 type remove
2026-07-28 12:15:02,839 [inflora.py] => [InfLoRA] Layer 5: 71/768 type remove
2026-07-28 12:15:02,839 [inflora.py] => [InfLoRA] Layer 6: 95/768 type remove
2026-07-28 12:15:02,839 [inflora.py] => [InfLoRA] Layer 7: 110/768 type remove
2026-07-28 12:15:02,839 [inflora.py] => [InfLoRA] Layer 8: 162/768 type remove
2026-07-28 12:15:02,839 [inflora.py] => [InfLoRA] Layer 9: 273/768 type remove
2026-07-28 12:15:02,839 [inflora.py] => [InfLoRA] Layer 10: 378/768 type remove
2026-07-28 12:15:02,839 [inflora.py] => [InfLoRA] Layer 11: 298/768 type remove
2026-07-28 12:15:02,839 [inflora.py] => [InfLoRA] Layer 12: 303/768 type remove
2026-07-28 12:16:30,197 [inflora.py] => [InfLoRA] DualGPM threshold: 0.9750
2026-07-28 12:16:31,216 [inflora.py] => [InfLoRA] Layer 1: 42/768 type remove
2026-07-28 12:16:31,216 [inflora.py] => [InfLoRA] Layer 2: 19/768 type remove
2026-07-28 12:16:31,216 [inflora.py] => [InfLoRA] Layer 3: 45/768 type remove
2026-07-28 12:16:31,216 [inflora.py] => [InfLoRA] Layer 4: 43/768 type remove
2026-07-28 12:16:31,216 [inflora.py] => [InfLoRA] Layer 5: 72/768 type remove
2026-07-28 12:16:31,216 [inflora.py] => [InfLoRA] Layer 6: 96/768 type remove
2026-07-28 12:16:31,216 [inflora.py] => [InfLoRA] Layer 7: 111/768 type remove
2026-07-28 12:16:31,216 [inflora.py] => [InfLoRA] Layer 8: 163/768 type remove
2026-07-28 12:16:31,216 [inflora.py] => [InfLoRA] Layer 9: 274/768 type remove
2026-07-28 12:16:31,216 [inflora.py] => [InfLoRA] Layer 10: 380/768 type remove
2026-07-28 12:16:31,216 [inflora.py] => [InfLoRA] Layer 11: 302/768 type remove
2026-07-28 12:16:31,216 [inflora.py] => [InfLoRA] Layer 12: 310/768 type remove
2026-07-28 12:17:58,057 [inflora.py] => [InfLoRA] DualGPM threshold: 0.9750
2026-07-28 12:17:59,089 [inflora.py] => [InfLoRA] Layer 1: 42/768 type remove
2026-07-28 12:17:59,090 [inflora.py] => [InfLoRA] Layer 2: 19/768 type remove
2026-07-28 12:17:59,090 [inflora.py] => [InfLoRA] Layer 3: 46/768 type remove
2026-07-28 12:17:59,090 [inflora.py] => [InfLoRA] Layer 4: 44/768 type remove
2026-07-28 12:17:59,090 [inflora.py] => [InfLoRA] Layer 5: 74/768 type remove
2026-07-28 12:17:59,090 [inflora.py] => [InfLoRA] Layer 6: 98/768 type remove
2026-07-28 12:17:59,090 [inflora.py] => [InfLoRA] Layer 7: 114/768 type remove
2026-07-28 12:17:59,090 [inflora.py] => [InfLoRA] Layer 8: 167/768 type remove
2026-07-28 12:17:59,090 [inflora.py] => [InfLoRA] Layer 9: 278/768 type remove
2026-07-28 12:17:59,090 [inflora.py] => [InfLoRA] Layer 10: 382/768 type remove
2026-07-28 12:17:59,090 [inflora.py] => [InfLoRA] Layer 11: 304/768 type remove
2026-07-28 12:17:59,090 [inflora.py] => [InfLoRA] Layer 12: 315/768 type remove
2026-07-28 12:18:08,923 [bounded_memory_mixin.py] => [bounded_mem eval] volume 0.30 | cycle 36 | classes_seen 310 | CIL top1 58.31 | top5 86.82 | (nearest latent task ~30) | param_hash 5ec6596aa5cc9507 | per-task [73.23, 47.72, 73.0, 34.67, 58.29, 69.85, 60.1, 61.11, 46.19, 65.64, 71.86, 68.84, 73.5, 62.12, 50.75, 55.5, 42.0, 58.59, 74.5, 45.45, 47.47, 40.4, 56.78, 73.47, 44.44, 62.5, 72.5, 65.48, 69.35, 57.5, 24.62]
2026-07-28 12:19:36,516 [inflora.py] => [InfLoRA] DualGPM threshold: 0.9750
2026-07-28 12:19:37,555 [inflora.py] => [InfLoRA] Layer 1: 42/768 type remove
2026-07-28 12:19:37,555 [inflora.py] => [InfLoRA] Layer 2: 19/768 type remove
2026-07-28 12:19:37,555 [inflora.py] => [InfLoRA] Layer 3: 47/768 type remove
2026-07-28 12:19:37,555 [inflora.py] => [InfLoRA] Layer 4: 45/768 type remove
2026-07-28 12:19:37,555 [inflora.py] => [InfLoRA] Layer 5: 75/768 type remove
2026-07-28 12:19:37,555 [inflora.py] => [InfLoRA] Layer 6: 99/768 type remove
2026-07-28 12:19:37,555 [inflora.py] => [InfLoRA] Layer 7: 115/768 type remove
2026-07-28 12:19:37,555 [inflora.py] => [InfLoRA] Layer 8: 168/768 type remove
2026-07-28 12:19:37,556 [inflora.py] => [InfLoRA] Layer 9: 278/768 type remove
2026-07-28 12:19:37,556 [inflora.py] => [InfLoRA] Layer 10: 382/768 type remove
2026-07-28 12:19:37,556 [inflora.py] => [InfLoRA] Layer 11: 305/768 type remove
2026-07-28 12:19:37,556 [inflora.py] => [InfLoRA] Layer 12: 317/768 type remove
2026-07-28 12:21:04,492 [inflora.py] => [InfLoRA] DualGPM threshold: 0.9750
2026-07-28 12:21:05,525 [inflora.py] => [InfLoRA] Layer 1: 42/768 type remove
2026-07-28 12:21:05,525 [inflora.py] => [InfLoRA] Layer 2: 19/768 type remove
2026-07-28 12:21:05,525 [inflora.py] => [InfLoRA] Layer 3: 47/768 type remove
2026-07-28 12:21:05,525 [inflora.py] => [InfLoRA] Layer 4: 46/768 type remove
2026-07-28 12:21:05,525 [inflora.py] => [InfLoRA] Layer 5: 77/768 type remove
2026-07-28 12:21:05,525 [inflora.py] => [InfLoRA] Layer 6: 100/768 type remove
2026-07-28 12:21:05,525 [inflora.py] => [InfLoRA] Layer 7: 116/768 type remove
2026-07-28 12:21:05,525 [inflora.py] => [InfLoRA] Layer 8: 169/768 type remove
2026-07-28 12:21:05,525 [inflora.py] => [InfLoRA] Layer 9: 279/768 type remove
2026-07-28 12:21:05,525 [inflora.py] => [InfLoRA] Layer 10: 384/768 type remove
2026-07-28 12:21:05,525 [inflora.py] => [InfLoRA] Layer 11: 307/768 type remove
2026-07-28 12:21:05,525 [inflora.py] => [InfLoRA] Layer 12: 320/768 type remove
2026-07-28 12:22:32,845 [inflora.py] => [InfLoRA] DualGPM threshold: 0.9750
2026-07-28 12:22:33,944 [inflora.py] => [InfLoRA] Layer 1: 42/768 type remove
2026-07-28 12:22:33,949 [inflora.py] => [InfLoRA] Layer 2: 19/768 type remove
2026-07-28 12:22:33,949 [inflora.py] => [InfLoRA] Layer 3: 48/768 type remove
2026-07-28 12:22:33,949 [inflora.py] => [InfLoRA] Layer 4: 46/768 type remove
2026-07-28 12:22:33,949 [inflora.py] => [InfLoRA] Layer 5: 78/768 type remove
2026-07-28 12:22:33,949 [inflora.py] => [InfLoRA] Layer 6: 101/768 type remove
2026-07-28 12:22:33,949 [inflora.py] => [InfLoRA] Layer 7: 116/768 type remove
2026-07-28 12:22:33,949 [inflora.py] => [InfLoRA] Layer 8: 169/768 type remove
2026-07-28 12:22:33,949 [inflora.py] => [InfLoRA] Layer 9: 279/768 type remove
2026-07-28 12:22:33,987 [inflora.py] => [InfLoRA] Layer 10: 383/768 type retain
2026-07-28 12:22:33,987 [inflora.py] => [InfLoRA] Layer 11: 308/768 type remove
2026-07-28 12:22:33,987 [inflora.py] => [InfLoRA] Layer 12: 323/768 type remove
2026-07-28 12:24:00,302 [inflora.py] => [InfLoRA] DualGPM threshold: 0.9750
2026-07-28 12:24:01,538 [inflora.py] => [InfLoRA] Layer 1: 42/768 type remove
2026-07-28 12:24:01,538 [inflora.py] => [InfLoRA] Layer 2: 19/768 type remove
2026-07-28 12:24:01,538 [inflora.py] => [InfLoRA] Layer 3: 48/768 type remove
2026-07-28 12:24:01,538 [inflora.py] => [InfLoRA] Layer 4: 47/768 type remove
2026-07-28 12:24:01,538 [inflora.py] => [InfLoRA] Layer 5: 79/768 type remove
2026-07-28 12:24:01,538 [inflora.py] => [InfLoRA] Layer 6: 102/768 type remove
2026-07-28 12:24:01,538 [inflora.py] => [InfLoRA] Layer 7: 117/768 type remove
2026-07-28 12:24:01,538 [inflora.py] => [InfLoRA] Layer 8: 170/768 type remove
2026-07-28 12:24:01,538 [inflora.py] => [InfLoRA] Layer 9: 279/768 type remove
2026-07-28 12:24:01,538 [inflora.py] => [InfLoRA] Layer 10: 383/768 type retain
2026-07-28 12:24:01,538 [inflora.py] => [InfLoRA] Layer 11: 308/768 type remove
2026-07-28 12:24:01,538 [inflora.py] => [InfLoRA] Layer 12: 323/768 type remove
2026-07-28 12:25:28,099 [inflora.py] => [InfLoRA] DualGPM threshold: 0.9750
2026-07-28 12:25:29,265 [inflora.py] => [InfLoRA] Layer 1: 42/768 type remove
2026-07-28 12:25:29,265 [inflora.py] => [InfLoRA] Layer 2: 19/768 type remove
2026-07-28 12:25:29,265 [inflora.py] => [InfLoRA] Layer 3: 49/768 type remove
2026-07-28 12:25:29,265 [inflora.py] => [InfLoRA] Layer 4: 48/768 type remove
2026-07-28 12:25:29,265 [inflora.py] => [InfLoRA] Layer 5: 80/768 type remove
2026-07-28 12:25:29,265 [inflora.py] => [InfLoRA] Layer 6: 103/768 type remove
2026-07-28 12:25:29,265 [inflora.py] => [InfLoRA] Layer 7: 118/768 type remove
2026-07-28 12:25:29,265 [inflora.py] => [InfLoRA] Layer 8: 170/768 type remove
2026-07-28 12:25:29,265 [inflora.py] => [InfLoRA] Layer 9: 280/768 type remove
2026-07-28 12:25:29,265 [inflora.py] => [InfLoRA] Layer 10: 383/768 type retain
2026-07-28 12:25:29,265 [inflora.py] => [InfLoRA] Layer 11: 308/768 type remove
2026-07-28 12:25:29,265 [inflora.py] => [InfLoRA] Layer 12: 323/768 type remove
2026-07-28 12:26:55,593 [inflora.py] => [InfLoRA] DualGPM threshold: 0.9750
2026-07-28 12:26:56,813 [inflora.py] => [InfLoRA] Layer 1: 42/768 type remove
2026-07-28 12:26:56,813 [inflora.py] => [InfLoRA] Layer 2: 19/768 type remove
2026-07-28 12:26:56,813 [inflora.py] => [InfLoRA] Layer 3: 50/768 type remove
2026-07-28 12:26:56,813 [inflora.py] => [InfLoRA] Layer 4: 49/768 type remove
2026-07-28 12:26:56,813 [inflora.py] => [InfLoRA] Layer 5: 81/768 type remove
2026-07-28 12:26:56,813 [inflora.py] => [InfLoRA] Layer 6: 104/768 type remove
2026-07-28 12:26:56,813 [inflora.py] => [InfLoRA] Layer 7: 119/768 type remove
2026-07-28 12:26:56,813 [inflora.py] => [InfLoRA] Layer 8: 171/768 type remove
2026-07-28 12:26:56,813 [inflora.py] => [InfLoRA] Layer 9: 280/768 type remove
2026-07-28 12:26:56,813 [inflora.py] => [InfLoRA] Layer 10: 382/768 type retain
2026-07-28 12:26:56,813 [inflora.py] => [InfLoRA] Layer 11: 309/768 type remove
2026-07-28 12:26:56,813 [inflora.py] => [InfLoRA] Layer 12: 326/768 type remove
2026-07-28 12:28:25,747 [inflora.py] => [InfLoRA] DualGPM threshold: 0.9750
2026-07-28 12:28:26,854 [inflora.py] => [InfLoRA] Layer 1: 42/768 type remove
2026-07-28 12:28:26,854 [inflora.py] => [InfLoRA] Layer 2: 21/768 type remove
2026-07-28 12:28:26,854 [inflora.py] => [InfLoRA] Layer 3: 51/768 type remove
2026-07-28 12:28:26,854 [inflora.py] => [InfLoRA] Layer 4: 50/768 type remove
2026-07-28 12:28:26,854 [inflora.py] => [InfLoRA] Layer 5: 82/768 type remove
2026-07-28 12:28:26,854 [inflora.py] => [InfLoRA] Layer 6: 106/768 type remove
2026-07-28 12:28:26,854 [inflora.py] => [InfLoRA] Layer 7: 121/768 type remove
2026-07-28 12:28:26,854 [inflora.py] => [InfLoRA] Layer 8: 175/768 type remove
2026-07-28 12:28:26,854 [inflora.py] => [InfLoRA] Layer 9: 284/768 type remove
2026-07-28 12:28:26,854 [inflora.py] => [InfLoRA] Layer 10: 378/768 type retain
2026-07-28 12:28:26,854 [inflora.py] => [InfLoRA] Layer 11: 318/768 type remove
2026-07-28 12:28:26,854 [inflora.py] => [InfLoRA] Layer 12: 332/768 type remove
2026-07-28 12:29:54,124 [inflora.py] => [InfLoRA] DualGPM threshold: 0.9750
2026-07-28 12:29:55,239 [inflora.py] => [InfLoRA] Layer 1: 42/768 type remove
2026-07-28 12:29:55,239 [inflora.py] => [InfLoRA] Layer 2: 21/768 type remove
2026-07-28 12:29:55,239 [inflora.py] => [InfLoRA] Layer 3: 51/768 type remove
2026-07-28 12:29:55,239 [inflora.py] => [InfLoRA] Layer 4: 50/768 type remove
2026-07-28 12:29:55,239 [inflora.py] => [InfLoRA] Layer 5: 83/768 type remove
2026-07-28 12:29:55,239 [inflora.py] => [InfLoRA] Layer 6: 108/768 type remove
2026-07-28 12:29:55,239 [inflora.py] => [InfLoRA] Layer 7: 123/768 type remove
2026-07-28 12:29:55,239 [inflora.py] => [InfLoRA] Layer 8: 176/768 type remove
2026-07-28 12:29:55,239 [inflora.py] => [InfLoRA] Layer 9: 286/768 type remove
2026-07-28 12:29:55,239 [inflora.py] => [InfLoRA] Layer 10: 376/768 type retain
2026-07-28 12:29:55,239 [inflora.py] => [InfLoRA] Layer 11: 320/768 type remove
2026-07-28 12:29:55,239 [inflora.py] => [InfLoRA] Layer 12: 335/768 type remove
2026-07-28 12:31:22,482 [inflora.py] => [InfLoRA] DualGPM threshold: 0.9750
2026-07-28 12:31:23,564 [inflora.py] => [InfLoRA] Layer 1: 42/768 type remove
2026-07-28 12:31:23,565 [inflora.py] => [InfLoRA] Layer 2: 21/768 type remove
2026-07-28 12:31:23,565 [inflora.py] => [InfLoRA] Layer 3: 52/768 type remove
2026-07-28 12:31:23,565 [inflora.py] => [InfLoRA] Layer 4: 51/768 type remove
2026-07-28 12:31:23,565 [inflora.py] => [InfLoRA] Layer 5: 84/768 type remove
2026-07-28 12:31:23,565 [inflora.py] => [InfLoRA] Layer 6: 109/768 type remove
2026-07-28 12:31:23,565 [inflora.py] => [InfLoRA] Layer 7: 124/768 type remove
2026-07-28 12:31:23,565 [inflora.py] => [InfLoRA] Layer 8: 177/768 type remove
2026-07-28 12:31:23,565 [inflora.py] => [InfLoRA] Layer 9: 289/768 type remove
2026-07-28 12:31:23,565 [inflora.py] => [InfLoRA] Layer 10: 372/768 type retain
2026-07-28 12:31:23,565 [inflora.py] => [InfLoRA] Layer 11: 327/768 type remove
2026-07-28 12:31:23,565 [inflora.py] => [InfLoRA] Layer 12: 340/768 type remove
2026-07-28 12:32:50,177 [inflora.py] => [InfLoRA] DualGPM threshold: 0.9750
2026-07-28 12:32:51,343 [inflora.py] => [InfLoRA] Layer 1: 42/768 type remove
2026-07-28 12:32:51,343 [inflora.py] => [InfLoRA] Layer 2: 21/768 type remove
2026-07-28 12:32:51,343 [inflora.py] => [InfLoRA] Layer 3: 52/768 type remove
2026-07-28 12:32:51,343 [inflora.py] => [InfLoRA] Layer 4: 51/768 type remove
2026-07-28 12:32:51,343 [inflora.py] => [InfLoRA] Layer 5: 85/768 type remove
2026-07-28 12:32:51,343 [inflora.py] => [InfLoRA] Layer 6: 110/768 type remove
2026-07-28 12:32:51,343 [inflora.py] => [InfLoRA] Layer 7: 125/768 type remove
2026-07-28 12:32:51,343 [inflora.py] => [InfLoRA] Layer 8: 178/768 type remove
2026-07-28 12:32:51,343 [inflora.py] => [InfLoRA] Layer 9: 290/768 type remove
2026-07-28 12:32:51,343 [inflora.py] => [InfLoRA] Layer 10: 371/768 type retain
2026-07-28 12:32:51,343 [inflora.py] => [InfLoRA] Layer 11: 330/768 type remove
2026-07-28 12:32:51,343 [inflora.py] => [InfLoRA] Layer 12: 342/768 type remove
2026-07-28 12:34:17,480 [inflora.py] => [InfLoRA] DualGPM threshold: 0.9750
2026-07-28 12:34:18,840 [inflora.py] => [InfLoRA] Layer 1: 42/768 type remove
2026-07-28 12:34:18,841 [inflora.py] => [InfLoRA] Layer 2: 21/768 type remove
2026-07-28 12:34:18,841 [inflora.py] => [InfLoRA] Layer 3: 53/768 type remove
2026-07-28 12:34:18,841 [inflora.py] => [InfLoRA] Layer 4: 52/768 type remove
2026-07-28 12:34:18,841 [inflora.py] => [InfLoRA] Layer 5: 86/768 type remove
2026-07-28 12:34:18,841 [inflora.py] => [InfLoRA] Layer 6: 111/768 type remove
2026-07-28 12:34:18,841 [inflora.py] => [InfLoRA] Layer 7: 126/768 type remove
2026-07-28 12:34:18,841 [inflora.py] => [InfLoRA] Layer 8: 179/768 type remove
2026-07-28 12:34:18,841 [inflora.py] => [InfLoRA] Layer 9: 292/768 type remove
2026-07-28 12:34:18,841 [inflora.py] => [InfLoRA] Layer 10: 368/768 type retain
2026-07-28 12:34:18,841 [inflora.py] => [InfLoRA] Layer 11: 335/768 type remove
2026-07-28 12:34:18,841 [inflora.py] => [InfLoRA] Layer 12: 344/768 type remove
2026-07-28 12:35:46,347 [inflora.py] => [InfLoRA] DualGPM threshold: 0.9750
2026-07-28 12:35:47,440 [inflora.py] => [InfLoRA] Layer 1: 42/768 type remove
2026-07-28 12:35:47,440 [inflora.py] => [InfLoRA] Layer 2: 21/768 type remove
2026-07-28 12:35:47,440 [inflora.py] => [InfLoRA] Layer 3: 53/768 type remove
2026-07-28 12:35:47,440 [inflora.py] => [InfLoRA] Layer 4: 52/768 type remove
2026-07-28 12:35:47,440 [inflora.py] => [InfLoRA] Layer 5: 87/768 type remove
2026-07-28 12:35:47,440 [inflora.py] => [InfLoRA] Layer 6: 112/768 type remove
2026-07-28 12:35:47,440 [inflora.py] => [InfLoRA] Layer 7: 127/768 type remove
2026-07-28 12:35:47,440 [inflora.py] => [InfLoRA] Layer 8: 180/768 type remove
2026-07-28 12:35:47,441 [inflora.py] => [InfLoRA] Layer 9: 297/768 type remove
2026-07-28 12:35:47,441 [inflora.py] => [InfLoRA] Layer 10: 363/768 type retain
2026-07-28 12:35:47,441 [inflora.py] => [InfLoRA] Layer 11: 345/768 type remove
2026-07-28 12:35:47,441 [inflora.py] => [InfLoRA] Layer 12: 348/768 type remove
2026-07-28 12:35:59,573 [bounded_memory_mixin.py] => [bounded_mem eval] volume 0.40 | cycle 48 | classes_seen 410 | CIL top1 54.30 | top5 83.70 | (nearest latent task ~40) | param_hash bf4197190a9e70f7 | per-task [69.19, 46.7, 68.0, 33.67, 57.29, 62.81, 59.09, 61.11, 43.65, 54.87, 69.85, 67.84, 68.0, 59.6, 44.22, 49.5, 46.0, 52.02, 72.5, 40.91, 44.44, 45.45, 47.74, 59.18, 45.96, 59.5, 69.5, 55.33, 67.34, 52.5, 48.24, 35.18, 69.5, 35.35, 47.24, 64.82, 59.39, 35.0, 72.5, 44.22, 40.5]
2026-07-28 12:37:28,199 [inflora.py] => [InfLoRA] DualGPM threshold: 0.9750
2026-07-28 12:37:29,309 [inflora.py] => [InfLoRA] Layer 1: 42/768 type remove
2026-07-28 12:37:29,309 [inflora.py] => [InfLoRA] Layer 2: 21/768 type remove
2026-07-28 12:37:29,309 [inflora.py] => [InfLoRA] Layer 3: 53/768 type remove
2026-07-28 12:37:29,309 [inflora.py] => [InfLoRA] Layer 4: 53/768 type remove
2026-07-28 12:37:29,309 [inflora.py] => [InfLoRA] Layer 5: 88/768 type remove
2026-07-28 12:37:29,309 [inflora.py] => [InfLoRA] Layer 6: 113/768 type remove
2026-07-28 12:37:29,309 [inflora.py] => [InfLoRA] Layer 7: 127/768 type remove
2026-07-28 12:37:29,309 [inflora.py] => [InfLoRA] Layer 8: 181/768 type remove
2026-07-28 12:37:29,309 [inflora.py] => [InfLoRA] Layer 9: 298/768 type remove
2026-07-28 12:37:29,309 [inflora.py] => [InfLoRA] Layer 10: 362/768 type retain
2026-07-28 12:37:29,309 [inflora.py] => [InfLoRA] Layer 11: 347/768 type remove
2026-07-28 12:37:29,309 [inflora.py] => [InfLoRA] Layer 12: 352/768 type remove
2026-07-28 12:38:54,847 [inflora.py] => [InfLoRA] DualGPM threshold: 0.9750
2026-07-28 12:38:56,083 [inflora.py] => [InfLoRA] Layer 1: 42/768 type remove
2026-07-28 12:38:56,083 [inflora.py] => [InfLoRA] Layer 2: 21/768 type remove
2026-07-28 12:38:56,083 [inflora.py] => [InfLoRA] Layer 3: 54/768 type remove
2026-07-28 12:38:56,083 [inflora.py] => [InfLoRA] Layer 4: 54/768 type remove
2026-07-28 12:38:56,083 [inflora.py] => [InfLoRA] Layer 5: 89/768 type remove
2026-07-28 12:38:56,083 [inflora.py] => [InfLoRA] Layer 6: 114/768 type remove
2026-07-28 12:38:56,083 [inflora.py] => [InfLoRA] Layer 7: 128/768 type remove
2026-07-28 12:38:56,083 [inflora.py] => [InfLoRA] Layer 8: 181/768 type remove
2026-07-28 12:38:56,083 [inflora.py] => [InfLoRA] Layer 9: 298/768 type remove
2026-07-28 12:38:56,083 [inflora.py] => [InfLoRA] Layer 10: 362/768 type retain
2026-07-28 12:38:56,083 [inflora.py] => [InfLoRA] Layer 11: 348/768 type remove
2026-07-28 12:38:56,083 [inflora.py] => [InfLoRA] Layer 12: 353/768 type remove
2026-07-28 12:40:22,182 [inflora.py] => [InfLoRA] DualGPM threshold: 0.9750
2026-07-28 12:40:23,416 [inflora.py] => [InfLoRA] Layer 1: 42/768 type remove
2026-07-28 12:40:23,417 [inflora.py] => [InfLoRA] Layer 2: 21/768 type remove
2026-07-28 12:40:23,417 [inflora.py] => [InfLoRA] Layer 3: 54/768 type remove
2026-07-28 12:40:23,417 [inflora.py] => [InfLoRA] Layer 4: 55/768 type remove
2026-07-28 12:40:23,417 [inflora.py] => [InfLoRA] Layer 5: 90/768 type remove
2026-07-28 12:40:23,417 [inflora.py] => [InfLoRA] Layer 6: 115/768 type remove
2026-07-28 12:40:23,417 [inflora.py] => [InfLoRA] Layer 7: 129/768 type remove
2026-07-28 12:40:23,417 [inflora.py] => [InfLoRA] Layer 8: 183/768 type remove
2026-07-28 12:40:23,417 [inflora.py] => [InfLoRA] Layer 9: 299/768 type remove
2026-07-28 12:40:23,417 [inflora.py] => [InfLoRA] Layer 10: 361/768 type retain
2026-07-28 12:40:23,417 [inflora.py] => [InfLoRA] Layer 11: 350/768 type remove
2026-07-28 12:40:23,417 [inflora.py] => [InfLoRA] Layer 12: 358/768 type remove
2026-07-28 12:41:50,882 [inflora.py] => [InfLoRA] DualGPM threshold: 0.9750
2026-07-28 12:41:52,092 [inflora.py] => [InfLoRA] Layer 1: 42/768 type remove
2026-07-28 12:41:52,093 [inflora.py] => [InfLoRA] Layer 2: 21/768 type remove
2026-07-28 12:41:52,093 [inflora.py] => [InfLoRA] Layer 3: 55/768 type remove
2026-07-28 12:41:52,093 [inflora.py] => [InfLoRA] Layer 4: 57/768 type remove
2026-07-28 12:41:52,093 [inflora.py] => [InfLoRA] Layer 5: 92/768 type remove
2026-07-28 12:41:52,093 [inflora.py] => [InfLoRA] Layer 6: 117/768 type remove
2026-07-28 12:41:52,093 [inflora.py] => [InfLoRA] Layer 7: 131/768 type remove
2026-07-28 12:41:52,093 [inflora.py] => [InfLoRA] Layer 8: 185/768 type remove
2026-07-28 12:41:52,093 [inflora.py] => [InfLoRA] Layer 9: 300/768 type remove
2026-07-28 12:41:52,093 [inflora.py] => [InfLoRA] Layer 10: 360/768 type retain
2026-07-28 12:41:52,093 [inflora.py] => [InfLoRA] Layer 11: 351/768 type remove
2026-07-28 12:41:52,093 [inflora.py] => [InfLoRA] Layer 12: 359/768 type remove
2026-07-28 12:43:19,764 [inflora.py] => [InfLoRA] DualGPM threshold: 0.9750
2026-07-28 12:43:20,911 [inflora.py] => [InfLoRA] Layer 1: 42/768 type remove
2026-07-28 12:43:20,911 [inflora.py] => [InfLoRA] Layer 2: 21/768 type remove
2026-07-28 12:43:20,911 [inflora.py] => [InfLoRA] Layer 3: 56/768 type remove
2026-07-28 12:43:20,911 [inflora.py] => [InfLoRA] Layer 4: 58/768 type remove
2026-07-28 12:43:20,911 [inflora.py] => [InfLoRA] Layer 5: 93/768 type remove
2026-07-28 12:43:20,911 [inflora.py] => [InfLoRA] Layer 6: 118/768 type remove
2026-07-28 12:43:20,911 [inflora.py] => [InfLoRA] Layer 7: 132/768 type remove
2026-07-28 12:43:20,911 [inflora.py] => [InfLoRA] Layer 8: 185/768 type remove
2026-07-28 12:43:20,911 [inflora.py] => [InfLoRA] Layer 9: 300/768 type remove
2026-07-28 12:43:20,911 [inflora.py] => [InfLoRA] Layer 10: 359/768 type retain
2026-07-28 12:43:20,911 [inflora.py] => [InfLoRA] Layer 11: 352/768 type remove
2026-07-28 12:43:20,911 [inflora.py] => [InfLoRA] Layer 12: 361/768 type remove
2026-07-28 12:44:48,250 [inflora.py] => [InfLoRA] DualGPM threshold: 0.9750
2026-07-28 12:44:49,427 [inflora.py] => [InfLoRA] Layer 1: 42/768 type remove
2026-07-28 12:44:49,428 [inflora.py] => [InfLoRA] Layer 2: 21/768 type remove
2026-07-28 12:44:49,428 [inflora.py] => [InfLoRA] Layer 3: 56/768 type remove
2026-07-28 12:44:49,428 [inflora.py] => [InfLoRA] Layer 4: 58/768 type remove
2026-07-28 12:44:49,428 [inflora.py] => [InfLoRA] Layer 5: 94/768 type remove
2026-07-28 12:44:49,428 [inflora.py] => [InfLoRA] Layer 6: 119/768 type remove
2026-07-28 12:44:49,428 [inflora.py] => [InfLoRA] Layer 7: 132/768 type remove
2026-07-28 12:44:49,428 [inflora.py] => [InfLoRA] Layer 8: 185/768 type remove
2026-07-28 12:44:49,428 [inflora.py] => [InfLoRA] Layer 9: 300/768 type remove
2026-07-28 12:44:49,428 [inflora.py] => [InfLoRA] Layer 10: 359/768 type retain
2026-07-28 12:44:49,428 [inflora.py] => [InfLoRA] Layer 11: 352/768 type remove
2026-07-28 12:44:49,428 [inflora.py] => [InfLoRA] Layer 12: 362/768 type remove
2026-07-28 12:46:17,201 [inflora.py] => [InfLoRA] DualGPM threshold: 0.9750
2026-07-28 12:46:18,328 [inflora.py] => [InfLoRA] Layer 1: 42/768 type remove
2026-07-28 12:46:18,328 [inflora.py] => [InfLoRA] Layer 2: 21/768 type remove
2026-07-28 12:46:18,328 [inflora.py] => [InfLoRA] Layer 3: 57/768 type remove
2026-07-28 12:46:18,328 [inflora.py] => [InfLoRA] Layer 4: 59/768 type remove
2026-07-28 12:46:18,328 [inflora.py] => [InfLoRA] Layer 5: 94/768 type remove
2026-07-28 12:46:18,328 [inflora.py] => [InfLoRA] Layer 6: 119/768 type remove
2026-07-28 12:46:18,328 [inflora.py] => [InfLoRA] Layer 7: 133/768 type remove
2026-07-28 12:46:18,328 [inflora.py] => [InfLoRA] Layer 8: 186/768 type remove
2026-07-28 12:46:18,328 [inflora.py] => [InfLoRA] Layer 9: 301/768 type remove
2026-07-28 12:46:18,328 [inflora.py] => [InfLoRA] Layer 10: 358/768 type retain
2026-07-28 12:46:18,328 [inflora.py] => [InfLoRA] Layer 11: 352/768 type remove
2026-07-28 12:46:18,328 [inflora.py] => [InfLoRA] Layer 12: 363/768 type remove
2026-07-28 12:47:44,970 [inflora.py] => [InfLoRA] DualGPM threshold: 0.9750
2026-07-28 12:47:46,099 [inflora.py] => [InfLoRA] Layer 1: 42/768 type remove
2026-07-28 12:47:46,099 [inflora.py] => [InfLoRA] Layer 2: 21/768 type remove
2026-07-28 12:47:46,099 [inflora.py] => [InfLoRA] Layer 3: 57/768 type remove
2026-07-28 12:47:46,099 [inflora.py] => [InfLoRA] Layer 4: 60/768 type remove
2026-07-28 12:47:46,099 [inflora.py] => [InfLoRA] Layer 5: 95/768 type remove
2026-07-28 12:47:46,099 [inflora.py] => [InfLoRA] Layer 6: 120/768 type remove
2026-07-28 12:47:46,099 [inflora.py] => [InfLoRA] Layer 7: 134/768 type remove
2026-07-28 12:47:46,099 [inflora.py] => [InfLoRA] Layer 8: 187/768 type remove
2026-07-28 12:47:46,099 [inflora.py] => [InfLoRA] Layer 9: 302/768 type remove
2026-07-28 12:47:46,099 [inflora.py] => [InfLoRA] Layer 10: 357/768 type retain
2026-07-28 12:47:46,099 [inflora.py] => [InfLoRA] Layer 11: 353/768 type remove
2026-07-28 12:47:46,099 [inflora.py] => [InfLoRA] Layer 12: 366/768 type remove
2026-07-28 12:49:12,628 [inflora.py] => [InfLoRA] DualGPM threshold: 0.9750
2026-07-28 12:49:13,774 [inflora.py] => [InfLoRA] Layer 1: 42/768 type remove
2026-07-28 12:49:13,774 [inflora.py] => [InfLoRA] Layer 2: 21/768 type remove
2026-07-28 12:49:13,774 [inflora.py] => [InfLoRA] Layer 3: 58/768 type remove
2026-07-28 12:49:13,774 [inflora.py] => [InfLoRA] Layer 4: 61/768 type remove
2026-07-28 12:49:13,774 [inflora.py] => [InfLoRA] Layer 5: 97/768 type remove
2026-07-28 12:49:13,774 [inflora.py] => [InfLoRA] Layer 6: 122/768 type remove
2026-07-28 12:49:13,774 [inflora.py] => [InfLoRA] Layer 7: 136/768 type remove
2026-07-28 12:49:13,774 [inflora.py] => [InfLoRA] Layer 8: 190/768 type remove
2026-07-28 12:49:13,774 [inflora.py] => [InfLoRA] Layer 9: 306/768 type remove
2026-07-28 12:49:13,774 [inflora.py] => [InfLoRA] Layer 10: 352/768 type retain
2026-07-28 12:49:13,774 [inflora.py] => [InfLoRA] Layer 11: 357/768 type remove
2026-07-28 12:49:13,774 [inflora.py] => [InfLoRA] Layer 12: 368/768 type remove
2026-07-28 12:50:41,016 [inflora.py] => [InfLoRA] DualGPM threshold: 0.9750
2026-07-28 12:50:42,124 [inflora.py] => [InfLoRA] Layer 1: 42/768 type remove
2026-07-28 12:50:42,124 [inflora.py] => [InfLoRA] Layer 2: 21/768 type remove
2026-07-28 12:50:42,124 [inflora.py] => [InfLoRA] Layer 3: 58/768 type remove
2026-07-28 12:50:42,124 [inflora.py] => [InfLoRA] Layer 4: 61/768 type remove
2026-07-28 12:50:42,124 [inflora.py] => [InfLoRA] Layer 5: 97/768 type remove
2026-07-28 12:50:42,124 [inflora.py] => [InfLoRA] Layer 6: 122/768 type remove
2026-07-28 12:50:42,124 [inflora.py] => [InfLoRA] Layer 7: 136/768 type remove
2026-07-28 12:50:42,124 [inflora.py] => [InfLoRA] Layer 8: 190/768 type remove
2026-07-28 12:50:42,124 [inflora.py] => [InfLoRA] Layer 9: 306/768 type remove
2026-07-28 12:50:42,124 [inflora.py] => [InfLoRA] Layer 10: 351/768 type retain
2026-07-28 12:50:42,124 [inflora.py] => [InfLoRA] Layer 11: 358/768 type remove
2026-07-28 12:50:42,124 [inflora.py] => [InfLoRA] Layer 12: 370/768 type remove
2026-07-28 12:52:09,780 [inflora.py] => [InfLoRA] DualGPM threshold: 0.9750
2026-07-28 12:52:10,881 [inflora.py] => [InfLoRA] Layer 1: 42/768 type remove
2026-07-28 12:52:10,882 [inflora.py] => [InfLoRA] Layer 2: 21/768 type remove
2026-07-28 12:52:10,882 [inflora.py] => [InfLoRA] Layer 3: 58/768 type remove
2026-07-28 12:52:10,882 [inflora.py] => [InfLoRA] Layer 4: 61/768 type remove
2026-07-28 12:52:10,882 [inflora.py] => [InfLoRA] Layer 5: 98/768 type remove
2026-07-28 12:52:10,882 [inflora.py] => [InfLoRA] Layer 6: 123/768 type remove
2026-07-28 12:52:10,882 [inflora.py] => [InfLoRA] Layer 7: 137/768 type remove
2026-07-28 12:52:10,882 [inflora.py] => [InfLoRA] Layer 8: 191/768 type remove
2026-07-28 12:52:10,882 [inflora.py] => [InfLoRA] Layer 9: 307/768 type remove
2026-07-28 12:52:10,882 [inflora.py] => [InfLoRA] Layer 10: 350/768 type retain
2026-07-28 12:52:10,882 [inflora.py] => [InfLoRA] Layer 11: 359/768 type remove
2026-07-28 12:52:10,882 [inflora.py] => [InfLoRA] Layer 12: 372/768 type remove
2026-07-28 12:53:38,350 [inflora.py] => [InfLoRA] DualGPM threshold: 0.9750
2026-07-28 12:53:39,669 [inflora.py] => [InfLoRA] Layer 1: 42/768 type remove
2026-07-28 12:53:39,670 [inflora.py] => [InfLoRA] Layer 2: 21/768 type remove
2026-07-28 12:53:39,670 [inflora.py] => [InfLoRA] Layer 3: 59/768 type remove
2026-07-28 12:53:39,670 [inflora.py] => [InfLoRA] Layer 4: 62/768 type remove
2026-07-28 12:53:39,670 [inflora.py] => [InfLoRA] Layer 5: 99/768 type remove
2026-07-28 12:53:39,670 [inflora.py] => [InfLoRA] Layer 6: 124/768 type remove
2026-07-28 12:53:39,670 [inflora.py] => [InfLoRA] Layer 7: 138/768 type remove
2026-07-28 12:53:39,670 [inflora.py] => [InfLoRA] Layer 8: 193/768 type remove
2026-07-28 12:53:39,670 [inflora.py] => [InfLoRA] Layer 9: 309/768 type remove
2026-07-28 12:53:39,670 [inflora.py] => [InfLoRA] Layer 10: 348/768 type retain
2026-07-28 12:53:39,670 [inflora.py] => [InfLoRA] Layer 11: 361/768 type remove
2026-07-28 12:53:39,670 [inflora.py] => [InfLoRA] Layer 12: 374/768 type remove
2026-07-28 12:53:54,611 [bounded_memory_mixin.py] => [bounded_mem eval] volume 0.50 | cycle 60 | classes_seen 510 | CIL top1 52.06 | top5 81.80 | (nearest latent task ~50) | param_hash a3eda8131cab2d84 | per-task [60.1, 42.64, 66.5, 32.16, 51.76, 61.81, 56.06, 57.58, 45.69, 50.26, 67.84, 68.84, 68.0, 54.04, 37.69, 49.5, 39.5, 47.47, 73.0, 42.42, 42.93, 43.94, 51.76, 58.16, 40.91, 60.5, 68.0, 51.27, 66.83, 53.5, 40.2, 30.15, 64.5, 43.43, 43.22, 69.85, 55.84, 29.5, 65.0, 48.24, 64.0, 26.67, 57.29, 43.5, 47.24, 54.31, 44.44, 67.0, 46.0, 67.84, 35.03]
2026-07-28 12:55:21,887 [inflora.py] => [InfLoRA] DualGPM threshold: 0.9750
2026-07-28 12:55:23,228 [inflora.py] => [InfLoRA] Layer 1: 42/768 type remove
2026-07-28 12:55:23,228 [inflora.py] => [InfLoRA] Layer 2: 21/768 type remove
2026-07-28 12:55:23,228 [inflora.py] => [InfLoRA] Layer 3: 59/768 type remove
2026-07-28 12:55:23,228 [inflora.py] => [InfLoRA] Layer 4: 62/768 type remove
2026-07-28 12:55:23,228 [inflora.py] => [InfLoRA] Layer 5: 99/768 type remove
2026-07-28 12:55:23,228 [inflora.py] => [InfLoRA] Layer 6: 125/768 type remove
2026-07-28 12:55:23,228 [inflora.py] => [InfLoRA] Layer 7: 138/768 type remove
2026-07-28 12:55:23,228 [inflora.py] => [InfLoRA] Layer 8: 194/768 type remove
2026-07-28 12:55:23,228 [inflora.py] => [InfLoRA] Layer 9: 310/768 type remove
2026-07-28 12:55:23,228 [inflora.py] => [InfLoRA] Layer 10: 347/768 type retain
2026-07-28 12:55:23,228 [inflora.py] => [InfLoRA] Layer 11: 363/768 type remove
2026-07-28 12:55:23,228 [inflora.py] => [InfLoRA] Layer 12: 379/768 type remove
2026-07-28 12:56:49,115 [inflora.py] => [InfLoRA] DualGPM threshold: 0.9750
2026-07-28 12:56:50,412 [inflora.py] => [InfLoRA] Layer 1: 42/768 type remove
2026-07-28 12:56:50,412 [inflora.py] => [InfLoRA] Layer 2: 21/768 type remove
2026-07-28 12:56:50,412 [inflora.py] => [InfLoRA] Layer 3: 59/768 type remove
2026-07-28 12:56:50,412 [inflora.py] => [InfLoRA] Layer 4: 62/768 type remove
2026-07-28 12:56:50,412 [inflora.py] => [InfLoRA] Layer 5: 100/768 type remove
2026-07-28 12:56:50,412 [inflora.py] => [InfLoRA] Layer 6: 125/768 type remove
2026-07-28 12:56:50,412 [inflora.py] => [InfLoRA] Layer 7: 139/768 type remove
2026-07-28 12:56:50,412 [inflora.py] => [InfLoRA] Layer 8: 194/768 type remove
2026-07-28 12:56:50,412 [inflora.py] => [InfLoRA] Layer 9: 310/768 type remove
2026-07-28 12:56:50,412 [inflora.py] => [InfLoRA] Layer 10: 347/768 type retain
2026-07-28 12:56:50,412 [inflora.py] => [InfLoRA] Layer 11: 363/768 type remove
2026-07-28 12:56:50,412 [inflora.py] => [InfLoRA] Layer 12: 381/768 type remove
2026-07-28 12:58:16,566 [inflora.py] => [InfLoRA] DualGPM threshold: 0.9750
2026-07-28 12:58:17,849 [inflora.py] => [InfLoRA] Layer 1: 42/768 type remove
2026-07-28 12:58:17,849 [inflora.py] => [InfLoRA] Layer 2: 21/768 type remove
2026-07-28 12:58:17,849 [inflora.py] => [InfLoRA] Layer 3: 60/768 type remove
2026-07-28 12:58:17,849 [inflora.py] => [InfLoRA] Layer 4: 64/768 type remove
2026-07-28 12:58:17,849 [inflora.py] => [InfLoRA] Layer 5: 101/768 type remove
2026-07-28 12:58:17,849 [inflora.py] => [InfLoRA] Layer 6: 126/768 type remove
2026-07-28 12:58:17,849 [inflora.py] => [InfLoRA] Layer 7: 140/768 type remove
2026-07-28 12:58:17,850 [inflora.py] => [InfLoRA] Layer 8: 195/768 type remove
2026-07-28 12:58:17,850 [inflora.py] => [InfLoRA] Layer 9: 310/768 type remove
2026-07-28 12:58:17,850 [inflora.py] => [InfLoRA] Layer 10: 347/768 type retain
2026-07-28 12:58:17,850 [inflora.py] => [InfLoRA] Layer 11: 363/768 type remove
2026-07-28 12:58:17,850 [inflora.py] => [InfLoRA] Layer 12: 382/768 type remove
/data/gmar762/anaconda3/envs/treelora/lib/python3.10/site-packages/PIL/Image.py:1137: UserWarning: Palette images with Transparency expressed in bytes should be converted to RGBA images
  warnings.warn(
/data/gmar762/anaconda3/envs/treelora/lib/python3.10/site-packages/PIL/Image.py:1137: UserWarning: Palette images with Transparency expressed in bytes should be converted to RGBA images
  warnings.warn(
/data/gmar762/anaconda3/envs/treelora/lib/python3.10/site-packages/PIL/Image.py:1137: UserWarning: Palette images with Transparency expressed in bytes should be converted to RGBA images
  warnings.warn(
/data/gmar762/anaconda3/envs/treelora/lib/python3.10/site-packages/PIL/Image.py:1137: UserWarning: Palette images with Transparency expressed in bytes should be converted to RGBA images
  warnings.warn(
/data/gmar762/anaconda3/envs/treelora/lib/python3.10/site-packages/PIL/Image.py:1137: UserWarning: Palette images with Transparency expressed in bytes should be converted to RGBA images
  warnings.warn(
/data/gmar762/anaconda3/envs/treelora/lib/python3.10/site-packages/PIL/Image.py:1137: UserWarning: Palette images with Transparency expressed in bytes should be converted to RGBA images
  warnings.warn(
/data/gmar762/anaconda3/envs/treelora/lib/python3.10/site-packages/PIL/Image.py:1137: UserWarning: Palette images with Transparency expressed in bytes should be converted to RGBA images
  warnings.warn(
/data/gmar762/anaconda3/envs/treelora/lib/python3.10/site-packages/PIL/Image.py:1137: UserWarning: Palette images with Transparency expressed in bytes should be converted to RGBA images
  warnings.warn(
/data/gmar762/anaconda3/envs/treelora/lib/python3.10/site-packages/PIL/Image.py:1137: UserWarning: Palette images with Transparency expressed in bytes should be converted to RGBA images
  warnings.warn(
/data/gmar762/anaconda3/envs/treelora/lib/python3.10/site-packages/PIL/Image.py:1137: UserWarning: Palette images with Transparency expressed in bytes should be converted to RGBA images
  warnings.warn(
/data/gmar762/anaconda3/envs/treelora/lib/python3.10/site-packages/PIL/Image.py:1137: UserWarning: Palette images with Transparency expressed in bytes should be converted to RGBA images
  warnings.warn(
/data/gmar762/anaconda3/envs/treelora/lib/python3.10/site-packages/PIL/Image.py:1137: UserWarning: Palette images with Transparency expressed in bytes should be converted to RGBA images
  warnings.warn(
/data/gmar762/anaconda3/envs/treelora/lib/python3.10/site-packages/PIL/Image.py:1137: UserWarning: Palette images with Transparency expressed in bytes should be converted to RGBA images
  warnings.warn(
/data/gmar762/anaconda3/envs/treelora/lib/python3.10/site-packages/PIL/Image.py:1137: UserWarning: Palette images with Transparency expressed in bytes should be converted to RGBA images
  warnings.warn(
/data/gmar762/anaconda3/envs/treelora/lib/python3.10/site-packages/PIL/Image.py:1137: UserWarning: Palette images with Transparency expressed in bytes should be converted to RGBA images
  warnings.warn(
/data/gmar762/anaconda3/envs/treelora/lib/python3.10/site-packages/PIL/Image.py:1137: UserWarning: Palette images with Transparency expressed in bytes should be converted to RGBA images
  warnings.warn(
/data/gmar762/anaconda3/envs/treelora/lib/python3.10/site-packages/PIL/Image.py:1137: UserWarning: Palette images with Transparency expressed in bytes should be converted to RGBA images
  warnings.warn(
/data/gmar762/anaconda3/envs/treelora/lib/python3.10/site-packages/PIL/Image.py:1137: UserWarning: Palette images with Transparency expressed in bytes should be converted to RGBA images
  warnings.warn(
/data/gmar762/anaconda3/envs/treelora/lib/python3.10/site-packages/PIL/Image.py:1137: UserWarning: Palette images with Transparency expressed in bytes should be converted to RGBA images
  warnings.warn(
/data/gmar762/anaconda3/envs/treelora/lib/python3.10/site-packages/PIL/Image.py:1137: UserWarning: Palette images with Transparency expressed in bytes should be converted to RGBA images
  warnings.warn(
/data/gmar762/anaconda3/envs/treelora/lib/python3.10/site-packages/PIL/Image.py:1137: UserWarning: Palette images with Transparency expressed in bytes should be converted to RGBA images
  warnings.warn(
/data/gmar762/anaconda3/envs/treelora/lib/python3.10/site-packages/PIL/Image.py:1137: UserWarning: Palette images with Transparency expressed in bytes should be converted to RGBA images
  warnings.warn(
2026-07-28 12:59:46,434 [inflora.py] => [InfLoRA] DualGPM threshold: 0.9750
2026-07-28 12:59:47,553 [inflora.py] => [InfLoRA] Layer 1: 42/768 type remove
2026-07-28 12:59:47,553 [inflora.py] => [InfLoRA] Layer 2: 21/768 type remove
2026-07-28 12:59:47,553 [inflora.py] => [InfLoRA] Layer 3: 61/768 type remove
2026-07-28 12:59:47,553 [inflora.py] => [InfLoRA] Layer 4: 65/768 type remove
2026-07-28 12:59:47,553 [inflora.py] => [InfLoRA] Layer 5: 102/768 type remove
2026-07-28 12:59:47,553 [inflora.py] => [InfLoRA] Layer 6: 128/768 type remove
2026-07-28 12:59:47,553 [inflora.py] => [InfLoRA] Layer 7: 141/768 type remove
2026-07-28 12:59:47,553 [inflora.py] => [InfLoRA] Layer 8: 196/768 type remove
2026-07-28 12:59:47,553 [inflora.py] => [InfLoRA] Layer 9: 311/768 type remove
2026-07-28 12:59:47,553 [inflora.py] => [InfLoRA] Layer 10: 346/768 type retain
2026-07-28 12:59:47,553 [inflora.py] => [InfLoRA] Layer 11: 364/768 type remove
2026-07-28 12:59:47,553 [inflora.py] => [InfLoRA] Layer 12: 384/768 type remove
2026-07-28 13:01:14,438 [inflora.py] => [InfLoRA] DualGPM threshold: 0.9750
2026-07-28 13:01:15,735 [inflora.py] => [InfLoRA] Layer 1: 42/768 type remove
2026-07-28 13:01:15,736 [inflora.py] => [InfLoRA] Layer 2: 21/768 type remove
2026-07-28 13:01:15,736 [inflora.py] => [InfLoRA] Layer 3: 61/768 type remove
2026-07-28 13:01:15,736 [inflora.py] => [InfLoRA] Layer 4: 66/768 type remove
2026-07-28 13:01:15,736 [inflora.py] => [InfLoRA] Layer 5: 103/768 type remove
2026-07-28 13:01:15,736 [inflora.py] => [InfLoRA] Layer 6: 129/768 type remove
2026-07-28 13:01:15,736 [inflora.py] => [InfLoRA] Layer 7: 142/768 type remove
2026-07-28 13:01:15,736 [inflora.py] => [InfLoRA] Layer 8: 197/768 type remove
2026-07-28 13:01:15,736 [inflora.py] => [InfLoRA] Layer 9: 311/768 type remove
2026-07-28 13:01:15,736 [inflora.py] => [InfLoRA] Layer 10: 346/768 type retain
2026-07-28 13:01:15,736 [inflora.py] => [InfLoRA] Layer 11: 364/768 type remove
2026-07-28 13:01:15,752 [inflora.py] => [InfLoRA] Layer 12: 383/768 type retain
2026-07-28 13:02:44,710 [inflora.py] => [InfLoRA] DualGPM threshold: 0.9750
2026-07-28 13:02:45,883 [inflora.py] => [InfLoRA] Layer 1: 42/768 type remove
2026-07-28 13:02:45,883 [inflora.py] => [InfLoRA] Layer 2: 21/768 type remove
2026-07-28 13:02:45,883 [inflora.py] => [InfLoRA] Layer 3: 62/768 type remove
2026-07-28 13:02:45,883 [inflora.py] => [InfLoRA] Layer 4: 66/768 type remove
2026-07-28 13:02:45,883 [inflora.py] => [InfLoRA] Layer 5: 104/768 type remove
2026-07-28 13:02:45,884 [inflora.py] => [InfLoRA] Layer 6: 130/768 type remove
2026-07-28 13:02:45,884 [inflora.py] => [InfLoRA] Layer 7: 143/768 type remove
2026-07-28 13:02:45,884 [inflora.py] => [InfLoRA] Layer 8: 198/768 type remove
2026-07-28 13:02:45,884 [inflora.py] => [InfLoRA] Layer 9: 314/768 type remove
2026-07-28 13:02:45,884 [inflora.py] => [InfLoRA] Layer 10: 343/768 type retain
2026-07-28 13:02:45,884 [inflora.py] => [InfLoRA] Layer 11: 368/768 type remove
2026-07-28 13:02:45,884 [inflora.py] => [InfLoRA] Layer 12: 380/768 type retain
2026-07-28 13:04:13,543 [inflora.py] => [InfLoRA] DualGPM threshold: 0.9750
2026-07-28 13:04:14,757 [inflora.py] => [InfLoRA] Layer 1: 42/768 type remove
2026-07-28 13:04:14,757 [inflora.py] => [InfLoRA] Layer 2: 21/768 type remove
2026-07-28 13:04:14,757 [inflora.py] => [InfLoRA] Layer 3: 62/768 type remove
2026-07-28 13:04:14,757 [inflora.py] => [InfLoRA] Layer 4: 67/768 type remove
2026-07-28 13:04:14,757 [inflora.py] => [InfLoRA] Layer 5: 106/768 type remove
2026-07-28 13:04:14,758 [inflora.py] => [InfLoRA] Layer 6: 132/768 type remove
2026-07-28 13:04:14,758 [inflora.py] => [InfLoRA] Layer 7: 145/768 type remove
2026-07-28 13:04:14,758 [inflora.py] => [InfLoRA] Layer 8: 200/768 type remove
2026-07-28 13:04:14,758 [inflora.py] => [InfLoRA] Layer 9: 318/768 type remove
2026-07-28 13:04:14,758 [inflora.py] => [InfLoRA] Layer 10: 340/768 type retain
2026-07-28 13:04:14,758 [inflora.py] => [InfLoRA] Layer 11: 371/768 type remove
2026-07-28 13:04:14,758 [inflora.py] => [InfLoRA] Layer 12: 377/768 type retain
2026-07-28 13:05:42,571 [inflora.py] => [InfLoRA] DualGPM threshold: 0.9750
2026-07-28 13:05:43,772 [inflora.py] => [InfLoRA] Layer 1: 42/768 type remove
2026-07-28 13:05:43,772 [inflora.py] => [InfLoRA] Layer 2: 21/768 type remove
2026-07-28 13:05:43,772 [inflora.py] => [InfLoRA] Layer 3: 62/768 type remove
2026-07-28 13:05:43,772 [inflora.py] => [InfLoRA] Layer 4: 67/768 type remove
2026-07-28 13:05:43,772 [inflora.py] => [InfLoRA] Layer 5: 107/768 type remove
2026-07-28 13:05:43,772 [inflora.py] => [InfLoRA] Layer 6: 133/768 type remove
2026-07-28 13:05:43,772 [inflora.py] => [InfLoRA] Layer 7: 146/768 type remove
2026-07-28 13:05:43,772 [inflora.py] => [InfLoRA] Layer 8: 202/768 type remove
2026-07-28 13:05:43,772 [inflora.py] => [InfLoRA] Layer 9: 319/768 type remove
2026-07-28 13:05:43,772 [inflora.py] => [InfLoRA] Layer 10: 340/768 type retain
2026-07-28 13:05:43,772 [inflora.py] => [InfLoRA] Layer 11: 372/768 type remove
2026-07-28 13:05:43,772 [inflora.py] => [InfLoRA] Layer 12: 377/768 type retain
2026-07-28 13:07:09,503 [inflora.py] => [InfLoRA] DualGPM threshold: 0.9750
2026-07-28 13:07:10,860 [inflora.py] => [InfLoRA] Layer 1: 42/768 type remove
2026-07-28 13:07:10,861 [inflora.py] => [InfLoRA] Layer 2: 21/768 type remove
2026-07-28 13:07:10,861 [inflora.py] => [InfLoRA] Layer 3: 62/768 type remove
2026-07-28 13:07:10,861 [inflora.py] => [InfLoRA] Layer 4: 67/768 type remove
2026-07-28 13:07:10,861 [inflora.py] => [InfLoRA] Layer 5: 108/768 type remove
2026-07-28 13:07:10,861 [inflora.py] => [InfLoRA] Layer 6: 134/768 type remove
2026-07-28 13:07:10,861 [inflora.py] => [InfLoRA] Layer 7: 147/768 type remove
2026-07-28 13:07:10,861 [inflora.py] => [InfLoRA] Layer 8: 203/768 type remove
2026-07-28 13:07:10,861 [inflora.py] => [InfLoRA] Layer 9: 320/768 type remove
2026-07-28 13:07:10,861 [inflora.py] => [InfLoRA] Layer 10: 339/768 type retain
2026-07-28 13:07:10,861 [inflora.py] => [InfLoRA] Layer 11: 373/768 type remove
2026-07-28 13:07:10,861 [inflora.py] => [InfLoRA] Layer 12: 374/768 type retain
2026-07-28 13:08:37,537 [inflora.py] => [InfLoRA] DualGPM threshold: 0.9750
2026-07-28 13:08:38,896 [inflora.py] => [InfLoRA] Layer 1: 42/768 type remove
2026-07-28 13:08:38,896 [inflora.py] => [InfLoRA] Layer 2: 22/768 type remove
2026-07-28 13:08:38,896 [inflora.py] => [InfLoRA] Layer 3: 63/768 type remove
2026-07-28 13:08:38,896 [inflora.py] => [InfLoRA] Layer 4: 68/768 type remove
2026-07-28 13:08:38,896 [inflora.py] => [InfLoRA] Layer 5: 109/768 type remove
2026-07-28 13:08:38,896 [inflora.py] => [InfLoRA] Layer 6: 136/768 type remove
2026-07-28 13:08:38,896 [inflora.py] => [InfLoRA] Layer 7: 149/768 type remove
2026-07-28 13:08:38,896 [inflora.py] => [InfLoRA] Layer 8: 205/768 type remove
2026-07-28 13:08:38,896 [inflora.py] => [InfLoRA] Layer 9: 322/768 type remove
2026-07-28 13:08:38,896 [inflora.py] => [InfLoRA] Layer 10: 337/768 type retain
2026-07-28 13:08:38,896 [inflora.py] => [InfLoRA] Layer 11: 375/768 type remove
2026-07-28 13:08:38,896 [inflora.py] => [InfLoRA] Layer 12: 372/768 type retain
2026-07-28 13:10:07,271 [inflora.py] => [InfLoRA] DualGPM threshold: 0.9750
2026-07-28 13:10:08,447 [inflora.py] => [InfLoRA] Layer 1: 42/768 type remove
2026-07-28 13:10:08,447 [inflora.py] => [InfLoRA] Layer 2: 22/768 type remove
2026-07-28 13:10:08,447 [inflora.py] => [InfLoRA] Layer 3: 63/768 type remove
2026-07-28 13:10:08,447 [inflora.py] => [InfLoRA] Layer 4: 68/768 type remove
2026-07-28 13:10:08,447 [inflora.py] => [InfLoRA] Layer 5: 109/768 type remove
2026-07-28 13:10:08,447 [inflora.py] => [InfLoRA] Layer 6: 136/768 type remove
2026-07-28 13:10:08,447 [inflora.py] => [InfLoRA] Layer 7: 149/768 type remove
2026-07-28 13:10:08,447 [inflora.py] => [InfLoRA] Layer 8: 205/768 type remove
2026-07-28 13:10:08,447 [inflora.py] => [InfLoRA] Layer 9: 322/768 type remove
2026-07-28 13:10:08,447 [inflora.py] => [InfLoRA] Layer 10: 337/768 type retain
2026-07-28 13:10:08,448 [inflora.py] => [InfLoRA] Layer 11: 375/768 type remove
2026-07-28 13:10:08,448 [inflora.py] => [InfLoRA] Layer 12: 372/768 type retain
2026-07-28 13:11:36,355 [inflora.py] => [InfLoRA] DualGPM threshold: 0.9750
2026-07-28 13:11:37,521 [inflora.py] => [InfLoRA] Layer 1: 42/768 type remove
2026-07-28 13:11:37,521 [inflora.py] => [InfLoRA] Layer 2: 22/768 type remove
2026-07-28 13:11:37,521 [inflora.py] => [InfLoRA] Layer 3: 63/768 type remove
2026-07-28 13:11:37,521 [inflora.py] => [InfLoRA] Layer 4: 68/768 type remove
2026-07-28 13:11:37,521 [inflora.py] => [InfLoRA] Layer 5: 110/768 type remove
2026-07-28 13:11:37,521 [inflora.py] => [InfLoRA] Layer 6: 137/768 type remove
2026-07-28 13:11:37,521 [inflora.py] => [InfLoRA] Layer 7: 150/768 type remove
2026-07-28 13:11:37,521 [inflora.py] => [InfLoRA] Layer 8: 205/768 type remove
2026-07-28 13:11:37,521 [inflora.py] => [InfLoRA] Layer 9: 322/768 type remove
2026-07-28 13:11:37,521 [inflora.py] => [InfLoRA] Layer 10: 337/768 type retain
2026-07-28 13:11:37,521 [inflora.py] => [InfLoRA] Layer 11: 375/768 type remove
2026-07-28 13:11:37,521 [inflora.py] => [InfLoRA] Layer 12: 371/768 type retain
2026-07-28 13:11:55,057 [bounded_memory_mixin.py] => [bounded_mem eval] volume 0.60 | cycle 72 | classes_seen 610 | CIL top1 49.02 | top5 79.30 | (nearest latent task ~60) | param_hash 63d99c95d568d333 | per-task [53.03, 42.13, 63.0, 28.64, 47.24, 51.76, 52.53, 53.54, 43.15, 47.18, 61.81, 63.82, 68.0, 53.54, 36.18, 47.5, 39.0, 45.96, 74.0, 36.87, 44.44, 41.41, 48.24, 52.04, 39.9, 55.5, 68.0, 50.76, 54.27, 49.0, 47.74, 30.65, 63.5, 37.37, 40.7, 59.8, 60.41, 28.5, 72.0, 38.19, 61.0, 28.72, 56.78, 43.0, 43.22, 50.25, 43.43, 66.5, 41.0, 60.3, 49.24, 60.3, 36.68, 68.5, 39.2, 69.7, 69.5, 35.18, 34.67, 26.77, 14.0]
2026-07-28 13:13:21,701 [inflora.py] => [InfLoRA] DualGPM threshold: 0.9750
2026-07-28 13:13:23,035 [inflora.py] => [InfLoRA] Layer 1: 42/768 type remove
2026-07-28 13:13:23,035 [inflora.py] => [InfLoRA] Layer 2: 22/768 type remove
2026-07-28 13:13:23,035 [inflora.py] => [InfLoRA] Layer 3: 64/768 type remove
2026-07-28 13:13:23,035 [inflora.py] => [InfLoRA] Layer 4: 69/768 type remove
2026-07-28 13:13:23,035 [inflora.py] => [InfLoRA] Layer 5: 110/768 type remove
2026-07-28 13:13:23,035 [inflora.py] => [InfLoRA] Layer 6: 137/768 type remove
2026-07-28 13:13:23,035 [inflora.py] => [InfLoRA] Layer 7: 150/768 type remove
2026-07-28 13:13:23,035 [inflora.py] => [InfLoRA] Layer 8: 206/768 type remove
2026-07-28 13:13:23,035 [inflora.py] => [InfLoRA] Layer 9: 323/768 type remove
2026-07-28 13:13:23,035 [inflora.py] => [InfLoRA] Layer 10: 336/768 type retain
2026-07-28 13:13:23,035 [inflora.py] => [InfLoRA] Layer 11: 376/768 type remove
2026-07-28 13:13:23,036 [inflora.py] => [InfLoRA] Layer 12: 370/768 type retain
2026-07-28 13:14:49,366 [inflora.py] => [InfLoRA] DualGPM threshold: 0.9750
2026-07-28 13:14:50,678 [inflora.py] => [InfLoRA] Layer 1: 42/768 type remove
2026-07-28 13:14:50,678 [inflora.py] => [InfLoRA] Layer 2: 22/768 type remove
2026-07-28 13:14:50,678 [inflora.py] => [InfLoRA] Layer 3: 64/768 type remove
2026-07-28 13:14:50,678 [inflora.py] => [InfLoRA] Layer 4: 69/768 type remove
2026-07-28 13:14:50,678 [inflora.py] => [InfLoRA] Layer 5: 110/768 type remove
2026-07-28 13:14:50,678 [inflora.py] => [InfLoRA] Layer 6: 137/768 type remove
2026-07-28 13:14:50,678 [inflora.py] => [InfLoRA] Layer 7: 150/768 type remove
2026-07-28 13:14:50,678 [inflora.py] => [InfLoRA] Layer 8: 206/768 type remove
2026-07-28 13:14:50,678 [inflora.py] => [InfLoRA] Layer 9: 323/768 type remove
2026-07-28 13:14:50,679 [inflora.py] => [InfLoRA] Layer 10: 336/768 type retain
2026-07-28 13:14:50,679 [inflora.py] => [InfLoRA] Layer 11: 376/768 type remove
2026-07-28 13:14:50,679 [inflora.py] => [InfLoRA] Layer 12: 370/768 type retain
2026-07-28 13:16:18,513 [inflora.py] => [InfLoRA] DualGPM threshold: 0.9750
2026-07-28 13:16:19,649 [inflora.py] => [InfLoRA] Layer 1: 42/768 type remove
2026-07-28 13:16:19,649 [inflora.py] => [InfLoRA] Layer 2: 22/768 type remove
2026-07-28 13:16:19,649 [inflora.py] => [InfLoRA] Layer 3: 64/768 type remove
2026-07-28 13:16:19,649 [inflora.py] => [InfLoRA] Layer 4: 69/768 type remove
2026-07-28 13:16:19,649 [inflora.py] => [InfLoRA] Layer 5: 111/768 type remove
2026-07-28 13:16:19,649 [inflora.py] => [InfLoRA] Layer 6: 138/768 type remove
2026-07-28 13:16:19,649 [inflora.py] => [InfLoRA] Layer 7: 151/768 type remove
2026-07-28 13:16:19,649 [inflora.py] => [InfLoRA] Layer 8: 206/768 type remove
2026-07-28 13:16:19,649 [inflora.py] => [InfLoRA] Layer 9: 323/768 type remove
2026-07-28 13:16:19,649 [inflora.py] => [InfLoRA] Layer 10: 336/768 type retain
2026-07-28 13:16:19,650 [inflora.py] => [InfLoRA] Layer 11: 376/768 type remove
2026-07-28 13:16:19,650 [inflora.py] => [InfLoRA] Layer 12: 369/768 type retain
2026-07-28 13:17:46,579 [inflora.py] => [InfLoRA] DualGPM threshold: 0.9750
2026-07-28 13:17:47,727 [inflora.py] => [InfLoRA] Layer 1: 42/768 type remove
2026-07-28 13:17:47,727 [inflora.py] => [InfLoRA] Layer 2: 22/768 type remove
2026-07-28 13:17:47,727 [inflora.py] => [InfLoRA] Layer 3: 65/768 type remove
2026-07-28 13:17:47,727 [inflora.py] => [InfLoRA] Layer 4: 70/768 type remove
2026-07-28 13:17:47,727 [inflora.py] => [InfLoRA] Layer 5: 112/768 type remove
2026-07-28 13:17:47,727 [inflora.py] => [InfLoRA] Layer 6: 139/768 type remove
2026-07-28 13:17:47,727 [inflora.py] => [InfLoRA] Layer 7: 152/768 type remove
2026-07-28 13:17:47,727 [inflora.py] => [InfLoRA] Layer 8: 207/768 type remove
2026-07-28 13:17:47,727 [inflora.py] => [InfLoRA] Layer 9: 324/768 type remove
2026-07-28 13:17:47,727 [inflora.py] => [InfLoRA] Layer 10: 336/768 type retain
2026-07-28 13:17:47,727 [inflora.py] => [InfLoRA] Layer 11: 376/768 type remove
2026-07-28 13:17:47,727 [inflora.py] => [InfLoRA] Layer 12: 368/768 type retain
2026-07-28 13:19:13,882 [inflora.py] => [InfLoRA] DualGPM threshold: 0.9750
2026-07-28 13:19:15,245 [inflora.py] => [InfLoRA] Layer 1: 42/768 type remove
2026-07-28 13:19:15,245 [inflora.py] => [InfLoRA] Layer 2: 22/768 type remove
2026-07-28 13:19:15,245 [inflora.py] => [InfLoRA] Layer 3: 65/768 type remove
2026-07-28 13:19:15,245 [inflora.py] => [InfLoRA] Layer 4: 71/768 type remove
2026-07-28 13:19:15,245 [inflora.py] => [InfLoRA] Layer 5: 113/768 type remove
2026-07-28 13:19:15,245 [inflora.py] => [InfLoRA] Layer 6: 141/768 type remove
2026-07-28 13:19:15,245 [inflora.py] => [InfLoRA] Layer 7: 153/768 type remove
2026-07-28 13:19:15,245 [inflora.py] => [InfLoRA] Layer 8: 208/768 type remove
2026-07-28 13:19:15,245 [inflora.py] => [InfLoRA] Layer 9: 324/768 type remove
2026-07-28 13:19:15,245 [inflora.py] => [InfLoRA] Layer 10: 336/768 type retain
2026-07-28 13:19:15,245 [inflora.py] => [InfLoRA] Layer 11: 376/768 type remove
2026-07-28 13:19:15,245 [inflora.py] => [InfLoRA] Layer 12: 367/768 type retain
2026-07-28 13:20:44,622 [inflora.py] => [InfLoRA] DualGPM threshold: 0.9750
2026-07-28 13:20:45,753 [inflora.py] => [InfLoRA] Layer 1: 42/768 type remove
2026-07-28 13:20:45,753 [inflora.py] => [InfLoRA] Layer 2: 22/768 type remove
2026-07-28 13:20:45,753 [inflora.py] => [InfLoRA] Layer 3: 66/768 type remove
2026-07-28 13:20:45,753 [inflora.py] => [InfLoRA] Layer 4: 72/768 type remove
2026-07-28 13:20:45,753 [inflora.py] => [InfLoRA] Layer 5: 114/768 type remove
2026-07-28 13:20:45,753 [inflora.py] => [InfLoRA] Layer 6: 142/768 type remove
2026-07-28 13:20:45,753 [inflora.py] => [InfLoRA] Layer 7: 154/768 type remove
2026-07-28 13:20:45,753 [inflora.py] => [InfLoRA] Layer 8: 209/768 type remove
2026-07-28 13:20:45,753 [inflora.py] => [InfLoRA] Layer 9: 325/768 type remove
2026-07-28 13:20:45,753 [inflora.py] => [InfLoRA] Layer 10: 335/768 type retain
2026-07-28 13:20:45,753 [inflora.py] => [InfLoRA] Layer 11: 377/768 type remove
2026-07-28 13:20:45,753 [inflora.py] => [InfLoRA] Layer 12: 367/768 type retain
2026-07-28 13:22:15,694 [inflora.py] => [InfLoRA] DualGPM threshold: 0.9750
2026-07-28 13:22:16,860 [inflora.py] => [InfLoRA] Layer 1: 42/768 type remove
2026-07-28 13:22:16,860 [inflora.py] => [InfLoRA] Layer 2: 22/768 type remove
2026-07-28 13:22:16,860 [inflora.py] => [InfLoRA] Layer 3: 67/768 type remove
2026-07-28 13:22:16,860 [inflora.py] => [InfLoRA] Layer 4: 73/768 type remove
2026-07-28 13:22:16,860 [inflora.py] => [InfLoRA] Layer 5: 116/768 type remove
2026-07-28 13:22:16,860 [inflora.py] => [InfLoRA] Layer 6: 144/768 type remove
2026-07-28 13:22:16,860 [inflora.py] => [InfLoRA] Layer 7: 156/768 type remove
2026-07-28 13:22:16,860 [inflora.py] => [InfLoRA] Layer 8: 215/768 type remove
2026-07-28 13:22:16,860 [inflora.py] => [InfLoRA] Layer 9: 329/768 type remove
2026-07-28 13:22:16,860 [inflora.py] => [InfLoRA] Layer 10: 333/768 type retain
2026-07-28 13:22:16,860 [inflora.py] => [InfLoRA] Layer 11: 379/768 type remove
2026-07-28 13:22:16,860 [inflora.py] => [InfLoRA] Layer 12: 365/768 type retain
2026-07-28 13:23:40,253 [inflora.py] => [InfLoRA] DualGPM threshold: 0.9750
2026-07-28 13:23:41,427 [inflora.py] => [InfLoRA] Layer 1: 42/768 type remove
2026-07-28 13:23:41,427 [inflora.py] => [InfLoRA] Layer 2: 22/768 type remove
2026-07-28 13:23:41,427 [inflora.py] => [InfLoRA] Layer 3: 67/768 type remove
2026-07-28 13:23:41,427 [inflora.py] => [InfLoRA] Layer 4: 73/768 type remove
2026-07-28 13:23:41,427 [inflora.py] => [InfLoRA] Layer 5: 117/768 type remove
2026-07-28 13:23:41,427 [inflora.py] => [InfLoRA] Layer 6: 145/768 type remove
2026-07-28 13:23:41,427 [inflora.py] => [InfLoRA] Layer 7: 157/768 type remove
2026-07-28 13:23:41,427 [inflora.py] => [InfLoRA] Layer 8: 215/768 type remove
2026-07-28 13:23:41,427 [inflora.py] => [InfLoRA] Layer 9: 329/768 type remove
2026-07-28 13:23:41,427 [inflora.py] => [InfLoRA] Layer 10: 333/768 type retain
2026-07-28 13:23:41,427 [inflora.py] => [InfLoRA] Layer 11: 380/768 type remove
2026-07-28 13:23:41,427 [inflora.py] => [InfLoRA] Layer 12: 364/768 type retain
2026-07-28 13:25:04,790 [inflora.py] => [InfLoRA] DualGPM threshold: 0.9750
2026-07-28 13:25:05,951 [inflora.py] => [InfLoRA] Layer 1: 42/768 type remove
2026-07-28 13:25:05,951 [inflora.py] => [InfLoRA] Layer 2: 22/768 type remove
2026-07-28 13:25:05,951 [inflora.py] => [InfLoRA] Layer 3: 67/768 type remove
2026-07-28 13:25:05,952 [inflora.py] => [InfLoRA] Layer 4: 73/768 type remove
2026-07-28 13:25:05,952 [inflora.py] => [InfLoRA] Layer 5: 117/768 type remove
2026-07-28 13:25:05,952 [inflora.py] => [InfLoRA] Layer 6: 145/768 type remove
2026-07-28 13:25:05,952 [inflora.py] => [InfLoRA] Layer 7: 157/768 type remove
2026-07-28 13:25:05,952 [inflora.py] => [InfLoRA] Layer 8: 215/768 type remove
2026-07-28 13:25:05,952 [inflora.py] => [InfLoRA] Layer 9: 329/768 type remove
2026-07-28 13:25:05,952 [inflora.py] => [InfLoRA] Layer 10: 333/768 type retain
2026-07-28 13:25:05,952 [inflora.py] => [InfLoRA] Layer 11: 380/768 type remove
2026-07-28 13:25:05,952 [inflora.py] => [InfLoRA] Layer 12: 363/768 type retain
2026-07-28 13:26:29,582 [inflora.py] => [InfLoRA] DualGPM threshold: 0.9750
2026-07-28 13:26:30,773 [inflora.py] => [InfLoRA] Layer 1: 42/768 type remove
2026-07-28 13:26:30,773 [inflora.py] => [InfLoRA] Layer 2: 22/768 type remove
2026-07-28 13:26:30,773 [inflora.py] => [InfLoRA] Layer 3: 67/768 type remove
2026-07-28 13:26:30,773 [inflora.py] => [InfLoRA] Layer 4: 73/768 type remove
2026-07-28 13:26:30,773 [inflora.py] => [InfLoRA] Layer 5: 118/768 type remove
2026-07-28 13:26:30,773 [inflora.py] => [InfLoRA] Layer 6: 146/768 type remove
2026-07-28 13:26:30,773 [inflora.py] => [InfLoRA] Layer 7: 158/768 type remove
2026-07-28 13:26:30,773 [inflora.py] => [InfLoRA] Layer 8: 216/768 type remove
2026-07-28 13:26:30,773 [inflora.py] => [InfLoRA] Layer 9: 330/768 type remove
2026-07-28 13:26:30,773 [inflora.py] => [InfLoRA] Layer 10: 332/768 type retain
2026-07-28 13:26:30,773 [inflora.py] => [InfLoRA] Layer 11: 381/768 type remove
2026-07-28 13:26:30,773 [inflora.py] => [InfLoRA] Layer 12: 362/768 type retain
2026-07-28 13:27:53,910 [inflora.py] => [InfLoRA] DualGPM threshold: 0.9750
2026-07-28 13:27:55,071 [inflora.py] => [InfLoRA] Layer 1: 42/768 type remove
2026-07-28 13:27:55,071 [inflora.py] => [InfLoRA] Layer 2: 22/768 type remove
2026-07-28 13:27:55,071 [inflora.py] => [InfLoRA] Layer 3: 68/768 type remove
2026-07-28 13:27:55,071 [inflora.py] => [InfLoRA] Layer 4: 74/768 type remove
2026-07-28 13:27:55,071 [inflora.py] => [InfLoRA] Layer 5: 119/768 type remove
2026-07-28 13:27:55,071 [inflora.py] => [InfLoRA] Layer 6: 147/768 type remove
2026-07-28 13:27:55,072 [inflora.py] => [InfLoRA] Layer 7: 158/768 type remove
2026-07-28 13:27:55,072 [inflora.py] => [InfLoRA] Layer 8: 216/768 type remove
2026-07-28 13:27:55,072 [inflora.py] => [InfLoRA] Layer 9: 330/768 type remove
2026-07-28 13:27:55,072 [inflora.py] => [InfLoRA] Layer 10: 332/768 type retain
2026-07-28 13:27:55,072 [inflora.py] => [InfLoRA] Layer 11: 381/768 type remove
2026-07-28 13:27:55,072 [inflora.py] => [InfLoRA] Layer 12: 361/768 type retain
2026-07-28 13:29:18,226 [inflora.py] => [InfLoRA] DualGPM threshold: 0.9750
2026-07-28 13:29:19,375 [inflora.py] => [InfLoRA] Layer 1: 42/768 type remove
2026-07-28 13:29:19,375 [inflora.py] => [InfLoRA] Layer 2: 22/768 type remove
2026-07-28 13:29:19,375 [inflora.py] => [InfLoRA] Layer 3: 68/768 type remove
2026-07-28 13:29:19,375 [inflora.py] => [InfLoRA] Layer 4: 74/768 type remove
2026-07-28 13:29:19,375 [inflora.py] => [InfLoRA] Layer 5: 120/768 type remove
2026-07-28 13:29:19,375 [inflora.py] => [InfLoRA] Layer 6: 148/768 type remove
2026-07-28 13:29:19,375 [inflora.py] => [InfLoRA] Layer 7: 159/768 type remove
2026-07-28 13:29:19,375 [inflora.py] => [InfLoRA] Layer 8: 216/768 type remove
2026-07-28 13:29:19,375 [inflora.py] => [InfLoRA] Layer 9: 331/768 type remove
2026-07-28 13:29:19,375 [inflora.py] => [InfLoRA] Layer 10: 331/768 type retain
2026-07-28 13:29:19,375 [inflora.py] => [InfLoRA] Layer 11: 383/768 type remove
2026-07-28 13:29:19,375 [inflora.py] => [InfLoRA] Layer 12: 361/768 type retain
2026-07-28 13:29:38,506 [bounded_memory_mixin.py] => [bounded_mem eval] volume 0.70 | cycle 84 | classes_seen 710 | CIL top1 46.08 | top5 75.95 | (nearest latent task ~70) | param_hash 1e89ed5e0f712391 | per-task [44.95, 34.01, 56.5, 29.15, 43.22, 57.79, 46.46, 50.51, 45.18, 46.67, 61.31, 66.83, 62.0, 48.99, 32.16, 43.5, 43.0, 46.46, 68.0, 32.32, 32.83, 36.36, 46.23, 52.55, 39.39, 56.0, 65.0, 51.27, 56.28, 49.5, 46.73, 25.63, 57.5, 32.83, 39.7, 54.27, 61.42, 20.5, 62.5, 38.69, 61.5, 26.67, 53.77, 46.0, 42.21, 44.16, 41.92, 60.5, 43.0, 47.74, 43.65, 54.27, 32.16, 64.0, 39.2, 71.72, 69.0, 33.17, 36.68, 20.2, 33.5, 44.95, 40.0, 45.69, 49.24, 49.49, 35.53, 43.94, 54.77, 48.5, 8.63]
2026-07-28 13:31:01,815 [inflora.py] => [InfLoRA] DualGPM threshold: 0.9750
2026-07-28 13:31:03,005 [inflora.py] => [InfLoRA] Layer 1: 42/768 type remove
2026-07-28 13:31:03,005 [inflora.py] => [InfLoRA] Layer 2: 22/768 type remove
2026-07-28 13:31:03,005 [inflora.py] => [InfLoRA] Layer 3: 68/768 type remove
2026-07-28 13:31:03,005 [inflora.py] => [InfLoRA] Layer 4: 75/768 type remove
2026-07-28 13:31:03,005 [inflora.py] => [InfLoRA] Layer 5: 121/768 type remove
2026-07-28 13:31:03,005 [inflora.py] => [InfLoRA] Layer 6: 149/768 type remove
2026-07-28 13:31:03,005 [inflora.py] => [InfLoRA] Layer 7: 159/768 type remove
2026-07-28 13:31:03,005 [inflora.py] => [InfLoRA] Layer 8: 216/768 type remove
2026-07-28 13:31:03,005 [inflora.py] => [InfLoRA] Layer 9: 331/768 type remove
2026-07-28 13:31:03,005 [inflora.py] => [InfLoRA] Layer 10: 331/768 type retain
2026-07-28 13:31:03,005 [inflora.py] => [InfLoRA] Layer 11: 384/768 type remove
2026-07-28 13:31:03,005 [inflora.py] => [InfLoRA] Layer 12: 360/768 type retain
2026-07-28 13:32:26,784 [inflora.py] => [InfLoRA] DualGPM threshold: 0.9750
2026-07-28 13:32:27,959 [inflora.py] => [InfLoRA] Layer 1: 42/768 type remove
2026-07-28 13:32:27,959 [inflora.py] => [InfLoRA] Layer 2: 22/768 type remove
2026-07-28 13:32:27,959 [inflora.py] => [InfLoRA] Layer 3: 68/768 type remove
2026-07-28 13:32:27,959 [inflora.py] => [InfLoRA] Layer 4: 75/768 type remove
2026-07-28 13:32:27,959 [inflora.py] => [InfLoRA] Layer 5: 121/768 type remove
2026-07-28 13:32:27,959 [inflora.py] => [InfLoRA] Layer 6: 149/768 type remove
2026-07-28 13:32:27,959 [inflora.py] => [InfLoRA] Layer 7: 159/768 type remove
2026-07-28 13:32:27,959 [inflora.py] => [InfLoRA] Layer 8: 216/768 type remove
2026-07-28 13:32:27,959 [inflora.py] => [InfLoRA] Layer 9: 331/768 type remove
2026-07-28 13:32:27,959 [inflora.py] => [InfLoRA] Layer 10: 330/768 type retain
2026-07-28 13:32:27,975 [inflora.py] => [InfLoRA] Layer 11: 383/768 type retain
2026-07-28 13:32:27,975 [inflora.py] => [InfLoRA] Layer 12: 359/768 type retain
2026-07-28 13:33:51,676 [inflora.py] => [InfLoRA] DualGPM threshold: 0.9750
2026-07-28 13:33:52,906 [inflora.py] => [InfLoRA] Layer 1: 42/768 type remove
2026-07-28 13:33:52,906 [inflora.py] => [InfLoRA] Layer 2: 22/768 type remove
2026-07-28 13:33:52,906 [inflora.py] => [InfLoRA] Layer 3: 68/768 type remove
2026-07-28 13:33:52,906 [inflora.py] => [InfLoRA] Layer 4: 75/768 type remove
2026-07-28 13:33:52,906 [inflora.py] => [InfLoRA] Layer 5: 122/768 type remove
2026-07-28 13:33:52,906 [inflora.py] => [InfLoRA] Layer 6: 150/768 type remove
2026-07-28 13:33:52,906 [inflora.py] => [InfLoRA] Layer 7: 160/768 type remove
2026-07-28 13:33:52,906 [inflora.py] => [InfLoRA] Layer 8: 217/768 type remove
2026-07-28 13:33:52,906 [inflora.py] => [InfLoRA] Layer 9: 332/768 type remove
2026-07-28 13:33:52,906 [inflora.py] => [InfLoRA] Layer 10: 330/768 type retain
2026-07-28 13:33:52,906 [inflora.py] => [InfLoRA] Layer 11: 382/768 type retain
2026-07-28 13:33:52,906 [inflora.py] => [InfLoRA] Layer 12: 358/768 type retain
2026-07-28 13:35:16,114 [inflora.py] => [InfLoRA] DualGPM threshold: 0.9750
2026-07-28 13:35:17,366 [inflora.py] => [InfLoRA] Layer 1: 42/768 type remove
2026-07-28 13:35:17,366 [inflora.py] => [InfLoRA] Layer 2: 22/768 type remove
2026-07-28 13:35:17,366 [inflora.py] => [InfLoRA] Layer 3: 68/768 type remove
2026-07-28 13:35:17,366 [inflora.py] => [InfLoRA] Layer 4: 76/768 type remove
2026-07-28 13:35:17,366 [inflora.py] => [InfLoRA] Layer 5: 122/768 type remove
2026-07-28 13:35:17,366 [inflora.py] => [InfLoRA] Layer 6: 150/768 type remove
2026-07-28 13:35:17,366 [inflora.py] => [InfLoRA] Layer 7: 160/768 type remove
2026-07-28 13:35:17,366 [inflora.py] => [InfLoRA] Layer 8: 217/768 type remove
2026-07-28 13:35:17,366 [inflora.py] => [InfLoRA] Layer 9: 332/768 type remove
2026-07-28 13:35:17,366 [inflora.py] => [InfLoRA] Layer 10: 330/768 type retain
2026-07-28 13:35:17,366 [inflora.py] => [InfLoRA] Layer 11: 382/768 type retain
2026-07-28 13:35:17,366 [inflora.py] => [InfLoRA] Layer 12: 357/768 type retain
2026-07-28 13:36:41,823 [inflora.py] => [InfLoRA] DualGPM threshold: 0.9750
2026-07-28 13:36:43,038 [inflora.py] => [InfLoRA] Layer 1: 42/768 type remove
2026-07-28 13:36:43,038 [inflora.py] => [InfLoRA] Layer 2: 22/768 type remove
2026-07-28 13:36:43,038 [inflora.py] => [InfLoRA] Layer 3: 68/768 type remove
2026-07-28 13:36:43,038 [inflora.py] => [InfLoRA] Layer 4: 76/768 type remove
2026-07-28 13:36:43,039 [inflora.py] => [InfLoRA] Layer 5: 123/768 type remove
2026-07-28 13:36:43,039 [inflora.py] => [InfLoRA] Layer 6: 151/768 type remove
2026-07-28 13:36:43,039 [inflora.py] => [InfLoRA] Layer 7: 161/768 type remove
2026-07-28 13:36:43,039 [inflora.py] => [InfLoRA] Layer 8: 218/768 type remove
2026-07-28 13:36:43,039 [inflora.py] => [InfLoRA] Layer 9: 333/768 type remove
2026-07-28 13:36:43,039 [inflora.py] => [InfLoRA] Layer 10: 330/768 type retain
2026-07-28 13:36:43,039 [inflora.py] => [InfLoRA] Layer 11: 382/768 type retain
2026-07-28 13:36:43,039 [inflora.py] => [InfLoRA] Layer 12: 356/768 type retain
2026-07-28 13:38:07,071 [inflora.py] => [InfLoRA] DualGPM threshold: 0.9750
2026-07-28 13:38:08,251 [inflora.py] => [InfLoRA] Layer 1: 42/768 type remove
2026-07-28 13:38:08,251 [inflora.py] => [InfLoRA] Layer 2: 22/768 type remove
2026-07-28 13:38:08,251 [inflora.py] => [InfLoRA] Layer 3: 68/768 type remove
2026-07-28 13:38:08,251 [inflora.py] => [InfLoRA] Layer 4: 76/768 type remove
2026-07-28 13:38:08,251 [inflora.py] => [InfLoRA] Layer 5: 123/768 type remove
2026-07-28 13:38:08,251 [inflora.py] => [InfLoRA] Layer 6: 151/768 type remove
2026-07-28 13:38:08,251 [inflora.py] => [InfLoRA] Layer 7: 161/768 type remove
2026-07-28 13:38:08,251 [inflora.py] => [InfLoRA] Layer 8: 218/768 type remove
2026-07-28 13:38:08,251 [inflora.py] => [InfLoRA] Layer 9: 333/768 type remove
2026-07-28 13:38:08,251 [inflora.py] => [InfLoRA] Layer 10: 330/768 type retain
2026-07-28 13:38:08,251 [inflora.py] => [InfLoRA] Layer 11: 381/768 type retain
2026-07-28 13:38:08,251 [inflora.py] => [InfLoRA] Layer 12: 355/768 type retain
2026-07-28 13:39:31,628 [inflora.py] => [InfLoRA] DualGPM threshold: 0.9750
2026-07-28 13:39:32,926 [inflora.py] => [InfLoRA] Layer 1: 42/768 type remove
2026-07-28 13:39:32,926 [inflora.py] => [InfLoRA] Layer 2: 22/768 type remove
2026-07-28 13:39:32,926 [inflora.py] => [InfLoRA] Layer 3: 69/768 type remove
2026-07-28 13:39:32,926 [inflora.py] => [InfLoRA] Layer 4: 76/768 type remove
2026-07-28 13:39:32,926 [inflora.py] => [InfLoRA] Layer 5: 124/768 type remove
2026-07-28 13:39:32,926 [inflora.py] => [InfLoRA] Layer 6: 152/768 type remove
2026-07-28 13:39:32,926 [inflora.py] => [InfLoRA] Layer 7: 162/768 type remove
2026-07-28 13:39:32,926 [inflora.py] => [InfLoRA] Layer 8: 219/768 type remove
2026-07-28 13:39:32,926 [inflora.py] => [InfLoRA] Layer 9: 334/768 type remove
2026-07-28 13:39:32,926 [inflora.py] => [InfLoRA] Layer 10: 329/768 type retain
2026-07-28 13:39:32,926 [inflora.py] => [InfLoRA] Layer 11: 380/768 type retain
2026-07-28 13:39:32,926 [inflora.py] => [InfLoRA] Layer 12: 354/768 type retain
2026-07-28 13:40:56,456 [inflora.py] => [InfLoRA] DualGPM threshold: 0.9750
2026-07-28 13:40:57,663 [inflora.py] => [InfLoRA] Layer 1: 42/768 type remove
2026-07-28 13:40:57,664 [inflora.py] => [InfLoRA] Layer 2: 22/768 type remove
2026-07-28 13:40:57,664 [inflora.py] => [InfLoRA] Layer 3: 69/768 type remove
2026-07-28 13:40:57,664 [inflora.py] => [InfLoRA] Layer 4: 76/768 type remove
2026-07-28 13:40:57,664 [inflora.py] => [InfLoRA] Layer 5: 125/768 type remove
2026-07-28 13:40:57,664 [inflora.py] => [InfLoRA] Layer 6: 153/768 type remove
2026-07-28 13:40:57,664 [inflora.py] => [InfLoRA] Layer 7: 163/768 type remove
2026-07-28 13:40:57,664 [inflora.py] => [InfLoRA] Layer 8: 220/768 type remove
2026-07-28 13:40:57,664 [inflora.py] => [InfLoRA] Layer 9: 334/768 type remove
2026-07-28 13:40:57,664 [inflora.py] => [InfLoRA] Layer 10: 329/768 type retain
2026-07-28 13:40:57,664 [inflora.py] => [InfLoRA] Layer 11: 380/768 type retain
2026-07-28 13:40:57,664 [inflora.py] => [InfLoRA] Layer 12: 354/768 type retain
2026-07-28 13:42:20,661 [inflora.py] => [InfLoRA] DualGPM threshold: 0.9750
2026-07-28 13:42:21,905 [inflora.py] => [InfLoRA] Layer 1: 42/768 type remove
2026-07-28 13:42:21,905 [inflora.py] => [InfLoRA] Layer 2: 22/768 type remove
2026-07-28 13:42:21,905 [inflora.py] => [InfLoRA] Layer 3: 69/768 type remove
2026-07-28 13:42:21,905 [inflora.py] => [InfLoRA] Layer 4: 77/768 type remove
2026-07-28 13:42:21,905 [inflora.py] => [InfLoRA] Layer 5: 125/768 type remove
2026-07-28 13:42:21,905 [inflora.py] => [InfLoRA] Layer 6: 153/768 type remove
2026-07-28 13:42:21,905 [inflora.py] => [InfLoRA] Layer 7: 164/768 type remove
2026-07-28 13:42:21,905 [inflora.py] => [InfLoRA] Layer 8: 221/768 type remove
2026-07-28 13:42:21,905 [inflora.py] => [InfLoRA] Layer 9: 335/768 type remove
2026-07-28 13:42:21,905 [inflora.py] => [InfLoRA] Layer 10: 328/768 type retain
2026-07-28 13:42:21,905 [inflora.py] => [InfLoRA] Layer 11: 379/768 type retain
2026-07-28 13:42:21,905 [inflora.py] => [InfLoRA] Layer 12: 354/768 type retain
2026-07-28 13:43:45,369 [inflora.py] => [InfLoRA] DualGPM threshold: 0.9750
2026-07-28 13:43:46,615 [inflora.py] => [InfLoRA] Layer 1: 42/768 type remove
2026-07-28 13:43:46,615 [inflora.py] => [InfLoRA] Layer 2: 22/768 type remove
2026-07-28 13:43:46,615 [inflora.py] => [InfLoRA] Layer 3: 70/768 type remove
2026-07-28 13:43:46,615 [inflora.py] => [InfLoRA] Layer 4: 77/768 type remove
2026-07-28 13:43:46,615 [inflora.py] => [InfLoRA] Layer 5: 126/768 type remove
2026-07-28 13:43:46,615 [inflora.py] => [InfLoRA] Layer 6: 154/768 type remove
2026-07-28 13:43:46,615 [inflora.py] => [InfLoRA] Layer 7: 164/768 type remove
2026-07-28 13:43:46,615 [inflora.py] => [InfLoRA] Layer 8: 221/768 type remove
2026-07-28 13:43:46,615 [inflora.py] => [InfLoRA] Layer 9: 335/768 type remove
2026-07-28 13:43:46,615 [inflora.py] => [InfLoRA] Layer 10: 328/768 type retain
2026-07-28 13:43:46,615 [inflora.py] => [InfLoRA] Layer 11: 379/768 type retain
2026-07-28 13:43:46,615 [inflora.py] => [InfLoRA] Layer 12: 354/768 type retain
2026-07-28 13:45:10,176 [inflora.py] => [InfLoRA] DualGPM threshold: 0.9750
2026-07-28 13:45:11,412 [inflora.py] => [InfLoRA] Layer 1: 42/768 type remove
2026-07-28 13:45:11,412 [inflora.py] => [InfLoRA] Layer 2: 22/768 type remove
2026-07-28 13:45:11,412 [inflora.py] => [InfLoRA] Layer 3: 70/768 type remove
2026-07-28 13:45:11,412 [inflora.py] => [InfLoRA] Layer 4: 77/768 type remove
2026-07-28 13:45:11,412 [inflora.py] => [InfLoRA] Layer 5: 127/768 type remove
2026-07-28 13:45:11,412 [inflora.py] => [InfLoRA] Layer 6: 154/768 type remove
2026-07-28 13:45:11,412 [inflora.py] => [InfLoRA] Layer 7: 164/768 type remove
2026-07-28 13:45:11,412 [inflora.py] => [InfLoRA] Layer 8: 222/768 type remove
2026-07-28 13:45:11,412 [inflora.py] => [InfLoRA] Layer 9: 336/768 type remove
2026-07-28 13:45:11,412 [inflora.py] => [InfLoRA] Layer 10: 328/768 type retain
2026-07-28 13:45:11,412 [inflora.py] => [InfLoRA] Layer 11: 379/768 type retain
2026-07-28 13:45:11,412 [inflora.py] => [InfLoRA] Layer 12: 353/768 type retain
2026-07-28 13:46:35,007 [inflora.py] => [InfLoRA] DualGPM threshold: 0.9750
2026-07-28 13:46:36,287 [inflora.py] => [InfLoRA] Layer 1: 42/768 type remove
2026-07-28 13:46:36,287 [inflora.py] => [InfLoRA] Layer 2: 22/768 type remove
2026-07-28 13:46:36,287 [inflora.py] => [InfLoRA] Layer 3: 70/768 type remove
2026-07-28 13:46:36,287 [inflora.py] => [InfLoRA] Layer 4: 78/768 type remove
2026-07-28 13:46:36,287 [inflora.py] => [InfLoRA] Layer 5: 128/768 type remove
2026-07-28 13:46:36,287 [inflora.py] => [InfLoRA] Layer 6: 155/768 type remove
2026-07-28 13:46:36,287 [inflora.py] => [InfLoRA] Layer 7: 165/768 type remove
2026-07-28 13:46:36,287 [inflora.py] => [InfLoRA] Layer 8: 224/768 type remove
2026-07-28 13:46:36,287 [inflora.py] => [InfLoRA] Layer 9: 340/768 type remove
2026-07-28 13:46:36,287 [inflora.py] => [InfLoRA] Layer 10: 326/768 type retain
2026-07-28 13:46:36,287 [inflora.py] => [InfLoRA] Layer 11: 377/768 type retain
2026-07-28 13:46:36,287 [inflora.py] => [InfLoRA] Layer 12: 351/768 type retain
2026-07-28 13:46:57,544 [bounded_memory_mixin.py] => [bounded_mem eval] volume 0.80 | cycle 96 | classes_seen 800 | CIL top1 44.80 | top5 74.35 | (nearest latent task ~79) | param_hash 45d44c5b5a28b088 | per-task [44.95, 35.53, 59.5, 23.12, 43.22, 54.27, 45.45, 47.98, 43.15, 41.03, 54.77, 56.78, 60.5, 47.98, 26.13, 42.5, 39.0, 40.4, 70.5, 28.79, 33.33, 35.35, 46.73, 49.49, 44.44, 55.5, 59.0, 52.79, 50.75, 47.0, 44.22, 24.12, 55.5, 33.84, 35.68, 57.79, 54.31, 23.0, 62.5, 40.2, 59.5, 25.13, 50.25, 41.5, 39.2, 42.64, 39.39, 57.0, 40.0, 45.73, 41.62, 56.28, 29.65, 56.5, 35.18, 67.68, 65.0, 36.18, 35.68, 20.2, 32.0, 43.43, 34.36, 44.67, 44.67, 48.48, 34.52, 45.96, 51.26, 43.0, 27.41, 38.19, 43.22, 57.22, 65.0, 32.16, 42.0, 49.49, 53.81, 56.57]
2026-07-28 13:48:20,732 [inflora.py] => [InfLoRA] DualGPM threshold: 0.9750
2026-07-28 13:48:21,909 [inflora.py] => [InfLoRA] Layer 1: 42/768 type remove
2026-07-28 13:48:21,909 [inflora.py] => [InfLoRA] Layer 2: 22/768 type remove
2026-07-28 13:48:21,909 [inflora.py] => [InfLoRA] Layer 3: 70/768 type remove
2026-07-28 13:48:21,909 [inflora.py] => [InfLoRA] Layer 4: 78/768 type remove
2026-07-28 13:48:21,909 [inflora.py] => [InfLoRA] Layer 5: 129/768 type remove
2026-07-28 13:48:21,909 [inflora.py] => [InfLoRA] Layer 6: 156/768 type remove
2026-07-28 13:48:21,909 [inflora.py] => [InfLoRA] Layer 7: 166/768 type remove
2026-07-28 13:48:21,909 [inflora.py] => [InfLoRA] Layer 8: 224/768 type remove
2026-07-28 13:48:21,909 [inflora.py] => [InfLoRA] Layer 9: 340/768 type remove
2026-07-28 13:48:21,909 [inflora.py] => [InfLoRA] Layer 10: 326/768 type retain
2026-07-28 13:48:21,909 [inflora.py] => [InfLoRA] Layer 11: 376/768 type retain
2026-07-28 13:48:21,909 [inflora.py] => [InfLoRA] Layer 12: 351/768 type retain
2026-07-28 13:49:45,476 [inflora.py] => [InfLoRA] DualGPM threshold: 0.9750
2026-07-28 13:49:46,683 [inflora.py] => [InfLoRA] Layer 1: 42/768 type remove
2026-07-28 13:49:46,683 [inflora.py] => [InfLoRA] Layer 2: 22/768 type remove
2026-07-28 13:49:46,683 [inflora.py] => [InfLoRA] Layer 3: 71/768 type remove
2026-07-28 13:49:46,683 [inflora.py] => [InfLoRA] Layer 4: 78/768 type remove
2026-07-28 13:49:46,683 [inflora.py] => [InfLoRA] Layer 5: 129/768 type remove
2026-07-28 13:49:46,683 [inflora.py] => [InfLoRA] Layer 6: 156/768 type remove
2026-07-28 13:49:46,683 [inflora.py] => [InfLoRA] Layer 7: 166/768 type remove
2026-07-28 13:49:46,683 [inflora.py] => [InfLoRA] Layer 8: 224/768 type remove
2026-07-28 13:49:46,683 [inflora.py] => [InfLoRA] Layer 9: 340/768 type remove
2026-07-28 13:49:46,683 [inflora.py] => [InfLoRA] Layer 10: 325/768 type retain
2026-07-28 13:49:46,683 [inflora.py] => [InfLoRA] Layer 11: 375/768 type retain
2026-07-28 13:49:46,683 [inflora.py] => [InfLoRA] Layer 12: 350/768 type retain
2026-07-28 13:51:10,228 [inflora.py] => [InfLoRA] DualGPM threshold: 0.9750
2026-07-28 13:51:11,471 [inflora.py] => [InfLoRA] Layer 1: 42/768 type remove
2026-07-28 13:51:11,471 [inflora.py] => [InfLoRA] Layer 2: 22/768 type remove
2026-07-28 13:51:11,471 [inflora.py] => [InfLoRA] Layer 3: 71/768 type remove
2026-07-28 13:51:11,471 [inflora.py] => [InfLoRA] Layer 4: 79/768 type remove
2026-07-28 13:51:11,471 [inflora.py] => [InfLoRA] Layer 5: 130/768 type remove
2026-07-28 13:51:11,472 [inflora.py] => [InfLoRA] Layer 6: 157/768 type remove
2026-07-28 13:51:11,472 [inflora.py] => [InfLoRA] Layer 7: 167/768 type remove
2026-07-28 13:51:11,472 [inflora.py] => [InfLoRA] Layer 8: 225/768 type remove
2026-07-28 13:51:11,472 [inflora.py] => [InfLoRA] Layer 9: 341/768 type remove
2026-07-28 13:51:11,472 [inflora.py] => [InfLoRA] Layer 10: 324/768 type retain
2026-07-28 13:51:11,472 [inflora.py] => [InfLoRA] Layer 11: 375/768 type retain
2026-07-28 13:51:11,472 [inflora.py] => [InfLoRA] Layer 12: 349/768 type retain
2026-07-28 13:52:34,894 [inflora.py] => [InfLoRA] DualGPM threshold: 0.9750
2026-07-28 13:52:36,114 [inflora.py] => [InfLoRA] Layer 1: 42/768 type remove
2026-07-28 13:52:36,114 [inflora.py] => [InfLoRA] Layer 2: 22/768 type remove
2026-07-28 13:52:36,114 [inflora.py] => [InfLoRA] Layer 3: 71/768 type remove
2026-07-28 13:52:36,114 [inflora.py] => [InfLoRA] Layer 4: 80/768 type remove
2026-07-28 13:52:36,114 [inflora.py] => [InfLoRA] Layer 5: 131/768 type remove
2026-07-28 13:52:36,114 [inflora.py] => [InfLoRA] Layer 6: 158/768 type remove
2026-07-28 13:52:36,114 [inflora.py] => [InfLoRA] Layer 7: 167/768 type remove
2026-07-28 13:52:36,114 [inflora.py] => [InfLoRA] Layer 8: 226/768 type remove
2026-07-28 13:52:36,114 [inflora.py] => [InfLoRA] Layer 9: 343/768 type remove
2026-07-28 13:52:36,114 [inflora.py] => [InfLoRA] Layer 10: 322/768 type retain
2026-07-28 13:52:36,114 [inflora.py] => [InfLoRA] Layer 11: 373/768 type retain
2026-07-28 13:52:36,114 [inflora.py] => [InfLoRA] Layer 12: 348/768 type retain
2026-07-28 13:53:59,416 [inflora.py] => [InfLoRA] DualGPM threshold: 0.9750
2026-07-28 13:54:00,662 [inflora.py] => [InfLoRA] Layer 1: 42/768 type remove
2026-07-28 13:54:00,662 [inflora.py] => [InfLoRA] Layer 2: 22/768 type remove
2026-07-28 13:54:00,662 [inflora.py] => [InfLoRA] Layer 3: 72/768 type remove
2026-07-28 13:54:00,662 [inflora.py] => [InfLoRA] Layer 4: 80/768 type remove
2026-07-28 13:54:00,662 [inflora.py] => [InfLoRA] Layer 5: 132/768 type remove
2026-07-28 13:54:00,662 [inflora.py] => [InfLoRA] Layer 6: 159/768 type remove
2026-07-28 13:54:00,662 [inflora.py] => [InfLoRA] Layer 7: 168/768 type remove
2026-07-28 13:54:00,662 [inflora.py] => [InfLoRA] Layer 8: 227/768 type remove
2026-07-28 13:54:00,662 [inflora.py] => [InfLoRA] Layer 9: 344/768 type remove
2026-07-28 13:54:00,662 [inflora.py] => [InfLoRA] Layer 10: 320/768 type retain
2026-07-28 13:54:00,662 [inflora.py] => [InfLoRA] Layer 11: 371/768 type retain
2026-07-28 13:54:00,662 [inflora.py] => [InfLoRA] Layer 12: 348/768 type retain
2026-07-28 13:55:24,506 [inflora.py] => [InfLoRA] DualGPM threshold: 0.9750
2026-07-28 13:55:25,703 [inflora.py] => [InfLoRA] Layer 1: 42/768 type remove
2026-07-28 13:55:25,703 [inflora.py] => [InfLoRA] Layer 2: 22/768 type remove
2026-07-28 13:55:25,703 [inflora.py] => [InfLoRA] Layer 3: 72/768 type remove
2026-07-28 13:55:25,703 [inflora.py] => [InfLoRA] Layer 4: 81/768 type remove
2026-07-28 13:55:25,703 [inflora.py] => [InfLoRA] Layer 5: 133/768 type remove
2026-07-28 13:55:25,703 [inflora.py] => [InfLoRA] Layer 6: 160/768 type remove
2026-07-28 13:55:25,703 [inflora.py] => [InfLoRA] Layer 7: 169/768 type remove
2026-07-28 13:55:25,703 [inflora.py] => [InfLoRA] Layer 8: 228/768 type remove
2026-07-28 13:55:25,703 [inflora.py] => [InfLoRA] Layer 9: 345/768 type remove
2026-07-28 13:55:25,703 [inflora.py] => [InfLoRA] Layer 10: 319/768 type retain
2026-07-28 13:55:25,703 [inflora.py] => [InfLoRA] Layer 11: 369/768 type retain
2026-07-28 13:55:25,703 [inflora.py] => [InfLoRA] Layer 12: 345/768 type retain
2026-07-28 13:56:49,059 [inflora.py] => [InfLoRA] DualGPM threshold: 0.9750
2026-07-28 13:56:50,255 [inflora.py] => [InfLoRA] Layer 1: 42/768 type remove
2026-07-28 13:56:50,255 [inflora.py] => [InfLoRA] Layer 2: 22/768 type remove
2026-07-28 13:56:50,255 [inflora.py] => [InfLoRA] Layer 3: 73/768 type remove
2026-07-28 13:56:50,255 [inflora.py] => [InfLoRA] Layer 4: 81/768 type remove
2026-07-28 13:56:50,255 [inflora.py] => [InfLoRA] Layer 5: 133/768 type remove
2026-07-28 13:56:50,255 [inflora.py] => [InfLoRA] Layer 6: 160/768 type remove
2026-07-28 13:56:50,255 [inflora.py] => [InfLoRA] Layer 7: 170/768 type remove
2026-07-28 13:56:50,255 [inflora.py] => [InfLoRA] Layer 8: 228/768 type remove
2026-07-28 13:56:50,255 [inflora.py] => [InfLoRA] Layer 9: 345/768 type remove
2026-07-28 13:56:50,255 [inflora.py] => [InfLoRA] Layer 10: 319/768 type retain
2026-07-28 13:56:50,255 [inflora.py] => [InfLoRA] Layer 11: 369/768 type retain
2026-07-28 13:56:50,255 [inflora.py] => [InfLoRA] Layer 12: 345/768 type retain
2026-07-28 13:58:13,790 [inflora.py] => [InfLoRA] DualGPM threshold: 0.9750
2026-07-28 13:58:14,988 [inflora.py] => [InfLoRA] Layer 1: 42/768 type remove
2026-07-28 13:58:14,988 [inflora.py] => [InfLoRA] Layer 2: 22/768 type remove
2026-07-28 13:58:14,988 [inflora.py] => [InfLoRA] Layer 3: 73/768 type remove
2026-07-28 13:58:14,988 [inflora.py] => [InfLoRA] Layer 4: 81/768 type remove
2026-07-28 13:58:14,988 [inflora.py] => [InfLoRA] Layer 5: 134/768 type remove
2026-07-28 13:58:14,988 [inflora.py] => [InfLoRA] Layer 6: 161/768 type remove
2026-07-28 13:58:14,988 [inflora.py] => [InfLoRA] Layer 7: 171/768 type remove
2026-07-28 13:58:14,988 [inflora.py] => [InfLoRA] Layer 8: 229/768 type remove
2026-07-28 13:58:14,988 [inflora.py] => [InfLoRA] Layer 9: 345/768 type remove
2026-07-28 13:58:14,988 [inflora.py] => [InfLoRA] Layer 10: 319/768 type retain
2026-07-28 13:58:14,988 [inflora.py] => [InfLoRA] Layer 11: 369/768 type retain
2026-07-28 13:58:14,988 [inflora.py] => [InfLoRA] Layer 12: 345/768 type retain
2026-07-28 13:59:38,453 [inflora.py] => [InfLoRA] DualGPM threshold: 0.9750
2026-07-28 13:59:39,675 [inflora.py] => [InfLoRA] Layer 1: 42/768 type remove
2026-07-28 13:59:39,675 [inflora.py] => [InfLoRA] Layer 2: 22/768 type remove
2026-07-28 13:59:39,676 [inflora.py] => [InfLoRA] Layer 3: 73/768 type remove
2026-07-28 13:59:39,676 [inflora.py] => [InfLoRA] Layer 4: 82/768 type remove
2026-07-28 13:59:39,676 [inflora.py] => [InfLoRA] Layer 5: 134/768 type remove
2026-07-28 13:59:39,676 [inflora.py] => [InfLoRA] Layer 6: 161/768 type remove
2026-07-28 13:59:39,676 [inflora.py] => [InfLoRA] Layer 7: 171/768 type remove
2026-07-28 13:59:39,676 [inflora.py] => [InfLoRA] Layer 8: 230/768 type remove
2026-07-28 13:59:39,676 [inflora.py] => [InfLoRA] Layer 9: 346/768 type remove
2026-07-28 13:59:39,676 [inflora.py] => [InfLoRA] Layer 10: 318/768 type retain
2026-07-28 13:59:39,676 [inflora.py] => [InfLoRA] Layer 11: 368/768 type retain
2026-07-28 13:59:39,676 [inflora.py] => [InfLoRA] Layer 12: 345/768 type retain
2026-07-28 14:01:02,995 [inflora.py] => [InfLoRA] DualGPM threshold: 0.9750
2026-07-28 14:01:04,196 [inflora.py] => [InfLoRA] Layer 1: 42/768 type remove
2026-07-28 14:01:04,196 [inflora.py] => [InfLoRA] Layer 2: 22/768 type remove
2026-07-28 14:01:04,196 [inflora.py] => [InfLoRA] Layer 3: 73/768 type remove
2026-07-28 14:01:04,196 [inflora.py] => [InfLoRA] Layer 4: 82/768 type remove
2026-07-28 14:01:04,196 [inflora.py] => [InfLoRA] Layer 5: 135/768 type remove
2026-07-28 14:01:04,196 [inflora.py] => [InfLoRA] Layer 6: 162/768 type remove
2026-07-28 14:01:04,196 [inflora.py] => [InfLoRA] Layer 7: 173/768 type remove
2026-07-28 14:01:04,196 [inflora.py] => [InfLoRA] Layer 8: 234/768 type remove
2026-07-28 14:01:04,196 [inflora.py] => [InfLoRA] Layer 9: 351/768 type remove
2026-07-28 14:01:04,196 [inflora.py] => [InfLoRA] Layer 10: 316/768 type retain
2026-07-28 14:01:04,196 [inflora.py] => [InfLoRA] Layer 11: 365/768 type retain
2026-07-28 14:01:04,196 [inflora.py] => [InfLoRA] Layer 12: 343/768 type retain
2026-07-28 14:02:27,337 [inflora.py] => [InfLoRA] DualGPM threshold: 0.9750
2026-07-28 14:02:28,600 [inflora.py] => [InfLoRA] Layer 1: 42/768 type remove
2026-07-28 14:02:28,600 [inflora.py] => [InfLoRA] Layer 2: 22/768 type remove
2026-07-28 14:02:28,600 [inflora.py] => [InfLoRA] Layer 3: 73/768 type remove
2026-07-28 14:02:28,600 [inflora.py] => [InfLoRA] Layer 4: 83/768 type remove
2026-07-28 14:02:28,600 [inflora.py] => [InfLoRA] Layer 5: 136/768 type remove
2026-07-28 14:02:28,600 [inflora.py] => [InfLoRA] Layer 6: 163/768 type remove
2026-07-28 14:02:28,600 [inflora.py] => [InfLoRA] Layer 7: 173/768 type remove
2026-07-28 14:02:28,600 [inflora.py] => [InfLoRA] Layer 8: 234/768 type remove
2026-07-28 14:02:28,600 [inflora.py] => [InfLoRA] Layer 9: 351/768 type remove
2026-07-28 14:02:28,600 [inflora.py] => [InfLoRA] Layer 10: 316/768 type retain
2026-07-28 14:02:28,600 [inflora.py] => [InfLoRA] Layer 11: 364/768 type retain
2026-07-28 14:02:28,600 [inflora.py] => [InfLoRA] Layer 12: 340/768 type retain
2026-07-28 14:03:52,751 [inflora.py] => [InfLoRA] DualGPM threshold: 0.9750
2026-07-28 14:03:54,009 [inflora.py] => [InfLoRA] Layer 1: 42/768 type remove
2026-07-28 14:03:54,009 [inflora.py] => [InfLoRA] Layer 2: 22/768 type remove
2026-07-28 14:03:54,009 [inflora.py] => [InfLoRA] Layer 3: 74/768 type remove
2026-07-28 14:03:54,009 [inflora.py] => [InfLoRA] Layer 4: 83/768 type remove
2026-07-28 14:03:54,009 [inflora.py] => [InfLoRA] Layer 5: 137/768 type remove
2026-07-28 14:03:54,009 [inflora.py] => [InfLoRA] Layer 6: 164/768 type remove
2026-07-28 14:03:54,009 [inflora.py] => [InfLoRA] Layer 7: 174/768 type remove
2026-07-28 14:03:54,009 [inflora.py] => [InfLoRA] Layer 8: 235/768 type remove
2026-07-28 14:03:54,009 [inflora.py] => [InfLoRA] Layer 9: 352/768 type remove
2026-07-28 14:03:54,009 [inflora.py] => [InfLoRA] Layer 10: 314/768 type retain
2026-07-28 14:03:54,009 [inflora.py] => [InfLoRA] Layer 11: 362/768 type retain
2026-07-28 14:03:54,009 [inflora.py] => [InfLoRA] Layer 12: 339/768 type retain
2026-07-28 14:05:17,457 [inflora.py] => [InfLoRA] DualGPM threshold: 0.9750
2026-07-28 14:05:18,663 [inflora.py] => [InfLoRA] Layer 1: 42/768 type remove
2026-07-28 14:05:18,663 [inflora.py] => [InfLoRA] Layer 2: 22/768 type remove
2026-07-28 14:05:18,663 [inflora.py] => [InfLoRA] Layer 3: 74/768 type remove
2026-07-28 14:05:18,663 [inflora.py] => [InfLoRA] Layer 4: 83/768 type remove
2026-07-28 14:05:18,663 [inflora.py] => [InfLoRA] Layer 5: 137/768 type remove
2026-07-28 14:05:18,663 [inflora.py] => [InfLoRA] Layer 6: 164/768 type remove
2026-07-28 14:05:18,663 [inflora.py] => [InfLoRA] Layer 7: 174/768 type remove
2026-07-28 14:05:18,663 [inflora.py] => [InfLoRA] Layer 8: 235/768 type remove
2026-07-28 14:05:18,663 [inflora.py] => [InfLoRA] Layer 9: 352/768 type remove
2026-07-28 14:05:18,663 [inflora.py] => [InfLoRA] Layer 10: 314/768 type retain
2026-07-28 14:05:18,663 [inflora.py] => [InfLoRA] Layer 11: 362/768 type retain
2026-07-28 14:05:18,663 [inflora.py] => [InfLoRA] Layer 12: 339/768 type retain
2026-07-28 14:05:42,560 [bounded_memory_mixin.py] => [bounded_mem eval] volume 0.90 | cycle 109 | classes_seen 910 | CIL top1 42.87 | top5 72.96 | (nearest latent task ~90) | param_hash 7055a45f0d6e7216 | per-task [42.93, 28.43, 55.5, 28.64, 47.24, 53.27, 44.44, 43.43, 42.64, 38.97, 53.77, 54.77, 58.5, 50.0, 27.64, 45.5, 40.0, 45.45, 66.5, 28.28, 39.9, 32.83, 46.23, 48.98, 45.45, 51.0, 60.5, 49.24, 46.23, 49.5, 42.71, 24.12, 55.0, 34.34, 37.19, 56.78, 57.87, 20.0, 64.0, 39.7, 60.5, 22.05, 52.76, 42.0, 33.67, 42.64, 39.9, 58.0, 38.0, 46.23, 42.13, 55.78, 29.65, 58.5, 36.68, 68.18, 65.0, 34.17, 32.16, 16.16, 29.0, 43.94, 31.28, 44.67, 44.67, 47.98, 37.56, 37.37, 44.72, 39.5, 28.43, 38.19, 41.21, 50.52, 62.5, 37.69, 41.5, 46.97, 56.35, 39.9, 19.19, 44.67, 47.5, 20.0, 10.05, 30.5, 28.5, 61.5, 57.0, 33.33, 32.16]
2026-07-28 14:07:05,813 [inflora.py] => [InfLoRA] DualGPM threshold: 0.9750
2026-07-28 14:07:07,046 [inflora.py] => [InfLoRA] Layer 1: 42/768 type remove
2026-07-28 14:07:07,046 [inflora.py] => [InfLoRA] Layer 2: 22/768 type remove
2026-07-28 14:07:07,046 [inflora.py] => [InfLoRA] Layer 3: 74/768 type remove
2026-07-28 14:07:07,046 [inflora.py] => [InfLoRA] Layer 4: 84/768 type remove
2026-07-28 14:07:07,046 [inflora.py] => [InfLoRA] Layer 5: 138/768 type remove
2026-07-28 14:07:07,046 [inflora.py] => [InfLoRA] Layer 6: 164/768 type remove
2026-07-28 14:07:07,046 [inflora.py] => [InfLoRA] Layer 7: 174/768 type remove
2026-07-28 14:07:07,046 [inflora.py] => [InfLoRA] Layer 8: 235/768 type remove
2026-07-28 14:07:07,046 [inflora.py] => [InfLoRA] Layer 9: 352/768 type remove
2026-07-28 14:07:07,046 [inflora.py] => [InfLoRA] Layer 10: 314/768 type retain
2026-07-28 14:07:07,046 [inflora.py] => [InfLoRA] Layer 11: 362/768 type retain
2026-07-28 14:07:07,046 [inflora.py] => [InfLoRA] Layer 12: 339/768 type retain
2026-07-28 14:08:30,093 [inflora.py] => [InfLoRA] DualGPM threshold: 0.9750
2026-07-28 14:08:31,347 [inflora.py] => [InfLoRA] Layer 1: 42/768 type remove
2026-07-28 14:08:31,348 [inflora.py] => [InfLoRA] Layer 2: 22/768 type remove
2026-07-28 14:08:31,348 [inflora.py] => [InfLoRA] Layer 3: 74/768 type remove
2026-07-28 14:08:31,348 [inflora.py] => [InfLoRA] Layer 4: 84/768 type remove
2026-07-28 14:08:31,348 [inflora.py] => [InfLoRA] Layer 5: 138/768 type remove
2026-07-28 14:08:31,348 [inflora.py] => [InfLoRA] Layer 6: 165/768 type remove
2026-07-28 14:08:31,348 [inflora.py] => [InfLoRA] Layer 7: 174/768 type remove
2026-07-28 14:08:31,348 [inflora.py] => [InfLoRA] Layer 8: 235/768 type remove
2026-07-28 14:08:31,348 [inflora.py] => [InfLoRA] Layer 9: 352/768 type remove
2026-07-28 14:08:31,348 [inflora.py] => [InfLoRA] Layer 10: 314/768 type retain
2026-07-28 14:08:31,348 [inflora.py] => [InfLoRA] Layer 11: 362/768 type retain
2026-07-28 14:08:31,348 [inflora.py] => [InfLoRA] Layer 12: 338/768 type retain
2026-07-28 14:09:54,751 [inflora.py] => [InfLoRA] DualGPM threshold: 0.9750
2026-07-28 14:09:56,016 [inflora.py] => [InfLoRA] Layer 1: 42/768 type remove
2026-07-28 14:09:56,016 [inflora.py] => [InfLoRA] Layer 2: 22/768 type remove
2026-07-28 14:09:56,016 [inflora.py] => [InfLoRA] Layer 3: 75/768 type remove
2026-07-28 14:09:56,016 [inflora.py] => [InfLoRA] Layer 4: 84/768 type remove
2026-07-28 14:09:56,016 [inflora.py] => [InfLoRA] Layer 5: 139/768 type remove
2026-07-28 14:09:56,016 [inflora.py] => [InfLoRA] Layer 6: 165/768 type remove
2026-07-28 14:09:56,016 [inflora.py] => [InfLoRA] Layer 7: 175/768 type remove
2026-07-28 14:09:56,016 [inflora.py] => [InfLoRA] Layer 8: 236/768 type remove
2026-07-28 14:09:56,016 [inflora.py] => [InfLoRA] Layer 9: 353/768 type remove
2026-07-28 14:09:56,016 [inflora.py] => [InfLoRA] Layer 10: 313/768 type retain
2026-07-28 14:09:56,016 [inflora.py] => [InfLoRA] Layer 11: 360/768 type retain
2026-07-28 14:09:56,016 [inflora.py] => [InfLoRA] Layer 12: 337/768 type retain
2026-07-28 14:11:19,764 [inflora.py] => [InfLoRA] DualGPM threshold: 0.9750
2026-07-28 14:11:21,060 [inflora.py] => [InfLoRA] Layer 1: 42/768 type remove
2026-07-28 14:11:21,060 [inflora.py] => [InfLoRA] Layer 2: 22/768 type remove
2026-07-28 14:11:21,060 [inflora.py] => [InfLoRA] Layer 3: 75/768 type remove
2026-07-28 14:11:21,060 [inflora.py] => [InfLoRA] Layer 4: 84/768 type remove
2026-07-28 14:11:21,060 [inflora.py] => [InfLoRA] Layer 5: 139/768 type remove
2026-07-28 14:11:21,060 [inflora.py] => [InfLoRA] Layer 6: 166/768 type remove
2026-07-28 14:11:21,060 [inflora.py] => [InfLoRA] Layer 7: 176/768 type remove
2026-07-28 14:11:21,060 [inflora.py] => [InfLoRA] Layer 8: 237/768 type remove
2026-07-28 14:11:21,060 [inflora.py] => [InfLoRA] Layer 9: 354/768 type remove
2026-07-28 14:11:21,060 [inflora.py] => [InfLoRA] Layer 10: 312/768 type retain
2026-07-28 14:11:21,060 [inflora.py] => [InfLoRA] Layer 11: 359/768 type retain
2026-07-28 14:11:21,060 [inflora.py] => [InfLoRA] Layer 12: 336/768 type retain
2026-07-28 14:12:44,009 [inflora.py] => [InfLoRA] DualGPM threshold: 0.9750
2026-07-28 14:12:45,285 [inflora.py] => [InfLoRA] Layer 1: 42/768 type remove
2026-07-28 14:12:45,285 [inflora.py] => [InfLoRA] Layer 2: 22/768 type remove
2026-07-28 14:12:45,285 [inflora.py] => [InfLoRA] Layer 3: 75/768 type remove
2026-07-28 14:12:45,285 [inflora.py] => [InfLoRA] Layer 4: 84/768 type remove
2026-07-28 14:12:45,285 [inflora.py] => [InfLoRA] Layer 5: 140/768 type remove
2026-07-28 14:12:45,285 [inflora.py] => [InfLoRA] Layer 6: 167/768 type remove
2026-07-28 14:12:45,285 [inflora.py] => [InfLoRA] Layer 7: 177/768 type remove
2026-07-28 14:12:45,285 [inflora.py] => [InfLoRA] Layer 8: 239/768 type remove
2026-07-28 14:12:45,285 [inflora.py] => [InfLoRA] Layer 9: 355/768 type remove
2026-07-28 14:12:45,285 [inflora.py] => [InfLoRA] Layer 10: 311/768 type retain
2026-07-28 14:12:45,285 [inflora.py] => [InfLoRA] Layer 11: 358/768 type retain
2026-07-28 14:12:45,285 [inflora.py] => [InfLoRA] Layer 12: 334/768 type retain
2026-07-28 14:14:08,674 [inflora.py] => [InfLoRA] DualGPM threshold: 0.9750
2026-07-28 14:14:09,967 [inflora.py] => [InfLoRA] Layer 1: 42/768 type remove
2026-07-28 14:14:09,967 [inflora.py] => [InfLoRA] Layer 2: 22/768 type remove
2026-07-28 14:14:09,967 [inflora.py] => [InfLoRA] Layer 3: 75/768 type remove
2026-07-28 14:14:09,967 [inflora.py] => [InfLoRA] Layer 4: 85/768 type remove
2026-07-28 14:14:09,967 [inflora.py] => [InfLoRA] Layer 5: 140/768 type remove
2026-07-28 14:14:09,967 [inflora.py] => [InfLoRA] Layer 6: 167/768 type remove
2026-07-28 14:14:09,967 [inflora.py] => [InfLoRA] Layer 7: 178/768 type remove
2026-07-28 14:14:09,967 [inflora.py] => [InfLoRA] Layer 8: 240/768 type remove
2026-07-28 14:14:09,967 [inflora.py] => [InfLoRA] Layer 9: 356/768 type remove
2026-07-28 14:14:09,967 [inflora.py] => [InfLoRA] Layer 10: 310/768 type retain
2026-07-28 14:14:09,967 [inflora.py] => [InfLoRA] Layer 11: 356/768 type retain
2026-07-28 14:14:09,967 [inflora.py] => [InfLoRA] Layer 12: 331/768 type retain
2026-07-28 14:15:33,298 [inflora.py] => [InfLoRA] DualGPM threshold: 0.9750
2026-07-28 14:15:34,532 [inflora.py] => [InfLoRA] Layer 1: 42/768 type remove
2026-07-28 14:15:34,532 [inflora.py] => [InfLoRA] Layer 2: 22/768 type remove
2026-07-28 14:15:34,532 [inflora.py] => [InfLoRA] Layer 3: 75/768 type remove
2026-07-28 14:15:34,532 [inflora.py] => [InfLoRA] Layer 4: 85/768 type remove
2026-07-28 14:15:34,532 [inflora.py] => [InfLoRA] Layer 5: 141/768 type remove
2026-07-28 14:15:34,532 [inflora.py] => [InfLoRA] Layer 6: 168/768 type remove
2026-07-28 14:15:34,532 [inflora.py] => [InfLoRA] Layer 7: 179/768 type remove
2026-07-28 14:15:34,532 [inflora.py] => [InfLoRA] Layer 8: 241/768 type remove
2026-07-28 14:15:34,532 [inflora.py] => [InfLoRA] Layer 9: 357/768 type remove
2026-07-28 14:15:34,532 [inflora.py] => [InfLoRA] Layer 10: 309/768 type retain
2026-07-28 14:15:34,532 [inflora.py] => [InfLoRA] Layer 11: 355/768 type retain
2026-07-28 14:15:34,532 [inflora.py] => [InfLoRA] Layer 12: 329/768 type retain
2026-07-28 14:16:58,053 [inflora.py] => [InfLoRA] DualGPM threshold: 0.9750
2026-07-28 14:16:59,259 [inflora.py] => [InfLoRA] Layer 1: 42/768 type remove
2026-07-28 14:16:59,259 [inflora.py] => [InfLoRA] Layer 2: 22/768 type remove
2026-07-28 14:16:59,259 [inflora.py] => [InfLoRA] Layer 3: 75/768 type remove
2026-07-28 14:16:59,259 [inflora.py] => [InfLoRA] Layer 4: 85/768 type remove
2026-07-28 14:16:59,259 [inflora.py] => [InfLoRA] Layer 5: 141/768 type remove
2026-07-28 14:16:59,259 [inflora.py] => [InfLoRA] Layer 6: 168/768 type remove
2026-07-28 14:16:59,259 [inflora.py] => [InfLoRA] Layer 7: 179/768 type remove
2026-07-28 14:16:59,259 [inflora.py] => [InfLoRA] Layer 8: 241/768 type remove
2026-07-28 14:16:59,259 [inflora.py] => [InfLoRA] Layer 9: 357/768 type remove
2026-07-28 14:16:59,259 [inflora.py] => [InfLoRA] Layer 10: 308/768 type retain
2026-07-28 14:16:59,259 [inflora.py] => [InfLoRA] Layer 11: 355/768 type retain
2026-07-28 14:16:59,259 [inflora.py] => [InfLoRA] Layer 12: 329/768 type retain
2026-07-28 14:18:22,772 [inflora.py] => [InfLoRA] DualGPM threshold: 0.9750
2026-07-28 14:18:24,027 [inflora.py] => [InfLoRA] Layer 1: 42/768 type remove
2026-07-28 14:18:24,027 [inflora.py] => [InfLoRA] Layer 2: 22/768 type remove
2026-07-28 14:18:24,027 [inflora.py] => [InfLoRA] Layer 3: 76/768 type remove
2026-07-28 14:18:24,027 [inflora.py] => [InfLoRA] Layer 4: 86/768 type remove
2026-07-28 14:18:24,027 [inflora.py] => [InfLoRA] Layer 5: 142/768 type remove
2026-07-28 14:18:24,027 [inflora.py] => [InfLoRA] Layer 6: 169/768 type remove
2026-07-28 14:18:24,027 [inflora.py] => [InfLoRA] Layer 7: 179/768 type remove
2026-07-28 14:18:24,027 [inflora.py] => [InfLoRA] Layer 8: 241/768 type remove
2026-07-28 14:18:24,027 [inflora.py] => [InfLoRA] Layer 9: 357/768 type remove
2026-07-28 14:18:24,027 [inflora.py] => [InfLoRA] Layer 10: 308/768 type retain
2026-07-28 14:18:24,027 [inflora.py] => [InfLoRA] Layer 11: 355/768 type retain
2026-07-28 14:18:24,027 [inflora.py] => [InfLoRA] Layer 12: 329/768 type retain
2026-07-28 14:19:47,752 [inflora.py] => [InfLoRA] DualGPM threshold: 0.9750
2026-07-28 14:19:48,975 [inflora.py] => [InfLoRA] Layer 1: 42/768 type remove
2026-07-28 14:19:48,975 [inflora.py] => [InfLoRA] Layer 2: 22/768 type remove
2026-07-28 14:19:48,975 [inflora.py] => [InfLoRA] Layer 3: 76/768 type remove
2026-07-28 14:19:48,975 [inflora.py] => [InfLoRA] Layer 4: 86/768 type remove
2026-07-28 14:19:48,975 [inflora.py] => [InfLoRA] Layer 5: 142/768 type remove
2026-07-28 14:19:48,975 [inflora.py] => [InfLoRA] Layer 6: 169/768 type remove
2026-07-28 14:19:48,975 [inflora.py] => [InfLoRA] Layer 7: 180/768 type remove
2026-07-28 14:19:48,975 [inflora.py] => [InfLoRA] Layer 8: 242/768 type remove
2026-07-28 14:19:48,975 [inflora.py] => [InfLoRA] Layer 9: 358/768 type remove
2026-07-28 14:19:48,975 [inflora.py] => [InfLoRA] Layer 10: 308/768 type retain
2026-07-28 14:19:48,975 [inflora.py] => [InfLoRA] Layer 11: 355/768 type retain
2026-07-28 14:19:48,975 [inflora.py] => [InfLoRA] Layer 12: 328/768 type retain
2026-07-28 14:21:12,372 [inflora.py] => [InfLoRA] DualGPM threshold: 0.9750
2026-07-28 14:21:13,623 [inflora.py] => [InfLoRA] Layer 1: 42/768 type remove
2026-07-28 14:21:13,623 [inflora.py] => [InfLoRA] Layer 2: 22/768 type remove
2026-07-28 14:21:13,623 [inflora.py] => [InfLoRA] Layer 3: 76/768 type remove
2026-07-28 14:21:13,623 [inflora.py] => [InfLoRA] Layer 4: 87/768 type remove
2026-07-28 14:21:13,623 [inflora.py] => [InfLoRA] Layer 5: 143/768 type remove
2026-07-28 14:21:13,623 [inflora.py] => [InfLoRA] Layer 6: 170/768 type remove
2026-07-28 14:21:13,623 [inflora.py] => [InfLoRA] Layer 7: 182/768 type remove
2026-07-28 14:21:13,623 [inflora.py] => [InfLoRA] Layer 8: 244/768 type remove
2026-07-28 14:21:13,623 [inflora.py] => [InfLoRA] Layer 9: 360/768 type remove
2026-07-28 14:21:13,623 [inflora.py] => [InfLoRA] Layer 10: 307/768 type retain
2026-07-28 14:21:13,623 [inflora.py] => [InfLoRA] Layer 11: 353/768 type retain
2026-07-28 14:21:13,623 [inflora.py] => [InfLoRA] Layer 12: 325/768 type retain
2026-07-28 14:21:34,809 [inflora.py] => [InfLoRA] DualGPM threshold: 0.9750
2026-07-28 14:21:36,025 [inflora.py] => [InfLoRA] Layer 1: 42/768 type remove
2026-07-28 14:21:36,025 [inflora.py] => [InfLoRA] Layer 2: 22/768 type remove
2026-07-28 14:21:36,025 [inflora.py] => [InfLoRA] Layer 3: 76/768 type remove
2026-07-28 14:21:36,025 [inflora.py] => [InfLoRA] Layer 4: 87/768 type remove
2026-07-28 14:21:36,025 [inflora.py] => [InfLoRA] Layer 5: 144/768 type remove
2026-07-28 14:21:36,025 [inflora.py] => [InfLoRA] Layer 6: 171/768 type remove
2026-07-28 14:21:36,025 [inflora.py] => [InfLoRA] Layer 7: 183/768 type remove
2026-07-28 14:21:36,025 [inflora.py] => [InfLoRA] Layer 8: 246/768 type remove
2026-07-28 14:21:36,025 [inflora.py] => [InfLoRA] Layer 9: 362/768 type remove
2026-07-28 14:21:36,025 [inflora.py] => [InfLoRA] Layer 10: 306/768 type retain
2026-07-28 14:21:36,025 [inflora.py] => [InfLoRA] Layer 11: 352/768 type retain
2026-07-28 14:21:36,025 [inflora.py] => [InfLoRA] Layer 12: 324/768 type retain
2026-07-28 14:22:02,462 [bounded_memory_mixin.py] => [bounded_mem eval] volume 1.00 | cycle 121 | classes_seen 1000 | CIL top1 42.22 | top5 72.53 | (nearest latent task ~99) | param_hash 8d989d57e9769cda | per-task [50.51, 29.95, 57.0, 24.62, 45.73, 53.77, 46.97, 43.94, 39.09, 33.85, 46.73, 54.77, 56.0, 48.99, 17.09, 40.0, 34.5, 41.41, 65.5, 27.78, 37.37, 30.81, 42.21, 53.06, 41.41, 53.0, 63.0, 49.24, 49.75, 49.5, 41.21, 26.13, 54.0, 27.27, 31.66, 58.79, 57.87, 20.0, 59.5, 42.21, 61.5, 18.97, 50.25, 38.5, 31.66, 39.59, 39.9, 56.5, 36.0, 47.24, 43.15, 53.27, 31.66, 56.5, 32.66, 67.17, 60.0, 33.67, 35.18, 14.65, 30.0, 45.45, 32.31, 44.67, 49.75, 51.52, 34.01, 38.89, 39.7, 37.0, 31.98, 38.19, 43.22, 50.0, 44.0, 34.17, 46.0, 45.96, 47.72, 38.38, 22.22, 44.16, 42.0, 21.5, 12.06, 31.5, 25.0, 60.0, 57.5, 37.88, 48.74, 38.69, 43.59, 54.31, 47.47, 44.72, 45.5, 18.04, 52.55, 56.28]
2026-07-28 14:22:06,481 [metrics_logger.py] => [metrics] wrote run_logs/final/inflora/metrics_inflora_round2_slurm_grid_omni30t_200mb_inflora_s1999_s1999.json
2026-07-28 14:22:06,481 [trainer.py] => [bounded_mem] volume checkpoints: [0.1, 0.2, 0.3, 0.4, 0.5, 0.6, 0.7, 0.8, 0.9, 1.0]
2026-07-28 14:22:06,481 [trainer.py] => [bounded_mem] CIL top1 curve: [73.24, 64.6, 58.31, 54.3, 52.06, 49.02, 46.08, 44.8, 42.87, 42.22]
2026-07-28 14:22:06,481 [trainer.py] => [bounded_mem] CIL top5 curve: [95.73, 90.05, 86.82, 83.7, 81.8, 79.3, 75.95, 74.35, 72.96, 72.53]
[bounded_mem] checkpoints (fraction of stream): [0.1, 0.2, 0.3, 0.4, 0.5, 0.6, 0.7, 0.8, 0.9, 1.0]
[bounded_mem] CIL top1: [73.24, 64.6, 58.31, 54.3, 52.06, 49.02, 46.08, 44.8, 42.87, 42.22]
[bounded_mem] CIL top5: [95.73, 90.05, 86.82, 83.7, 81.8, 79.3, 75.95, 74.35, 72.96, 72.53]
2026-07-28 14:22:06,481 [trainer.py] => [bounded_mem] FINAL CIL top1 42.22 | top5 72.53 (at 100% of stream)
[bounded_mem] FINAL CIL top1 42.22 | top5 72.53
[bounded_mem] wrote run_logs/boundedmem_inflora_round2_slurm_grid_omni30t_200mb_inflora_s1999_s1999.json
