2026-07-27 17:35:29,756 [trainer.py] => config: exps/round2_slurm_grid/inflora_100mb_s1999.json
2026-07-27 17:35:29,756 [trainer.py] => dataset: omnibenchmark1k
2026-07-27 17:35:29,756 [trainer.py] => memory_size: 0
2026-07-27 17:35:29,756 [trainer.py] => memory_per_class: 0
2026-07-27 17:35:29,756 [trainer.py] => fixed_memory: False
2026-07-27 17:35:29,756 [trainer.py] => shuffle: True
2026-07-27 17:35:29,756 [trainer.py] => init_cls: 10
2026-07-27 17:35:29,756 [trainer.py] => increment: 10
2026-07-27 17:35:29,756 [trainer.py] => scenario: cil
2026-07-27 17:35:29,756 [trainer.py] => pretrained: True
2026-07-27 17:35:29,756 [trainer.py] => print_forget: False
2026-07-27 17:35:29,756 [trainer.py] => final_metrics: False
2026-07-27 17:35:29,756 [trainer.py] => backbone_type: vit_base_patch16_224_lora
2026-07-27 17:35:29,756 [trainer.py] => lora_rank: 10
2026-07-27 17:35:29,756 [trainer.py] => lora_alpha: None
2026-07-27 17:35:29,756 [trainer.py] => batch_size: 48
2026-07-27 17:35:29,756 [trainer.py] => weight_decay: 0.0005
2026-07-27 17:35:29,756 [trainer.py] => min_lr: 0.0
2026-07-27 17:35:29,756 [trainer.py] => tuned_epoch: 20
2026-07-27 17:35:29,756 [trainer.py] => boundary_mode: bounded_memory
2026-07-27 17:35:29,756 [trainer.py] => stop_after_tasks: 100
2026-07-27 17:35:29,756 [trainer.py] => device: [device(type='cuda', index=0)]
2026-07-27 17:35:29,756 [trainer.py] => model_name: inflora
2026-07-27 17:35:29,756 [trainer.py] => lora_merge: True
2026-07-27 17:35:29,756 [trainer.py] => lamb: 0.975
2026-07-27 17:35:29,756 [trainer.py] => lame: 0.975
2026-07-27 17:35:29,756 [trainer.py] => init_lr: 0.0005
2026-07-27 17:35:29,756 [trainer.py] => seed: 1999
2026-07-27 17:35:29,756 [trainer.py] => bm_budget_mb: 100
2026-07-27 17:35:29,756 [trainer.py] => prefix: round2_slurm_grid_omni30t_100mb_inflora_s1999
2026-07-27 17:35:30,030 [data_manager.py] => [871, 988, 216, 124, 898, 798, 637, 622, 54, 903, 35, 800, 796, 709, 57, 297, 319, 83, 71, 327, 629, 515, 528, 486, 762, 365, 315, 276, 916, 163, 311, 498, 448, 442, 437, 168, 932, 139, 696, 169, 533, 884, 581, 478, 65, 421, 336, 184, 445, 273, 53, 848, 508, 379, 304, 582, 157, 115, 592, 93, 355, 679, 907, 288, 999, 272, 951, 921, 224, 684, 204, 268, 298, 284, 40, 794, 250, 965, 558, 842, 130, 886, 522, 292, 15, 994, 854, 33, 366, 145, 387, 926, 123, 466, 969, 742, 465, 497, 196, 489, 825, 215, 906, 307, 66, 521, 779, 487, 967, 481, 488, 964, 913, 306, 132, 905, 869, 602, 813, 253, 789, 625, 179, 982, 378, 463, 85, 375, 636, 325, 525, 475, 783, 377, 931, 530, 496, 146, 537, 31, 362, 438, 305, 852, 672, 986, 711, 219, 868, 715, 432, 428, 725, 580, 620, 231, 351, 82, 667, 376, 772, 91, 578, 664, 459, 228, 648, 350, 454, 364, 150, 19, 797, 820, 220, 735, 943, 706, 520, 420, 207, 770, 571, 23, 477, 861, 509, 494, 209, 469, 406, 357, 280, 727, 182, 678, 167, 431, 744, 189, 757, 159, 639, 143, 96, 214, 501, 817, 0, 467, 334, 804, 113, 627, 412, 194, 173, 812, 543, 251, 665, 674, 956, 183, 681, 670, 403, 122, 238, 205, 805, 781, 584, 874, 457, 358, 830, 513, 893, 946, 332, 919, 763, 694, 624, 70, 160, 996, 641, 690, 895, 291, 242, 426, 542, 568, 588, 476, 593, 844, 234, 359, 354, 976, 21, 92, 595, 803, 598, 562, 170, 491, 32, 911, 909, 504, 418, 148, 682, 712, 22, 900, 14, 43, 158, 10, 544, 720, 547, 862, 223, 479, 249, 266, 618, 623, 638, 72, 201, 654, 285, 564, 340, 394, 758, 675, 635, 845, 766, 199, 111, 244, 55, 922, 673, 808, 827, 939, 822, 372, 941, 335, 693, 279, 732, 823, 300, 500, 897, 112, 289, 174, 252, 281, 737, 190, 677, 149, 632, 52, 232, 646, 716, 368, 260, 263, 464, 77, 389, 656, 89, 374, 120, 101, 240, 702, 961, 972, 612, 925, 435, 660, 270, 685, 771, 116, 212, 617, 429, 570, 517, 866, 446, 134, 776, 894, 573, 557, 118, 104, 841, 16, 750, 891, 873, 589, 724, 738, 647, 768, 237, 600, 443, 473, 604, 17, 50, 597, 968, 140, 398, 97, 718, 277, 591, 947, 658, 81, 721, 271, 383, 644, 917, 596, 422, 404, 180, 193, 227, 9, 49, 229, 142, 902, 106, 26, 764, 535, 534, 4, 95, 328, 876, 114, 818, 937, 151, 382, 125, 553, 710, 133, 424, 945, 510, 456, 756, 793, 829, 103, 603, 61, 551, 628, 37, 802, 875, 385, 824, 733, 399, 156, 526, 423, 30, 734, 121, 286, 707, 934, 107, 634, 601, 935, 701, 799, 741, 767, 642, 176, 955, 178, 587, 867, 202, 346, 63, 669, 392, 3, 352, 545, 888, 828, 523, 294, 536, 788, 233, 695, 958, 971, 688, 408, 826, 615, 746, 79, 590, 12, 239, 837, 109, 952, 390, 663, 482, 44, 901, 655, 371, 29, 384, 333, 722, 348, 527, 441, 344, 80, 792, 705, 86, 262, 302, 550, 698, 367, 645, 576, 225, 308, 275, 129, 282, 821, 700, 887, 649, 769, 933, 773, 858, 676, 38, 920, 751, 565, 704, 566, 217, 468, 651, 586, 287, 995, 606, 455, 309, 774, 213, 560, 747, 278, 363, 388, 863, 549, 607, 857, 411, 652, 416, 538, 815, 777, 258, 449, 927, 98, 786, 717, 910, 56, 200, 885, 470, 574, 556, 48, 752, 69, 877, 144, 337, 370, 405, 984, 899, 840, 541, 683, 699, 154, 666, 290, 413, 569, 539, 853, 811, 339, 689, 6, 42, 161, 453, 51, 507, 64, 28, 155, 761, 7, 548, 342, 316, 980, 807, 330, 434, 347, 341, 914, 360, 87, 480, 353, 810, 181, 235, 361, 740, 20, 532, 991, 975, 131, 816, 736, 191, 197, 621, 883, 896, 691, 78, 226, 208, 187, 256, 192, 318, 472, 451, 966, 393, 90, 970, 502, 322, 514, 269, 882, 512, 889, 865, 452, 314, 847, 559, 745, 784, 775, 662, 613, 998, 703, 915, 175, 726, 659, 585, 135, 326, 436, 25, 236, 185, 127, 791, 369, 749, 171, 222, 415, 579, 552, 8, 610, 195, 851, 892, 643, 880, 427, 245, 461, 540, 511, 152, 303, 708, 608, 657, 137, 950, 345, 856, 731, 531, 188, 338, 243, 67, 631, 39, 59, 490, 963, 953, 162, 164, 577, 450, 687, 686, 611, 24, 36, 138, 165, 247, 790, 609, 255, 743, 13, 908, 321, 483, 46, 833, 605, 94, 73, 417, 838, 254, 493, 778, 697, 293, 723, 312, 410, 474, 484, 198, 261, 2, 938, 524, 221, 519, 349, 76, 433, 780, 924, 409, 60, 661, 380, 447, 320, 102, 518, 407, 485, 440, 317, 948, 759, 973, 809, 692, 944, 575, 653, 283, 41, 633, 954, 671, 425, 499, 985, 739, 864, 414, 765, 801, 760, 323, 912, 554, 99, 128, 713, 923, 849, 614, 430, 381, 396, 594, 879, 878, 942, 616, 983, 74, 806, 265, 401, 462, 331, 147, 313, 993, 264, 186, 439, 918, 567, 119, 211, 492, 834, 936, 997, 881, 257, 940, 729, 58, 267, 795, 787, 62, 301, 785, 506, 977, 299, 680, 753, 386, 755, 505, 11, 989, 84, 782, 855, 668, 419, 754, 860, 471, 949, 748, 930, 206, 814, 5, 166, 324, 230, 373, 714, 88, 458, 503, 1, 356, 626, 295, 890, 990, 959, 136, 126, 546, 246, 650, 719, 110, 402, 962, 395, 904, 34, 831, 599, 835, 47, 728, 310, 640, 819, 563, 27, 105, 872, 850, 839, 248, 68, 981, 329, 843, 241, 495, 529, 75, 45, 928, 561, 974, 572, 274, 391, 929, 444, 583, 296, 730, 218, 141, 117, 846, 397, 859, 836, 992, 555, 870, 460, 177, 979, 172, 400, 153, 516, 987, 100, 630, 957, 210, 203, 978, 18, 343, 619, 108, 960, 832, 259]
This is for the BaseNet initialization.
I'm using ViT with per-task LoRA (q,v).
_IncompatibleKeys(missing_keys=['blocks.0.attn.cur_matrix', 'blocks.0.attn.frozen_delta_q', 'blocks.0.attn.frozen_delta_v', 'blocks.0.attn.lora_A_q.0.weight', 'blocks.0.attn.lora_B_q.0.weight', 'blocks.0.attn.lora_A_v.0.weight', 'blocks.0.attn.lora_B_v.0.weight', 'blocks.1.attn.cur_matrix', 'blocks.1.attn.frozen_delta_q', 'blocks.1.attn.frozen_delta_v', 'blocks.1.attn.lora_A_q.0.weight', 'blocks.1.attn.lora_B_q.0.weight', 'blocks.1.attn.lora_A_v.0.weight', 'blocks.1.attn.lora_B_v.0.weight', 'blocks.2.attn.cur_matrix', 'blocks.2.attn.frozen_delta_q', 'blocks.2.attn.frozen_delta_v', 'blocks.2.attn.lora_A_q.0.weight', 'blocks.2.attn.lora_B_q.0.weight', 'blocks.2.attn.lora_A_v.0.weight', 'blocks.2.attn.lora_B_v.0.weight', 'blocks.3.attn.cur_matrix', 'blocks.3.attn.frozen_delta_q', 'blocks.3.attn.frozen_delta_v', 'blocks.3.attn.lora_A_q.0.weight', 'blocks.3.attn.lora_B_q.0.weight', 'blocks.3.attn.lora_A_v.0.weight', 'blocks.3.attn.lora_B_v.0.weight', 'blocks.4.attn.cur_matrix', 'blocks.4.attn.frozen_delta_q', 'blocks.4.attn.frozen_delta_v', 'blocks.4.attn.lora_A_q.0.weight', 'blocks.4.attn.lora_B_q.0.weight', 'blocks.4.attn.lora_A_v.0.weight', 'blocks.4.attn.lora_B_v.0.weight', 'blocks.5.attn.cur_matrix', 'blocks.5.attn.frozen_delta_q', 'blocks.5.attn.frozen_delta_v', 'blocks.5.attn.lora_A_q.0.weight', 'blocks.5.attn.lora_B_q.0.weight', 'blocks.5.attn.lora_A_v.0.weight', 'blocks.5.attn.lora_B_v.0.weight', 'blocks.6.attn.cur_matrix', 'blocks.6.attn.frozen_delta_q', 'blocks.6.attn.frozen_delta_v', 'blocks.6.attn.lora_A_q.0.weight', 'blocks.6.attn.lora_B_q.0.weight', 'blocks.6.attn.lora_A_v.0.weight', 'blocks.6.attn.lora_B_v.0.weight', 'blocks.7.attn.cur_matrix', 'blocks.7.attn.frozen_delta_q', 'blocks.7.attn.frozen_delta_v', 'blocks.7.attn.lora_A_q.0.weight', 'blocks.7.attn.lora_B_q.0.weight', 'blocks.7.attn.lora_A_v.0.weight', 'blocks.7.attn.lora_B_v.0.weight', 'blocks.8.attn.cur_matrix', 'blocks.8.attn.frozen_delta_q', 'blocks.8.attn.frozen_delta_v', 'blocks.8.attn.lora_A_q.0.weight', 'blocks.8.attn.lora_B_q.0.weight', 'blocks.8.attn.lora_A_v.0.weight', 'blocks.8.attn.lora_B_v.0.weight', 'blocks.9.attn.cur_matrix', 'blocks.9.attn.frozen_delta_q', 'blocks.9.attn.frozen_delta_v', 'blocks.9.attn.lora_A_q.0.weight', 'blocks.9.attn.lora_B_q.0.weight', 'blocks.9.attn.lora_A_v.0.weight', 'blocks.9.attn.lora_B_v.0.weight', 'blocks.10.attn.cur_matrix', 'blocks.10.attn.frozen_delta_q', 'blocks.10.attn.frozen_delta_v', 'blocks.10.attn.lora_A_q.0.weight', 'blocks.10.attn.lora_B_q.0.weight', 'blocks.10.attn.lora_A_v.0.weight', 'blocks.10.attn.lora_B_v.0.weight', 'blocks.11.attn.cur_matrix', 'blocks.11.attn.frozen_delta_q', 'blocks.11.attn.frozen_delta_v', 'blocks.11.attn.lora_A_q.0.weight', 'blocks.11.attn.lora_B_q.0.weight', 'blocks.11.attn.lora_A_v.0.weight', 'blocks.11.attn.lora_B_v.0.weight'], unexpected_keys=[])
After BaseNet initialization.
2026-07-27 17:35:36,623 [bounded_memory_mixin.py] => [bounded_mem] budget_mb=100.0 -> cycle=697 images (mean_task=1687.2 images, so this budget is 0.41x mean task size); 168718 total images -> 243 cycles (T=243 sessions); 10 eval checkpoints
2026-07-27 17:36:46,366 [inflora.py] => [InfLoRA] DualGPM threshold: 0.9750
2026-07-27 17:36:46,829 [inflora.py] => [InfLoRA] Layer 1: 40/768 type remove
2026-07-27 17:36:46,830 [inflora.py] => [InfLoRA] Layer 2: 16/768 type remove
2026-07-27 17:36:46,830 [inflora.py] => [InfLoRA] Layer 3: 19/768 type remove
2026-07-27 17:36:46,830 [inflora.py] => [InfLoRA] Layer 4: 14/768 type remove
2026-07-27 17:36:46,830 [inflora.py] => [InfLoRA] Layer 5: 20/768 type remove
2026-07-27 17:36:46,830 [inflora.py] => [InfLoRA] Layer 6: 26/768 type remove
2026-07-27 17:36:46,830 [inflora.py] => [InfLoRA] Layer 7: 29/768 type remove
2026-07-27 17:36:46,830 [inflora.py] => [InfLoRA] Layer 8: 43/768 type remove
2026-07-27 17:36:46,830 [inflora.py] => [InfLoRA] Layer 9: 81/768 type remove
2026-07-27 17:36:46,830 [inflora.py] => [InfLoRA] Layer 10: 134/768 type remove
2026-07-27 17:36:46,830 [inflora.py] => [InfLoRA] Layer 11: 81/768 type remove
2026-07-27 17:36:46,830 [inflora.py] => [InfLoRA] Layer 12: 37/768 type remove
2026-07-27 17:37:37,335 [inflora.py] => [InfLoRA] DualGPM threshold: 0.9750
2026-07-27 17:37:38,235 [inflora.py] => [InfLoRA] Layer 1: 40/768 type remove
2026-07-27 17:37:38,235 [inflora.py] => [InfLoRA] Layer 2: 17/768 type remove
2026-07-27 17:37:38,235 [inflora.py] => [InfLoRA] Layer 3: 21/768 type remove
2026-07-27 17:37:38,235 [inflora.py] => [InfLoRA] Layer 4: 16/768 type remove
2026-07-27 17:37:38,235 [inflora.py] => [InfLoRA] Layer 5: 22/768 type remove
2026-07-27 17:37:38,235 [inflora.py] => [InfLoRA] Layer 6: 30/768 type remove
2026-07-27 17:37:38,235 [inflora.py] => [InfLoRA] Layer 7: 34/768 type remove
2026-07-27 17:37:38,235 [inflora.py] => [InfLoRA] Layer 8: 52/768 type remove
2026-07-27 17:37:38,235 [inflora.py] => [InfLoRA] Layer 9: 102/768 type remove
2026-07-27 17:37:38,235 [inflora.py] => [InfLoRA] Layer 10: 171/768 type remove
2026-07-27 17:37:38,235 [inflora.py] => [InfLoRA] Layer 11: 106/768 type remove
2026-07-27 17:37:38,235 [inflora.py] => [InfLoRA] Layer 12: 54/768 type remove
2026-07-27 17:38:28,312 [inflora.py] => [InfLoRA] DualGPM threshold: 0.9750
2026-07-27 17:38:29,226 [inflora.py] => [InfLoRA] Layer 1: 40/768 type remove
2026-07-27 17:38:29,226 [inflora.py] => [InfLoRA] Layer 2: 17/768 type remove
2026-07-27 17:38:29,226 [inflora.py] => [InfLoRA] Layer 3: 21/768 type remove
2026-07-27 17:38:29,226 [inflora.py] => [InfLoRA] Layer 4: 17/768 type remove
2026-07-27 17:38:29,226 [inflora.py] => [InfLoRA] Layer 5: 24/768 type remove
2026-07-27 17:38:29,226 [inflora.py] => [InfLoRA] Layer 6: 32/768 type remove
2026-07-27 17:38:29,226 [inflora.py] => [InfLoRA] Layer 7: 37/768 type remove
2026-07-27 17:38:29,226 [inflora.py] => [InfLoRA] Layer 8: 56/768 type remove
2026-07-27 17:38:29,226 [inflora.py] => [InfLoRA] Layer 9: 110/768 type remove
2026-07-27 17:38:29,226 [inflora.py] => [InfLoRA] Layer 10: 191/768 type remove
2026-07-27 17:38:29,226 [inflora.py] => [InfLoRA] Layer 11: 118/768 type remove
2026-07-27 17:38:29,226 [inflora.py] => [InfLoRA] Layer 12: 75/768 type remove
2026-07-27 17:39:22,745 [inflora.py] => [InfLoRA] DualGPM threshold: 0.9750
2026-07-27 17:39:23,671 [inflora.py] => [InfLoRA] Layer 1: 43/768 type remove
2026-07-27 17:39:23,671 [inflora.py] => [InfLoRA] Layer 2: 18/768 type remove
2026-07-27 17:39:23,671 [inflora.py] => [InfLoRA] Layer 3: 24/768 type remove
2026-07-27 17:39:23,671 [inflora.py] => [InfLoRA] Layer 4: 20/768 type remove
2026-07-27 17:39:23,671 [inflora.py] => [InfLoRA] Layer 5: 29/768 type remove
2026-07-27 17:39:23,671 [inflora.py] => [InfLoRA] Layer 6: 39/768 type remove
2026-07-27 17:39:23,671 [inflora.py] => [InfLoRA] Layer 7: 45/768 type remove
2026-07-27 17:39:23,671 [inflora.py] => [InfLoRA] Layer 8: 70/768 type remove
2026-07-27 17:39:23,671 [inflora.py] => [InfLoRA] Layer 9: 127/768 type remove
2026-07-27 17:39:23,671 [inflora.py] => [InfLoRA] Layer 10: 206/768 type remove
2026-07-27 17:39:23,671 [inflora.py] => [InfLoRA] Layer 11: 128/768 type remove
2026-07-27 17:39:23,671 [inflora.py] => [InfLoRA] Layer 12: 81/768 type remove
2026-07-27 17:40:14,324 [inflora.py] => [InfLoRA] DualGPM threshold: 0.9750
2026-07-27 17:40:15,417 [inflora.py] => [InfLoRA] Layer 1: 46/768 type remove
2026-07-27 17:40:15,417 [inflora.py] => [InfLoRA] Layer 2: 19/768 type remove
2026-07-27 17:40:15,417 [inflora.py] => [InfLoRA] Layer 3: 25/768 type remove
2026-07-27 17:40:15,417 [inflora.py] => [InfLoRA] Layer 4: 21/768 type remove
2026-07-27 17:40:15,417 [inflora.py] => [InfLoRA] Layer 5: 30/768 type remove
2026-07-27 17:40:15,417 [inflora.py] => [InfLoRA] Layer 6: 41/768 type remove
2026-07-27 17:40:15,417 [inflora.py] => [InfLoRA] Layer 7: 47/768 type remove
2026-07-27 17:40:15,417 [inflora.py] => [InfLoRA] Layer 8: 72/768 type remove
2026-07-27 17:40:15,417 [inflora.py] => [InfLoRA] Layer 9: 131/768 type remove
2026-07-27 17:40:15,417 [inflora.py] => [InfLoRA] Layer 10: 214/768 type remove
2026-07-27 17:40:15,417 [inflora.py] => [InfLoRA] Layer 11: 134/768 type remove
2026-07-27 17:40:15,417 [inflora.py] => [InfLoRA] Layer 12: 83/768 type remove
2026-07-27 17:41:05,945 [inflora.py] => [InfLoRA] DualGPM threshold: 0.9750
2026-07-27 17:41:06,901 [inflora.py] => [InfLoRA] Layer 1: 46/768 type remove
2026-07-27 17:41:06,901 [inflora.py] => [InfLoRA] Layer 2: 19/768 type remove
2026-07-27 17:41:06,901 [inflora.py] => [InfLoRA] Layer 3: 25/768 type remove
2026-07-27 17:41:06,901 [inflora.py] => [InfLoRA] Layer 4: 21/768 type remove
2026-07-27 17:41:06,901 [inflora.py] => [InfLoRA] Layer 5: 31/768 type remove
2026-07-27 17:41:06,901 [inflora.py] => [InfLoRA] Layer 6: 42/768 type remove
2026-07-27 17:41:06,901 [inflora.py] => [InfLoRA] Layer 7: 48/768 type remove
2026-07-27 17:41:06,901 [inflora.py] => [InfLoRA] Layer 8: 75/768 type remove
2026-07-27 17:41:06,901 [inflora.py] => [InfLoRA] Layer 9: 141/768 type remove
2026-07-27 17:41:06,901 [inflora.py] => [InfLoRA] Layer 10: 234/768 type remove
2026-07-27 17:41:06,901 [inflora.py] => [InfLoRA] Layer 11: 152/768 type remove
2026-07-27 17:41:06,901 [inflora.py] => [InfLoRA] Layer 12: 107/768 type remove
2026-07-27 17:41:57,506 [inflora.py] => [InfLoRA] DualGPM threshold: 0.9750
2026-07-27 17:41:58,679 [inflora.py] => [InfLoRA] Layer 1: 46/768 type remove
2026-07-27 17:41:58,679 [inflora.py] => [InfLoRA] Layer 2: 19/768 type remove
2026-07-27 17:41:58,679 [inflora.py] => [InfLoRA] Layer 3: 26/768 type remove
2026-07-27 17:41:58,679 [inflora.py] => [InfLoRA] Layer 4: 22/768 type remove
2026-07-27 17:41:58,679 [inflora.py] => [InfLoRA] Layer 5: 31/768 type remove
2026-07-27 17:41:58,679 [inflora.py] => [InfLoRA] Layer 6: 43/768 type remove
2026-07-27 17:41:58,679 [inflora.py] => [InfLoRA] Layer 7: 50/768 type remove
2026-07-27 17:41:58,679 [inflora.py] => [InfLoRA] Layer 8: 76/768 type remove
2026-07-27 17:41:58,679 [inflora.py] => [InfLoRA] Layer 9: 145/768 type remove
2026-07-27 17:41:58,679 [inflora.py] => [InfLoRA] Layer 10: 241/768 type remove
2026-07-27 17:41:58,679 [inflora.py] => [InfLoRA] Layer 11: 157/768 type remove
2026-07-27 17:41:58,679 [inflora.py] => [InfLoRA] Layer 12: 114/768 type remove
2026-07-27 17:42:49,134 [inflora.py] => [InfLoRA] DualGPM threshold: 0.9750
2026-07-27 17:42:50,226 [inflora.py] => [InfLoRA] Layer 1: 46/768 type remove
2026-07-27 17:42:50,226 [inflora.py] => [InfLoRA] Layer 2: 19/768 type remove
2026-07-27 17:42:50,226 [inflora.py] => [InfLoRA] Layer 3: 26/768 type remove
2026-07-27 17:42:50,226 [inflora.py] => [InfLoRA] Layer 4: 22/768 type remove
2026-07-27 17:42:50,226 [inflora.py] => [InfLoRA] Layer 5: 32/768 type remove
2026-07-27 17:42:50,226 [inflora.py] => [InfLoRA] Layer 6: 44/768 type remove
2026-07-27 17:42:50,226 [inflora.py] => [InfLoRA] Layer 7: 51/768 type remove
2026-07-27 17:42:50,226 [inflora.py] => [InfLoRA] Layer 8: 78/768 type remove
2026-07-27 17:42:50,226 [inflora.py] => [InfLoRA] Layer 9: 149/768 type remove
2026-07-27 17:42:50,226 [inflora.py] => [InfLoRA] Layer 10: 250/768 type remove
2026-07-27 17:42:50,226 [inflora.py] => [InfLoRA] Layer 11: 164/768 type remove
2026-07-27 17:42:50,226 [inflora.py] => [InfLoRA] Layer 12: 125/768 type remove
2026-07-27 17:43:40,873 [inflora.py] => [InfLoRA] DualGPM threshold: 0.9750
2026-07-27 17:43:41,843 [inflora.py] => [InfLoRA] Layer 1: 46/768 type remove
2026-07-27 17:43:41,843 [inflora.py] => [InfLoRA] Layer 2: 19/768 type remove
2026-07-27 17:43:41,843 [inflora.py] => [InfLoRA] Layer 3: 26/768 type remove
2026-07-27 17:43:41,843 [inflora.py] => [InfLoRA] Layer 4: 23/768 type remove
2026-07-27 17:43:41,843 [inflora.py] => [InfLoRA] Layer 5: 33/768 type remove
2026-07-27 17:43:41,843 [inflora.py] => [InfLoRA] Layer 6: 47/768 type remove
2026-07-27 17:43:41,843 [inflora.py] => [InfLoRA] Layer 7: 54/768 type remove
2026-07-27 17:43:41,843 [inflora.py] => [InfLoRA] Layer 8: 82/768 type remove
2026-07-27 17:43:41,843 [inflora.py] => [InfLoRA] Layer 9: 154/768 type remove
2026-07-27 17:43:41,843 [inflora.py] => [InfLoRA] Layer 10: 254/768 type remove
2026-07-27 17:43:41,843 [inflora.py] => [InfLoRA] Layer 11: 168/768 type remove
2026-07-27 17:43:41,843 [inflora.py] => [InfLoRA] Layer 12: 126/768 type remove
2026-07-27 17:44:31,407 [inflora.py] => [InfLoRA] DualGPM threshold: 0.9750
2026-07-27 17:44:32,380 [inflora.py] => [InfLoRA] Layer 1: 46/768 type remove
2026-07-27 17:44:32,380 [inflora.py] => [InfLoRA] Layer 2: 19/768 type remove
2026-07-27 17:44:32,380 [inflora.py] => [InfLoRA] Layer 3: 26/768 type remove
2026-07-27 17:44:32,380 [inflora.py] => [InfLoRA] Layer 4: 23/768 type remove
2026-07-27 17:44:32,380 [inflora.py] => [InfLoRA] Layer 5: 34/768 type remove
2026-07-27 17:44:32,380 [inflora.py] => [InfLoRA] Layer 6: 48/768 type remove
2026-07-27 17:44:32,380 [inflora.py] => [InfLoRA] Layer 7: 55/768 type remove
2026-07-27 17:44:32,380 [inflora.py] => [InfLoRA] Layer 8: 82/768 type remove
2026-07-27 17:44:32,380 [inflora.py] => [InfLoRA] Layer 9: 155/768 type remove
2026-07-27 17:44:32,380 [inflora.py] => [InfLoRA] Layer 10: 255/768 type remove
2026-07-27 17:44:32,380 [inflora.py] => [InfLoRA] Layer 11: 170/768 type remove
2026-07-27 17:44:32,380 [inflora.py] => [InfLoRA] Layer 12: 127/768 type remove
2026-07-27 17:45:23,329 [inflora.py] => [InfLoRA] DualGPM threshold: 0.9750
2026-07-27 17:45:24,295 [inflora.py] => [InfLoRA] Layer 1: 46/768 type remove
2026-07-27 17:45:24,296 [inflora.py] => [InfLoRA] Layer 2: 19/768 type remove
2026-07-27 17:45:24,296 [inflora.py] => [InfLoRA] Layer 3: 27/768 type remove
2026-07-27 17:45:24,296 [inflora.py] => [InfLoRA] Layer 4: 24/768 type remove
2026-07-27 17:45:24,296 [inflora.py] => [InfLoRA] Layer 5: 36/768 type remove
2026-07-27 17:45:24,296 [inflora.py] => [InfLoRA] Layer 6: 51/768 type remove
2026-07-27 17:45:24,296 [inflora.py] => [InfLoRA] Layer 7: 58/768 type remove
2026-07-27 17:45:24,296 [inflora.py] => [InfLoRA] Layer 8: 87/768 type remove
2026-07-27 17:45:24,296 [inflora.py] => [InfLoRA] Layer 9: 165/768 type remove
2026-07-27 17:45:24,296 [inflora.py] => [InfLoRA] Layer 10: 263/768 type remove
2026-07-27 17:45:24,296 [inflora.py] => [InfLoRA] Layer 11: 176/768 type remove
2026-07-27 17:45:24,296 [inflora.py] => [InfLoRA] Layer 12: 138/768 type remove
2026-07-27 17:46:15,323 [inflora.py] => [InfLoRA] DualGPM threshold: 0.9750
2026-07-27 17:46:16,451 [inflora.py] => [InfLoRA] Layer 1: 46/768 type remove
2026-07-27 17:46:16,451 [inflora.py] => [InfLoRA] Layer 2: 19/768 type remove
2026-07-27 17:46:16,451 [inflora.py] => [InfLoRA] Layer 3: 28/768 type remove
2026-07-27 17:46:16,451 [inflora.py] => [InfLoRA] Layer 4: 25/768 type remove
2026-07-27 17:46:16,451 [inflora.py] => [InfLoRA] Layer 5: 38/768 type remove
2026-07-27 17:46:16,451 [inflora.py] => [InfLoRA] Layer 6: 55/768 type remove
2026-07-27 17:46:16,451 [inflora.py] => [InfLoRA] Layer 7: 63/768 type remove
2026-07-27 17:46:16,451 [inflora.py] => [InfLoRA] Layer 8: 95/768 type remove
2026-07-27 17:46:16,451 [inflora.py] => [InfLoRA] Layer 9: 178/768 type remove
2026-07-27 17:46:16,451 [inflora.py] => [InfLoRA] Layer 10: 272/768 type remove
2026-07-27 17:46:16,451 [inflora.py] => [InfLoRA] Layer 11: 182/768 type remove
2026-07-27 17:46:16,451 [inflora.py] => [InfLoRA] Layer 12: 143/768 type remove
2026-07-27 17:47:06,538 [inflora.py] => [InfLoRA] DualGPM threshold: 0.9750
2026-07-27 17:47:07,672 [inflora.py] => [InfLoRA] Layer 1: 46/768 type remove
2026-07-27 17:47:07,672 [inflora.py] => [InfLoRA] Layer 2: 19/768 type remove
2026-07-27 17:47:07,672 [inflora.py] => [InfLoRA] Layer 3: 28/768 type remove
2026-07-27 17:47:07,672 [inflora.py] => [InfLoRA] Layer 4: 25/768 type remove
2026-07-27 17:47:07,672 [inflora.py] => [InfLoRA] Layer 5: 39/768 type remove
2026-07-27 17:47:07,672 [inflora.py] => [InfLoRA] Layer 6: 56/768 type remove
2026-07-27 17:47:07,672 [inflora.py] => [InfLoRA] Layer 7: 65/768 type remove
2026-07-27 17:47:07,672 [inflora.py] => [InfLoRA] Layer 8: 98/768 type remove
2026-07-27 17:47:07,672 [inflora.py] => [InfLoRA] Layer 9: 181/768 type remove
2026-07-27 17:47:07,672 [inflora.py] => [InfLoRA] Layer 10: 276/768 type remove
2026-07-27 17:47:07,672 [inflora.py] => [InfLoRA] Layer 11: 185/768 type remove
2026-07-27 17:47:07,672 [inflora.py] => [InfLoRA] Layer 12: 150/768 type remove
2026-07-27 17:47:58,585 [inflora.py] => [InfLoRA] DualGPM threshold: 0.9750
2026-07-27 17:47:59,751 [inflora.py] => [InfLoRA] Layer 1: 46/768 type remove
2026-07-27 17:47:59,751 [inflora.py] => [InfLoRA] Layer 2: 19/768 type remove
2026-07-27 17:47:59,752 [inflora.py] => [InfLoRA] Layer 3: 29/768 type remove
2026-07-27 17:47:59,752 [inflora.py] => [InfLoRA] Layer 4: 26/768 type remove
2026-07-27 17:47:59,752 [inflora.py] => [InfLoRA] Layer 5: 40/768 type remove
2026-07-27 17:47:59,752 [inflora.py] => [InfLoRA] Layer 6: 59/768 type remove
2026-07-27 17:47:59,752 [inflora.py] => [InfLoRA] Layer 7: 68/768 type remove
2026-07-27 17:47:59,752 [inflora.py] => [InfLoRA] Layer 8: 104/768 type remove
2026-07-27 17:47:59,752 [inflora.py] => [InfLoRA] Layer 9: 190/768 type remove
2026-07-27 17:47:59,752 [inflora.py] => [InfLoRA] Layer 10: 286/768 type remove
2026-07-27 17:47:59,752 [inflora.py] => [InfLoRA] Layer 11: 193/768 type remove
2026-07-27 17:47:59,752 [inflora.py] => [InfLoRA] Layer 12: 166/768 type remove
2026-07-27 17:48:49,284 [inflora.py] => [InfLoRA] DualGPM threshold: 0.9750
2026-07-27 17:48:50,466 [inflora.py] => [InfLoRA] Layer 1: 46/768 type remove
2026-07-27 17:48:50,466 [inflora.py] => [InfLoRA] Layer 2: 19/768 type remove
2026-07-27 17:48:50,466 [inflora.py] => [InfLoRA] Layer 3: 29/768 type remove
2026-07-27 17:48:50,466 [inflora.py] => [InfLoRA] Layer 4: 27/768 type remove
2026-07-27 17:48:50,466 [inflora.py] => [InfLoRA] Layer 5: 41/768 type remove
2026-07-27 17:48:50,466 [inflora.py] => [InfLoRA] Layer 6: 60/768 type remove
2026-07-27 17:48:50,466 [inflora.py] => [InfLoRA] Layer 7: 70/768 type remove
2026-07-27 17:48:50,466 [inflora.py] => [InfLoRA] Layer 8: 108/768 type remove
2026-07-27 17:48:50,466 [inflora.py] => [InfLoRA] Layer 9: 196/768 type remove
2026-07-27 17:48:50,466 [inflora.py] => [InfLoRA] Layer 10: 293/768 type remove
2026-07-27 17:48:50,466 [inflora.py] => [InfLoRA] Layer 11: 198/768 type remove
2026-07-27 17:48:50,466 [inflora.py] => [InfLoRA] Layer 12: 176/768 type remove
2026-07-27 17:49:40,930 [inflora.py] => [InfLoRA] DualGPM threshold: 0.9750
2026-07-27 17:49:41,921 [inflora.py] => [InfLoRA] Layer 1: 46/768 type remove
2026-07-27 17:49:41,921 [inflora.py] => [InfLoRA] Layer 2: 19/768 type remove
2026-07-27 17:49:41,921 [inflora.py] => [InfLoRA] Layer 3: 29/768 type remove
2026-07-27 17:49:41,921 [inflora.py] => [InfLoRA] Layer 4: 27/768 type remove
2026-07-27 17:49:41,921 [inflora.py] => [InfLoRA] Layer 5: 42/768 type remove
2026-07-27 17:49:41,921 [inflora.py] => [InfLoRA] Layer 6: 62/768 type remove
2026-07-27 17:49:41,921 [inflora.py] => [InfLoRA] Layer 7: 73/768 type remove
2026-07-27 17:49:41,921 [inflora.py] => [InfLoRA] Layer 8: 115/768 type remove
2026-07-27 17:49:41,921 [inflora.py] => [InfLoRA] Layer 9: 205/768 type remove
2026-07-27 17:49:41,922 [inflora.py] => [InfLoRA] Layer 10: 298/768 type remove
2026-07-27 17:49:41,922 [inflora.py] => [InfLoRA] Layer 11: 202/768 type remove
2026-07-27 17:49:41,922 [inflora.py] => [InfLoRA] Layer 12: 182/768 type remove
2026-07-27 17:50:31,186 [inflora.py] => [InfLoRA] DualGPM threshold: 0.9750
2026-07-27 17:50:32,170 [inflora.py] => [InfLoRA] Layer 1: 46/768 type remove
2026-07-27 17:50:32,170 [inflora.py] => [InfLoRA] Layer 2: 19/768 type remove
2026-07-27 17:50:32,170 [inflora.py] => [InfLoRA] Layer 3: 30/768 type remove
2026-07-27 17:50:32,170 [inflora.py] => [InfLoRA] Layer 4: 28/768 type remove
2026-07-27 17:50:32,170 [inflora.py] => [InfLoRA] Layer 5: 43/768 type remove
2026-07-27 17:50:32,170 [inflora.py] => [InfLoRA] Layer 6: 64/768 type remove
2026-07-27 17:50:32,170 [inflora.py] => [InfLoRA] Layer 7: 75/768 type remove
2026-07-27 17:50:32,170 [inflora.py] => [InfLoRA] Layer 8: 118/768 type remove
2026-07-27 17:50:32,170 [inflora.py] => [InfLoRA] Layer 9: 209/768 type remove
2026-07-27 17:50:32,170 [inflora.py] => [InfLoRA] Layer 10: 302/768 type remove
2026-07-27 17:50:32,170 [inflora.py] => [InfLoRA] Layer 11: 205/768 type remove
2026-07-27 17:50:32,170 [inflora.py] => [InfLoRA] Layer 12: 183/768 type remove
2026-07-27 17:51:21,565 [inflora.py] => [InfLoRA] DualGPM threshold: 0.9750
2026-07-27 17:51:22,714 [inflora.py] => [InfLoRA] Layer 1: 46/768 type remove
2026-07-27 17:51:22,714 [inflora.py] => [InfLoRA] Layer 2: 19/768 type remove
2026-07-27 17:51:22,714 [inflora.py] => [InfLoRA] Layer 3: 30/768 type remove
2026-07-27 17:51:22,714 [inflora.py] => [InfLoRA] Layer 4: 28/768 type remove
2026-07-27 17:51:22,714 [inflora.py] => [InfLoRA] Layer 5: 44/768 type remove
2026-07-27 17:51:22,714 [inflora.py] => [InfLoRA] Layer 6: 65/768 type remove
2026-07-27 17:51:22,715 [inflora.py] => [InfLoRA] Layer 7: 77/768 type remove
2026-07-27 17:51:22,715 [inflora.py] => [InfLoRA] Layer 8: 120/768 type remove
2026-07-27 17:51:22,715 [inflora.py] => [InfLoRA] Layer 9: 214/768 type remove
2026-07-27 17:51:22,715 [inflora.py] => [InfLoRA] Layer 10: 306/768 type remove
2026-07-27 17:51:22,715 [inflora.py] => [InfLoRA] Layer 11: 209/768 type remove
2026-07-27 17:51:22,715 [inflora.py] => [InfLoRA] Layer 12: 187/768 type remove
2026-07-27 17:52:12,425 [inflora.py] => [InfLoRA] DualGPM threshold: 0.9750
2026-07-27 17:52:13,594 [inflora.py] => [InfLoRA] Layer 1: 46/768 type remove
2026-07-27 17:52:13,594 [inflora.py] => [InfLoRA] Layer 2: 19/768 type remove
2026-07-27 17:52:13,594 [inflora.py] => [InfLoRA] Layer 3: 31/768 type remove
2026-07-27 17:52:13,594 [inflora.py] => [InfLoRA] Layer 4: 29/768 type remove
2026-07-27 17:52:13,594 [inflora.py] => [InfLoRA] Layer 5: 46/768 type remove
2026-07-27 17:52:13,594 [inflora.py] => [InfLoRA] Layer 6: 69/768 type remove
2026-07-27 17:52:13,594 [inflora.py] => [InfLoRA] Layer 7: 81/768 type remove
2026-07-27 17:52:13,594 [inflora.py] => [InfLoRA] Layer 8: 124/768 type remove
2026-07-27 17:52:13,594 [inflora.py] => [InfLoRA] Layer 9: 222/768 type remove
2026-07-27 17:52:13,594 [inflora.py] => [InfLoRA] Layer 10: 314/768 type remove
2026-07-27 17:52:13,594 [inflora.py] => [InfLoRA] Layer 11: 214/768 type remove
2026-07-27 17:52:13,594 [inflora.py] => [InfLoRA] Layer 12: 195/768 type remove
2026-07-27 17:53:04,112 [inflora.py] => [InfLoRA] DualGPM threshold: 0.9750
2026-07-27 17:53:05,099 [inflora.py] => [InfLoRA] Layer 1: 46/768 type remove
2026-07-27 17:53:05,099 [inflora.py] => [InfLoRA] Layer 2: 19/768 type remove
2026-07-27 17:53:05,099 [inflora.py] => [InfLoRA] Layer 3: 32/768 type remove
2026-07-27 17:53:05,099 [inflora.py] => [InfLoRA] Layer 4: 30/768 type remove
2026-07-27 17:53:05,099 [inflora.py] => [InfLoRA] Layer 5: 47/768 type remove
2026-07-27 17:53:05,099 [inflora.py] => [InfLoRA] Layer 6: 71/768 type remove
2026-07-27 17:53:05,099 [inflora.py] => [InfLoRA] Layer 7: 83/768 type remove
2026-07-27 17:53:05,099 [inflora.py] => [InfLoRA] Layer 8: 126/768 type remove
2026-07-27 17:53:05,099 [inflora.py] => [InfLoRA] Layer 9: 226/768 type remove
2026-07-27 17:53:05,099 [inflora.py] => [InfLoRA] Layer 10: 318/768 type remove
2026-07-27 17:53:05,099 [inflora.py] => [InfLoRA] Layer 11: 217/768 type remove
2026-07-27 17:53:05,099 [inflora.py] => [InfLoRA] Layer 12: 199/768 type remove
2026-07-27 17:53:57,169 [inflora.py] => [InfLoRA] DualGPM threshold: 0.9750
2026-07-27 17:53:58,170 [inflora.py] => [InfLoRA] Layer 1: 46/768 type remove
2026-07-27 17:53:58,170 [inflora.py] => [InfLoRA] Layer 2: 19/768 type remove
2026-07-27 17:53:58,170 [inflora.py] => [InfLoRA] Layer 3: 33/768 type remove
2026-07-27 17:53:58,170 [inflora.py] => [InfLoRA] Layer 4: 30/768 type remove
2026-07-27 17:53:58,170 [inflora.py] => [InfLoRA] Layer 5: 48/768 type remove
2026-07-27 17:53:58,170 [inflora.py] => [InfLoRA] Layer 6: 72/768 type remove
2026-07-27 17:53:58,170 [inflora.py] => [InfLoRA] Layer 7: 84/768 type remove
2026-07-27 17:53:58,170 [inflora.py] => [InfLoRA] Layer 8: 129/768 type remove
2026-07-27 17:53:58,170 [inflora.py] => [InfLoRA] Layer 9: 234/768 type remove
2026-07-27 17:53:58,170 [inflora.py] => [InfLoRA] Layer 10: 335/768 type remove
2026-07-27 17:53:58,170 [inflora.py] => [InfLoRA] Layer 11: 237/768 type remove
2026-07-27 17:53:58,170 [inflora.py] => [InfLoRA] Layer 12: 204/768 type remove
2026-07-27 17:54:49,174 [inflora.py] => [InfLoRA] DualGPM threshold: 0.9750
2026-07-27 17:54:50,367 [inflora.py] => [InfLoRA] Layer 1: 46/768 type remove
2026-07-27 17:54:50,367 [inflora.py] => [InfLoRA] Layer 2: 19/768 type remove
2026-07-27 17:54:50,367 [inflora.py] => [InfLoRA] Layer 3: 33/768 type remove
2026-07-27 17:54:50,367 [inflora.py] => [InfLoRA] Layer 4: 30/768 type remove
2026-07-27 17:54:50,367 [inflora.py] => [InfLoRA] Layer 5: 48/768 type remove
2026-07-27 17:54:50,367 [inflora.py] => [InfLoRA] Layer 6: 72/768 type remove
2026-07-27 17:54:50,367 [inflora.py] => [InfLoRA] Layer 7: 85/768 type remove
2026-07-27 17:54:50,367 [inflora.py] => [InfLoRA] Layer 8: 129/768 type remove
2026-07-27 17:54:50,367 [inflora.py] => [InfLoRA] Layer 9: 235/768 type remove
2026-07-27 17:54:50,367 [inflora.py] => [InfLoRA] Layer 10: 337/768 type remove
2026-07-27 17:54:50,367 [inflora.py] => [InfLoRA] Layer 11: 241/768 type remove
2026-07-27 17:54:50,367 [inflora.py] => [InfLoRA] Layer 12: 205/768 type remove
2026-07-27 17:55:41,907 [inflora.py] => [InfLoRA] DualGPM threshold: 0.9750
2026-07-27 17:55:42,910 [inflora.py] => [InfLoRA] Layer 1: 46/768 type remove
2026-07-27 17:55:42,910 [inflora.py] => [InfLoRA] Layer 2: 19/768 type remove
2026-07-27 17:55:42,910 [inflora.py] => [InfLoRA] Layer 3: 33/768 type remove
2026-07-27 17:55:42,910 [inflora.py] => [InfLoRA] Layer 4: 30/768 type remove
2026-07-27 17:55:42,910 [inflora.py] => [InfLoRA] Layer 5: 48/768 type remove
2026-07-27 17:55:42,910 [inflora.py] => [InfLoRA] Layer 6: 73/768 type remove
2026-07-27 17:55:42,910 [inflora.py] => [InfLoRA] Layer 7: 86/768 type remove
2026-07-27 17:55:42,910 [inflora.py] => [InfLoRA] Layer 8: 132/768 type remove
2026-07-27 17:55:42,910 [inflora.py] => [InfLoRA] Layer 9: 243/768 type remove
2026-07-27 17:55:42,910 [inflora.py] => [InfLoRA] Layer 10: 352/768 type remove
2026-07-27 17:55:42,910 [inflora.py] => [InfLoRA] Layer 11: 258/768 type remove
2026-07-27 17:55:42,910 [inflora.py] => [InfLoRA] Layer 12: 227/768 type remove
2026-07-27 17:56:33,680 [inflora.py] => [InfLoRA] DualGPM threshold: 0.9750
2026-07-27 17:56:34,692 [inflora.py] => [InfLoRA] Layer 1: 46/768 type remove
2026-07-27 17:56:34,692 [inflora.py] => [InfLoRA] Layer 2: 19/768 type remove
2026-07-27 17:56:34,692 [inflora.py] => [InfLoRA] Layer 3: 33/768 type remove
2026-07-27 17:56:34,692 [inflora.py] => [InfLoRA] Layer 4: 30/768 type remove
2026-07-27 17:56:34,692 [inflora.py] => [InfLoRA] Layer 5: 49/768 type remove
2026-07-27 17:56:34,692 [inflora.py] => [InfLoRA] Layer 6: 74/768 type remove
2026-07-27 17:56:34,692 [inflora.py] => [InfLoRA] Layer 7: 88/768 type remove
2026-07-27 17:56:34,692 [inflora.py] => [InfLoRA] Layer 8: 135/768 type remove
2026-07-27 17:56:34,693 [inflora.py] => [InfLoRA] Layer 9: 250/768 type remove
2026-07-27 17:56:34,693 [inflora.py] => [InfLoRA] Layer 10: 357/768 type remove
2026-07-27 17:56:34,693 [inflora.py] => [InfLoRA] Layer 11: 263/768 type remove
2026-07-27 17:56:34,693 [inflora.py] => [InfLoRA] Layer 12: 233/768 type remove
2026-07-27 17:57:23,924 [inflora.py] => [InfLoRA] DualGPM threshold: 0.9750
2026-07-27 17:57:25,124 [inflora.py] => [InfLoRA] Layer 1: 46/768 type remove
2026-07-27 17:57:25,124 [inflora.py] => [InfLoRA] Layer 2: 19/768 type remove
2026-07-27 17:57:25,124 [inflora.py] => [InfLoRA] Layer 3: 33/768 type remove
2026-07-27 17:57:25,124 [inflora.py] => [InfLoRA] Layer 4: 30/768 type remove
2026-07-27 17:57:25,124 [inflora.py] => [InfLoRA] Layer 5: 49/768 type remove
2026-07-27 17:57:25,124 [inflora.py] => [InfLoRA] Layer 6: 75/768 type remove
2026-07-27 17:57:25,124 [inflora.py] => [InfLoRA] Layer 7: 88/768 type remove
2026-07-27 17:57:25,124 [inflora.py] => [InfLoRA] Layer 8: 136/768 type remove
2026-07-27 17:57:25,124 [inflora.py] => [InfLoRA] Layer 9: 255/768 type remove
2026-07-27 17:57:25,124 [inflora.py] => [InfLoRA] Layer 10: 365/768 type remove
2026-07-27 17:57:25,124 [inflora.py] => [InfLoRA] Layer 11: 273/768 type remove
2026-07-27 17:57:25,124 [inflora.py] => [InfLoRA] Layer 12: 249/768 type remove
2026-07-27 17:57:29,293 [bounded_memory_mixin.py] => [bounded_mem eval] volume 0.10 | cycle 24 | classes_seen 110 | CIL top1 71.00 | top5 95.04 | (nearest latent task ~10) | param_hash f1ddb53000a6ca77 | per-task [88.38, 59.9, 81.0, 48.74, 79.9, 65.33, 76.26, 68.18, 61.93, 91.79, 59.8]
2026-07-27 17:58:22,428 [inflora.py] => [InfLoRA] DualGPM threshold: 0.9750
2026-07-27 17:58:23,433 [inflora.py] => [InfLoRA] Layer 1: 46/768 type remove
2026-07-27 17:58:23,433 [inflora.py] => [InfLoRA] Layer 2: 19/768 type remove
2026-07-27 17:58:23,433 [inflora.py] => [InfLoRA] Layer 3: 35/768 type remove
2026-07-27 17:58:23,433 [inflora.py] => [InfLoRA] Layer 4: 31/768 type remove
2026-07-27 17:58:23,433 [inflora.py] => [InfLoRA] Layer 5: 51/768 type remove
2026-07-27 17:58:23,433 [inflora.py] => [InfLoRA] Layer 6: 78/768 type remove
2026-07-27 17:58:23,433 [inflora.py] => [InfLoRA] Layer 7: 91/768 type remove
2026-07-27 17:58:23,433 [inflora.py] => [InfLoRA] Layer 8: 142/768 type remove
2026-07-27 17:58:23,433 [inflora.py] => [InfLoRA] Layer 9: 267/768 type remove
2026-07-27 17:58:23,433 [inflora.py] => [InfLoRA] Layer 10: 376/768 type remove
2026-07-27 17:58:23,433 [inflora.py] => [InfLoRA] Layer 11: 284/768 type remove
2026-07-27 17:58:23,433 [inflora.py] => [InfLoRA] Layer 12: 261/768 type remove
2026-07-27 17:59:13,595 [inflora.py] => [InfLoRA] DualGPM threshold: 0.9750
2026-07-27 17:59:14,602 [inflora.py] => [InfLoRA] Layer 1: 46/768 type remove
2026-07-27 17:59:14,602 [inflora.py] => [InfLoRA] Layer 2: 19/768 type remove
2026-07-27 17:59:14,602 [inflora.py] => [InfLoRA] Layer 3: 36/768 type remove
2026-07-27 17:59:14,602 [inflora.py] => [InfLoRA] Layer 4: 32/768 type remove
2026-07-27 17:59:14,602 [inflora.py] => [InfLoRA] Layer 5: 52/768 type remove
2026-07-27 17:59:14,602 [inflora.py] => [InfLoRA] Layer 6: 80/768 type remove
2026-07-27 17:59:14,602 [inflora.py] => [InfLoRA] Layer 7: 92/768 type remove
2026-07-27 17:59:14,602 [inflora.py] => [InfLoRA] Layer 8: 143/768 type remove
2026-07-27 17:59:14,602 [inflora.py] => [InfLoRA] Layer 9: 272/768 type remove
2026-07-27 17:59:14,602 [inflora.py] => [InfLoRA] Layer 10: 384/768 type remove
2026-07-27 17:59:14,602 [inflora.py] => [InfLoRA] Layer 11: 292/768 type remove
2026-07-27 17:59:14,602 [inflora.py] => [InfLoRA] Layer 12: 266/768 type remove
2026-07-27 18:00:04,893 [inflora.py] => [InfLoRA] DualGPM threshold: 0.9750
2026-07-27 18:00:06,053 [inflora.py] => [InfLoRA] Layer 1: 46/768 type remove
2026-07-27 18:00:06,054 [inflora.py] => [InfLoRA] Layer 2: 19/768 type remove
2026-07-27 18:00:06,054 [inflora.py] => [InfLoRA] Layer 3: 36/768 type remove
2026-07-27 18:00:06,054 [inflora.py] => [InfLoRA] Layer 4: 33/768 type remove
2026-07-27 18:00:06,054 [inflora.py] => [InfLoRA] Layer 5: 53/768 type remove
2026-07-27 18:00:06,054 [inflora.py] => [InfLoRA] Layer 6: 81/768 type remove
2026-07-27 18:00:06,054 [inflora.py] => [InfLoRA] Layer 7: 93/768 type remove
2026-07-27 18:00:06,054 [inflora.py] => [InfLoRA] Layer 8: 144/768 type remove
2026-07-27 18:00:06,054 [inflora.py] => [InfLoRA] Layer 9: 273/768 type remove
2026-07-27 18:00:06,082 [inflora.py] => [InfLoRA] Layer 10: 383/768 type retain
2026-07-27 18:00:06,082 [inflora.py] => [InfLoRA] Layer 11: 296/768 type remove
2026-07-27 18:00:06,082 [inflora.py] => [InfLoRA] Layer 12: 275/768 type remove
2026-07-27 18:00:56,995 [inflora.py] => [InfLoRA] DualGPM threshold: 0.9750
2026-07-27 18:00:58,225 [inflora.py] => [InfLoRA] Layer 1: 46/768 type remove
2026-07-27 18:00:58,225 [inflora.py] => [InfLoRA] Layer 2: 19/768 type remove
2026-07-27 18:00:58,225 [inflora.py] => [InfLoRA] Layer 3: 37/768 type remove
2026-07-27 18:00:58,225 [inflora.py] => [InfLoRA] Layer 4: 33/768 type remove
2026-07-27 18:00:58,225 [inflora.py] => [InfLoRA] Layer 5: 53/768 type remove
2026-07-27 18:00:58,225 [inflora.py] => [InfLoRA] Layer 6: 81/768 type remove
2026-07-27 18:00:58,225 [inflora.py] => [InfLoRA] Layer 7: 94/768 type remove
2026-07-27 18:00:58,225 [inflora.py] => [InfLoRA] Layer 8: 145/768 type remove
2026-07-27 18:00:58,225 [inflora.py] => [InfLoRA] Layer 9: 274/768 type remove
2026-07-27 18:00:58,225 [inflora.py] => [InfLoRA] Layer 10: 382/768 type retain
2026-07-27 18:00:58,225 [inflora.py] => [InfLoRA] Layer 11: 296/768 type remove
2026-07-27 18:00:58,225 [inflora.py] => [InfLoRA] Layer 12: 277/768 type remove
2026-07-27 18:01:48,437 [inflora.py] => [InfLoRA] DualGPM threshold: 0.9750
2026-07-27 18:01:49,483 [inflora.py] => [InfLoRA] Layer 1: 46/768 type remove
2026-07-27 18:01:49,483 [inflora.py] => [InfLoRA] Layer 2: 19/768 type remove
2026-07-27 18:01:49,483 [inflora.py] => [InfLoRA] Layer 3: 37/768 type remove
2026-07-27 18:01:49,483 [inflora.py] => [InfLoRA] Layer 4: 33/768 type remove
2026-07-27 18:01:49,483 [inflora.py] => [InfLoRA] Layer 5: 53/768 type remove
2026-07-27 18:01:49,483 [inflora.py] => [InfLoRA] Layer 6: 82/768 type remove
2026-07-27 18:01:49,483 [inflora.py] => [InfLoRA] Layer 7: 94/768 type remove
2026-07-27 18:01:49,483 [inflora.py] => [InfLoRA] Layer 8: 146/768 type remove
2026-07-27 18:01:49,483 [inflora.py] => [InfLoRA] Layer 9: 274/768 type remove
2026-07-27 18:01:49,483 [inflora.py] => [InfLoRA] Layer 10: 382/768 type retain
2026-07-27 18:01:49,483 [inflora.py] => [InfLoRA] Layer 11: 297/768 type remove
2026-07-27 18:01:49,483 [inflora.py] => [InfLoRA] Layer 12: 278/768 type remove
2026-07-27 18:02:39,434 [inflora.py] => [InfLoRA] DualGPM threshold: 0.9750
2026-07-27 18:02:40,714 [inflora.py] => [InfLoRA] Layer 1: 46/768 type remove
2026-07-27 18:02:40,714 [inflora.py] => [InfLoRA] Layer 2: 19/768 type remove
2026-07-27 18:02:40,714 [inflora.py] => [InfLoRA] Layer 3: 37/768 type remove
2026-07-27 18:02:40,714 [inflora.py] => [InfLoRA] Layer 4: 33/768 type remove
2026-07-27 18:02:40,714 [inflora.py] => [InfLoRA] Layer 5: 54/768 type remove
2026-07-27 18:02:40,714 [inflora.py] => [InfLoRA] Layer 6: 82/768 type remove
2026-07-27 18:02:40,714 [inflora.py] => [InfLoRA] Layer 7: 94/768 type remove
2026-07-27 18:02:40,714 [inflora.py] => [InfLoRA] Layer 8: 146/768 type remove
2026-07-27 18:02:40,714 [inflora.py] => [InfLoRA] Layer 9: 275/768 type remove
2026-07-27 18:02:40,714 [inflora.py] => [InfLoRA] Layer 10: 381/768 type retain
2026-07-27 18:02:40,714 [inflora.py] => [InfLoRA] Layer 11: 299/768 type remove
2026-07-27 18:02:40,714 [inflora.py] => [InfLoRA] Layer 12: 282/768 type remove
2026-07-27 18:03:32,379 [inflora.py] => [InfLoRA] DualGPM threshold: 0.9750
2026-07-27 18:03:33,445 [inflora.py] => [InfLoRA] Layer 1: 46/768 type remove
2026-07-27 18:03:33,445 [inflora.py] => [InfLoRA] Layer 2: 19/768 type remove
2026-07-27 18:03:33,445 [inflora.py] => [InfLoRA] Layer 3: 37/768 type remove
2026-07-27 18:03:33,446 [inflora.py] => [InfLoRA] Layer 4: 33/768 type remove
2026-07-27 18:03:33,446 [inflora.py] => [InfLoRA] Layer 5: 54/768 type remove
2026-07-27 18:03:33,446 [inflora.py] => [InfLoRA] Layer 6: 83/768 type remove
2026-07-27 18:03:33,446 [inflora.py] => [InfLoRA] Layer 7: 95/768 type remove
2026-07-27 18:03:33,446 [inflora.py] => [InfLoRA] Layer 8: 147/768 type remove
2026-07-27 18:03:33,446 [inflora.py] => [InfLoRA] Layer 9: 275/768 type remove
2026-07-27 18:03:33,446 [inflora.py] => [InfLoRA] Layer 10: 380/768 type retain
2026-07-27 18:03:33,446 [inflora.py] => [InfLoRA] Layer 11: 300/768 type remove
2026-07-27 18:03:33,446 [inflora.py] => [InfLoRA] Layer 12: 283/768 type remove
2026-07-27 18:04:26,383 [inflora.py] => [InfLoRA] DualGPM threshold: 0.9750
2026-07-27 18:04:27,577 [inflora.py] => [InfLoRA] Layer 1: 46/768 type remove
2026-07-27 18:04:27,577 [inflora.py] => [InfLoRA] Layer 2: 19/768 type remove
2026-07-27 18:04:27,577 [inflora.py] => [InfLoRA] Layer 3: 37/768 type remove
2026-07-27 18:04:27,577 [inflora.py] => [InfLoRA] Layer 4: 34/768 type remove
2026-07-27 18:04:27,577 [inflora.py] => [InfLoRA] Layer 5: 54/768 type remove
2026-07-27 18:04:27,577 [inflora.py] => [InfLoRA] Layer 6: 83/768 type remove
2026-07-27 18:04:27,577 [inflora.py] => [InfLoRA] Layer 7: 95/768 type remove
2026-07-27 18:04:27,577 [inflora.py] => [InfLoRA] Layer 8: 148/768 type remove
2026-07-27 18:04:27,577 [inflora.py] => [InfLoRA] Layer 9: 277/768 type remove
2026-07-27 18:04:27,578 [inflora.py] => [InfLoRA] Layer 10: 374/768 type retain
2026-07-27 18:04:27,578 [inflora.py] => [InfLoRA] Layer 11: 307/768 type remove
2026-07-27 18:04:27,578 [inflora.py] => [InfLoRA] Layer 12: 290/768 type remove
2026-07-27 18:05:17,564 [inflora.py] => [InfLoRA] DualGPM threshold: 0.9750
2026-07-27 18:05:18,879 [inflora.py] => [InfLoRA] Layer 1: 46/768 type remove
2026-07-27 18:05:18,880 [inflora.py] => [InfLoRA] Layer 2: 20/768 type remove
2026-07-27 18:05:18,880 [inflora.py] => [InfLoRA] Layer 3: 37/768 type remove
2026-07-27 18:05:18,880 [inflora.py] => [InfLoRA] Layer 4: 34/768 type remove
2026-07-27 18:05:18,880 [inflora.py] => [InfLoRA] Layer 5: 55/768 type remove
2026-07-27 18:05:18,880 [inflora.py] => [InfLoRA] Layer 6: 84/768 type remove
2026-07-27 18:05:18,880 [inflora.py] => [InfLoRA] Layer 7: 97/768 type remove
2026-07-27 18:05:18,880 [inflora.py] => [InfLoRA] Layer 8: 151/768 type remove
2026-07-27 18:05:18,880 [inflora.py] => [InfLoRA] Layer 9: 283/768 type remove
2026-07-27 18:05:18,880 [inflora.py] => [InfLoRA] Layer 10: 369/768 type retain
2026-07-27 18:05:18,880 [inflora.py] => [InfLoRA] Layer 11: 311/768 type remove
2026-07-27 18:05:18,880 [inflora.py] => [InfLoRA] Layer 12: 291/768 type remove
2026-07-27 18:06:11,102 [inflora.py] => [InfLoRA] DualGPM threshold: 0.9750
2026-07-27 18:06:12,317 [inflora.py] => [InfLoRA] Layer 1: 46/768 type remove
2026-07-27 18:06:12,317 [inflora.py] => [InfLoRA] Layer 2: 20/768 type remove
2026-07-27 18:06:12,317 [inflora.py] => [InfLoRA] Layer 3: 38/768 type remove
2026-07-27 18:06:12,317 [inflora.py] => [InfLoRA] Layer 4: 36/768 type remove
2026-07-27 18:06:12,317 [inflora.py] => [InfLoRA] Layer 5: 57/768 type remove
2026-07-27 18:06:12,317 [inflora.py] => [InfLoRA] Layer 6: 85/768 type remove
2026-07-27 18:06:12,317 [inflora.py] => [InfLoRA] Layer 7: 98/768 type remove
2026-07-27 18:06:12,317 [inflora.py] => [InfLoRA] Layer 8: 152/768 type remove
2026-07-27 18:06:12,317 [inflora.py] => [InfLoRA] Layer 9: 284/768 type remove
2026-07-27 18:06:12,317 [inflora.py] => [InfLoRA] Layer 10: 367/768 type retain
2026-07-27 18:06:12,317 [inflora.py] => [InfLoRA] Layer 11: 314/768 type remove
2026-07-27 18:06:12,317 [inflora.py] => [InfLoRA] Layer 12: 296/768 type remove
2026-07-27 18:07:04,558 [inflora.py] => [InfLoRA] DualGPM threshold: 0.9750
2026-07-27 18:07:05,624 [inflora.py] => [InfLoRA] Layer 1: 46/768 type remove
2026-07-27 18:07:05,624 [inflora.py] => [InfLoRA] Layer 2: 20/768 type remove
2026-07-27 18:07:05,624 [inflora.py] => [InfLoRA] Layer 3: 40/768 type remove
2026-07-27 18:07:05,624 [inflora.py] => [InfLoRA] Layer 4: 36/768 type remove
2026-07-27 18:07:05,624 [inflora.py] => [InfLoRA] Layer 5: 58/768 type remove
2026-07-27 18:07:05,624 [inflora.py] => [InfLoRA] Layer 6: 87/768 type remove
2026-07-27 18:07:05,624 [inflora.py] => [InfLoRA] Layer 7: 99/768 type remove
2026-07-27 18:07:05,624 [inflora.py] => [InfLoRA] Layer 8: 153/768 type remove
2026-07-27 18:07:05,624 [inflora.py] => [InfLoRA] Layer 9: 284/768 type remove
2026-07-27 18:07:05,625 [inflora.py] => [InfLoRA] Layer 10: 367/768 type retain
2026-07-27 18:07:05,625 [inflora.py] => [InfLoRA] Layer 11: 314/768 type remove
2026-07-27 18:07:05,625 [inflora.py] => [InfLoRA] Layer 12: 297/768 type remove
2026-07-27 18:07:56,834 [inflora.py] => [InfLoRA] DualGPM threshold: 0.9750
2026-07-27 18:07:58,121 [inflora.py] => [InfLoRA] Layer 1: 46/768 type remove
2026-07-27 18:07:58,121 [inflora.py] => [InfLoRA] Layer 2: 21/768 type remove
2026-07-27 18:07:58,121 [inflora.py] => [InfLoRA] Layer 3: 41/768 type remove
2026-07-27 18:07:58,121 [inflora.py] => [InfLoRA] Layer 4: 38/768 type remove
2026-07-27 18:07:58,121 [inflora.py] => [InfLoRA] Layer 5: 60/768 type remove
2026-07-27 18:07:58,121 [inflora.py] => [InfLoRA] Layer 6: 89/768 type remove
2026-07-27 18:07:58,121 [inflora.py] => [InfLoRA] Layer 7: 100/768 type remove
2026-07-27 18:07:58,121 [inflora.py] => [InfLoRA] Layer 8: 155/768 type remove
2026-07-27 18:07:58,121 [inflora.py] => [InfLoRA] Layer 9: 286/768 type remove
2026-07-27 18:07:58,121 [inflora.py] => [InfLoRA] Layer 10: 366/768 type retain
2026-07-27 18:07:58,121 [inflora.py] => [InfLoRA] Layer 11: 316/768 type remove
2026-07-27 18:07:58,121 [inflora.py] => [InfLoRA] Layer 12: 297/768 type remove
2026-07-27 18:08:47,391 [inflora.py] => [InfLoRA] DualGPM threshold: 0.9750
2026-07-27 18:08:48,653 [inflora.py] => [InfLoRA] Layer 1: 46/768 type remove
2026-07-27 18:08:48,653 [inflora.py] => [InfLoRA] Layer 2: 21/768 type remove
2026-07-27 18:08:48,653 [inflora.py] => [InfLoRA] Layer 3: 41/768 type remove
2026-07-27 18:08:48,653 [inflora.py] => [InfLoRA] Layer 4: 38/768 type remove
2026-07-27 18:08:48,653 [inflora.py] => [InfLoRA] Layer 5: 61/768 type remove
2026-07-27 18:08:48,653 [inflora.py] => [InfLoRA] Layer 6: 90/768 type remove
2026-07-27 18:08:48,653 [inflora.py] => [InfLoRA] Layer 7: 101/768 type remove
2026-07-27 18:08:48,653 [inflora.py] => [InfLoRA] Layer 8: 156/768 type remove
2026-07-27 18:08:48,653 [inflora.py] => [InfLoRA] Layer 9: 287/768 type remove
2026-07-27 18:08:48,653 [inflora.py] => [InfLoRA] Layer 10: 365/768 type retain
2026-07-27 18:08:48,653 [inflora.py] => [InfLoRA] Layer 11: 319/768 type remove
2026-07-27 18:08:48,653 [inflora.py] => [InfLoRA] Layer 12: 303/768 type remove
2026-07-27 18:09:40,836 [inflora.py] => [InfLoRA] DualGPM threshold: 0.9750
2026-07-27 18:09:42,069 [inflora.py] => [InfLoRA] Layer 1: 46/768 type remove
2026-07-27 18:09:42,069 [inflora.py] => [InfLoRA] Layer 2: 21/768 type remove
2026-07-27 18:09:42,069 [inflora.py] => [InfLoRA] Layer 3: 41/768 type remove
2026-07-27 18:09:42,069 [inflora.py] => [InfLoRA] Layer 4: 38/768 type remove
2026-07-27 18:09:42,069 [inflora.py] => [InfLoRA] Layer 5: 61/768 type remove
2026-07-27 18:09:42,069 [inflora.py] => [InfLoRA] Layer 6: 90/768 type remove
2026-07-27 18:09:42,069 [inflora.py] => [InfLoRA] Layer 7: 101/768 type remove
2026-07-27 18:09:42,069 [inflora.py] => [InfLoRA] Layer 8: 157/768 type remove
2026-07-27 18:09:42,069 [inflora.py] => [InfLoRA] Layer 9: 288/768 type remove
2026-07-27 18:09:42,069 [inflora.py] => [InfLoRA] Layer 10: 364/768 type retain
2026-07-27 18:09:42,069 [inflora.py] => [InfLoRA] Layer 11: 321/768 type remove
2026-07-27 18:09:42,069 [inflora.py] => [InfLoRA] Layer 12: 305/768 type remove
2026-07-27 18:10:34,005 [inflora.py] => [InfLoRA] DualGPM threshold: 0.9750
2026-07-27 18:10:35,187 [inflora.py] => [InfLoRA] Layer 1: 46/768 type remove
2026-07-27 18:10:35,187 [inflora.py] => [InfLoRA] Layer 2: 21/768 type remove
2026-07-27 18:10:35,187 [inflora.py] => [InfLoRA] Layer 3: 42/768 type remove
2026-07-27 18:10:35,187 [inflora.py] => [InfLoRA] Layer 4: 38/768 type remove
2026-07-27 18:10:35,187 [inflora.py] => [InfLoRA] Layer 5: 62/768 type remove
2026-07-27 18:10:35,187 [inflora.py] => [InfLoRA] Layer 6: 91/768 type remove
2026-07-27 18:10:35,187 [inflora.py] => [InfLoRA] Layer 7: 102/768 type remove
2026-07-27 18:10:35,187 [inflora.py] => [InfLoRA] Layer 8: 157/768 type remove
2026-07-27 18:10:35,187 [inflora.py] => [InfLoRA] Layer 9: 288/768 type remove
2026-07-27 18:10:35,187 [inflora.py] => [InfLoRA] Layer 10: 364/768 type retain
2026-07-27 18:10:35,187 [inflora.py] => [InfLoRA] Layer 11: 322/768 type remove
2026-07-27 18:10:35,187 [inflora.py] => [InfLoRA] Layer 12: 307/768 type remove
2026-07-27 18:11:25,563 [inflora.py] => [InfLoRA] DualGPM threshold: 0.9750
2026-07-27 18:11:26,801 [inflora.py] => [InfLoRA] Layer 1: 46/768 type remove
2026-07-27 18:11:26,801 [inflora.py] => [InfLoRA] Layer 2: 21/768 type remove
2026-07-27 18:11:26,801 [inflora.py] => [InfLoRA] Layer 3: 42/768 type remove
2026-07-27 18:11:26,801 [inflora.py] => [InfLoRA] Layer 4: 39/768 type remove
2026-07-27 18:11:26,801 [inflora.py] => [InfLoRA] Layer 5: 62/768 type remove
2026-07-27 18:11:26,801 [inflora.py] => [InfLoRA] Layer 6: 91/768 type remove
2026-07-27 18:11:26,801 [inflora.py] => [InfLoRA] Layer 7: 103/768 type remove
2026-07-27 18:11:26,801 [inflora.py] => [InfLoRA] Layer 8: 158/768 type remove
2026-07-27 18:11:26,801 [inflora.py] => [InfLoRA] Layer 9: 290/768 type remove
2026-07-27 18:11:26,801 [inflora.py] => [InfLoRA] Layer 10: 362/768 type retain
2026-07-27 18:11:26,801 [inflora.py] => [InfLoRA] Layer 11: 325/768 type remove
2026-07-27 18:11:26,801 [inflora.py] => [InfLoRA] Layer 12: 309/768 type remove
2026-07-27 18:12:16,234 [inflora.py] => [InfLoRA] DualGPM threshold: 0.9750
2026-07-27 18:12:17,490 [inflora.py] => [InfLoRA] Layer 1: 46/768 type remove
2026-07-27 18:12:17,490 [inflora.py] => [InfLoRA] Layer 2: 21/768 type remove
2026-07-27 18:12:17,490 [inflora.py] => [InfLoRA] Layer 3: 42/768 type remove
2026-07-27 18:12:17,490 [inflora.py] => [InfLoRA] Layer 4: 39/768 type remove
2026-07-27 18:12:17,490 [inflora.py] => [InfLoRA] Layer 5: 62/768 type remove
2026-07-27 18:12:17,490 [inflora.py] => [InfLoRA] Layer 6: 92/768 type remove
2026-07-27 18:12:17,490 [inflora.py] => [InfLoRA] Layer 7: 103/768 type remove
2026-07-27 18:12:17,490 [inflora.py] => [InfLoRA] Layer 8: 158/768 type remove
2026-07-27 18:12:17,490 [inflora.py] => [InfLoRA] Layer 9: 290/768 type remove
2026-07-27 18:12:17,490 [inflora.py] => [InfLoRA] Layer 10: 362/768 type retain
2026-07-27 18:12:17,490 [inflora.py] => [InfLoRA] Layer 11: 325/768 type remove
2026-07-27 18:12:17,490 [inflora.py] => [InfLoRA] Layer 12: 309/768 type remove
2026-07-27 18:13:07,207 [inflora.py] => [InfLoRA] DualGPM threshold: 0.9750
2026-07-27 18:13:08,443 [inflora.py] => [InfLoRA] Layer 1: 46/768 type remove
2026-07-27 18:13:08,443 [inflora.py] => [InfLoRA] Layer 2: 21/768 type remove
2026-07-27 18:13:08,443 [inflora.py] => [InfLoRA] Layer 3: 43/768 type remove
2026-07-27 18:13:08,443 [inflora.py] => [InfLoRA] Layer 4: 39/768 type remove
2026-07-27 18:13:08,444 [inflora.py] => [InfLoRA] Layer 5: 63/768 type remove
2026-07-27 18:13:08,444 [inflora.py] => [InfLoRA] Layer 6: 93/768 type remove
2026-07-27 18:13:08,444 [inflora.py] => [InfLoRA] Layer 7: 105/768 type remove
2026-07-27 18:13:08,444 [inflora.py] => [InfLoRA] Layer 8: 160/768 type remove
2026-07-27 18:13:08,444 [inflora.py] => [InfLoRA] Layer 9: 293/768 type remove
2026-07-27 18:13:08,444 [inflora.py] => [InfLoRA] Layer 10: 359/768 type retain
2026-07-27 18:13:08,444 [inflora.py] => [InfLoRA] Layer 11: 328/768 type remove
2026-07-27 18:13:08,444 [inflora.py] => [InfLoRA] Layer 12: 315/768 type remove
2026-07-27 18:13:59,482 [inflora.py] => [InfLoRA] DualGPM threshold: 0.9750
2026-07-27 18:14:00,740 [inflora.py] => [InfLoRA] Layer 1: 46/768 type remove
2026-07-27 18:14:00,740 [inflora.py] => [InfLoRA] Layer 2: 21/768 type remove
2026-07-27 18:14:00,740 [inflora.py] => [InfLoRA] Layer 3: 43/768 type remove
2026-07-27 18:14:00,740 [inflora.py] => [InfLoRA] Layer 4: 40/768 type remove
2026-07-27 18:14:00,740 [inflora.py] => [InfLoRA] Layer 5: 63/768 type remove
2026-07-27 18:14:00,740 [inflora.py] => [InfLoRA] Layer 6: 94/768 type remove
2026-07-27 18:14:00,740 [inflora.py] => [InfLoRA] Layer 7: 105/768 type remove
2026-07-27 18:14:00,740 [inflora.py] => [InfLoRA] Layer 8: 160/768 type remove
2026-07-27 18:14:00,740 [inflora.py] => [InfLoRA] Layer 9: 294/768 type remove
2026-07-27 18:14:00,740 [inflora.py] => [InfLoRA] Layer 10: 358/768 type retain
2026-07-27 18:14:00,740 [inflora.py] => [InfLoRA] Layer 11: 329/768 type remove
2026-07-27 18:14:00,740 [inflora.py] => [InfLoRA] Layer 12: 315/768 type remove
2026-07-27 18:14:51,193 [inflora.py] => [InfLoRA] DualGPM threshold: 0.9750
2026-07-27 18:14:52,478 [inflora.py] => [InfLoRA] Layer 1: 46/768 type remove
2026-07-27 18:14:52,478 [inflora.py] => [InfLoRA] Layer 2: 21/768 type remove
2026-07-27 18:14:52,478 [inflora.py] => [InfLoRA] Layer 3: 43/768 type remove
2026-07-27 18:14:52,478 [inflora.py] => [InfLoRA] Layer 4: 40/768 type remove
2026-07-27 18:14:52,478 [inflora.py] => [InfLoRA] Layer 5: 64/768 type remove
2026-07-27 18:14:52,478 [inflora.py] => [InfLoRA] Layer 6: 95/768 type remove
2026-07-27 18:14:52,478 [inflora.py] => [InfLoRA] Layer 7: 107/768 type remove
2026-07-27 18:14:52,478 [inflora.py] => [InfLoRA] Layer 8: 163/768 type remove
2026-07-27 18:14:52,478 [inflora.py] => [InfLoRA] Layer 9: 301/768 type remove
2026-07-27 18:14:52,478 [inflora.py] => [InfLoRA] Layer 10: 342/768 type retain
2026-07-27 18:14:52,478 [inflora.py] => [InfLoRA] Layer 11: 350/768 type remove
2026-07-27 18:14:52,478 [inflora.py] => [InfLoRA] Layer 12: 335/768 type remove
2026-07-27 18:15:44,068 [inflora.py] => [InfLoRA] DualGPM threshold: 0.9750
2026-07-27 18:15:45,429 [inflora.py] => [InfLoRA] Layer 1: 46/768 type remove
2026-07-27 18:15:45,429 [inflora.py] => [InfLoRA] Layer 2: 21/768 type remove
2026-07-27 18:15:45,429 [inflora.py] => [InfLoRA] Layer 3: 44/768 type remove
2026-07-27 18:15:45,429 [inflora.py] => [InfLoRA] Layer 4: 41/768 type remove
2026-07-27 18:15:45,429 [inflora.py] => [InfLoRA] Layer 5: 64/768 type remove
2026-07-27 18:15:45,429 [inflora.py] => [InfLoRA] Layer 6: 96/768 type remove
2026-07-27 18:15:45,429 [inflora.py] => [InfLoRA] Layer 7: 109/768 type remove
2026-07-27 18:15:45,429 [inflora.py] => [InfLoRA] Layer 8: 166/768 type remove
2026-07-27 18:15:45,429 [inflora.py] => [InfLoRA] Layer 9: 307/768 type remove
2026-07-27 18:15:45,429 [inflora.py] => [InfLoRA] Layer 10: 334/768 type retain
2026-07-27 18:15:45,429 [inflora.py] => [InfLoRA] Layer 11: 365/768 type remove
2026-07-27 18:15:45,429 [inflora.py] => [InfLoRA] Layer 12: 336/768 type remove
2026-07-27 18:16:36,567 [inflora.py] => [InfLoRA] DualGPM threshold: 0.9750
2026-07-27 18:16:37,770 [inflora.py] => [InfLoRA] Layer 1: 46/768 type remove
2026-07-27 18:16:37,770 [inflora.py] => [InfLoRA] Layer 2: 21/768 type remove
2026-07-27 18:16:37,770 [inflora.py] => [InfLoRA] Layer 3: 44/768 type remove
2026-07-27 18:16:37,770 [inflora.py] => [InfLoRA] Layer 4: 41/768 type remove
2026-07-27 18:16:37,770 [inflora.py] => [InfLoRA] Layer 5: 65/768 type remove
2026-07-27 18:16:37,770 [inflora.py] => [InfLoRA] Layer 6: 97/768 type remove
2026-07-27 18:16:37,770 [inflora.py] => [InfLoRA] Layer 7: 109/768 type remove
2026-07-27 18:16:37,770 [inflora.py] => [InfLoRA] Layer 8: 166/768 type remove
2026-07-27 18:16:37,770 [inflora.py] => [InfLoRA] Layer 9: 307/768 type remove
2026-07-27 18:16:37,770 [inflora.py] => [InfLoRA] Layer 10: 333/768 type retain
2026-07-27 18:16:37,770 [inflora.py] => [InfLoRA] Layer 11: 366/768 type remove
2026-07-27 18:16:37,770 [inflora.py] => [InfLoRA] Layer 12: 338/768 type remove
2026-07-27 18:17:28,917 [inflora.py] => [InfLoRA] DualGPM threshold: 0.9750
2026-07-27 18:17:29,997 [inflora.py] => [InfLoRA] Layer 1: 46/768 type remove
2026-07-27 18:17:29,998 [inflora.py] => [InfLoRA] Layer 2: 22/768 type remove
2026-07-27 18:17:29,998 [inflora.py] => [InfLoRA] Layer 3: 45/768 type remove
2026-07-27 18:17:29,998 [inflora.py] => [InfLoRA] Layer 4: 42/768 type remove
2026-07-27 18:17:29,998 [inflora.py] => [InfLoRA] Layer 5: 66/768 type remove
2026-07-27 18:17:29,998 [inflora.py] => [InfLoRA] Layer 6: 98/768 type remove
2026-07-27 18:17:29,998 [inflora.py] => [InfLoRA] Layer 7: 110/768 type remove
2026-07-27 18:17:29,998 [inflora.py] => [InfLoRA] Layer 8: 167/768 type remove
2026-07-27 18:17:29,998 [inflora.py] => [InfLoRA] Layer 9: 307/768 type remove
2026-07-27 18:17:29,998 [inflora.py] => [InfLoRA] Layer 10: 333/768 type retain
2026-07-27 18:17:29,998 [inflora.py] => [InfLoRA] Layer 11: 366/768 type remove
2026-07-27 18:17:29,998 [inflora.py] => [InfLoRA] Layer 12: 339/768 type remove
2026-07-27 18:18:20,290 [inflora.py] => [InfLoRA] DualGPM threshold: 0.9750
2026-07-27 18:18:21,457 [inflora.py] => [InfLoRA] Layer 1: 46/768 type remove
2026-07-27 18:18:21,457 [inflora.py] => [InfLoRA] Layer 2: 22/768 type remove
2026-07-27 18:18:21,457 [inflora.py] => [InfLoRA] Layer 3: 45/768 type remove
2026-07-27 18:18:21,457 [inflora.py] => [InfLoRA] Layer 4: 42/768 type remove
2026-07-27 18:18:21,457 [inflora.py] => [InfLoRA] Layer 5: 66/768 type remove
2026-07-27 18:18:21,457 [inflora.py] => [InfLoRA] Layer 6: 98/768 type remove
2026-07-27 18:18:21,457 [inflora.py] => [InfLoRA] Layer 7: 111/768 type remove
2026-07-27 18:18:21,457 [inflora.py] => [InfLoRA] Layer 8: 167/768 type remove
2026-07-27 18:18:21,457 [inflora.py] => [InfLoRA] Layer 9: 307/768 type remove
2026-07-27 18:18:21,457 [inflora.py] => [InfLoRA] Layer 10: 333/768 type retain
2026-07-27 18:18:21,457 [inflora.py] => [InfLoRA] Layer 11: 366/768 type remove
2026-07-27 18:18:21,457 [inflora.py] => [InfLoRA] Layer 12: 339/768 type remove
2026-07-27 18:18:28,355 [bounded_memory_mixin.py] => [bounded_mem eval] volume 0.20 | cycle 48 | classes_seen 200 | CIL top1 64.39 | top5 90.56 | (nearest latent task ~19) | param_hash 26622df9784e5ffb | per-task [69.19, 50.76, 77.0, 42.71, 74.87, 56.78, 70.2, 66.16, 48.73, 84.1, 76.38, 76.38, 82.0, 65.15, 41.21, 58.0, 69.5, 60.61, 76.5, 41.41]
2026-07-27 18:19:19,206 [inflora.py] => [InfLoRA] DualGPM threshold: 0.9750
2026-07-27 18:19:20,290 [inflora.py] => [InfLoRA] Layer 1: 46/768 type remove
2026-07-27 18:19:20,290 [inflora.py] => [InfLoRA] Layer 2: 22/768 type remove
2026-07-27 18:19:20,290 [inflora.py] => [InfLoRA] Layer 3: 45/768 type remove
2026-07-27 18:19:20,290 [inflora.py] => [InfLoRA] Layer 4: 42/768 type remove
2026-07-27 18:19:20,290 [inflora.py] => [InfLoRA] Layer 5: 66/768 type remove
2026-07-27 18:19:20,290 [inflora.py] => [InfLoRA] Layer 6: 98/768 type remove
2026-07-27 18:19:20,290 [inflora.py] => [InfLoRA] Layer 7: 111/768 type remove
2026-07-27 18:19:20,290 [inflora.py] => [InfLoRA] Layer 8: 167/768 type remove
2026-07-27 18:19:20,290 [inflora.py] => [InfLoRA] Layer 9: 307/768 type remove
2026-07-27 18:19:20,290 [inflora.py] => [InfLoRA] Layer 10: 333/768 type retain
2026-07-27 18:19:20,290 [inflora.py] => [InfLoRA] Layer 11: 366/768 type remove
2026-07-27 18:19:20,290 [inflora.py] => [InfLoRA] Layer 12: 339/768 type remove
2026-07-27 18:20:09,889 [inflora.py] => [InfLoRA] DualGPM threshold: 0.9750
2026-07-27 18:20:10,980 [inflora.py] => [InfLoRA] Layer 1: 46/768 type remove
2026-07-27 18:20:10,980 [inflora.py] => [InfLoRA] Layer 2: 22/768 type remove
2026-07-27 18:20:10,980 [inflora.py] => [InfLoRA] Layer 3: 45/768 type remove
2026-07-27 18:20:10,980 [inflora.py] => [InfLoRA] Layer 4: 42/768 type remove
2026-07-27 18:20:10,980 [inflora.py] => [InfLoRA] Layer 5: 67/768 type remove
2026-07-27 18:20:10,980 [inflora.py] => [InfLoRA] Layer 6: 99/768 type remove
2026-07-27 18:20:10,980 [inflora.py] => [InfLoRA] Layer 7: 112/768 type remove
2026-07-27 18:20:10,980 [inflora.py] => [InfLoRA] Layer 8: 169/768 type remove
2026-07-27 18:20:10,980 [inflora.py] => [InfLoRA] Layer 9: 308/768 type remove
2026-07-27 18:20:10,981 [inflora.py] => [InfLoRA] Layer 10: 332/768 type retain
2026-07-27 18:20:10,981 [inflora.py] => [InfLoRA] Layer 11: 367/768 type remove
2026-07-27 18:20:10,981 [inflora.py] => [InfLoRA] Layer 12: 342/768 type remove
2026-07-27 18:21:01,690 [inflora.py] => [InfLoRA] DualGPM threshold: 0.9750
2026-07-27 18:21:02,793 [inflora.py] => [InfLoRA] Layer 1: 46/768 type remove
2026-07-27 18:21:02,793 [inflora.py] => [InfLoRA] Layer 2: 22/768 type remove
2026-07-27 18:21:02,793 [inflora.py] => [InfLoRA] Layer 3: 45/768 type remove
2026-07-27 18:21:02,793 [inflora.py] => [InfLoRA] Layer 4: 42/768 type remove
2026-07-27 18:21:02,793 [inflora.py] => [InfLoRA] Layer 5: 67/768 type remove
2026-07-27 18:21:02,793 [inflora.py] => [InfLoRA] Layer 6: 99/768 type remove
2026-07-27 18:21:02,793 [inflora.py] => [InfLoRA] Layer 7: 113/768 type remove
2026-07-27 18:21:02,793 [inflora.py] => [InfLoRA] Layer 8: 169/768 type remove
2026-07-27 18:21:02,793 [inflora.py] => [InfLoRA] Layer 9: 308/768 type remove
2026-07-27 18:21:02,793 [inflora.py] => [InfLoRA] Layer 10: 332/768 type retain
2026-07-27 18:21:02,793 [inflora.py] => [InfLoRA] Layer 11: 367/768 type remove
2026-07-27 18:21:02,793 [inflora.py] => [InfLoRA] Layer 12: 342/768 type remove
2026-07-27 18:21:54,234 [inflora.py] => [InfLoRA] DualGPM threshold: 0.9750
2026-07-27 18:21:55,428 [inflora.py] => [InfLoRA] Layer 1: 46/768 type remove
2026-07-27 18:21:55,428 [inflora.py] => [InfLoRA] Layer 2: 22/768 type remove
2026-07-27 18:21:55,428 [inflora.py] => [InfLoRA] Layer 3: 46/768 type remove
2026-07-27 18:21:55,428 [inflora.py] => [InfLoRA] Layer 4: 43/768 type remove
2026-07-27 18:21:55,428 [inflora.py] => [InfLoRA] Layer 5: 68/768 type remove
2026-07-27 18:21:55,428 [inflora.py] => [InfLoRA] Layer 6: 100/768 type remove
2026-07-27 18:21:55,428 [inflora.py] => [InfLoRA] Layer 7: 114/768 type remove
2026-07-27 18:21:55,428 [inflora.py] => [InfLoRA] Layer 8: 170/768 type remove
2026-07-27 18:21:55,428 [inflora.py] => [InfLoRA] Layer 9: 308/768 type remove
2026-07-27 18:21:55,428 [inflora.py] => [InfLoRA] Layer 10: 332/768 type retain
2026-07-27 18:21:55,428 [inflora.py] => [InfLoRA] Layer 11: 368/768 type remove
2026-07-27 18:21:55,428 [inflora.py] => [InfLoRA] Layer 12: 343/768 type remove
2026-07-27 18:22:45,595 [inflora.py] => [InfLoRA] DualGPM threshold: 0.9750
2026-07-27 18:22:46,799 [inflora.py] => [InfLoRA] Layer 1: 46/768 type remove
2026-07-27 18:22:46,799 [inflora.py] => [InfLoRA] Layer 2: 22/768 type remove
2026-07-27 18:22:46,799 [inflora.py] => [InfLoRA] Layer 3: 46/768 type remove
2026-07-27 18:22:46,799 [inflora.py] => [InfLoRA] Layer 4: 43/768 type remove
2026-07-27 18:22:46,799 [inflora.py] => [InfLoRA] Layer 5: 69/768 type remove
2026-07-27 18:22:46,799 [inflora.py] => [InfLoRA] Layer 6: 101/768 type remove
2026-07-27 18:22:46,799 [inflora.py] => [InfLoRA] Layer 7: 115/768 type remove
2026-07-27 18:22:46,799 [inflora.py] => [InfLoRA] Layer 8: 170/768 type remove
2026-07-27 18:22:46,799 [inflora.py] => [InfLoRA] Layer 9: 308/768 type remove
2026-07-27 18:22:46,799 [inflora.py] => [InfLoRA] Layer 10: 332/768 type retain
2026-07-27 18:22:46,799 [inflora.py] => [InfLoRA] Layer 11: 368/768 type remove
2026-07-27 18:22:46,799 [inflora.py] => [InfLoRA] Layer 12: 343/768 type remove
2026-07-27 18:23:38,553 [inflora.py] => [InfLoRA] DualGPM threshold: 0.9750
2026-07-27 18:23:39,634 [inflora.py] => [InfLoRA] Layer 1: 46/768 type remove
2026-07-27 18:23:39,634 [inflora.py] => [InfLoRA] Layer 2: 22/768 type remove
2026-07-27 18:23:39,634 [inflora.py] => [InfLoRA] Layer 3: 46/768 type remove
2026-07-27 18:23:39,634 [inflora.py] => [InfLoRA] Layer 4: 43/768 type remove
2026-07-27 18:23:39,634 [inflora.py] => [InfLoRA] Layer 5: 70/768 type remove
2026-07-27 18:23:39,634 [inflora.py] => [InfLoRA] Layer 6: 102/768 type remove
2026-07-27 18:23:39,634 [inflora.py] => [InfLoRA] Layer 7: 115/768 type remove
2026-07-27 18:23:39,634 [inflora.py] => [InfLoRA] Layer 8: 170/768 type remove
2026-07-27 18:23:39,634 [inflora.py] => [InfLoRA] Layer 9: 309/768 type remove
2026-07-27 18:23:39,634 [inflora.py] => [InfLoRA] Layer 10: 332/768 type retain
2026-07-27 18:23:39,634 [inflora.py] => [InfLoRA] Layer 11: 368/768 type remove
2026-07-27 18:23:39,634 [inflora.py] => [InfLoRA] Layer 12: 343/768 type remove
2026-07-27 18:24:32,633 [inflora.py] => [InfLoRA] DualGPM threshold: 0.9750
2026-07-27 18:24:33,922 [inflora.py] => [InfLoRA] Layer 1: 46/768 type remove
2026-07-27 18:24:33,922 [inflora.py] => [InfLoRA] Layer 2: 22/768 type remove
2026-07-27 18:24:33,922 [inflora.py] => [InfLoRA] Layer 3: 46/768 type remove
2026-07-27 18:24:33,922 [inflora.py] => [InfLoRA] Layer 4: 43/768 type remove
2026-07-27 18:24:33,922 [inflora.py] => [InfLoRA] Layer 5: 70/768 type remove
2026-07-27 18:24:33,922 [inflora.py] => [InfLoRA] Layer 6: 103/768 type remove
2026-07-27 18:24:33,922 [inflora.py] => [InfLoRA] Layer 7: 116/768 type remove
2026-07-27 18:24:33,922 [inflora.py] => [InfLoRA] Layer 8: 171/768 type remove
2026-07-27 18:24:33,922 [inflora.py] => [InfLoRA] Layer 9: 309/768 type remove
2026-07-27 18:24:33,922 [inflora.py] => [InfLoRA] Layer 10: 331/768 type retain
2026-07-27 18:24:33,922 [inflora.py] => [InfLoRA] Layer 11: 369/768 type remove
2026-07-27 18:24:33,922 [inflora.py] => [InfLoRA] Layer 12: 344/768 type remove
2026-07-27 18:25:23,513 [inflora.py] => [InfLoRA] DualGPM threshold: 0.9750
2026-07-27 18:25:24,805 [inflora.py] => [InfLoRA] Layer 1: 46/768 type remove
2026-07-27 18:25:24,805 [inflora.py] => [InfLoRA] Layer 2: 22/768 type remove
2026-07-27 18:25:24,805 [inflora.py] => [InfLoRA] Layer 3: 46/768 type remove
2026-07-27 18:25:24,805 [inflora.py] => [InfLoRA] Layer 4: 43/768 type remove
2026-07-27 18:25:24,805 [inflora.py] => [InfLoRA] Layer 5: 71/768 type remove
2026-07-27 18:25:24,805 [inflora.py] => [InfLoRA] Layer 6: 103/768 type remove
2026-07-27 18:25:24,805 [inflora.py] => [InfLoRA] Layer 7: 116/768 type remove
2026-07-27 18:25:24,805 [inflora.py] => [InfLoRA] Layer 8: 171/768 type remove
2026-07-27 18:25:24,805 [inflora.py] => [InfLoRA] Layer 9: 310/768 type remove
2026-07-27 18:25:24,805 [inflora.py] => [InfLoRA] Layer 10: 331/768 type retain
2026-07-27 18:25:24,805 [inflora.py] => [InfLoRA] Layer 11: 369/768 type remove
2026-07-27 18:25:24,805 [inflora.py] => [InfLoRA] Layer 12: 344/768 type remove
2026-07-27 18:26:15,301 [inflora.py] => [InfLoRA] DualGPM threshold: 0.9750
2026-07-27 18:26:16,419 [inflora.py] => [InfLoRA] Layer 1: 46/768 type remove
2026-07-27 18:26:16,419 [inflora.py] => [InfLoRA] Layer 2: 22/768 type remove
2026-07-27 18:26:16,419 [inflora.py] => [InfLoRA] Layer 3: 46/768 type remove
2026-07-27 18:26:16,419 [inflora.py] => [InfLoRA] Layer 4: 43/768 type remove
2026-07-27 18:26:16,419 [inflora.py] => [InfLoRA] Layer 5: 71/768 type remove
2026-07-27 18:26:16,419 [inflora.py] => [InfLoRA] Layer 6: 104/768 type remove
2026-07-27 18:26:16,419 [inflora.py] => [InfLoRA] Layer 7: 116/768 type remove
2026-07-27 18:26:16,419 [inflora.py] => [InfLoRA] Layer 8: 172/768 type remove
2026-07-27 18:26:16,419 [inflora.py] => [InfLoRA] Layer 9: 311/768 type remove
2026-07-27 18:26:16,419 [inflora.py] => [InfLoRA] Layer 10: 330/768 type retain
2026-07-27 18:26:16,419 [inflora.py] => [InfLoRA] Layer 11: 370/768 type remove
2026-07-27 18:26:16,419 [inflora.py] => [InfLoRA] Layer 12: 347/768 type remove
2026-07-27 18:27:06,918 [inflora.py] => [InfLoRA] DualGPM threshold: 0.9750
2026-07-27 18:27:08,207 [inflora.py] => [InfLoRA] Layer 1: 46/768 type remove
2026-07-27 18:27:08,207 [inflora.py] => [InfLoRA] Layer 2: 22/768 type remove
2026-07-27 18:27:08,207 [inflora.py] => [InfLoRA] Layer 3: 47/768 type remove
2026-07-27 18:27:08,207 [inflora.py] => [InfLoRA] Layer 4: 44/768 type remove
2026-07-27 18:27:08,207 [inflora.py] => [InfLoRA] Layer 5: 72/768 type remove
2026-07-27 18:27:08,207 [inflora.py] => [InfLoRA] Layer 6: 105/768 type remove
2026-07-27 18:27:08,207 [inflora.py] => [InfLoRA] Layer 7: 117/768 type remove
2026-07-27 18:27:08,207 [inflora.py] => [InfLoRA] Layer 8: 173/768 type remove
2026-07-27 18:27:08,207 [inflora.py] => [InfLoRA] Layer 9: 313/768 type remove
2026-07-27 18:27:08,207 [inflora.py] => [InfLoRA] Layer 10: 328/768 type retain
2026-07-27 18:27:08,207 [inflora.py] => [InfLoRA] Layer 11: 373/768 type remove
2026-07-27 18:27:08,207 [inflora.py] => [InfLoRA] Layer 12: 350/768 type remove
2026-07-27 18:27:58,534 [inflora.py] => [InfLoRA] DualGPM threshold: 0.9750
2026-07-27 18:27:59,777 [inflora.py] => [InfLoRA] Layer 1: 46/768 type remove
2026-07-27 18:27:59,777 [inflora.py] => [InfLoRA] Layer 2: 22/768 type remove
2026-07-27 18:27:59,777 [inflora.py] => [InfLoRA] Layer 3: 47/768 type remove
2026-07-27 18:27:59,777 [inflora.py] => [InfLoRA] Layer 4: 44/768 type remove
2026-07-27 18:27:59,777 [inflora.py] => [InfLoRA] Layer 5: 72/768 type remove
2026-07-27 18:27:59,777 [inflora.py] => [InfLoRA] Layer 6: 105/768 type remove
2026-07-27 18:27:59,777 [inflora.py] => [InfLoRA] Layer 7: 117/768 type remove
2026-07-27 18:27:59,777 [inflora.py] => [InfLoRA] Layer 8: 173/768 type remove
2026-07-27 18:27:59,777 [inflora.py] => [InfLoRA] Layer 9: 313/768 type remove
2026-07-27 18:27:59,777 [inflora.py] => [InfLoRA] Layer 10: 328/768 type retain
2026-07-27 18:27:59,777 [inflora.py] => [InfLoRA] Layer 11: 373/768 type remove
2026-07-27 18:27:59,777 [inflora.py] => [InfLoRA] Layer 12: 350/768 type remove
2026-07-27 18:28:49,746 [inflora.py] => [InfLoRA] DualGPM threshold: 0.9750
2026-07-27 18:28:51,000 [inflora.py] => [InfLoRA] Layer 1: 46/768 type remove
2026-07-27 18:28:51,000 [inflora.py] => [InfLoRA] Layer 2: 22/768 type remove
2026-07-27 18:28:51,000 [inflora.py] => [InfLoRA] Layer 3: 47/768 type remove
2026-07-27 18:28:51,000 [inflora.py] => [InfLoRA] Layer 4: 44/768 type remove
2026-07-27 18:28:51,000 [inflora.py] => [InfLoRA] Layer 5: 73/768 type remove
2026-07-27 18:28:51,000 [inflora.py] => [InfLoRA] Layer 6: 106/768 type remove
2026-07-27 18:28:51,000 [inflora.py] => [InfLoRA] Layer 7: 118/768 type remove
2026-07-27 18:28:51,000 [inflora.py] => [InfLoRA] Layer 8: 174/768 type remove
2026-07-27 18:28:51,000 [inflora.py] => [InfLoRA] Layer 9: 314/768 type remove
2026-07-27 18:28:51,000 [inflora.py] => [InfLoRA] Layer 10: 327/768 type retain
2026-07-27 18:28:51,000 [inflora.py] => [InfLoRA] Layer 11: 375/768 type remove
2026-07-27 18:28:51,000 [inflora.py] => [InfLoRA] Layer 12: 352/768 type remove
2026-07-27 18:29:41,001 [inflora.py] => [InfLoRA] DualGPM threshold: 0.9750
2026-07-27 18:29:42,196 [inflora.py] => [InfLoRA] Layer 1: 46/768 type remove
2026-07-27 18:29:42,196 [inflora.py] => [InfLoRA] Layer 2: 22/768 type remove
2026-07-27 18:29:42,196 [inflora.py] => [InfLoRA] Layer 3: 47/768 type remove
2026-07-27 18:29:42,196 [inflora.py] => [InfLoRA] Layer 4: 44/768 type remove
2026-07-27 18:29:42,196 [inflora.py] => [InfLoRA] Layer 5: 73/768 type remove
2026-07-27 18:29:42,196 [inflora.py] => [InfLoRA] Layer 6: 106/768 type remove
2026-07-27 18:29:42,196 [inflora.py] => [InfLoRA] Layer 7: 119/768 type remove
2026-07-27 18:29:42,196 [inflora.py] => [InfLoRA] Layer 8: 175/768 type remove
2026-07-27 18:29:42,196 [inflora.py] => [InfLoRA] Layer 9: 314/768 type remove
2026-07-27 18:29:42,196 [inflora.py] => [InfLoRA] Layer 10: 326/768 type retain
2026-07-27 18:29:42,196 [inflora.py] => [InfLoRA] Layer 11: 375/768 type remove
2026-07-27 18:29:42,196 [inflora.py] => [InfLoRA] Layer 12: 352/768 type remove
2026-07-27 18:30:33,367 [inflora.py] => [InfLoRA] DualGPM threshold: 0.9750
2026-07-27 18:30:34,425 [inflora.py] => [InfLoRA] Layer 1: 46/768 type remove
2026-07-27 18:30:34,425 [inflora.py] => [InfLoRA] Layer 2: 22/768 type remove
2026-07-27 18:30:34,425 [inflora.py] => [InfLoRA] Layer 3: 47/768 type remove
2026-07-27 18:30:34,425 [inflora.py] => [InfLoRA] Layer 4: 44/768 type remove
2026-07-27 18:30:34,425 [inflora.py] => [InfLoRA] Layer 5: 73/768 type remove
2026-07-27 18:30:34,425 [inflora.py] => [InfLoRA] Layer 6: 106/768 type remove
2026-07-27 18:30:34,425 [inflora.py] => [InfLoRA] Layer 7: 119/768 type remove
2026-07-27 18:30:34,425 [inflora.py] => [InfLoRA] Layer 8: 175/768 type remove
2026-07-27 18:30:34,425 [inflora.py] => [InfLoRA] Layer 9: 314/768 type remove
2026-07-27 18:30:34,425 [inflora.py] => [InfLoRA] Layer 10: 326/768 type retain
2026-07-27 18:30:34,425 [inflora.py] => [InfLoRA] Layer 11: 376/768 type remove
2026-07-27 18:30:34,425 [inflora.py] => [InfLoRA] Layer 12: 355/768 type remove
2026-07-27 18:31:26,108 [inflora.py] => [InfLoRA] DualGPM threshold: 0.9750
2026-07-27 18:31:27,188 [inflora.py] => [InfLoRA] Layer 1: 46/768 type remove
2026-07-27 18:31:27,189 [inflora.py] => [InfLoRA] Layer 2: 22/768 type remove
2026-07-27 18:31:27,189 [inflora.py] => [InfLoRA] Layer 3: 48/768 type remove
2026-07-27 18:31:27,189 [inflora.py] => [InfLoRA] Layer 4: 45/768 type remove
2026-07-27 18:31:27,189 [inflora.py] => [InfLoRA] Layer 5: 74/768 type remove
2026-07-27 18:31:27,189 [inflora.py] => [InfLoRA] Layer 6: 107/768 type remove
2026-07-27 18:31:27,189 [inflora.py] => [InfLoRA] Layer 7: 120/768 type remove
2026-07-27 18:31:27,189 [inflora.py] => [InfLoRA] Layer 8: 176/768 type remove
2026-07-27 18:31:27,189 [inflora.py] => [InfLoRA] Layer 9: 315/768 type remove
2026-07-27 18:31:27,189 [inflora.py] => [InfLoRA] Layer 10: 324/768 type retain
2026-07-27 18:31:27,189 [inflora.py] => [InfLoRA] Layer 11: 379/768 type remove
2026-07-27 18:31:27,189 [inflora.py] => [InfLoRA] Layer 12: 358/768 type remove
2026-07-27 18:32:19,542 [inflora.py] => [InfLoRA] DualGPM threshold: 0.9750
2026-07-27 18:32:20,596 [inflora.py] => [InfLoRA] Layer 1: 46/768 type remove
2026-07-27 18:32:20,596 [inflora.py] => [InfLoRA] Layer 2: 22/768 type remove
2026-07-27 18:32:20,596 [inflora.py] => [InfLoRA] Layer 3: 48/768 type remove
2026-07-27 18:32:20,596 [inflora.py] => [InfLoRA] Layer 4: 45/768 type remove
2026-07-27 18:32:20,596 [inflora.py] => [InfLoRA] Layer 5: 74/768 type remove
2026-07-27 18:32:20,596 [inflora.py] => [InfLoRA] Layer 6: 107/768 type remove
2026-07-27 18:32:20,596 [inflora.py] => [InfLoRA] Layer 7: 121/768 type remove
2026-07-27 18:32:20,596 [inflora.py] => [InfLoRA] Layer 8: 177/768 type remove
2026-07-27 18:32:20,596 [inflora.py] => [InfLoRA] Layer 9: 316/768 type remove
2026-07-27 18:32:20,596 [inflora.py] => [InfLoRA] Layer 10: 324/768 type retain
2026-07-27 18:32:20,596 [inflora.py] => [InfLoRA] Layer 11: 379/768 type remove
2026-07-27 18:32:20,596 [inflora.py] => [InfLoRA] Layer 12: 362/768 type remove
2026-07-27 18:33:11,472 [inflora.py] => [InfLoRA] DualGPM threshold: 0.9750
2026-07-27 18:33:12,740 [inflora.py] => [InfLoRA] Layer 1: 46/768 type remove
2026-07-27 18:33:12,741 [inflora.py] => [InfLoRA] Layer 2: 22/768 type remove
2026-07-27 18:33:12,741 [inflora.py] => [InfLoRA] Layer 3: 49/768 type remove
2026-07-27 18:33:12,741 [inflora.py] => [InfLoRA] Layer 4: 46/768 type remove
2026-07-27 18:33:12,741 [inflora.py] => [InfLoRA] Layer 5: 76/768 type remove
2026-07-27 18:33:12,741 [inflora.py] => [InfLoRA] Layer 6: 109/768 type remove
2026-07-27 18:33:12,741 [inflora.py] => [InfLoRA] Layer 7: 124/768 type remove
2026-07-27 18:33:12,741 [inflora.py] => [InfLoRA] Layer 8: 181/768 type remove
2026-07-27 18:33:12,741 [inflora.py] => [InfLoRA] Layer 9: 318/768 type remove
2026-07-27 18:33:12,741 [inflora.py] => [InfLoRA] Layer 10: 323/768 type retain
2026-07-27 18:33:12,741 [inflora.py] => [InfLoRA] Layer 11: 380/768 type remove
2026-07-27 18:33:12,741 [inflora.py] => [InfLoRA] Layer 12: 363/768 type remove
2026-07-27 18:34:02,653 [inflora.py] => [InfLoRA] DualGPM threshold: 0.9750
2026-07-27 18:34:03,923 [inflora.py] => [InfLoRA] Layer 1: 46/768 type remove
2026-07-27 18:34:03,923 [inflora.py] => [InfLoRA] Layer 2: 22/768 type remove
2026-07-27 18:34:03,923 [inflora.py] => [InfLoRA] Layer 3: 49/768 type remove
2026-07-27 18:34:03,923 [inflora.py] => [InfLoRA] Layer 4: 46/768 type remove
2026-07-27 18:34:03,923 [inflora.py] => [InfLoRA] Layer 5: 76/768 type remove
2026-07-27 18:34:03,923 [inflora.py] => [InfLoRA] Layer 6: 109/768 type remove
2026-07-27 18:34:03,923 [inflora.py] => [InfLoRA] Layer 7: 125/768 type remove
2026-07-27 18:34:03,923 [inflora.py] => [InfLoRA] Layer 8: 183/768 type remove
2026-07-27 18:34:03,923 [inflora.py] => [InfLoRA] Layer 9: 319/768 type remove
2026-07-27 18:34:03,923 [inflora.py] => [InfLoRA] Layer 10: 323/768 type retain
2026-07-27 18:34:03,923 [inflora.py] => [InfLoRA] Layer 11: 381/768 type remove
2026-07-27 18:34:03,923 [inflora.py] => [InfLoRA] Layer 12: 363/768 type remove
2026-07-27 18:34:53,787 [inflora.py] => [InfLoRA] DualGPM threshold: 0.9750
2026-07-27 18:34:55,086 [inflora.py] => [InfLoRA] Layer 1: 46/768 type remove
2026-07-27 18:34:55,086 [inflora.py] => [InfLoRA] Layer 2: 22/768 type remove
2026-07-27 18:34:55,087 [inflora.py] => [InfLoRA] Layer 3: 49/768 type remove
2026-07-27 18:34:55,087 [inflora.py] => [InfLoRA] Layer 4: 47/768 type remove
2026-07-27 18:34:55,087 [inflora.py] => [InfLoRA] Layer 5: 77/768 type remove
2026-07-27 18:34:55,087 [inflora.py] => [InfLoRA] Layer 6: 110/768 type remove
2026-07-27 18:34:55,087 [inflora.py] => [InfLoRA] Layer 7: 126/768 type remove
2026-07-27 18:34:55,087 [inflora.py] => [InfLoRA] Layer 8: 184/768 type remove
2026-07-27 18:34:55,087 [inflora.py] => [InfLoRA] Layer 9: 321/768 type remove
2026-07-27 18:34:55,087 [inflora.py] => [InfLoRA] Layer 10: 322/768 type retain
2026-07-27 18:34:55,087 [inflora.py] => [InfLoRA] Layer 11: 383/768 type remove
2026-07-27 18:34:55,087 [inflora.py] => [InfLoRA] Layer 12: 366/768 type remove
2026-07-27 18:35:46,391 [inflora.py] => [InfLoRA] DualGPM threshold: 0.9750
2026-07-27 18:35:47,473 [inflora.py] => [InfLoRA] Layer 1: 46/768 type remove
2026-07-27 18:35:47,473 [inflora.py] => [InfLoRA] Layer 2: 22/768 type remove
2026-07-27 18:35:47,473 [inflora.py] => [InfLoRA] Layer 3: 50/768 type remove
2026-07-27 18:35:47,473 [inflora.py] => [InfLoRA] Layer 4: 47/768 type remove
2026-07-27 18:35:47,473 [inflora.py] => [InfLoRA] Layer 5: 78/768 type remove
2026-07-27 18:35:47,473 [inflora.py] => [InfLoRA] Layer 6: 111/768 type remove
2026-07-27 18:35:47,473 [inflora.py] => [InfLoRA] Layer 7: 127/768 type remove
2026-07-27 18:35:47,473 [inflora.py] => [InfLoRA] Layer 8: 185/768 type remove
2026-07-27 18:35:47,473 [inflora.py] => [InfLoRA] Layer 9: 322/768 type remove
2026-07-27 18:35:47,473 [inflora.py] => [InfLoRA] Layer 10: 321/768 type retain
2026-07-27 18:35:47,473 [inflora.py] => [InfLoRA] Layer 11: 384/768 type remove
2026-07-27 18:35:47,473 [inflora.py] => [InfLoRA] Layer 12: 367/768 type remove
2026-07-27 18:36:38,014 [inflora.py] => [InfLoRA] DualGPM threshold: 0.9750
2026-07-27 18:36:39,267 [inflora.py] => [InfLoRA] Layer 1: 46/768 type remove
2026-07-27 18:36:39,267 [inflora.py] => [InfLoRA] Layer 2: 22/768 type remove
2026-07-27 18:36:39,267 [inflora.py] => [InfLoRA] Layer 3: 50/768 type remove
2026-07-27 18:36:39,267 [inflora.py] => [InfLoRA] Layer 4: 47/768 type remove
2026-07-27 18:36:39,267 [inflora.py] => [InfLoRA] Layer 5: 78/768 type remove
2026-07-27 18:36:39,267 [inflora.py] => [InfLoRA] Layer 6: 111/768 type remove
2026-07-27 18:36:39,267 [inflora.py] => [InfLoRA] Layer 7: 127/768 type remove
2026-07-27 18:36:39,267 [inflora.py] => [InfLoRA] Layer 8: 185/768 type remove
2026-07-27 18:36:39,267 [inflora.py] => [InfLoRA] Layer 9: 322/768 type remove
2026-07-27 18:36:39,267 [inflora.py] => [InfLoRA] Layer 10: 321/768 type retain
2026-07-27 18:36:39,285 [inflora.py] => [InfLoRA] Layer 11: 383/768 type retain
2026-07-27 18:36:39,285 [inflora.py] => [InfLoRA] Layer 12: 368/768 type remove
2026-07-27 18:37:30,857 [inflora.py] => [InfLoRA] DualGPM threshold: 0.9750
2026-07-27 18:37:32,174 [inflora.py] => [InfLoRA] Layer 1: 46/768 type remove
2026-07-27 18:37:32,174 [inflora.py] => [InfLoRA] Layer 2: 22/768 type remove
2026-07-27 18:37:32,174 [inflora.py] => [InfLoRA] Layer 3: 50/768 type remove
2026-07-27 18:37:32,174 [inflora.py] => [InfLoRA] Layer 4: 47/768 type remove
2026-07-27 18:37:32,174 [inflora.py] => [InfLoRA] Layer 5: 78/768 type remove
2026-07-27 18:37:32,174 [inflora.py] => [InfLoRA] Layer 6: 112/768 type remove
2026-07-27 18:37:32,174 [inflora.py] => [InfLoRA] Layer 7: 128/768 type remove
2026-07-27 18:37:32,174 [inflora.py] => [InfLoRA] Layer 8: 186/768 type remove
2026-07-27 18:37:32,174 [inflora.py] => [InfLoRA] Layer 9: 323/768 type remove
2026-07-27 18:37:32,175 [inflora.py] => [InfLoRA] Layer 10: 320/768 type retain
2026-07-27 18:37:32,175 [inflora.py] => [InfLoRA] Layer 11: 382/768 type retain
2026-07-27 18:37:32,175 [inflora.py] => [InfLoRA] Layer 12: 370/768 type remove
2026-07-27 18:38:24,418 [inflora.py] => [InfLoRA] DualGPM threshold: 0.9750
2026-07-27 18:38:25,564 [inflora.py] => [InfLoRA] Layer 1: 46/768 type remove
2026-07-27 18:38:25,564 [inflora.py] => [InfLoRA] Layer 2: 22/768 type remove
2026-07-27 18:38:25,564 [inflora.py] => [InfLoRA] Layer 3: 50/768 type remove
2026-07-27 18:38:25,564 [inflora.py] => [InfLoRA] Layer 4: 48/768 type remove
2026-07-27 18:38:25,564 [inflora.py] => [InfLoRA] Layer 5: 79/768 type remove
2026-07-27 18:38:25,564 [inflora.py] => [InfLoRA] Layer 6: 113/768 type remove
2026-07-27 18:38:25,564 [inflora.py] => [InfLoRA] Layer 7: 129/768 type remove
2026-07-27 18:38:25,564 [inflora.py] => [InfLoRA] Layer 8: 188/768 type remove
2026-07-27 18:38:25,564 [inflora.py] => [InfLoRA] Layer 9: 324/768 type remove
2026-07-27 18:38:25,564 [inflora.py] => [InfLoRA] Layer 10: 319/768 type retain
2026-07-27 18:38:25,564 [inflora.py] => [InfLoRA] Layer 11: 381/768 type retain
2026-07-27 18:38:25,564 [inflora.py] => [InfLoRA] Layer 12: 374/768 type remove
2026-07-27 18:39:15,296 [inflora.py] => [InfLoRA] DualGPM threshold: 0.9750
2026-07-27 18:39:16,591 [inflora.py] => [InfLoRA] Layer 1: 46/768 type remove
2026-07-27 18:39:16,591 [inflora.py] => [InfLoRA] Layer 2: 22/768 type remove
2026-07-27 18:39:16,591 [inflora.py] => [InfLoRA] Layer 3: 51/768 type remove
2026-07-27 18:39:16,591 [inflora.py] => [InfLoRA] Layer 4: 48/768 type remove
2026-07-27 18:39:16,591 [inflora.py] => [InfLoRA] Layer 5: 79/768 type remove
2026-07-27 18:39:16,591 [inflora.py] => [InfLoRA] Layer 6: 114/768 type remove
2026-07-27 18:39:16,591 [inflora.py] => [InfLoRA] Layer 7: 131/768 type remove
2026-07-27 18:39:16,591 [inflora.py] => [InfLoRA] Layer 8: 190/768 type remove
2026-07-27 18:39:16,591 [inflora.py] => [InfLoRA] Layer 9: 326/768 type remove
2026-07-27 18:39:16,591 [inflora.py] => [InfLoRA] Layer 10: 319/768 type retain
2026-07-27 18:39:16,591 [inflora.py] => [InfLoRA] Layer 11: 379/768 type retain
2026-07-27 18:39:16,591 [inflora.py] => [InfLoRA] Layer 12: 375/768 type remove
2026-07-27 18:39:26,029 [bounded_memory_mixin.py] => [bounded_mem eval] volume 0.30 | cycle 72 | classes_seen 300 | CIL top1 57.57 | top5 86.72 | (nearest latent task ~29) | param_hash 00354c03378d2c13 | per-task [66.67, 44.67, 73.0, 36.68, 67.34, 49.25, 61.62, 61.62, 43.15, 75.9, 69.35, 67.84, 71.5, 63.64, 42.71, 51.5, 66.0, 55.05, 71.0, 42.42, 59.6, 33.33, 48.74, 69.9, 34.85, 64.5, 62.0, 56.85, 58.29, 58.0]
2026-07-27 18:40:16,768 [inflora.py] => [InfLoRA] DualGPM threshold: 0.9750
2026-07-27 18:40:18,028 [inflora.py] => [InfLoRA] Layer 1: 46/768 type remove
2026-07-27 18:40:18,028 [inflora.py] => [InfLoRA] Layer 2: 22/768 type remove
2026-07-27 18:40:18,028 [inflora.py] => [InfLoRA] Layer 3: 51/768 type remove
2026-07-27 18:40:18,028 [inflora.py] => [InfLoRA] Layer 4: 48/768 type remove
2026-07-27 18:40:18,028 [inflora.py] => [InfLoRA] Layer 5: 80/768 type remove
2026-07-27 18:40:18,028 [inflora.py] => [InfLoRA] Layer 6: 115/768 type remove
2026-07-27 18:40:18,028 [inflora.py] => [InfLoRA] Layer 7: 132/768 type remove
2026-07-27 18:40:18,028 [inflora.py] => [InfLoRA] Layer 8: 190/768 type remove
2026-07-27 18:40:18,028 [inflora.py] => [InfLoRA] Layer 9: 326/768 type remove
2026-07-27 18:40:18,028 [inflora.py] => [InfLoRA] Layer 10: 319/768 type retain
2026-07-27 18:40:18,028 [inflora.py] => [InfLoRA] Layer 11: 379/768 type retain
2026-07-27 18:40:18,028 [inflora.py] => [InfLoRA] Layer 12: 376/768 type remove
2026-07-27 18:41:08,380 [inflora.py] => [InfLoRA] DualGPM threshold: 0.9750
2026-07-27 18:41:09,687 [inflora.py] => [InfLoRA] Layer 1: 46/768 type remove
2026-07-27 18:41:09,687 [inflora.py] => [InfLoRA] Layer 2: 22/768 type remove
2026-07-27 18:41:09,687 [inflora.py] => [InfLoRA] Layer 3: 51/768 type remove
2026-07-27 18:41:09,687 [inflora.py] => [InfLoRA] Layer 4: 49/768 type remove
2026-07-27 18:41:09,687 [inflora.py] => [InfLoRA] Layer 5: 80/768 type remove
2026-07-27 18:41:09,687 [inflora.py] => [InfLoRA] Layer 6: 115/768 type remove
2026-07-27 18:41:09,687 [inflora.py] => [InfLoRA] Layer 7: 132/768 type remove
2026-07-27 18:41:09,687 [inflora.py] => [InfLoRA] Layer 8: 191/768 type remove
2026-07-27 18:41:09,687 [inflora.py] => [InfLoRA] Layer 9: 327/768 type remove
2026-07-27 18:41:09,687 [inflora.py] => [InfLoRA] Layer 10: 319/768 type retain
2026-07-27 18:41:09,688 [inflora.py] => [InfLoRA] Layer 11: 379/768 type retain
2026-07-27 18:41:09,688 [inflora.py] => [InfLoRA] Layer 12: 376/768 type remove
2026-07-27 18:42:00,179 [inflora.py] => [InfLoRA] DualGPM threshold: 0.9750
2026-07-27 18:42:01,340 [inflora.py] => [InfLoRA] Layer 1: 46/768 type remove
2026-07-27 18:42:01,340 [inflora.py] => [InfLoRA] Layer 2: 22/768 type remove
2026-07-27 18:42:01,340 [inflora.py] => [InfLoRA] Layer 3: 51/768 type remove
2026-07-27 18:42:01,340 [inflora.py] => [InfLoRA] Layer 4: 49/768 type remove
2026-07-27 18:42:01,340 [inflora.py] => [InfLoRA] Layer 5: 81/768 type remove
2026-07-27 18:42:01,340 [inflora.py] => [InfLoRA] Layer 6: 116/768 type remove
2026-07-27 18:42:01,340 [inflora.py] => [InfLoRA] Layer 7: 132/768 type remove
2026-07-27 18:42:01,340 [inflora.py] => [InfLoRA] Layer 8: 191/768 type remove
2026-07-27 18:42:01,340 [inflora.py] => [InfLoRA] Layer 9: 327/768 type remove
2026-07-27 18:42:01,340 [inflora.py] => [InfLoRA] Layer 10: 319/768 type retain
2026-07-27 18:42:01,340 [inflora.py] => [InfLoRA] Layer 11: 379/768 type retain
2026-07-27 18:42:01,340 [inflora.py] => [InfLoRA] Layer 12: 376/768 type remove
2026-07-27 18:42:50,901 [inflora.py] => [InfLoRA] DualGPM threshold: 0.9750
2026-07-27 18:42:52,200 [inflora.py] => [InfLoRA] Layer 1: 46/768 type remove
2026-07-27 18:42:52,200 [inflora.py] => [InfLoRA] Layer 2: 22/768 type remove
2026-07-27 18:42:52,200 [inflora.py] => [InfLoRA] Layer 3: 51/768 type remove
2026-07-27 18:42:52,200 [inflora.py] => [InfLoRA] Layer 4: 50/768 type remove
2026-07-27 18:42:52,200 [inflora.py] => [InfLoRA] Layer 5: 82/768 type remove
2026-07-27 18:42:52,200 [inflora.py] => [InfLoRA] Layer 6: 117/768 type remove
2026-07-27 18:42:52,200 [inflora.py] => [InfLoRA] Layer 7: 134/768 type remove
2026-07-27 18:42:52,200 [inflora.py] => [InfLoRA] Layer 8: 192/768 type remove
2026-07-27 18:42:52,200 [inflora.py] => [InfLoRA] Layer 9: 328/768 type remove
2026-07-27 18:42:52,200 [inflora.py] => [InfLoRA] Layer 10: 318/768 type retain
2026-07-27 18:42:52,200 [inflora.py] => [InfLoRA] Layer 11: 378/768 type retain
2026-07-27 18:42:52,200 [inflora.py] => [InfLoRA] Layer 12: 379/768 type remove
2026-07-27 18:43:42,802 [inflora.py] => [InfLoRA] DualGPM threshold: 0.9750
2026-07-27 18:43:44,097 [inflora.py] => [InfLoRA] Layer 1: 46/768 type remove
2026-07-27 18:43:44,098 [inflora.py] => [InfLoRA] Layer 2: 22/768 type remove
2026-07-27 18:43:44,098 [inflora.py] => [InfLoRA] Layer 3: 51/768 type remove
2026-07-27 18:43:44,098 [inflora.py] => [InfLoRA] Layer 4: 50/768 type remove
2026-07-27 18:43:44,098 [inflora.py] => [InfLoRA] Layer 5: 83/768 type remove
2026-07-27 18:43:44,098 [inflora.py] => [InfLoRA] Layer 6: 118/768 type remove
2026-07-27 18:43:44,098 [inflora.py] => [InfLoRA] Layer 7: 134/768 type remove
2026-07-27 18:43:44,098 [inflora.py] => [InfLoRA] Layer 8: 192/768 type remove
2026-07-27 18:43:44,098 [inflora.py] => [InfLoRA] Layer 9: 328/768 type remove
2026-07-27 18:43:44,098 [inflora.py] => [InfLoRA] Layer 10: 318/768 type retain
2026-07-27 18:43:44,098 [inflora.py] => [InfLoRA] Layer 11: 378/768 type retain
2026-07-27 18:43:44,098 [inflora.py] => [InfLoRA] Layer 12: 379/768 type remove
2026-07-27 18:44:35,126 [inflora.py] => [InfLoRA] DualGPM threshold: 0.9750
2026-07-27 18:44:36,406 [inflora.py] => [InfLoRA] Layer 1: 46/768 type remove
2026-07-27 18:44:36,406 [inflora.py] => [InfLoRA] Layer 2: 22/768 type remove
2026-07-27 18:44:36,406 [inflora.py] => [InfLoRA] Layer 3: 51/768 type remove
2026-07-27 18:44:36,406 [inflora.py] => [InfLoRA] Layer 4: 50/768 type remove
2026-07-27 18:44:36,406 [inflora.py] => [InfLoRA] Layer 5: 83/768 type remove
2026-07-27 18:44:36,406 [inflora.py] => [InfLoRA] Layer 6: 118/768 type remove
2026-07-27 18:44:36,406 [inflora.py] => [InfLoRA] Layer 7: 134/768 type remove
2026-07-27 18:44:36,406 [inflora.py] => [InfLoRA] Layer 8: 192/768 type remove
2026-07-27 18:44:36,406 [inflora.py] => [InfLoRA] Layer 9: 328/768 type remove
2026-07-27 18:44:36,406 [inflora.py] => [InfLoRA] Layer 10: 318/768 type retain
2026-07-27 18:44:36,406 [inflora.py] => [InfLoRA] Layer 11: 378/768 type retain
2026-07-27 18:44:36,406 [inflora.py] => [InfLoRA] Layer 12: 381/768 type remove
2026-07-27 18:45:26,640 [inflora.py] => [InfLoRA] DualGPM threshold: 0.9750
2026-07-27 18:45:27,882 [inflora.py] => [InfLoRA] Layer 1: 46/768 type remove
2026-07-27 18:45:27,882 [inflora.py] => [InfLoRA] Layer 2: 22/768 type remove
2026-07-27 18:45:27,882 [inflora.py] => [InfLoRA] Layer 3: 52/768 type remove
2026-07-27 18:45:27,882 [inflora.py] => [InfLoRA] Layer 4: 51/768 type remove
2026-07-27 18:45:27,882 [inflora.py] => [InfLoRA] Layer 5: 84/768 type remove
2026-07-27 18:45:27,882 [inflora.py] => [InfLoRA] Layer 6: 119/768 type remove
2026-07-27 18:45:27,882 [inflora.py] => [InfLoRA] Layer 7: 135/768 type remove
2026-07-27 18:45:27,882 [inflora.py] => [InfLoRA] Layer 8: 193/768 type remove
2026-07-27 18:45:27,882 [inflora.py] => [InfLoRA] Layer 9: 328/768 type remove
2026-07-27 18:45:27,882 [inflora.py] => [InfLoRA] Layer 10: 318/768 type retain
2026-07-27 18:45:27,882 [inflora.py] => [InfLoRA] Layer 11: 378/768 type retain
2026-07-27 18:45:27,882 [inflora.py] => [InfLoRA] Layer 12: 382/768 type remove
2026-07-27 18:46:19,917 [inflora.py] => [InfLoRA] DualGPM threshold: 0.9750
2026-07-27 18:46:21,229 [inflora.py] => [InfLoRA] Layer 1: 46/768 type remove
2026-07-27 18:46:21,229 [inflora.py] => [InfLoRA] Layer 2: 22/768 type remove
2026-07-27 18:46:21,229 [inflora.py] => [InfLoRA] Layer 3: 52/768 type remove
2026-07-27 18:46:21,229 [inflora.py] => [InfLoRA] Layer 4: 51/768 type remove
2026-07-27 18:46:21,229 [inflora.py] => [InfLoRA] Layer 5: 84/768 type remove
2026-07-27 18:46:21,229 [inflora.py] => [InfLoRA] Layer 6: 119/768 type remove
2026-07-27 18:46:21,229 [inflora.py] => [InfLoRA] Layer 7: 135/768 type remove
2026-07-27 18:46:21,229 [inflora.py] => [InfLoRA] Layer 8: 193/768 type remove
2026-07-27 18:46:21,229 [inflora.py] => [InfLoRA] Layer 9: 328/768 type remove
2026-07-27 18:46:21,229 [inflora.py] => [InfLoRA] Layer 10: 318/768 type retain
2026-07-27 18:46:21,229 [inflora.py] => [InfLoRA] Layer 11: 378/768 type retain
2026-07-27 18:46:21,229 [inflora.py] => [InfLoRA] Layer 12: 382/768 type remove
2026-07-27 18:47:13,686 [inflora.py] => [InfLoRA] DualGPM threshold: 0.9750
2026-07-27 18:47:14,839 [inflora.py] => [InfLoRA] Layer 1: 46/768 type remove
2026-07-27 18:47:14,839 [inflora.py] => [InfLoRA] Layer 2: 22/768 type remove
2026-07-27 18:47:14,839 [inflora.py] => [InfLoRA] Layer 3: 53/768 type remove
2026-07-27 18:47:14,839 [inflora.py] => [InfLoRA] Layer 4: 52/768 type remove
2026-07-27 18:47:14,839 [inflora.py] => [InfLoRA] Layer 5: 85/768 type remove
2026-07-27 18:47:14,839 [inflora.py] => [InfLoRA] Layer 6: 120/768 type remove
2026-07-27 18:47:14,840 [inflora.py] => [InfLoRA] Layer 7: 136/768 type remove
2026-07-27 18:47:14,840 [inflora.py] => [InfLoRA] Layer 8: 193/768 type remove
2026-07-27 18:47:14,840 [inflora.py] => [InfLoRA] Layer 9: 328/768 type remove
2026-07-27 18:47:14,840 [inflora.py] => [InfLoRA] Layer 10: 318/768 type retain
2026-07-27 18:47:14,840 [inflora.py] => [InfLoRA] Layer 11: 378/768 type retain
2026-07-27 18:47:14,840 [inflora.py] => [InfLoRA] Layer 12: 382/768 type remove
2026-07-27 18:48:06,663 [inflora.py] => [InfLoRA] DualGPM threshold: 0.9750
2026-07-27 18:48:07,930 [inflora.py] => [InfLoRA] Layer 1: 46/768 type remove
2026-07-27 18:48:07,930 [inflora.py] => [InfLoRA] Layer 2: 22/768 type remove
2026-07-27 18:48:07,930 [inflora.py] => [InfLoRA] Layer 3: 53/768 type remove
2026-07-27 18:48:07,930 [inflora.py] => [InfLoRA] Layer 4: 52/768 type remove
2026-07-27 18:48:07,930 [inflora.py] => [InfLoRA] Layer 5: 86/768 type remove
2026-07-27 18:48:07,930 [inflora.py] => [InfLoRA] Layer 6: 121/768 type remove
2026-07-27 18:48:07,930 [inflora.py] => [InfLoRA] Layer 7: 137/768 type remove
2026-07-27 18:48:07,930 [inflora.py] => [InfLoRA] Layer 8: 194/768 type remove
2026-07-27 18:48:07,930 [inflora.py] => [InfLoRA] Layer 9: 328/768 type remove
2026-07-27 18:48:07,930 [inflora.py] => [InfLoRA] Layer 10: 318/768 type retain
2026-07-27 18:48:07,930 [inflora.py] => [InfLoRA] Layer 11: 378/768 type retain
2026-07-27 18:48:07,930 [inflora.py] => [InfLoRA] Layer 12: 383/768 type remove
2026-07-27 18:48:59,117 [inflora.py] => [InfLoRA] DualGPM threshold: 0.9750
2026-07-27 18:49:00,483 [inflora.py] => [InfLoRA] Layer 1: 46/768 type remove
2026-07-27 18:49:00,483 [inflora.py] => [InfLoRA] Layer 2: 22/768 type remove
2026-07-27 18:49:00,483 [inflora.py] => [InfLoRA] Layer 3: 53/768 type remove
2026-07-27 18:49:00,483 [inflora.py] => [InfLoRA] Layer 4: 53/768 type remove
2026-07-27 18:49:00,483 [inflora.py] => [InfLoRA] Layer 5: 87/768 type remove
2026-07-27 18:49:00,483 [inflora.py] => [InfLoRA] Layer 6: 122/768 type remove
2026-07-27 18:49:00,483 [inflora.py] => [InfLoRA] Layer 7: 138/768 type remove
2026-07-27 18:49:00,483 [inflora.py] => [InfLoRA] Layer 8: 194/768 type remove
2026-07-27 18:49:00,483 [inflora.py] => [InfLoRA] Layer 9: 329/768 type remove
2026-07-27 18:49:00,483 [inflora.py] => [InfLoRA] Layer 10: 318/768 type retain
2026-07-27 18:49:00,483 [inflora.py] => [InfLoRA] Layer 11: 378/768 type retain
2026-07-27 18:49:00,483 [inflora.py] => [InfLoRA] Layer 12: 383/768 type remove
2026-07-27 18:49:51,071 [inflora.py] => [InfLoRA] DualGPM threshold: 0.9750
2026-07-27 18:49:52,239 [inflora.py] => [InfLoRA] Layer 1: 46/768 type remove
2026-07-27 18:49:52,239 [inflora.py] => [InfLoRA] Layer 2: 22/768 type remove
2026-07-27 18:49:52,239 [inflora.py] => [InfLoRA] Layer 3: 54/768 type remove
2026-07-27 18:49:52,239 [inflora.py] => [InfLoRA] Layer 4: 53/768 type remove
2026-07-27 18:49:52,239 [inflora.py] => [InfLoRA] Layer 5: 88/768 type remove
2026-07-27 18:49:52,239 [inflora.py] => [InfLoRA] Layer 6: 122/768 type remove
2026-07-27 18:49:52,239 [inflora.py] => [InfLoRA] Layer 7: 138/768 type remove
2026-07-27 18:49:52,239 [inflora.py] => [InfLoRA] Layer 8: 194/768 type remove
2026-07-27 18:49:52,239 [inflora.py] => [InfLoRA] Layer 9: 329/768 type remove
2026-07-27 18:49:52,239 [inflora.py] => [InfLoRA] Layer 10: 318/768 type retain
2026-07-27 18:49:52,239 [inflora.py] => [InfLoRA] Layer 11: 378/768 type retain
2026-07-27 18:49:52,239 [inflora.py] => [InfLoRA] Layer 12: 384/768 type remove
2026-07-27 18:50:42,901 [inflora.py] => [InfLoRA] DualGPM threshold: 0.9750
2026-07-27 18:50:44,043 [inflora.py] => [InfLoRA] Layer 1: 46/768 type remove
2026-07-27 18:50:44,043 [inflora.py] => [InfLoRA] Layer 2: 22/768 type remove
2026-07-27 18:50:44,043 [inflora.py] => [InfLoRA] Layer 3: 54/768 type remove
2026-07-27 18:50:44,043 [inflora.py] => [InfLoRA] Layer 4: 53/768 type remove
2026-07-27 18:50:44,043 [inflora.py] => [InfLoRA] Layer 5: 88/768 type remove
2026-07-27 18:50:44,043 [inflora.py] => [InfLoRA] Layer 6: 123/768 type remove
2026-07-27 18:50:44,043 [inflora.py] => [InfLoRA] Layer 7: 139/768 type remove
2026-07-27 18:50:44,043 [inflora.py] => [InfLoRA] Layer 8: 195/768 type remove
2026-07-27 18:50:44,043 [inflora.py] => [InfLoRA] Layer 9: 329/768 type remove
2026-07-27 18:50:44,043 [inflora.py] => [InfLoRA] Layer 10: 317/768 type retain
2026-07-27 18:50:44,043 [inflora.py] => [InfLoRA] Layer 11: 377/768 type retain
2026-07-27 18:50:44,061 [inflora.py] => [InfLoRA] Layer 12: 382/768 type retain
2026-07-27 18:51:34,275 [inflora.py] => [InfLoRA] DualGPM threshold: 0.9750
2026-07-27 18:51:35,718 [inflora.py] => [InfLoRA] Layer 1: 46/768 type remove
2026-07-27 18:51:35,718 [inflora.py] => [InfLoRA] Layer 2: 23/768 type remove
2026-07-27 18:51:35,718 [inflora.py] => [InfLoRA] Layer 3: 55/768 type remove
2026-07-27 18:51:35,718 [inflora.py] => [InfLoRA] Layer 4: 54/768 type remove
2026-07-27 18:51:35,718 [inflora.py] => [InfLoRA] Layer 5: 89/768 type remove
2026-07-27 18:51:35,718 [inflora.py] => [InfLoRA] Layer 6: 124/768 type remove
2026-07-27 18:51:35,718 [inflora.py] => [InfLoRA] Layer 7: 140/768 type remove
2026-07-27 18:51:35,718 [inflora.py] => [InfLoRA] Layer 8: 198/768 type remove
2026-07-27 18:51:35,719 [inflora.py] => [InfLoRA] Layer 9: 331/768 type remove
2026-07-27 18:51:35,719 [inflora.py] => [InfLoRA] Layer 10: 315/768 type retain
2026-07-27 18:51:35,719 [inflora.py] => [InfLoRA] Layer 11: 373/768 type retain
2026-07-27 18:51:35,719 [inflora.py] => [InfLoRA] Layer 12: 379/768 type retain
2026-07-27 18:52:26,090 [inflora.py] => [InfLoRA] DualGPM threshold: 0.9750
2026-07-27 18:52:27,436 [inflora.py] => [InfLoRA] Layer 1: 46/768 type remove
2026-07-27 18:52:27,436 [inflora.py] => [InfLoRA] Layer 2: 23/768 type remove
2026-07-27 18:52:27,437 [inflora.py] => [InfLoRA] Layer 3: 55/768 type remove
2026-07-27 18:52:27,437 [inflora.py] => [InfLoRA] Layer 4: 54/768 type remove
2026-07-27 18:52:27,437 [inflora.py] => [InfLoRA] Layer 5: 89/768 type remove
2026-07-27 18:52:27,437 [inflora.py] => [InfLoRA] Layer 6: 124/768 type remove
2026-07-27 18:52:27,437 [inflora.py] => [InfLoRA] Layer 7: 140/768 type remove
2026-07-27 18:52:27,437 [inflora.py] => [InfLoRA] Layer 8: 198/768 type remove
2026-07-27 18:52:27,437 [inflora.py] => [InfLoRA] Layer 9: 331/768 type remove
2026-07-27 18:52:27,437 [inflora.py] => [InfLoRA] Layer 10: 315/768 type retain
2026-07-27 18:52:27,437 [inflora.py] => [InfLoRA] Layer 11: 373/768 type retain
2026-07-27 18:52:27,437 [inflora.py] => [InfLoRA] Layer 12: 378/768 type retain
2026-07-27 18:53:18,112 [inflora.py] => [InfLoRA] DualGPM threshold: 0.9750
2026-07-27 18:53:19,486 [inflora.py] => [InfLoRA] Layer 1: 46/768 type remove
2026-07-27 18:53:19,486 [inflora.py] => [InfLoRA] Layer 2: 23/768 type remove
2026-07-27 18:53:19,486 [inflora.py] => [InfLoRA] Layer 3: 55/768 type remove
2026-07-27 18:53:19,486 [inflora.py] => [InfLoRA] Layer 4: 55/768 type remove
2026-07-27 18:53:19,486 [inflora.py] => [InfLoRA] Layer 5: 90/768 type remove
2026-07-27 18:53:19,486 [inflora.py] => [InfLoRA] Layer 6: 125/768 type remove
2026-07-27 18:53:19,486 [inflora.py] => [InfLoRA] Layer 7: 142/768 type remove
2026-07-27 18:53:19,486 [inflora.py] => [InfLoRA] Layer 8: 199/768 type remove
2026-07-27 18:53:19,486 [inflora.py] => [InfLoRA] Layer 9: 332/768 type remove
2026-07-27 18:53:19,486 [inflora.py] => [InfLoRA] Layer 10: 314/768 type retain
2026-07-27 18:53:19,486 [inflora.py] => [InfLoRA] Layer 11: 372/768 type retain
2026-07-27 18:53:19,486 [inflora.py] => [InfLoRA] Layer 12: 375/768 type retain
2026-07-27 18:54:09,731 [inflora.py] => [InfLoRA] DualGPM threshold: 0.9750
2026-07-27 18:54:11,144 [inflora.py] => [InfLoRA] Layer 1: 46/768 type remove
2026-07-27 18:54:11,144 [inflora.py] => [InfLoRA] Layer 2: 23/768 type remove
2026-07-27 18:54:11,144 [inflora.py] => [InfLoRA] Layer 3: 55/768 type remove
2026-07-27 18:54:11,144 [inflora.py] => [InfLoRA] Layer 4: 55/768 type remove
2026-07-27 18:54:11,144 [inflora.py] => [InfLoRA] Layer 5: 90/768 type remove
2026-07-27 18:54:11,144 [inflora.py] => [InfLoRA] Layer 6: 125/768 type remove
2026-07-27 18:54:11,144 [inflora.py] => [InfLoRA] Layer 7: 142/768 type remove
2026-07-27 18:54:11,144 [inflora.py] => [InfLoRA] Layer 8: 199/768 type remove
2026-07-27 18:54:11,144 [inflora.py] => [InfLoRA] Layer 9: 332/768 type remove
2026-07-27 18:54:11,144 [inflora.py] => [InfLoRA] Layer 10: 314/768 type retain
2026-07-27 18:54:11,144 [inflora.py] => [InfLoRA] Layer 11: 372/768 type retain
2026-07-27 18:54:11,144 [inflora.py] => [InfLoRA] Layer 12: 375/768 type retain
2026-07-27 18:55:02,664 [inflora.py] => [InfLoRA] DualGPM threshold: 0.9750
2026-07-27 18:55:04,122 [inflora.py] => [InfLoRA] Layer 1: 46/768 type remove
2026-07-27 18:55:04,122 [inflora.py] => [InfLoRA] Layer 2: 23/768 type remove
2026-07-27 18:55:04,122 [inflora.py] => [InfLoRA] Layer 3: 56/768 type remove
2026-07-27 18:55:04,122 [inflora.py] => [InfLoRA] Layer 4: 55/768 type remove
2026-07-27 18:55:04,122 [inflora.py] => [InfLoRA] Layer 5: 91/768 type remove
2026-07-27 18:55:04,122 [inflora.py] => [InfLoRA] Layer 6: 125/768 type remove
2026-07-27 18:55:04,122 [inflora.py] => [InfLoRA] Layer 7: 142/768 type remove
2026-07-27 18:55:04,122 [inflora.py] => [InfLoRA] Layer 8: 199/768 type remove
2026-07-27 18:55:04,122 [inflora.py] => [InfLoRA] Layer 9: 332/768 type remove
2026-07-27 18:55:04,122 [inflora.py] => [InfLoRA] Layer 10: 314/768 type retain
2026-07-27 18:55:04,122 [inflora.py] => [InfLoRA] Layer 11: 371/768 type retain
2026-07-27 18:55:04,122 [inflora.py] => [InfLoRA] Layer 12: 374/768 type retain
2026-07-27 18:55:55,670 [inflora.py] => [InfLoRA] DualGPM threshold: 0.9750
2026-07-27 18:55:56,899 [inflora.py] => [InfLoRA] Layer 1: 46/768 type remove
2026-07-27 18:55:56,899 [inflora.py] => [InfLoRA] Layer 2: 23/768 type remove
2026-07-27 18:55:56,899 [inflora.py] => [InfLoRA] Layer 3: 56/768 type remove
2026-07-27 18:55:56,899 [inflora.py] => [InfLoRA] Layer 4: 56/768 type remove
2026-07-27 18:55:56,899 [inflora.py] => [InfLoRA] Layer 5: 92/768 type remove
2026-07-27 18:55:56,899 [inflora.py] => [InfLoRA] Layer 6: 126/768 type remove
2026-07-27 18:55:56,899 [inflora.py] => [InfLoRA] Layer 7: 143/768 type remove
2026-07-27 18:55:56,899 [inflora.py] => [InfLoRA] Layer 8: 200/768 type remove
2026-07-27 18:55:56,899 [inflora.py] => [InfLoRA] Layer 9: 334/768 type remove
2026-07-27 18:55:56,900 [inflora.py] => [InfLoRA] Layer 10: 312/768 type retain
2026-07-27 18:55:56,900 [inflora.py] => [InfLoRA] Layer 11: 367/768 type retain
2026-07-27 18:55:56,900 [inflora.py] => [InfLoRA] Layer 12: 371/768 type retain
2026-07-27 18:56:51,084 [inflora.py] => [InfLoRA] DualGPM threshold: 0.9750
2026-07-27 18:56:52,284 [inflora.py] => [InfLoRA] Layer 1: 46/768 type remove
2026-07-27 18:56:52,284 [inflora.py] => [InfLoRA] Layer 2: 23/768 type remove
2026-07-27 18:56:52,284 [inflora.py] => [InfLoRA] Layer 3: 56/768 type remove
2026-07-27 18:56:52,284 [inflora.py] => [InfLoRA] Layer 4: 56/768 type remove
2026-07-27 18:56:52,284 [inflora.py] => [InfLoRA] Layer 5: 92/768 type remove
2026-07-27 18:56:52,284 [inflora.py] => [InfLoRA] Layer 6: 126/768 type remove
2026-07-27 18:56:52,284 [inflora.py] => [InfLoRA] Layer 7: 143/768 type remove
2026-07-27 18:56:52,284 [inflora.py] => [InfLoRA] Layer 8: 200/768 type remove
2026-07-27 18:56:52,284 [inflora.py] => [InfLoRA] Layer 9: 334/768 type remove
2026-07-27 18:56:52,284 [inflora.py] => [InfLoRA] Layer 10: 312/768 type retain
2026-07-27 18:56:52,284 [inflora.py] => [InfLoRA] Layer 11: 366/768 type retain
2026-07-27 18:56:52,285 [inflora.py] => [InfLoRA] Layer 12: 370/768 type retain
2026-07-27 18:57:43,476 [inflora.py] => [InfLoRA] DualGPM threshold: 0.9750
2026-07-27 18:57:44,883 [inflora.py] => [InfLoRA] Layer 1: 46/768 type remove
2026-07-27 18:57:44,883 [inflora.py] => [InfLoRA] Layer 2: 23/768 type remove
2026-07-27 18:57:44,883 [inflora.py] => [InfLoRA] Layer 3: 56/768 type remove
2026-07-27 18:57:44,883 [inflora.py] => [InfLoRA] Layer 4: 56/768 type remove
2026-07-27 18:57:44,883 [inflora.py] => [InfLoRA] Layer 5: 93/768 type remove
2026-07-27 18:57:44,883 [inflora.py] => [InfLoRA] Layer 6: 127/768 type remove
2026-07-27 18:57:44,883 [inflora.py] => [InfLoRA] Layer 7: 144/768 type remove
2026-07-27 18:57:44,883 [inflora.py] => [InfLoRA] Layer 8: 200/768 type remove
2026-07-27 18:57:44,883 [inflora.py] => [InfLoRA] Layer 9: 334/768 type remove
2026-07-27 18:57:44,883 [inflora.py] => [InfLoRA] Layer 10: 312/768 type retain
2026-07-27 18:57:44,883 [inflora.py] => [InfLoRA] Layer 11: 365/768 type retain
2026-07-27 18:57:44,883 [inflora.py] => [InfLoRA] Layer 12: 369/768 type retain
2026-07-27 18:58:36,078 [inflora.py] => [InfLoRA] DualGPM threshold: 0.9750
2026-07-27 18:58:37,444 [inflora.py] => [InfLoRA] Layer 1: 46/768 type remove
2026-07-27 18:58:37,445 [inflora.py] => [InfLoRA] Layer 2: 23/768 type remove
2026-07-27 18:58:37,445 [inflora.py] => [InfLoRA] Layer 3: 57/768 type remove
2026-07-27 18:58:37,445 [inflora.py] => [InfLoRA] Layer 4: 57/768 type remove
2026-07-27 18:58:37,445 [inflora.py] => [InfLoRA] Layer 5: 94/768 type remove
2026-07-27 18:58:37,445 [inflora.py] => [InfLoRA] Layer 6: 128/768 type remove
2026-07-27 18:58:37,445 [inflora.py] => [InfLoRA] Layer 7: 145/768 type remove
2026-07-27 18:58:37,445 [inflora.py] => [InfLoRA] Layer 8: 201/768 type remove
2026-07-27 18:58:37,445 [inflora.py] => [InfLoRA] Layer 9: 335/768 type remove
2026-07-27 18:58:37,445 [inflora.py] => [InfLoRA] Layer 10: 311/768 type retain
2026-07-27 18:58:37,445 [inflora.py] => [InfLoRA] Layer 11: 364/768 type retain
2026-07-27 18:58:37,445 [inflora.py] => [InfLoRA] Layer 12: 368/768 type retain
2026-07-27 18:59:28,970 [inflora.py] => [InfLoRA] DualGPM threshold: 0.9750
2026-07-27 18:59:30,485 [inflora.py] => [InfLoRA] Layer 1: 46/768 type remove
2026-07-27 18:59:30,485 [inflora.py] => [InfLoRA] Layer 2: 23/768 type remove
2026-07-27 18:59:30,485 [inflora.py] => [InfLoRA] Layer 3: 57/768 type remove
2026-07-27 18:59:30,485 [inflora.py] => [InfLoRA] Layer 4: 57/768 type remove
2026-07-27 18:59:30,485 [inflora.py] => [InfLoRA] Layer 5: 94/768 type remove
2026-07-27 18:59:30,485 [inflora.py] => [InfLoRA] Layer 6: 128/768 type remove
2026-07-27 18:59:30,485 [inflora.py] => [InfLoRA] Layer 7: 145/768 type remove
2026-07-27 18:59:30,485 [inflora.py] => [InfLoRA] Layer 8: 201/768 type remove
2026-07-27 18:59:30,485 [inflora.py] => [InfLoRA] Layer 9: 336/768 type remove
2026-07-27 18:59:30,485 [inflora.py] => [InfLoRA] Layer 10: 310/768 type retain
2026-07-27 18:59:30,485 [inflora.py] => [InfLoRA] Layer 11: 363/768 type retain
2026-07-27 18:59:30,485 [inflora.py] => [InfLoRA] Layer 12: 367/768 type retain
2026-07-27 19:00:20,995 [inflora.py] => [InfLoRA] DualGPM threshold: 0.9750
2026-07-27 19:00:22,414 [inflora.py] => [InfLoRA] Layer 1: 46/768 type remove
2026-07-27 19:00:22,414 [inflora.py] => [InfLoRA] Layer 2: 23/768 type remove
2026-07-27 19:00:22,414 [inflora.py] => [InfLoRA] Layer 3: 58/768 type remove
2026-07-27 19:00:22,414 [inflora.py] => [InfLoRA] Layer 4: 58/768 type remove
2026-07-27 19:00:22,414 [inflora.py] => [InfLoRA] Layer 5: 95/768 type remove
2026-07-27 19:00:22,414 [inflora.py] => [InfLoRA] Layer 6: 129/768 type remove
2026-07-27 19:00:22,414 [inflora.py] => [InfLoRA] Layer 7: 146/768 type remove
2026-07-27 19:00:22,414 [inflora.py] => [InfLoRA] Layer 8: 204/768 type remove
2026-07-27 19:00:22,414 [inflora.py] => [InfLoRA] Layer 9: 340/768 type remove
2026-07-27 19:00:22,414 [inflora.py] => [InfLoRA] Layer 10: 307/768 type retain
2026-07-27 19:00:22,414 [inflora.py] => [InfLoRA] Layer 11: 358/768 type retain
2026-07-27 19:00:22,414 [inflora.py] => [InfLoRA] Layer 12: 366/768 type retain
2026-07-27 19:00:34,664 [bounded_memory_mixin.py] => [bounded_mem eval] volume 0.40 | cycle 96 | classes_seen 400 | CIL top1 53.41 | top5 83.63 | (nearest latent task ~39) | param_hash c03d67e7c8ba3bad | per-task [62.12, 49.75, 68.5, 35.68, 56.28, 41.21, 58.08, 59.6, 37.06, 73.33, 64.82, 66.33, 71.0, 64.65, 41.71, 51.5, 65.0, 53.54, 70.0, 38.89, 60.1, 34.34, 45.23, 62.76, 31.82, 59.5, 56.0, 50.76, 57.79, 53.0, 55.78, 35.18, 49.5, 34.34, 47.24, 64.82, 60.41, 37.0, 72.5, 39.2]
2026-07-27 19:01:26,001 [inflora.py] => [InfLoRA] DualGPM threshold: 0.9750
2026-07-27 19:01:27,226 [inflora.py] => [InfLoRA] Layer 1: 46/768 type remove
2026-07-27 19:01:27,226 [inflora.py] => [InfLoRA] Layer 2: 23/768 type remove
2026-07-27 19:01:27,226 [inflora.py] => [InfLoRA] Layer 3: 58/768 type remove
2026-07-27 19:01:27,226 [inflora.py] => [InfLoRA] Layer 4: 58/768 type remove
2026-07-27 19:01:27,226 [inflora.py] => [InfLoRA] Layer 5: 95/768 type remove
2026-07-27 19:01:27,226 [inflora.py] => [InfLoRA] Layer 6: 129/768 type remove
2026-07-27 19:01:27,226 [inflora.py] => [InfLoRA] Layer 7: 146/768 type remove
2026-07-27 19:01:27,226 [inflora.py] => [InfLoRA] Layer 8: 204/768 type remove
2026-07-27 19:01:27,226 [inflora.py] => [InfLoRA] Layer 9: 340/768 type remove
2026-07-27 19:01:27,226 [inflora.py] => [InfLoRA] Layer 10: 307/768 type retain
2026-07-27 19:01:27,226 [inflora.py] => [InfLoRA] Layer 11: 358/768 type retain
2026-07-27 19:01:27,226 [inflora.py] => [InfLoRA] Layer 12: 364/768 type retain
2026-07-27 19:02:17,607 [inflora.py] => [InfLoRA] DualGPM threshold: 0.9750
2026-07-27 19:02:19,050 [inflora.py] => [InfLoRA] Layer 1: 46/768 type remove
2026-07-27 19:02:19,051 [inflora.py] => [InfLoRA] Layer 2: 23/768 type remove
2026-07-27 19:02:19,051 [inflora.py] => [InfLoRA] Layer 3: 58/768 type remove
2026-07-27 19:02:19,051 [inflora.py] => [InfLoRA] Layer 4: 58/768 type remove
2026-07-27 19:02:19,051 [inflora.py] => [InfLoRA] Layer 5: 96/768 type remove
2026-07-27 19:02:19,051 [inflora.py] => [InfLoRA] Layer 6: 130/768 type remove
2026-07-27 19:02:19,051 [inflora.py] => [InfLoRA] Layer 7: 146/768 type remove
2026-07-27 19:02:19,051 [inflora.py] => [InfLoRA] Layer 8: 204/768 type remove
2026-07-27 19:02:19,051 [inflora.py] => [InfLoRA] Layer 9: 340/768 type remove
2026-07-27 19:02:19,051 [inflora.py] => [InfLoRA] Layer 10: 306/768 type retain
2026-07-27 19:02:19,051 [inflora.py] => [InfLoRA] Layer 11: 357/768 type retain
2026-07-27 19:02:19,051 [inflora.py] => [InfLoRA] Layer 12: 362/768 type retain
2026-07-27 19:03:09,533 [inflora.py] => [InfLoRA] DualGPM threshold: 0.9750
2026-07-27 19:03:10,934 [inflora.py] => [InfLoRA] Layer 1: 46/768 type remove
2026-07-27 19:03:10,934 [inflora.py] => [InfLoRA] Layer 2: 23/768 type remove
2026-07-27 19:03:10,934 [inflora.py] => [InfLoRA] Layer 3: 58/768 type remove
2026-07-27 19:03:10,934 [inflora.py] => [InfLoRA] Layer 4: 59/768 type remove
2026-07-27 19:03:10,934 [inflora.py] => [InfLoRA] Layer 5: 96/768 type remove
2026-07-27 19:03:10,934 [inflora.py] => [InfLoRA] Layer 6: 130/768 type remove
2026-07-27 19:03:10,934 [inflora.py] => [InfLoRA] Layer 7: 146/768 type remove
2026-07-27 19:03:10,934 [inflora.py] => [InfLoRA] Layer 8: 204/768 type remove
2026-07-27 19:03:10,934 [inflora.py] => [InfLoRA] Layer 9: 340/768 type remove
2026-07-27 19:03:10,934 [inflora.py] => [InfLoRA] Layer 10: 306/768 type retain
2026-07-27 19:03:10,934 [inflora.py] => [InfLoRA] Layer 11: 357/768 type retain
2026-07-27 19:03:10,934 [inflora.py] => [InfLoRA] Layer 12: 362/768 type retain
2026-07-27 19:04:01,124 [inflora.py] => [InfLoRA] DualGPM threshold: 0.9750
2026-07-27 19:04:02,525 [inflora.py] => [InfLoRA] Layer 1: 46/768 type remove
2026-07-27 19:04:02,526 [inflora.py] => [InfLoRA] Layer 2: 23/768 type remove
2026-07-27 19:04:02,526 [inflora.py] => [InfLoRA] Layer 3: 59/768 type remove
2026-07-27 19:04:02,526 [inflora.py] => [InfLoRA] Layer 4: 59/768 type remove
2026-07-27 19:04:02,526 [inflora.py] => [InfLoRA] Layer 5: 97/768 type remove
2026-07-27 19:04:02,526 [inflora.py] => [InfLoRA] Layer 6: 131/768 type remove
2026-07-27 19:04:02,526 [inflora.py] => [InfLoRA] Layer 7: 147/768 type remove
2026-07-27 19:04:02,526 [inflora.py] => [InfLoRA] Layer 8: 204/768 type remove
2026-07-27 19:04:02,526 [inflora.py] => [InfLoRA] Layer 9: 340/768 type remove
2026-07-27 19:04:02,526 [inflora.py] => [InfLoRA] Layer 10: 306/768 type retain
2026-07-27 19:04:02,526 [inflora.py] => [InfLoRA] Layer 11: 356/768 type retain
2026-07-27 19:04:02,526 [inflora.py] => [InfLoRA] Layer 12: 361/768 type retain
2026-07-27 19:04:52,924 [inflora.py] => [InfLoRA] DualGPM threshold: 0.9750
2026-07-27 19:04:54,393 [inflora.py] => [InfLoRA] Layer 1: 46/768 type remove
2026-07-27 19:04:54,393 [inflora.py] => [InfLoRA] Layer 2: 23/768 type remove
2026-07-27 19:04:54,393 [inflora.py] => [InfLoRA] Layer 3: 59/768 type remove
2026-07-27 19:04:54,393 [inflora.py] => [InfLoRA] Layer 4: 59/768 type remove
2026-07-27 19:04:54,393 [inflora.py] => [InfLoRA] Layer 5: 97/768 type remove
2026-07-27 19:04:54,393 [inflora.py] => [InfLoRA] Layer 6: 131/768 type remove
2026-07-27 19:04:54,393 [inflora.py] => [InfLoRA] Layer 7: 147/768 type remove
2026-07-27 19:04:54,393 [inflora.py] => [InfLoRA] Layer 8: 204/768 type remove
2026-07-27 19:04:54,393 [inflora.py] => [InfLoRA] Layer 9: 340/768 type remove
2026-07-27 19:04:54,393 [inflora.py] => [InfLoRA] Layer 10: 306/768 type retain
2026-07-27 19:04:54,393 [inflora.py] => [InfLoRA] Layer 11: 356/768 type retain
2026-07-27 19:04:54,393 [inflora.py] => [InfLoRA] Layer 12: 361/768 type retain
2026-07-27 19:05:44,221 [inflora.py] => [InfLoRA] DualGPM threshold: 0.9750
2026-07-27 19:05:45,605 [inflora.py] => [InfLoRA] Layer 1: 46/768 type remove
2026-07-27 19:05:45,605 [inflora.py] => [InfLoRA] Layer 2: 23/768 type remove
2026-07-27 19:05:45,605 [inflora.py] => [InfLoRA] Layer 3: 59/768 type remove
2026-07-27 19:05:45,605 [inflora.py] => [InfLoRA] Layer 4: 60/768 type remove
2026-07-27 19:05:45,605 [inflora.py] => [InfLoRA] Layer 5: 98/768 type remove
2026-07-27 19:05:45,605 [inflora.py] => [InfLoRA] Layer 6: 132/768 type remove
2026-07-27 19:05:45,605 [inflora.py] => [InfLoRA] Layer 7: 148/768 type remove
2026-07-27 19:05:45,605 [inflora.py] => [InfLoRA] Layer 8: 205/768 type remove
2026-07-27 19:05:45,605 [inflora.py] => [InfLoRA] Layer 9: 341/768 type remove
2026-07-27 19:05:45,605 [inflora.py] => [InfLoRA] Layer 10: 305/768 type retain
2026-07-27 19:05:45,605 [inflora.py] => [InfLoRA] Layer 11: 355/768 type retain
2026-07-27 19:05:45,605 [inflora.py] => [InfLoRA] Layer 12: 357/768 type retain
2026-07-27 19:06:36,230 [inflora.py] => [InfLoRA] DualGPM threshold: 0.9750
2026-07-27 19:06:37,398 [inflora.py] => [InfLoRA] Layer 1: 46/768 type remove
2026-07-27 19:06:37,398 [inflora.py] => [InfLoRA] Layer 2: 23/768 type remove
2026-07-27 19:06:37,398 [inflora.py] => [InfLoRA] Layer 3: 59/768 type remove
2026-07-27 19:06:37,398 [inflora.py] => [InfLoRA] Layer 4: 60/768 type remove
2026-07-27 19:06:37,398 [inflora.py] => [InfLoRA] Layer 5: 98/768 type remove
2026-07-27 19:06:37,398 [inflora.py] => [InfLoRA] Layer 6: 132/768 type remove
2026-07-27 19:06:37,398 [inflora.py] => [InfLoRA] Layer 7: 148/768 type remove
2026-07-27 19:06:37,399 [inflora.py] => [InfLoRA] Layer 8: 205/768 type remove
2026-07-27 19:06:37,399 [inflora.py] => [InfLoRA] Layer 9: 341/768 type remove
2026-07-27 19:06:37,399 [inflora.py] => [InfLoRA] Layer 10: 305/768 type retain
2026-07-27 19:06:37,399 [inflora.py] => [InfLoRA] Layer 11: 355/768 type retain
2026-07-27 19:06:37,399 [inflora.py] => [InfLoRA] Layer 12: 357/768 type retain
2026-07-27 19:07:27,744 [inflora.py] => [InfLoRA] DualGPM threshold: 0.9750
2026-07-27 19:07:29,193 [inflora.py] => [InfLoRA] Layer 1: 46/768 type remove
2026-07-27 19:07:29,194 [inflora.py] => [InfLoRA] Layer 2: 23/768 type remove
2026-07-27 19:07:29,194 [inflora.py] => [InfLoRA] Layer 3: 60/768 type remove
2026-07-27 19:07:29,194 [inflora.py] => [InfLoRA] Layer 4: 61/768 type remove
2026-07-27 19:07:29,194 [inflora.py] => [InfLoRA] Layer 5: 99/768 type remove
2026-07-27 19:07:29,194 [inflora.py] => [InfLoRA] Layer 6: 133/768 type remove
2026-07-27 19:07:29,194 [inflora.py] => [InfLoRA] Layer 7: 149/768 type remove
2026-07-27 19:07:29,194 [inflora.py] => [InfLoRA] Layer 8: 206/768 type remove
2026-07-27 19:07:29,194 [inflora.py] => [InfLoRA] Layer 9: 342/768 type remove
2026-07-27 19:07:29,194 [inflora.py] => [InfLoRA] Layer 10: 304/768 type retain
2026-07-27 19:07:29,194 [inflora.py] => [InfLoRA] Layer 11: 354/768 type retain
2026-07-27 19:07:29,194 [inflora.py] => [InfLoRA] Layer 12: 356/768 type retain
2026-07-27 19:08:20,749 [inflora.py] => [InfLoRA] DualGPM threshold: 0.9750
2026-07-27 19:08:22,113 [inflora.py] => [InfLoRA] Layer 1: 46/768 type remove
2026-07-27 19:08:22,114 [inflora.py] => [InfLoRA] Layer 2: 23/768 type remove
2026-07-27 19:08:22,114 [inflora.py] => [InfLoRA] Layer 3: 61/768 type remove
2026-07-27 19:08:22,114 [inflora.py] => [InfLoRA] Layer 4: 62/768 type remove
2026-07-27 19:08:22,114 [inflora.py] => [InfLoRA] Layer 5: 100/768 type remove
2026-07-27 19:08:22,114 [inflora.py] => [InfLoRA] Layer 6: 134/768 type remove
2026-07-27 19:08:22,114 [inflora.py] => [InfLoRA] Layer 7: 149/768 type remove
2026-07-27 19:08:22,114 [inflora.py] => [InfLoRA] Layer 8: 206/768 type remove
2026-07-27 19:08:22,114 [inflora.py] => [InfLoRA] Layer 9: 342/768 type remove
2026-07-27 19:08:22,114 [inflora.py] => [InfLoRA] Layer 10: 304/768 type retain
2026-07-27 19:08:22,114 [inflora.py] => [InfLoRA] Layer 11: 354/768 type retain
2026-07-27 19:08:22,114 [inflora.py] => [InfLoRA] Layer 12: 356/768 type retain
2026-07-27 19:09:13,881 [inflora.py] => [InfLoRA] DualGPM threshold: 0.9750
2026-07-27 19:09:15,214 [inflora.py] => [InfLoRA] Layer 1: 46/768 type remove
2026-07-27 19:09:15,214 [inflora.py] => [InfLoRA] Layer 2: 23/768 type remove
2026-07-27 19:09:15,214 [inflora.py] => [InfLoRA] Layer 3: 61/768 type remove
2026-07-27 19:09:15,214 [inflora.py] => [InfLoRA] Layer 4: 62/768 type remove
2026-07-27 19:09:15,214 [inflora.py] => [InfLoRA] Layer 5: 100/768 type remove
2026-07-27 19:09:15,214 [inflora.py] => [InfLoRA] Layer 6: 135/768 type remove
2026-07-27 19:09:15,214 [inflora.py] => [InfLoRA] Layer 7: 150/768 type remove
2026-07-27 19:09:15,214 [inflora.py] => [InfLoRA] Layer 8: 206/768 type remove
2026-07-27 19:09:15,214 [inflora.py] => [InfLoRA] Layer 9: 342/768 type remove
2026-07-27 19:09:15,214 [inflora.py] => [InfLoRA] Layer 10: 304/768 type retain
2026-07-27 19:09:15,214 [inflora.py] => [InfLoRA] Layer 11: 354/768 type retain
2026-07-27 19:09:15,214 [inflora.py] => [InfLoRA] Layer 12: 356/768 type retain
2026-07-27 19:10:06,439 [inflora.py] => [InfLoRA] DualGPM threshold: 0.9750
2026-07-27 19:10:07,633 [inflora.py] => [InfLoRA] Layer 1: 46/768 type remove
2026-07-27 19:10:07,633 [inflora.py] => [InfLoRA] Layer 2: 23/768 type remove
2026-07-27 19:10:07,633 [inflora.py] => [InfLoRA] Layer 3: 62/768 type remove
2026-07-27 19:10:07,633 [inflora.py] => [InfLoRA] Layer 4: 63/768 type remove
2026-07-27 19:10:07,633 [inflora.py] => [InfLoRA] Layer 5: 101/768 type remove
2026-07-27 19:10:07,633 [inflora.py] => [InfLoRA] Layer 6: 135/768 type remove
2026-07-27 19:10:07,633 [inflora.py] => [InfLoRA] Layer 7: 150/768 type remove
2026-07-27 19:10:07,633 [inflora.py] => [InfLoRA] Layer 8: 207/768 type remove
2026-07-27 19:10:07,633 [inflora.py] => [InfLoRA] Layer 9: 343/768 type remove
2026-07-27 19:10:07,633 [inflora.py] => [InfLoRA] Layer 10: 303/768 type retain
2026-07-27 19:10:07,633 [inflora.py] => [InfLoRA] Layer 11: 353/768 type retain
2026-07-27 19:10:07,633 [inflora.py] => [InfLoRA] Layer 12: 354/768 type retain
2026-07-27 19:10:58,946 [inflora.py] => [InfLoRA] DualGPM threshold: 0.9750
2026-07-27 19:11:00,281 [inflora.py] => [InfLoRA] Layer 1: 46/768 type remove
2026-07-27 19:11:00,281 [inflora.py] => [InfLoRA] Layer 2: 23/768 type remove
2026-07-27 19:11:00,281 [inflora.py] => [InfLoRA] Layer 3: 62/768 type remove
2026-07-27 19:11:00,281 [inflora.py] => [InfLoRA] Layer 4: 63/768 type remove
2026-07-27 19:11:00,281 [inflora.py] => [InfLoRA] Layer 5: 101/768 type remove
2026-07-27 19:11:00,281 [inflora.py] => [InfLoRA] Layer 6: 136/768 type remove
2026-07-27 19:11:00,281 [inflora.py] => [InfLoRA] Layer 7: 150/768 type remove
2026-07-27 19:11:00,281 [inflora.py] => [InfLoRA] Layer 8: 207/768 type remove
2026-07-27 19:11:00,281 [inflora.py] => [InfLoRA] Layer 9: 343/768 type remove
2026-07-27 19:11:00,281 [inflora.py] => [InfLoRA] Layer 10: 303/768 type retain
2026-07-27 19:11:00,281 [inflora.py] => [InfLoRA] Layer 11: 353/768 type retain
2026-07-27 19:11:00,281 [inflora.py] => [InfLoRA] Layer 12: 354/768 type retain
2026-07-27 19:11:54,049 [inflora.py] => [InfLoRA] DualGPM threshold: 0.9750
2026-07-27 19:11:55,377 [inflora.py] => [InfLoRA] Layer 1: 46/768 type remove
2026-07-27 19:11:55,377 [inflora.py] => [InfLoRA] Layer 2: 23/768 type remove
2026-07-27 19:11:55,377 [inflora.py] => [InfLoRA] Layer 3: 62/768 type remove
2026-07-27 19:11:55,377 [inflora.py] => [InfLoRA] Layer 4: 64/768 type remove
2026-07-27 19:11:55,377 [inflora.py] => [InfLoRA] Layer 5: 102/768 type remove
2026-07-27 19:11:55,377 [inflora.py] => [InfLoRA] Layer 6: 137/768 type remove
2026-07-27 19:11:55,377 [inflora.py] => [InfLoRA] Layer 7: 151/768 type remove
2026-07-27 19:11:55,377 [inflora.py] => [InfLoRA] Layer 8: 207/768 type remove
2026-07-27 19:11:55,377 [inflora.py] => [InfLoRA] Layer 9: 343/768 type remove
2026-07-27 19:11:55,377 [inflora.py] => [InfLoRA] Layer 10: 303/768 type retain
2026-07-27 19:11:55,377 [inflora.py] => [InfLoRA] Layer 11: 353/768 type retain
2026-07-27 19:11:55,377 [inflora.py] => [InfLoRA] Layer 12: 353/768 type retain
2026-07-27 19:12:47,220 [inflora.py] => [InfLoRA] DualGPM threshold: 0.9750
2026-07-27 19:12:48,392 [inflora.py] => [InfLoRA] Layer 1: 46/768 type remove
2026-07-27 19:12:48,392 [inflora.py] => [InfLoRA] Layer 2: 23/768 type remove
2026-07-27 19:12:48,392 [inflora.py] => [InfLoRA] Layer 3: 62/768 type remove
2026-07-27 19:12:48,392 [inflora.py] => [InfLoRA] Layer 4: 64/768 type remove
2026-07-27 19:12:48,392 [inflora.py] => [InfLoRA] Layer 5: 102/768 type remove
2026-07-27 19:12:48,392 [inflora.py] => [InfLoRA] Layer 6: 137/768 type remove
2026-07-27 19:12:48,392 [inflora.py] => [InfLoRA] Layer 7: 151/768 type remove
2026-07-27 19:12:48,392 [inflora.py] => [InfLoRA] Layer 8: 207/768 type remove
2026-07-27 19:12:48,392 [inflora.py] => [InfLoRA] Layer 9: 343/768 type remove
2026-07-27 19:12:48,392 [inflora.py] => [InfLoRA] Layer 10: 303/768 type retain
2026-07-27 19:12:48,392 [inflora.py] => [InfLoRA] Layer 11: 353/768 type retain
2026-07-27 19:12:48,392 [inflora.py] => [InfLoRA] Layer 12: 353/768 type retain
2026-07-27 19:13:40,304 [inflora.py] => [InfLoRA] DualGPM threshold: 0.9750
2026-07-27 19:13:41,684 [inflora.py] => [InfLoRA] Layer 1: 46/768 type remove
2026-07-27 19:13:41,685 [inflora.py] => [InfLoRA] Layer 2: 23/768 type remove
2026-07-27 19:13:41,685 [inflora.py] => [InfLoRA] Layer 3: 62/768 type remove
2026-07-27 19:13:41,685 [inflora.py] => [InfLoRA] Layer 4: 64/768 type remove
2026-07-27 19:13:41,685 [inflora.py] => [InfLoRA] Layer 5: 103/768 type remove
2026-07-27 19:13:41,685 [inflora.py] => [InfLoRA] Layer 6: 138/768 type remove
2026-07-27 19:13:41,685 [inflora.py] => [InfLoRA] Layer 7: 151/768 type remove
2026-07-27 19:13:41,685 [inflora.py] => [InfLoRA] Layer 8: 208/768 type remove
2026-07-27 19:13:41,685 [inflora.py] => [InfLoRA] Layer 9: 344/768 type remove
2026-07-27 19:13:41,685 [inflora.py] => [InfLoRA] Layer 10: 302/768 type retain
2026-07-27 19:13:41,685 [inflora.py] => [InfLoRA] Layer 11: 353/768 type retain
2026-07-27 19:13:41,685 [inflora.py] => [InfLoRA] Layer 12: 351/768 type retain
2026-07-27 19:14:34,289 [inflora.py] => [InfLoRA] DualGPM threshold: 0.9750
2026-07-27 19:14:35,655 [inflora.py] => [InfLoRA] Layer 1: 46/768 type remove
2026-07-27 19:14:35,655 [inflora.py] => [InfLoRA] Layer 2: 23/768 type remove
2026-07-27 19:14:35,655 [inflora.py] => [InfLoRA] Layer 3: 63/768 type remove
2026-07-27 19:14:35,655 [inflora.py] => [InfLoRA] Layer 4: 65/768 type remove
2026-07-27 19:14:35,655 [inflora.py] => [InfLoRA] Layer 5: 104/768 type remove
2026-07-27 19:14:35,655 [inflora.py] => [InfLoRA] Layer 6: 138/768 type remove
2026-07-27 19:14:35,655 [inflora.py] => [InfLoRA] Layer 7: 152/768 type remove
2026-07-27 19:14:35,655 [inflora.py] => [InfLoRA] Layer 8: 208/768 type remove
2026-07-27 19:14:35,655 [inflora.py] => [InfLoRA] Layer 9: 344/768 type remove
2026-07-27 19:14:35,655 [inflora.py] => [InfLoRA] Layer 10: 302/768 type retain
2026-07-27 19:14:35,655 [inflora.py] => [InfLoRA] Layer 11: 352/768 type retain
2026-07-27 19:14:35,655 [inflora.py] => [InfLoRA] Layer 12: 351/768 type retain
2026-07-27 19:15:27,827 [inflora.py] => [InfLoRA] DualGPM threshold: 0.9750
2026-07-27 19:15:29,184 [inflora.py] => [InfLoRA] Layer 1: 46/768 type remove
2026-07-27 19:15:29,184 [inflora.py] => [InfLoRA] Layer 2: 23/768 type remove
2026-07-27 19:15:29,184 [inflora.py] => [InfLoRA] Layer 3: 63/768 type remove
2026-07-27 19:15:29,184 [inflora.py] => [InfLoRA] Layer 4: 65/768 type remove
2026-07-27 19:15:29,184 [inflora.py] => [InfLoRA] Layer 5: 104/768 type remove
2026-07-27 19:15:29,184 [inflora.py] => [InfLoRA] Layer 6: 138/768 type remove
2026-07-27 19:15:29,184 [inflora.py] => [InfLoRA] Layer 7: 152/768 type remove
2026-07-27 19:15:29,184 [inflora.py] => [InfLoRA] Layer 8: 208/768 type remove
2026-07-27 19:15:29,184 [inflora.py] => [InfLoRA] Layer 9: 344/768 type remove
2026-07-27 19:15:29,184 [inflora.py] => [InfLoRA] Layer 10: 301/768 type retain
2026-07-27 19:15:29,184 [inflora.py] => [InfLoRA] Layer 11: 352/768 type retain
2026-07-27 19:15:29,184 [inflora.py] => [InfLoRA] Layer 12: 349/768 type retain
2026-07-27 19:16:20,661 [inflora.py] => [InfLoRA] DualGPM threshold: 0.9750
2026-07-27 19:16:22,054 [inflora.py] => [InfLoRA] Layer 1: 46/768 type remove
2026-07-27 19:16:22,054 [inflora.py] => [InfLoRA] Layer 2: 23/768 type remove
2026-07-27 19:16:22,054 [inflora.py] => [InfLoRA] Layer 3: 63/768 type remove
2026-07-27 19:16:22,054 [inflora.py] => [InfLoRA] Layer 4: 66/768 type remove
2026-07-27 19:16:22,054 [inflora.py] => [InfLoRA] Layer 5: 105/768 type remove
2026-07-27 19:16:22,054 [inflora.py] => [InfLoRA] Layer 6: 139/768 type remove
2026-07-27 19:16:22,054 [inflora.py] => [InfLoRA] Layer 7: 153/768 type remove
2026-07-27 19:16:22,054 [inflora.py] => [InfLoRA] Layer 8: 209/768 type remove
2026-07-27 19:16:22,054 [inflora.py] => [InfLoRA] Layer 9: 345/768 type remove
2026-07-27 19:16:22,054 [inflora.py] => [InfLoRA] Layer 10: 300/768 type retain
2026-07-27 19:16:22,054 [inflora.py] => [InfLoRA] Layer 11: 351/768 type retain
2026-07-27 19:16:22,054 [inflora.py] => [InfLoRA] Layer 12: 349/768 type retain
2026-07-27 19:17:12,308 [inflora.py] => [InfLoRA] DualGPM threshold: 0.9750
2026-07-27 19:17:13,492 [inflora.py] => [InfLoRA] Layer 1: 46/768 type remove
2026-07-27 19:17:13,492 [inflora.py] => [InfLoRA] Layer 2: 23/768 type remove
2026-07-27 19:17:13,492 [inflora.py] => [InfLoRA] Layer 3: 64/768 type remove
2026-07-27 19:17:13,492 [inflora.py] => [InfLoRA] Layer 4: 66/768 type remove
2026-07-27 19:17:13,492 [inflora.py] => [InfLoRA] Layer 5: 105/768 type remove
2026-07-27 19:17:13,492 [inflora.py] => [InfLoRA] Layer 6: 139/768 type remove
2026-07-27 19:17:13,492 [inflora.py] => [InfLoRA] Layer 7: 153/768 type remove
2026-07-27 19:17:13,492 [inflora.py] => [InfLoRA] Layer 8: 210/768 type remove
2026-07-27 19:17:13,492 [inflora.py] => [InfLoRA] Layer 9: 346/768 type remove
2026-07-27 19:17:13,492 [inflora.py] => [InfLoRA] Layer 10: 300/768 type retain
2026-07-27 19:17:13,492 [inflora.py] => [InfLoRA] Layer 11: 350/768 type retain
2026-07-27 19:17:13,492 [inflora.py] => [InfLoRA] Layer 12: 349/768 type retain
2026-07-27 19:18:03,186 [inflora.py] => [InfLoRA] DualGPM threshold: 0.9750
2026-07-27 19:18:04,592 [inflora.py] => [InfLoRA] Layer 1: 46/768 type remove
2026-07-27 19:18:04,592 [inflora.py] => [InfLoRA] Layer 2: 23/768 type remove
2026-07-27 19:18:04,592 [inflora.py] => [InfLoRA] Layer 3: 64/768 type remove
2026-07-27 19:18:04,592 [inflora.py] => [InfLoRA] Layer 4: 66/768 type remove
2026-07-27 19:18:04,592 [inflora.py] => [InfLoRA] Layer 5: 105/768 type remove
2026-07-27 19:18:04,592 [inflora.py] => [InfLoRA] Layer 6: 139/768 type remove
2026-07-27 19:18:04,592 [inflora.py] => [InfLoRA] Layer 7: 153/768 type remove
2026-07-27 19:18:04,592 [inflora.py] => [InfLoRA] Layer 8: 210/768 type remove
2026-07-27 19:18:04,592 [inflora.py] => [InfLoRA] Layer 9: 346/768 type remove
2026-07-27 19:18:04,592 [inflora.py] => [InfLoRA] Layer 10: 300/768 type retain
2026-07-27 19:18:04,592 [inflora.py] => [InfLoRA] Layer 11: 350/768 type retain
2026-07-27 19:18:04,592 [inflora.py] => [InfLoRA] Layer 12: 349/768 type retain
2026-07-27 19:18:55,332 [inflora.py] => [InfLoRA] DualGPM threshold: 0.9750
2026-07-27 19:18:56,720 [inflora.py] => [InfLoRA] Layer 1: 46/768 type remove
2026-07-27 19:18:56,720 [inflora.py] => [InfLoRA] Layer 2: 23/768 type remove
2026-07-27 19:18:56,720 [inflora.py] => [InfLoRA] Layer 3: 64/768 type remove
2026-07-27 19:18:56,720 [inflora.py] => [InfLoRA] Layer 4: 66/768 type remove
2026-07-27 19:18:56,720 [inflora.py] => [InfLoRA] Layer 5: 105/768 type remove
2026-07-27 19:18:56,720 [inflora.py] => [InfLoRA] Layer 6: 139/768 type remove
2026-07-27 19:18:56,720 [inflora.py] => [InfLoRA] Layer 7: 153/768 type remove
2026-07-27 19:18:56,720 [inflora.py] => [InfLoRA] Layer 8: 210/768 type remove
2026-07-27 19:18:56,720 [inflora.py] => [InfLoRA] Layer 9: 346/768 type remove
2026-07-27 19:18:56,720 [inflora.py] => [InfLoRA] Layer 10: 300/768 type retain
2026-07-27 19:18:56,720 [inflora.py] => [InfLoRA] Layer 11: 350/768 type retain
2026-07-27 19:18:56,720 [inflora.py] => [InfLoRA] Layer 12: 348/768 type retain
2026-07-27 19:19:47,412 [inflora.py] => [InfLoRA] DualGPM threshold: 0.9750
2026-07-27 19:19:48,639 [inflora.py] => [InfLoRA] Layer 1: 46/768 type remove
2026-07-27 19:19:48,640 [inflora.py] => [InfLoRA] Layer 2: 23/768 type remove
2026-07-27 19:19:48,640 [inflora.py] => [InfLoRA] Layer 3: 64/768 type remove
2026-07-27 19:19:48,640 [inflora.py] => [InfLoRA] Layer 4: 66/768 type remove
2026-07-27 19:19:48,640 [inflora.py] => [InfLoRA] Layer 5: 106/768 type remove
2026-07-27 19:19:48,640 [inflora.py] => [InfLoRA] Layer 6: 140/768 type remove
2026-07-27 19:19:48,640 [inflora.py] => [InfLoRA] Layer 7: 154/768 type remove
2026-07-27 19:19:48,640 [inflora.py] => [InfLoRA] Layer 8: 210/768 type remove
2026-07-27 19:19:48,640 [inflora.py] => [InfLoRA] Layer 9: 346/768 type remove
2026-07-27 19:19:48,640 [inflora.py] => [InfLoRA] Layer 10: 300/768 type retain
2026-07-27 19:19:48,640 [inflora.py] => [InfLoRA] Layer 11: 350/768 type retain
2026-07-27 19:19:48,640 [inflora.py] => [InfLoRA] Layer 12: 347/768 type retain
2026-07-27 19:20:39,188 [inflora.py] => [InfLoRA] DualGPM threshold: 0.9750
2026-07-27 19:20:40,597 [inflora.py] => [InfLoRA] Layer 1: 46/768 type remove
2026-07-27 19:20:40,597 [inflora.py] => [InfLoRA] Layer 2: 23/768 type remove
2026-07-27 19:20:40,597 [inflora.py] => [InfLoRA] Layer 3: 64/768 type remove
2026-07-27 19:20:40,597 [inflora.py] => [InfLoRA] Layer 4: 66/768 type remove
2026-07-27 19:20:40,597 [inflora.py] => [InfLoRA] Layer 5: 106/768 type remove
2026-07-27 19:20:40,597 [inflora.py] => [InfLoRA] Layer 6: 140/768 type remove
2026-07-27 19:20:40,597 [inflora.py] => [InfLoRA] Layer 7: 155/768 type remove
2026-07-27 19:20:40,597 [inflora.py] => [InfLoRA] Layer 8: 212/768 type remove
2026-07-27 19:20:40,597 [inflora.py] => [InfLoRA] Layer 9: 347/768 type remove
2026-07-27 19:20:40,597 [inflora.py] => [InfLoRA] Layer 10: 299/768 type retain
2026-07-27 19:20:40,597 [inflora.py] => [InfLoRA] Layer 11: 349/768 type retain
2026-07-27 19:20:40,597 [inflora.py] => [InfLoRA] Layer 12: 345/768 type retain
2026-07-27 19:21:32,238 [inflora.py] => [InfLoRA] DualGPM threshold: 0.9750
2026-07-27 19:21:33,639 [inflora.py] => [InfLoRA] Layer 1: 46/768 type remove
2026-07-27 19:21:33,639 [inflora.py] => [InfLoRA] Layer 2: 23/768 type remove
2026-07-27 19:21:33,639 [inflora.py] => [InfLoRA] Layer 3: 64/768 type remove
2026-07-27 19:21:33,639 [inflora.py] => [InfLoRA] Layer 4: 66/768 type remove
2026-07-27 19:21:33,639 [inflora.py] => [InfLoRA] Layer 5: 107/768 type remove
2026-07-27 19:21:33,639 [inflora.py] => [InfLoRA] Layer 6: 141/768 type remove
2026-07-27 19:21:33,639 [inflora.py] => [InfLoRA] Layer 7: 155/768 type remove
2026-07-27 19:21:33,639 [inflora.py] => [InfLoRA] Layer 8: 212/768 type remove
2026-07-27 19:21:33,639 [inflora.py] => [InfLoRA] Layer 9: 347/768 type remove
2026-07-27 19:21:33,639 [inflora.py] => [InfLoRA] Layer 10: 299/768 type retain
2026-07-27 19:21:33,639 [inflora.py] => [InfLoRA] Layer 11: 349/768 type retain
2026-07-27 19:21:33,639 [inflora.py] => [InfLoRA] Layer 12: 345/768 type retain
2026-07-27 19:22:25,519 [inflora.py] => [InfLoRA] DualGPM threshold: 0.9750
2026-07-27 19:22:26,955 [inflora.py] => [InfLoRA] Layer 1: 46/768 type remove
2026-07-27 19:22:26,955 [inflora.py] => [InfLoRA] Layer 2: 23/768 type remove
2026-07-27 19:22:26,955 [inflora.py] => [InfLoRA] Layer 3: 64/768 type remove
2026-07-27 19:22:26,955 [inflora.py] => [InfLoRA] Layer 4: 66/768 type remove
2026-07-27 19:22:26,955 [inflora.py] => [InfLoRA] Layer 5: 107/768 type remove
2026-07-27 19:22:26,955 [inflora.py] => [InfLoRA] Layer 6: 142/768 type remove
2026-07-27 19:22:26,955 [inflora.py] => [InfLoRA] Layer 7: 156/768 type remove
2026-07-27 19:22:26,955 [inflora.py] => [InfLoRA] Layer 8: 213/768 type remove
2026-07-27 19:22:26,955 [inflora.py] => [InfLoRA] Layer 9: 348/768 type remove
2026-07-27 19:22:26,955 [inflora.py] => [InfLoRA] Layer 10: 298/768 type retain
2026-07-27 19:22:26,955 [inflora.py] => [InfLoRA] Layer 11: 347/768 type retain
2026-07-27 19:22:26,955 [inflora.py] => [InfLoRA] Layer 12: 342/768 type retain
2026-07-27 19:22:42,142 [bounded_memory_mixin.py] => [bounded_mem eval] volume 0.50 | cycle 121 | classes_seen 510 | CIL top1 50.29 | top5 80.66 | (nearest latent task ~50) | param_hash 41065c28214aa0f9 | per-task [56.57, 44.67, 65.0, 36.68, 54.77, 41.21, 58.59, 59.09, 39.59, 71.79, 61.81, 64.32, 66.0, 62.12, 34.67, 49.0, 64.5, 46.46, 68.0, 41.92, 55.56, 35.86, 39.7, 59.69, 30.81, 59.5, 55.0, 48.22, 50.75, 45.5, 46.23, 31.16, 48.5, 33.33, 45.73, 67.84, 56.35, 26.5, 67.0, 40.7, 62.5, 27.69, 60.3, 43.5, 35.18, 40.1, 39.9, 72.5, 62.5, 46.73, 42.13]
2026-07-27 19:23:33,034 [inflora.py] => [InfLoRA] DualGPM threshold: 0.9750
2026-07-27 19:23:34,525 [inflora.py] => [InfLoRA] Layer 1: 46/768 type remove
2026-07-27 19:23:34,525 [inflora.py] => [InfLoRA] Layer 2: 23/768 type remove
2026-07-27 19:23:34,525 [inflora.py] => [InfLoRA] Layer 3: 65/768 type remove
2026-07-27 19:23:34,526 [inflora.py] => [InfLoRA] Layer 4: 67/768 type remove
2026-07-27 19:23:34,526 [inflora.py] => [InfLoRA] Layer 5: 108/768 type remove
2026-07-27 19:23:34,526 [inflora.py] => [InfLoRA] Layer 6: 142/768 type remove
2026-07-27 19:23:34,526 [inflora.py] => [InfLoRA] Layer 7: 156/768 type remove
2026-07-27 19:23:34,526 [inflora.py] => [InfLoRA] Layer 8: 213/768 type remove
2026-07-27 19:23:34,526 [inflora.py] => [InfLoRA] Layer 9: 349/768 type remove
2026-07-27 19:23:34,526 [inflora.py] => [InfLoRA] Layer 10: 297/768 type retain
2026-07-27 19:23:34,526 [inflora.py] => [InfLoRA] Layer 11: 346/768 type retain
2026-07-27 19:23:34,526 [inflora.py] => [InfLoRA] Layer 12: 341/768 type retain
2026-07-27 19:24:27,209 [inflora.py] => [InfLoRA] DualGPM threshold: 0.9750
2026-07-27 19:24:28,460 [inflora.py] => [InfLoRA] Layer 1: 46/768 type remove
2026-07-27 19:24:28,460 [inflora.py] => [InfLoRA] Layer 2: 23/768 type remove
2026-07-27 19:24:28,460 [inflora.py] => [InfLoRA] Layer 3: 65/768 type remove
2026-07-27 19:24:28,460 [inflora.py] => [InfLoRA] Layer 4: 67/768 type remove
2026-07-27 19:24:28,460 [inflora.py] => [InfLoRA] Layer 5: 108/768 type remove
2026-07-27 19:24:28,460 [inflora.py] => [InfLoRA] Layer 6: 142/768 type remove
2026-07-27 19:24:28,460 [inflora.py] => [InfLoRA] Layer 7: 156/768 type remove
2026-07-27 19:24:28,460 [inflora.py] => [InfLoRA] Layer 8: 213/768 type remove
2026-07-27 19:24:28,460 [inflora.py] => [InfLoRA] Layer 9: 349/768 type remove
2026-07-27 19:24:28,460 [inflora.py] => [InfLoRA] Layer 10: 297/768 type retain
2026-07-27 19:24:28,460 [inflora.py] => [InfLoRA] Layer 11: 346/768 type retain
2026-07-27 19:24:28,460 [inflora.py] => [InfLoRA] Layer 12: 339/768 type retain
2026-07-27 19:25:18,323 [inflora.py] => [InfLoRA] DualGPM threshold: 0.9750
2026-07-27 19:25:19,766 [inflora.py] => [InfLoRA] Layer 1: 46/768 type remove
2026-07-27 19:25:19,766 [inflora.py] => [InfLoRA] Layer 2: 23/768 type remove
2026-07-27 19:25:19,766 [inflora.py] => [InfLoRA] Layer 3: 65/768 type remove
2026-07-27 19:25:19,766 [inflora.py] => [InfLoRA] Layer 4: 67/768 type remove
2026-07-27 19:25:19,766 [inflora.py] => [InfLoRA] Layer 5: 108/768 type remove
2026-07-27 19:25:19,766 [inflora.py] => [InfLoRA] Layer 6: 142/768 type remove
2026-07-27 19:25:19,766 [inflora.py] => [InfLoRA] Layer 7: 156/768 type remove
2026-07-27 19:25:19,766 [inflora.py] => [InfLoRA] Layer 8: 213/768 type remove
2026-07-27 19:25:19,766 [inflora.py] => [InfLoRA] Layer 9: 349/768 type remove
2026-07-27 19:25:19,766 [inflora.py] => [InfLoRA] Layer 10: 297/768 type retain
2026-07-27 19:25:19,766 [inflora.py] => [InfLoRA] Layer 11: 346/768 type retain
2026-07-27 19:25:19,766 [inflora.py] => [InfLoRA] Layer 12: 338/768 type retain
2026-07-27 19:26:12,719 [inflora.py] => [InfLoRA] DualGPM threshold: 0.9750
2026-07-27 19:26:13,958 [inflora.py] => [InfLoRA] Layer 1: 46/768 type remove
2026-07-27 19:26:13,958 [inflora.py] => [InfLoRA] Layer 2: 23/768 type remove
2026-07-27 19:26:13,958 [inflora.py] => [InfLoRA] Layer 3: 65/768 type remove
2026-07-27 19:26:13,958 [inflora.py] => [InfLoRA] Layer 4: 67/768 type remove
2026-07-27 19:26:13,958 [inflora.py] => [InfLoRA] Layer 5: 109/768 type remove
2026-07-27 19:26:13,958 [inflora.py] => [InfLoRA] Layer 6: 142/768 type remove
2026-07-27 19:26:13,958 [inflora.py] => [InfLoRA] Layer 7: 156/768 type remove
2026-07-27 19:26:13,958 [inflora.py] => [InfLoRA] Layer 8: 213/768 type remove
2026-07-27 19:26:13,958 [inflora.py] => [InfLoRA] Layer 9: 349/768 type remove
2026-07-27 19:26:13,958 [inflora.py] => [InfLoRA] Layer 10: 297/768 type retain
2026-07-27 19:26:13,958 [inflora.py] => [InfLoRA] Layer 11: 346/768 type retain
2026-07-27 19:26:13,959 [inflora.py] => [InfLoRA] Layer 12: 338/768 type retain
2026-07-27 19:27:04,466 [inflora.py] => [InfLoRA] DualGPM threshold: 0.9750
2026-07-27 19:27:05,721 [inflora.py] => [InfLoRA] Layer 1: 46/768 type remove
2026-07-27 19:27:05,721 [inflora.py] => [InfLoRA] Layer 2: 23/768 type remove
2026-07-27 19:27:05,721 [inflora.py] => [InfLoRA] Layer 3: 66/768 type remove
2026-07-27 19:27:05,721 [inflora.py] => [InfLoRA] Layer 4: 68/768 type remove
2026-07-27 19:27:05,721 [inflora.py] => [InfLoRA] Layer 5: 110/768 type remove
2026-07-27 19:27:05,721 [inflora.py] => [InfLoRA] Layer 6: 143/768 type remove
2026-07-27 19:27:05,721 [inflora.py] => [InfLoRA] Layer 7: 157/768 type remove
2026-07-27 19:27:05,721 [inflora.py] => [InfLoRA] Layer 8: 214/768 type remove
2026-07-27 19:27:05,721 [inflora.py] => [InfLoRA] Layer 9: 349/768 type remove
2026-07-27 19:27:05,721 [inflora.py] => [InfLoRA] Layer 10: 297/768 type retain
2026-07-27 19:27:05,721 [inflora.py] => [InfLoRA] Layer 11: 346/768 type retain
2026-07-27 19:27:05,721 [inflora.py] => [InfLoRA] Layer 12: 337/768 type retain
2026-07-27 19:27:58,379 [inflora.py] => [InfLoRA] DualGPM threshold: 0.9750
2026-07-27 19:27:59,825 [inflora.py] => [InfLoRA] Layer 1: 46/768 type remove
2026-07-27 19:27:59,825 [inflora.py] => [InfLoRA] Layer 2: 23/768 type remove
2026-07-27 19:27:59,825 [inflora.py] => [InfLoRA] Layer 3: 66/768 type remove
2026-07-27 19:27:59,825 [inflora.py] => [InfLoRA] Layer 4: 68/768 type remove
2026-07-27 19:27:59,825 [inflora.py] => [InfLoRA] Layer 5: 110/768 type remove
2026-07-27 19:27:59,825 [inflora.py] => [InfLoRA] Layer 6: 143/768 type remove
2026-07-27 19:27:59,825 [inflora.py] => [InfLoRA] Layer 7: 157/768 type remove
2026-07-27 19:27:59,825 [inflora.py] => [InfLoRA] Layer 8: 214/768 type remove
2026-07-27 19:27:59,825 [inflora.py] => [InfLoRA] Layer 9: 349/768 type remove
2026-07-27 19:27:59,825 [inflora.py] => [InfLoRA] Layer 10: 297/768 type retain
2026-07-27 19:27:59,825 [inflora.py] => [InfLoRA] Layer 11: 346/768 type retain
2026-07-27 19:27:59,825 [inflora.py] => [InfLoRA] Layer 12: 336/768 type retain
2026-07-27 19:28:51,383 [inflora.py] => [InfLoRA] DualGPM threshold: 0.9750
2026-07-27 19:28:52,733 [inflora.py] => [InfLoRA] Layer 1: 46/768 type remove
2026-07-27 19:28:52,733 [inflora.py] => [InfLoRA] Layer 2: 23/768 type remove
2026-07-27 19:28:52,733 [inflora.py] => [InfLoRA] Layer 3: 66/768 type remove
2026-07-27 19:28:52,733 [inflora.py] => [InfLoRA] Layer 4: 69/768 type remove
2026-07-27 19:28:52,733 [inflora.py] => [InfLoRA] Layer 5: 111/768 type remove
2026-07-27 19:28:52,733 [inflora.py] => [InfLoRA] Layer 6: 144/768 type remove
2026-07-27 19:28:52,733 [inflora.py] => [InfLoRA] Layer 7: 158/768 type remove
2026-07-27 19:28:52,733 [inflora.py] => [InfLoRA] Layer 8: 215/768 type remove
2026-07-27 19:28:52,733 [inflora.py] => [InfLoRA] Layer 9: 350/768 type remove
2026-07-27 19:28:52,733 [inflora.py] => [InfLoRA] Layer 10: 296/768 type retain
2026-07-27 19:28:52,733 [inflora.py] => [InfLoRA] Layer 11: 345/768 type retain
2026-07-27 19:28:52,733 [inflora.py] => [InfLoRA] Layer 12: 335/768 type retain
/data/gmar762/anaconda3/envs/treelora/lib/python3.10/site-packages/PIL/Image.py:1137: UserWarning: Palette images with Transparency expressed in bytes should be converted to RGBA images
  warnings.warn(
/data/gmar762/anaconda3/envs/treelora/lib/python3.10/site-packages/PIL/Image.py:1137: UserWarning: Palette images with Transparency expressed in bytes should be converted to RGBA images
  warnings.warn(
/data/gmar762/anaconda3/envs/treelora/lib/python3.10/site-packages/PIL/Image.py:1137: UserWarning: Palette images with Transparency expressed in bytes should be converted to RGBA images
  warnings.warn(
/data/gmar762/anaconda3/envs/treelora/lib/python3.10/site-packages/PIL/Image.py:1137: UserWarning: Palette images with Transparency expressed in bytes should be converted to RGBA images
  warnings.warn(
/data/gmar762/anaconda3/envs/treelora/lib/python3.10/site-packages/PIL/Image.py:1137: UserWarning: Palette images with Transparency expressed in bytes should be converted to RGBA images
  warnings.warn(
/data/gmar762/anaconda3/envs/treelora/lib/python3.10/site-packages/PIL/Image.py:1137: UserWarning: Palette images with Transparency expressed in bytes should be converted to RGBA images
  warnings.warn(
/data/gmar762/anaconda3/envs/treelora/lib/python3.10/site-packages/PIL/Image.py:1137: UserWarning: Palette images with Transparency expressed in bytes should be converted to RGBA images
  warnings.warn(
/data/gmar762/anaconda3/envs/treelora/lib/python3.10/site-packages/PIL/Image.py:1137: UserWarning: Palette images with Transparency expressed in bytes should be converted to RGBA images
  warnings.warn(
/data/gmar762/anaconda3/envs/treelora/lib/python3.10/site-packages/PIL/Image.py:1137: UserWarning: Palette images with Transparency expressed in bytes should be converted to RGBA images
  warnings.warn(
/data/gmar762/anaconda3/envs/treelora/lib/python3.10/site-packages/PIL/Image.py:1137: UserWarning: Palette images with Transparency expressed in bytes should be converted to RGBA images
  warnings.warn(
/data/gmar762/anaconda3/envs/treelora/lib/python3.10/site-packages/PIL/Image.py:1137: UserWarning: Palette images with Transparency expressed in bytes should be converted to RGBA images
  warnings.warn(
/data/gmar762/anaconda3/envs/treelora/lib/python3.10/site-packages/PIL/Image.py:1137: UserWarning: Palette images with Transparency expressed in bytes should be converted to RGBA images
  warnings.warn(
/data/gmar762/anaconda3/envs/treelora/lib/python3.10/site-packages/PIL/Image.py:1137: UserWarning: Palette images with Transparency expressed in bytes should be converted to RGBA images
  warnings.warn(
/data/gmar762/anaconda3/envs/treelora/lib/python3.10/site-packages/PIL/Image.py:1137: UserWarning: Palette images with Transparency expressed in bytes should be converted to RGBA images
  warnings.warn(
/data/gmar762/anaconda3/envs/treelora/lib/python3.10/site-packages/PIL/Image.py:1137: UserWarning: Palette images with Transparency expressed in bytes should be converted to RGBA images
  warnings.warn(
/data/gmar762/anaconda3/envs/treelora/lib/python3.10/site-packages/PIL/Image.py:1137: UserWarning: Palette images with Transparency expressed in bytes should be converted to RGBA images
  warnings.warn(
/data/gmar762/anaconda3/envs/treelora/lib/python3.10/site-packages/PIL/Image.py:1137: UserWarning: Palette images with Transparency expressed in bytes should be converted to RGBA images
  warnings.warn(
/data/gmar762/anaconda3/envs/treelora/lib/python3.10/site-packages/PIL/Image.py:1137: UserWarning: Palette images with Transparency expressed in bytes should be converted to RGBA images
  warnings.warn(
/data/gmar762/anaconda3/envs/treelora/lib/python3.10/site-packages/PIL/Image.py:1137: UserWarning: Palette images with Transparency expressed in bytes should be converted to RGBA images
  warnings.warn(
/data/gmar762/anaconda3/envs/treelora/lib/python3.10/site-packages/PIL/Image.py:1137: UserWarning: Palette images with Transparency expressed in bytes should be converted to RGBA images
  warnings.warn(
/data/gmar762/anaconda3/envs/treelora/lib/python3.10/site-packages/PIL/Image.py:1137: UserWarning: Palette images with Transparency expressed in bytes should be converted to RGBA images
  warnings.warn(
/data/gmar762/anaconda3/envs/treelora/lib/python3.10/site-packages/PIL/Image.py:1137: UserWarning: Palette images with Transparency expressed in bytes should be converted to RGBA images
  warnings.warn(
2026-07-27 19:29:43,271 [inflora.py] => [InfLoRA] DualGPM threshold: 0.9750
2026-07-27 19:29:44,530 [inflora.py] => [InfLoRA] Layer 1: 46/768 type remove
2026-07-27 19:29:44,530 [inflora.py] => [InfLoRA] Layer 2: 23/768 type remove
2026-07-27 19:29:44,530 [inflora.py] => [InfLoRA] Layer 3: 67/768 type remove
2026-07-27 19:29:44,530 [inflora.py] => [InfLoRA] Layer 4: 69/768 type remove
2026-07-27 19:29:44,530 [inflora.py] => [InfLoRA] Layer 5: 111/768 type remove
2026-07-27 19:29:44,530 [inflora.py] => [InfLoRA] Layer 6: 144/768 type remove
2026-07-27 19:29:44,530 [inflora.py] => [InfLoRA] Layer 7: 158/768 type remove
2026-07-27 19:29:44,530 [inflora.py] => [InfLoRA] Layer 8: 215/768 type remove
2026-07-27 19:29:44,530 [inflora.py] => [InfLoRA] Layer 9: 350/768 type remove
2026-07-27 19:29:44,530 [inflora.py] => [InfLoRA] Layer 10: 296/768 type retain
2026-07-27 19:29:44,530 [inflora.py] => [InfLoRA] Layer 11: 345/768 type retain
2026-07-27 19:29:44,530 [inflora.py] => [InfLoRA] Layer 12: 335/768 type retain
2026-07-27 19:30:35,350 [inflora.py] => [InfLoRA] DualGPM threshold: 0.9750
2026-07-27 19:30:36,638 [inflora.py] => [InfLoRA] Layer 1: 46/768 type remove
2026-07-27 19:30:36,638 [inflora.py] => [InfLoRA] Layer 2: 23/768 type remove
2026-07-27 19:30:36,638 [inflora.py] => [InfLoRA] Layer 3: 67/768 type remove
2026-07-27 19:30:36,638 [inflora.py] => [InfLoRA] Layer 4: 69/768 type remove
2026-07-27 19:30:36,638 [inflora.py] => [InfLoRA] Layer 5: 112/768 type remove
2026-07-27 19:30:36,638 [inflora.py] => [InfLoRA] Layer 6: 144/768 type remove
2026-07-27 19:30:36,638 [inflora.py] => [InfLoRA] Layer 7: 159/768 type remove
2026-07-27 19:30:36,638 [inflora.py] => [InfLoRA] Layer 8: 215/768 type remove
2026-07-27 19:30:36,638 [inflora.py] => [InfLoRA] Layer 9: 350/768 type remove
2026-07-27 19:30:36,638 [inflora.py] => [InfLoRA] Layer 10: 296/768 type retain
2026-07-27 19:30:36,638 [inflora.py] => [InfLoRA] Layer 11: 345/768 type retain
2026-07-27 19:30:36,638 [inflora.py] => [InfLoRA] Layer 12: 334/768 type retain
2026-07-27 19:31:26,691 [inflora.py] => [InfLoRA] DualGPM threshold: 0.9750
2026-07-27 19:31:28,058 [inflora.py] => [InfLoRA] Layer 1: 46/768 type remove
2026-07-27 19:31:28,058 [inflora.py] => [InfLoRA] Layer 2: 23/768 type remove
2026-07-27 19:31:28,058 [inflora.py] => [InfLoRA] Layer 3: 67/768 type remove
2026-07-27 19:31:28,058 [inflora.py] => [InfLoRA] Layer 4: 70/768 type remove
2026-07-27 19:31:28,058 [inflora.py] => [InfLoRA] Layer 5: 112/768 type remove
2026-07-27 19:31:28,058 [inflora.py] => [InfLoRA] Layer 6: 145/768 type remove
2026-07-27 19:31:28,058 [inflora.py] => [InfLoRA] Layer 7: 159/768 type remove
2026-07-27 19:31:28,058 [inflora.py] => [InfLoRA] Layer 8: 215/768 type remove
2026-07-27 19:31:28,058 [inflora.py] => [InfLoRA] Layer 9: 350/768 type remove
2026-07-27 19:31:28,058 [inflora.py] => [InfLoRA] Layer 10: 296/768 type retain
2026-07-27 19:31:28,058 [inflora.py] => [InfLoRA] Layer 11: 345/768 type retain
2026-07-27 19:31:28,058 [inflora.py] => [InfLoRA] Layer 12: 334/768 type retain
2026-07-27 19:32:18,158 [inflora.py] => [InfLoRA] DualGPM threshold: 0.9750
2026-07-27 19:32:19,608 [inflora.py] => [InfLoRA] Layer 1: 46/768 type remove
2026-07-27 19:32:19,608 [inflora.py] => [InfLoRA] Layer 2: 23/768 type remove
2026-07-27 19:32:19,608 [inflora.py] => [InfLoRA] Layer 3: 67/768 type remove
2026-07-27 19:32:19,608 [inflora.py] => [InfLoRA] Layer 4: 70/768 type remove
2026-07-27 19:32:19,608 [inflora.py] => [InfLoRA] Layer 5: 113/768 type remove
2026-07-27 19:32:19,608 [inflora.py] => [InfLoRA] Layer 6: 145/768 type remove
2026-07-27 19:32:19,608 [inflora.py] => [InfLoRA] Layer 7: 159/768 type remove
2026-07-27 19:32:19,608 [inflora.py] => [InfLoRA] Layer 8: 215/768 type remove
2026-07-27 19:32:19,608 [inflora.py] => [InfLoRA] Layer 9: 351/768 type remove
2026-07-27 19:32:19,608 [inflora.py] => [InfLoRA] Layer 10: 295/768 type retain
2026-07-27 19:32:19,608 [inflora.py] => [InfLoRA] Layer 11: 344/768 type retain
2026-07-27 19:32:19,608 [inflora.py] => [InfLoRA] Layer 12: 332/768 type retain
2026-07-27 19:33:11,260 [inflora.py] => [InfLoRA] DualGPM threshold: 0.9750
2026-07-27 19:33:12,624 [inflora.py] => [InfLoRA] Layer 1: 46/768 type remove
2026-07-27 19:33:12,624 [inflora.py] => [InfLoRA] Layer 2: 23/768 type remove
2026-07-27 19:33:12,624 [inflora.py] => [InfLoRA] Layer 3: 68/768 type remove
2026-07-27 19:33:12,625 [inflora.py] => [InfLoRA] Layer 4: 71/768 type remove
2026-07-27 19:33:12,625 [inflora.py] => [InfLoRA] Layer 5: 113/768 type remove
2026-07-27 19:33:12,625 [inflora.py] => [InfLoRA] Layer 6: 146/768 type remove
2026-07-27 19:33:12,625 [inflora.py] => [InfLoRA] Layer 7: 160/768 type remove
2026-07-27 19:33:12,625 [inflora.py] => [InfLoRA] Layer 8: 216/768 type remove
2026-07-27 19:33:12,625 [inflora.py] => [InfLoRA] Layer 9: 351/768 type remove
2026-07-27 19:33:12,625 [inflora.py] => [InfLoRA] Layer 10: 295/768 type retain
2026-07-27 19:33:12,625 [inflora.py] => [InfLoRA] Layer 11: 343/768 type retain
2026-07-27 19:33:12,625 [inflora.py] => [InfLoRA] Layer 12: 331/768 type retain
2026-07-27 19:34:03,746 [inflora.py] => [InfLoRA] DualGPM threshold: 0.9750
2026-07-27 19:34:05,199 [inflora.py] => [InfLoRA] Layer 1: 46/768 type remove
2026-07-27 19:34:05,199 [inflora.py] => [InfLoRA] Layer 2: 23/768 type remove
2026-07-27 19:34:05,199 [inflora.py] => [InfLoRA] Layer 3: 68/768 type remove
2026-07-27 19:34:05,199 [inflora.py] => [InfLoRA] Layer 4: 71/768 type remove
2026-07-27 19:34:05,199 [inflora.py] => [InfLoRA] Layer 5: 113/768 type remove
2026-07-27 19:34:05,199 [inflora.py] => [InfLoRA] Layer 6: 146/768 type remove
2026-07-27 19:34:05,199 [inflora.py] => [InfLoRA] Layer 7: 160/768 type remove
2026-07-27 19:34:05,199 [inflora.py] => [InfLoRA] Layer 8: 216/768 type remove
2026-07-27 19:34:05,199 [inflora.py] => [InfLoRA] Layer 9: 352/768 type remove
2026-07-27 19:34:05,199 [inflora.py] => [InfLoRA] Layer 10: 295/768 type retain
2026-07-27 19:34:05,200 [inflora.py] => [InfLoRA] Layer 11: 343/768 type retain
2026-07-27 19:34:05,200 [inflora.py] => [InfLoRA] Layer 12: 330/768 type retain
2026-07-27 19:34:56,161 [inflora.py] => [InfLoRA] DualGPM threshold: 0.9750
2026-07-27 19:34:57,639 [inflora.py] => [InfLoRA] Layer 1: 46/768 type remove
2026-07-27 19:34:57,639 [inflora.py] => [InfLoRA] Layer 2: 23/768 type remove
2026-07-27 19:34:57,639 [inflora.py] => [InfLoRA] Layer 3: 69/768 type remove
2026-07-27 19:34:57,639 [inflora.py] => [InfLoRA] Layer 4: 72/768 type remove
2026-07-27 19:34:57,639 [inflora.py] => [InfLoRA] Layer 5: 115/768 type remove
2026-07-27 19:34:57,639 [inflora.py] => [InfLoRA] Layer 6: 147/768 type remove
2026-07-27 19:34:57,639 [inflora.py] => [InfLoRA] Layer 7: 161/768 type remove
2026-07-27 19:34:57,639 [inflora.py] => [InfLoRA] Layer 8: 219/768 type remove
2026-07-27 19:34:57,639 [inflora.py] => [InfLoRA] Layer 9: 354/768 type remove
2026-07-27 19:34:57,639 [inflora.py] => [InfLoRA] Layer 10: 294/768 type retain
2026-07-27 19:34:57,639 [inflora.py] => [InfLoRA] Layer 11: 342/768 type retain
2026-07-27 19:34:57,639 [inflora.py] => [InfLoRA] Layer 12: 329/768 type retain
2026-07-27 19:35:48,561 [inflora.py] => [InfLoRA] DualGPM threshold: 0.9750
2026-07-27 19:35:49,987 [inflora.py] => [InfLoRA] Layer 1: 46/768 type remove
2026-07-27 19:35:49,988 [inflora.py] => [InfLoRA] Layer 2: 23/768 type remove
2026-07-27 19:35:49,988 [inflora.py] => [InfLoRA] Layer 3: 69/768 type remove
2026-07-27 19:35:49,988 [inflora.py] => [InfLoRA] Layer 4: 72/768 type remove
2026-07-27 19:35:49,988 [inflora.py] => [InfLoRA] Layer 5: 115/768 type remove
2026-07-27 19:35:49,988 [inflora.py] => [InfLoRA] Layer 6: 147/768 type remove
2026-07-27 19:35:49,988 [inflora.py] => [InfLoRA] Layer 7: 161/768 type remove
2026-07-27 19:35:49,988 [inflora.py] => [InfLoRA] Layer 8: 219/768 type remove
2026-07-27 19:35:49,988 [inflora.py] => [InfLoRA] Layer 9: 354/768 type remove
2026-07-27 19:35:49,988 [inflora.py] => [InfLoRA] Layer 10: 294/768 type retain
2026-07-27 19:35:49,988 [inflora.py] => [InfLoRA] Layer 11: 341/768 type retain
2026-07-27 19:35:49,988 [inflora.py] => [InfLoRA] Layer 12: 329/768 type retain
2026-07-27 19:36:41,711 [inflora.py] => [InfLoRA] DualGPM threshold: 0.9750
2026-07-27 19:36:43,020 [inflora.py] => [InfLoRA] Layer 1: 46/768 type remove
2026-07-27 19:36:43,020 [inflora.py] => [InfLoRA] Layer 2: 23/768 type remove
2026-07-27 19:36:43,020 [inflora.py] => [InfLoRA] Layer 3: 69/768 type remove
2026-07-27 19:36:43,020 [inflora.py] => [InfLoRA] Layer 4: 72/768 type remove
2026-07-27 19:36:43,020 [inflora.py] => [InfLoRA] Layer 5: 115/768 type remove
2026-07-27 19:36:43,020 [inflora.py] => [InfLoRA] Layer 6: 147/768 type remove
2026-07-27 19:36:43,020 [inflora.py] => [InfLoRA] Layer 7: 161/768 type remove
2026-07-27 19:36:43,020 [inflora.py] => [InfLoRA] Layer 8: 219/768 type remove
2026-07-27 19:36:43,020 [inflora.py] => [InfLoRA] Layer 9: 354/768 type remove
2026-07-27 19:36:43,020 [inflora.py] => [InfLoRA] Layer 10: 294/768 type retain
2026-07-27 19:36:43,020 [inflora.py] => [InfLoRA] Layer 11: 341/768 type retain
2026-07-27 19:36:43,020 [inflora.py] => [InfLoRA] Layer 12: 327/768 type retain
2026-07-27 19:37:33,980 [inflora.py] => [InfLoRA] DualGPM threshold: 0.9750
2026-07-27 19:37:35,246 [inflora.py] => [InfLoRA] Layer 1: 46/768 type remove
2026-07-27 19:37:35,247 [inflora.py] => [InfLoRA] Layer 2: 23/768 type remove
2026-07-27 19:37:35,247 [inflora.py] => [InfLoRA] Layer 3: 69/768 type remove
2026-07-27 19:37:35,247 [inflora.py] => [InfLoRA] Layer 4: 72/768 type remove
2026-07-27 19:37:35,247 [inflora.py] => [InfLoRA] Layer 5: 116/768 type remove
2026-07-27 19:37:35,247 [inflora.py] => [InfLoRA] Layer 6: 148/768 type remove
2026-07-27 19:37:35,247 [inflora.py] => [InfLoRA] Layer 7: 162/768 type remove
2026-07-27 19:37:35,247 [inflora.py] => [InfLoRA] Layer 8: 219/768 type remove
2026-07-27 19:37:35,247 [inflora.py] => [InfLoRA] Layer 9: 354/768 type remove
2026-07-27 19:37:35,247 [inflora.py] => [InfLoRA] Layer 10: 294/768 type retain
2026-07-27 19:37:35,247 [inflora.py] => [InfLoRA] Layer 11: 341/768 type retain
2026-07-27 19:37:35,247 [inflora.py] => [InfLoRA] Layer 12: 326/768 type retain
2026-07-27 19:38:26,442 [inflora.py] => [InfLoRA] DualGPM threshold: 0.9750
2026-07-27 19:38:27,690 [inflora.py] => [InfLoRA] Layer 1: 46/768 type remove
2026-07-27 19:38:27,690 [inflora.py] => [InfLoRA] Layer 2: 23/768 type remove
2026-07-27 19:38:27,690 [inflora.py] => [InfLoRA] Layer 3: 69/768 type remove
2026-07-27 19:38:27,690 [inflora.py] => [InfLoRA] Layer 4: 72/768 type remove
2026-07-27 19:38:27,690 [inflora.py] => [InfLoRA] Layer 5: 116/768 type remove
2026-07-27 19:38:27,690 [inflora.py] => [InfLoRA] Layer 6: 148/768 type remove
2026-07-27 19:38:27,690 [inflora.py] => [InfLoRA] Layer 7: 162/768 type remove
2026-07-27 19:38:27,690 [inflora.py] => [InfLoRA] Layer 8: 220/768 type remove
2026-07-27 19:38:27,690 [inflora.py] => [InfLoRA] Layer 9: 355/768 type remove
2026-07-27 19:38:27,690 [inflora.py] => [InfLoRA] Layer 10: 294/768 type retain
2026-07-27 19:38:27,691 [inflora.py] => [InfLoRA] Layer 11: 340/768 type retain
2026-07-27 19:38:27,691 [inflora.py] => [InfLoRA] Layer 12: 326/768 type retain
2026-07-27 19:39:19,933 [inflora.py] => [InfLoRA] DualGPM threshold: 0.9750
2026-07-27 19:39:21,206 [inflora.py] => [InfLoRA] Layer 1: 46/768 type remove
2026-07-27 19:39:21,207 [inflora.py] => [InfLoRA] Layer 2: 23/768 type remove
2026-07-27 19:39:21,207 [inflora.py] => [InfLoRA] Layer 3: 70/768 type remove
2026-07-27 19:39:21,207 [inflora.py] => [InfLoRA] Layer 4: 73/768 type remove
2026-07-27 19:39:21,207 [inflora.py] => [InfLoRA] Layer 5: 117/768 type remove
2026-07-27 19:39:21,207 [inflora.py] => [InfLoRA] Layer 6: 149/768 type remove
2026-07-27 19:39:21,207 [inflora.py] => [InfLoRA] Layer 7: 164/768 type remove
2026-07-27 19:39:21,207 [inflora.py] => [InfLoRA] Layer 8: 222/768 type remove
2026-07-27 19:39:21,207 [inflora.py] => [InfLoRA] Layer 9: 357/768 type remove
2026-07-27 19:39:21,207 [inflora.py] => [InfLoRA] Layer 10: 292/768 type retain
2026-07-27 19:39:21,207 [inflora.py] => [InfLoRA] Layer 11: 337/768 type retain
2026-07-27 19:39:21,207 [inflora.py] => [InfLoRA] Layer 12: 325/768 type retain
2026-07-27 19:40:14,702 [inflora.py] => [InfLoRA] DualGPM threshold: 0.9750
2026-07-27 19:40:16,041 [inflora.py] => [InfLoRA] Layer 1: 46/768 type remove
2026-07-27 19:40:16,041 [inflora.py] => [InfLoRA] Layer 2: 24/768 type remove
2026-07-27 19:40:16,041 [inflora.py] => [InfLoRA] Layer 3: 70/768 type remove
2026-07-27 19:40:16,041 [inflora.py] => [InfLoRA] Layer 4: 73/768 type remove
2026-07-27 19:40:16,041 [inflora.py] => [InfLoRA] Layer 5: 118/768 type remove
2026-07-27 19:40:16,041 [inflora.py] => [InfLoRA] Layer 6: 150/768 type remove
2026-07-27 19:40:16,041 [inflora.py] => [InfLoRA] Layer 7: 164/768 type remove
2026-07-27 19:40:16,041 [inflora.py] => [InfLoRA] Layer 8: 222/768 type remove
2026-07-27 19:40:16,041 [inflora.py] => [InfLoRA] Layer 9: 357/768 type remove
2026-07-27 19:40:16,041 [inflora.py] => [InfLoRA] Layer 10: 292/768 type retain
2026-07-27 19:40:16,041 [inflora.py] => [InfLoRA] Layer 11: 337/768 type retain
2026-07-27 19:40:16,041 [inflora.py] => [InfLoRA] Layer 12: 325/768 type retain
2026-07-27 19:41:07,894 [inflora.py] => [InfLoRA] DualGPM threshold: 0.9750
2026-07-27 19:41:09,282 [inflora.py] => [InfLoRA] Layer 1: 46/768 type remove
2026-07-27 19:41:09,282 [inflora.py] => [InfLoRA] Layer 2: 24/768 type remove
2026-07-27 19:41:09,282 [inflora.py] => [InfLoRA] Layer 3: 70/768 type remove
2026-07-27 19:41:09,282 [inflora.py] => [InfLoRA] Layer 4: 73/768 type remove
2026-07-27 19:41:09,282 [inflora.py] => [InfLoRA] Layer 5: 118/768 type remove
2026-07-27 19:41:09,282 [inflora.py] => [InfLoRA] Layer 6: 150/768 type remove
2026-07-27 19:41:09,282 [inflora.py] => [InfLoRA] Layer 7: 164/768 type remove
2026-07-27 19:41:09,282 [inflora.py] => [InfLoRA] Layer 8: 222/768 type remove
2026-07-27 19:41:09,283 [inflora.py] => [InfLoRA] Layer 9: 357/768 type remove
2026-07-27 19:41:09,283 [inflora.py] => [InfLoRA] Layer 10: 292/768 type retain
2026-07-27 19:41:09,283 [inflora.py] => [InfLoRA] Layer 11: 337/768 type retain
2026-07-27 19:41:09,283 [inflora.py] => [InfLoRA] Layer 12: 325/768 type retain
2026-07-27 19:41:59,739 [inflora.py] => [InfLoRA] DualGPM threshold: 0.9750
2026-07-27 19:42:00,923 [inflora.py] => [InfLoRA] Layer 1: 46/768 type remove
2026-07-27 19:42:00,923 [inflora.py] => [InfLoRA] Layer 2: 24/768 type remove
2026-07-27 19:42:00,923 [inflora.py] => [InfLoRA] Layer 3: 70/768 type remove
2026-07-27 19:42:00,923 [inflora.py] => [InfLoRA] Layer 4: 73/768 type remove
2026-07-27 19:42:00,923 [inflora.py] => [InfLoRA] Layer 5: 119/768 type remove
2026-07-27 19:42:00,923 [inflora.py] => [InfLoRA] Layer 6: 151/768 type remove
2026-07-27 19:42:00,923 [inflora.py] => [InfLoRA] Layer 7: 165/768 type remove
2026-07-27 19:42:00,923 [inflora.py] => [InfLoRA] Layer 8: 223/768 type remove
2026-07-27 19:42:00,923 [inflora.py] => [InfLoRA] Layer 9: 358/768 type remove
2026-07-27 19:42:00,923 [inflora.py] => [InfLoRA] Layer 10: 292/768 type retain
2026-07-27 19:42:00,923 [inflora.py] => [InfLoRA] Layer 11: 337/768 type retain
2026-07-27 19:42:00,923 [inflora.py] => [InfLoRA] Layer 12: 324/768 type retain
2026-07-27 19:42:51,911 [inflora.py] => [InfLoRA] DualGPM threshold: 0.9750
2026-07-27 19:42:53,259 [inflora.py] => [InfLoRA] Layer 1: 46/768 type remove
2026-07-27 19:42:53,259 [inflora.py] => [InfLoRA] Layer 2: 24/768 type remove
2026-07-27 19:42:53,259 [inflora.py] => [InfLoRA] Layer 3: 70/768 type remove
2026-07-27 19:42:53,259 [inflora.py] => [InfLoRA] Layer 4: 73/768 type remove
2026-07-27 19:42:53,259 [inflora.py] => [InfLoRA] Layer 5: 119/768 type remove
2026-07-27 19:42:53,259 [inflora.py] => [InfLoRA] Layer 6: 151/768 type remove
2026-07-27 19:42:53,259 [inflora.py] => [InfLoRA] Layer 7: 165/768 type remove
2026-07-27 19:42:53,259 [inflora.py] => [InfLoRA] Layer 8: 223/768 type remove
2026-07-27 19:42:53,259 [inflora.py] => [InfLoRA] Layer 9: 358/768 type remove
2026-07-27 19:42:53,259 [inflora.py] => [InfLoRA] Layer 10: 292/768 type retain
2026-07-27 19:42:53,259 [inflora.py] => [InfLoRA] Layer 11: 337/768 type retain
2026-07-27 19:42:53,259 [inflora.py] => [InfLoRA] Layer 12: 324/768 type retain
2026-07-27 19:43:44,677 [inflora.py] => [InfLoRA] DualGPM threshold: 0.9750
2026-07-27 19:43:46,010 [inflora.py] => [InfLoRA] Layer 1: 46/768 type remove
2026-07-27 19:43:46,011 [inflora.py] => [InfLoRA] Layer 2: 24/768 type remove
2026-07-27 19:43:46,011 [inflora.py] => [InfLoRA] Layer 3: 71/768 type remove
2026-07-27 19:43:46,011 [inflora.py] => [InfLoRA] Layer 4: 74/768 type remove
2026-07-27 19:43:46,011 [inflora.py] => [InfLoRA] Layer 5: 120/768 type remove
2026-07-27 19:43:46,011 [inflora.py] => [InfLoRA] Layer 6: 152/768 type remove
2026-07-27 19:43:46,011 [inflora.py] => [InfLoRA] Layer 7: 165/768 type remove
2026-07-27 19:43:46,011 [inflora.py] => [InfLoRA] Layer 8: 223/768 type remove
2026-07-27 19:43:46,011 [inflora.py] => [InfLoRA] Layer 9: 358/768 type remove
2026-07-27 19:43:46,011 [inflora.py] => [InfLoRA] Layer 10: 292/768 type retain
2026-07-27 19:43:46,011 [inflora.py] => [InfLoRA] Layer 11: 337/768 type retain
2026-07-27 19:43:46,011 [inflora.py] => [InfLoRA] Layer 12: 323/768 type retain
2026-07-27 19:44:03,838 [bounded_memory_mixin.py] => [bounded_mem eval] volume 0.60 | cycle 145 | classes_seen 610 | CIL top1 47.44 | top5 78.08 | (nearest latent task ~60) | param_hash 4dfe93d3b89c35d1 | per-task [49.49, 41.12, 60.5, 27.64, 47.24, 36.18, 47.47, 57.58, 38.07, 65.64, 63.32, 61.81, 66.5, 57.07, 31.66, 44.0, 60.0, 43.94, 65.0, 36.36, 50.51, 33.84, 45.23, 55.1, 33.33, 58.0, 53.5, 49.75, 50.25, 41.5, 40.7, 36.68, 47.5, 31.82, 48.24, 63.82, 61.93, 34.0, 69.0, 36.68, 62.5, 30.77, 59.3, 46.0, 33.17, 37.56, 39.9, 67.0, 57.5, 49.75, 42.64, 57.29, 34.17, 49.0, 27.64, 76.26, 60.5, 54.77, 28.14, 22.22, 15.0]
2026-07-27 19:44:54,286 [inflora.py] => [InfLoRA] DualGPM threshold: 0.9750
2026-07-27 19:44:55,665 [inflora.py] => [InfLoRA] Layer 1: 46/768 type remove
2026-07-27 19:44:55,665 [inflora.py] => [InfLoRA] Layer 2: 24/768 type remove
2026-07-27 19:44:55,665 [inflora.py] => [InfLoRA] Layer 3: 71/768 type remove
2026-07-27 19:44:55,665 [inflora.py] => [InfLoRA] Layer 4: 74/768 type remove
2026-07-27 19:44:55,665 [inflora.py] => [InfLoRA] Layer 5: 120/768 type remove
2026-07-27 19:44:55,665 [inflora.py] => [InfLoRA] Layer 6: 152/768 type remove
2026-07-27 19:44:55,665 [inflora.py] => [InfLoRA] Layer 7: 165/768 type remove
2026-07-27 19:44:55,665 [inflora.py] => [InfLoRA] Layer 8: 223/768 type remove
2026-07-27 19:44:55,665 [inflora.py] => [InfLoRA] Layer 9: 358/768 type remove
2026-07-27 19:44:55,665 [inflora.py] => [InfLoRA] Layer 10: 292/768 type retain
2026-07-27 19:44:55,665 [inflora.py] => [InfLoRA] Layer 11: 337/768 type retain
2026-07-27 19:44:55,665 [inflora.py] => [InfLoRA] Layer 12: 323/768 type retain
2026-07-27 19:45:46,614 [inflora.py] => [InfLoRA] DualGPM threshold: 0.9750
2026-07-27 19:45:47,816 [inflora.py] => [InfLoRA] Layer 1: 46/768 type remove
2026-07-27 19:45:47,816 [inflora.py] => [InfLoRA] Layer 2: 24/768 type remove
2026-07-27 19:45:47,816 [inflora.py] => [InfLoRA] Layer 3: 71/768 type remove
2026-07-27 19:45:47,816 [inflora.py] => [InfLoRA] Layer 4: 75/768 type remove
2026-07-27 19:45:47,816 [inflora.py] => [InfLoRA] Layer 5: 121/768 type remove
2026-07-27 19:45:47,816 [inflora.py] => [InfLoRA] Layer 6: 152/768 type remove
2026-07-27 19:45:47,816 [inflora.py] => [InfLoRA] Layer 7: 165/768 type remove
2026-07-27 19:45:47,816 [inflora.py] => [InfLoRA] Layer 8: 224/768 type remove
2026-07-27 19:45:47,816 [inflora.py] => [InfLoRA] Layer 9: 359/768 type remove
2026-07-27 19:45:47,816 [inflora.py] => [InfLoRA] Layer 10: 291/768 type retain
2026-07-27 19:45:47,816 [inflora.py] => [InfLoRA] Layer 11: 336/768 type retain
2026-07-27 19:45:47,816 [inflora.py] => [InfLoRA] Layer 12: 322/768 type retain
2026-07-27 19:46:40,822 [inflora.py] => [InfLoRA] DualGPM threshold: 0.9750
2026-07-27 19:46:42,205 [inflora.py] => [InfLoRA] Layer 1: 46/768 type remove
2026-07-27 19:46:42,205 [inflora.py] => [InfLoRA] Layer 2: 24/768 type remove
2026-07-27 19:46:42,205 [inflora.py] => [InfLoRA] Layer 3: 71/768 type remove
2026-07-27 19:46:42,205 [inflora.py] => [InfLoRA] Layer 4: 75/768 type remove
2026-07-27 19:46:42,205 [inflora.py] => [InfLoRA] Layer 5: 121/768 type remove
2026-07-27 19:46:42,205 [inflora.py] => [InfLoRA] Layer 6: 152/768 type remove
2026-07-27 19:46:42,205 [inflora.py] => [InfLoRA] Layer 7: 165/768 type remove
2026-07-27 19:46:42,205 [inflora.py] => [InfLoRA] Layer 8: 224/768 type remove
2026-07-27 19:46:42,205 [inflora.py] => [InfLoRA] Layer 9: 359/768 type remove
2026-07-27 19:46:42,205 [inflora.py] => [InfLoRA] Layer 10: 291/768 type retain
2026-07-27 19:46:42,206 [inflora.py] => [InfLoRA] Layer 11: 336/768 type retain
2026-07-27 19:46:42,206 [inflora.py] => [InfLoRA] Layer 12: 322/768 type retain
2026-07-27 19:47:32,613 [inflora.py] => [InfLoRA] DualGPM threshold: 0.9750
2026-07-27 19:47:34,028 [inflora.py] => [InfLoRA] Layer 1: 46/768 type remove
2026-07-27 19:47:34,028 [inflora.py] => [InfLoRA] Layer 2: 24/768 type remove
2026-07-27 19:47:34,028 [inflora.py] => [InfLoRA] Layer 3: 71/768 type remove
2026-07-27 19:47:34,028 [inflora.py] => [InfLoRA] Layer 4: 75/768 type remove
2026-07-27 19:47:34,028 [inflora.py] => [InfLoRA] Layer 5: 121/768 type remove
2026-07-27 19:47:34,028 [inflora.py] => [InfLoRA] Layer 6: 153/768 type remove
2026-07-27 19:47:34,028 [inflora.py] => [InfLoRA] Layer 7: 166/768 type remove
2026-07-27 19:47:34,028 [inflora.py] => [InfLoRA] Layer 8: 224/768 type remove
2026-07-27 19:47:34,028 [inflora.py] => [InfLoRA] Layer 9: 359/768 type remove
2026-07-27 19:47:34,028 [inflora.py] => [InfLoRA] Layer 10: 291/768 type retain
2026-07-27 19:47:34,028 [inflora.py] => [InfLoRA] Layer 11: 336/768 type retain
2026-07-27 19:47:34,028 [inflora.py] => [InfLoRA] Layer 12: 322/768 type retain
2026-07-27 19:48:23,774 [inflora.py] => [InfLoRA] DualGPM threshold: 0.9750
2026-07-27 19:48:25,111 [inflora.py] => [InfLoRA] Layer 1: 46/768 type remove
2026-07-27 19:48:25,111 [inflora.py] => [InfLoRA] Layer 2: 24/768 type remove
2026-07-27 19:48:25,111 [inflora.py] => [InfLoRA] Layer 3: 71/768 type remove
2026-07-27 19:48:25,111 [inflora.py] => [InfLoRA] Layer 4: 76/768 type remove
2026-07-27 19:48:25,111 [inflora.py] => [InfLoRA] Layer 5: 122/768 type remove
2026-07-27 19:48:25,111 [inflora.py] => [InfLoRA] Layer 6: 153/768 type remove
2026-07-27 19:48:25,111 [inflora.py] => [InfLoRA] Layer 7: 166/768 type remove
2026-07-27 19:48:25,111 [inflora.py] => [InfLoRA] Layer 8: 225/768 type remove
2026-07-27 19:48:25,111 [inflora.py] => [InfLoRA] Layer 9: 360/768 type remove
2026-07-27 19:48:25,111 [inflora.py] => [InfLoRA] Layer 10: 291/768 type retain
2026-07-27 19:48:25,111 [inflora.py] => [InfLoRA] Layer 11: 336/768 type retain
2026-07-27 19:48:25,112 [inflora.py] => [InfLoRA] Layer 12: 322/768 type retain
2026-07-27 19:49:15,862 [inflora.py] => [InfLoRA] DualGPM threshold: 0.9750
2026-07-27 19:49:17,038 [inflora.py] => [InfLoRA] Layer 1: 46/768 type remove
2026-07-27 19:49:17,038 [inflora.py] => [InfLoRA] Layer 2: 24/768 type remove
2026-07-27 19:49:17,038 [inflora.py] => [InfLoRA] Layer 3: 72/768 type remove
2026-07-27 19:49:17,038 [inflora.py] => [InfLoRA] Layer 4: 76/768 type remove
2026-07-27 19:49:17,038 [inflora.py] => [InfLoRA] Layer 5: 122/768 type remove
2026-07-27 19:49:17,038 [inflora.py] => [InfLoRA] Layer 6: 154/768 type remove
2026-07-27 19:49:17,038 [inflora.py] => [InfLoRA] Layer 7: 167/768 type remove
2026-07-27 19:49:17,038 [inflora.py] => [InfLoRA] Layer 8: 225/768 type remove
2026-07-27 19:49:17,038 [inflora.py] => [InfLoRA] Layer 9: 360/768 type remove
2026-07-27 19:49:17,038 [inflora.py] => [InfLoRA] Layer 10: 291/768 type retain
2026-07-27 19:49:17,038 [inflora.py] => [InfLoRA] Layer 11: 336/768 type retain
2026-07-27 19:49:17,038 [inflora.py] => [InfLoRA] Layer 12: 321/768 type retain
2026-07-27 19:50:09,785 [inflora.py] => [InfLoRA] DualGPM threshold: 0.9750
2026-07-27 19:50:11,187 [inflora.py] => [InfLoRA] Layer 1: 46/768 type remove
2026-07-27 19:50:11,187 [inflora.py] => [InfLoRA] Layer 2: 24/768 type remove
2026-07-27 19:50:11,187 [inflora.py] => [InfLoRA] Layer 3: 72/768 type remove
2026-07-27 19:50:11,187 [inflora.py] => [InfLoRA] Layer 4: 77/768 type remove
2026-07-27 19:50:11,187 [inflora.py] => [InfLoRA] Layer 5: 122/768 type remove
2026-07-27 19:50:11,187 [inflora.py] => [InfLoRA] Layer 6: 154/768 type remove
2026-07-27 19:50:11,187 [inflora.py] => [InfLoRA] Layer 7: 167/768 type remove
2026-07-27 19:50:11,187 [inflora.py] => [InfLoRA] Layer 8: 226/768 type remove
2026-07-27 19:50:11,187 [inflora.py] => [InfLoRA] Layer 9: 360/768 type remove
2026-07-27 19:50:11,187 [inflora.py] => [InfLoRA] Layer 10: 291/768 type retain
2026-07-27 19:50:11,187 [inflora.py] => [InfLoRA] Layer 11: 336/768 type retain
2026-07-27 19:50:11,187 [inflora.py] => [InfLoRA] Layer 12: 321/768 type retain
2026-07-27 19:51:03,583 [inflora.py] => [InfLoRA] DualGPM threshold: 0.9750
2026-07-27 19:51:04,769 [inflora.py] => [InfLoRA] Layer 1: 46/768 type remove
2026-07-27 19:51:04,769 [inflora.py] => [InfLoRA] Layer 2: 24/768 type remove
2026-07-27 19:51:04,769 [inflora.py] => [InfLoRA] Layer 3: 72/768 type remove
2026-07-27 19:51:04,769 [inflora.py] => [InfLoRA] Layer 4: 77/768 type remove
2026-07-27 19:51:04,769 [inflora.py] => [InfLoRA] Layer 5: 123/768 type remove
2026-07-27 19:51:04,769 [inflora.py] => [InfLoRA] Layer 6: 155/768 type remove
2026-07-27 19:51:04,769 [inflora.py] => [InfLoRA] Layer 7: 167/768 type remove
2026-07-27 19:51:04,769 [inflora.py] => [InfLoRA] Layer 8: 226/768 type remove
2026-07-27 19:51:04,769 [inflora.py] => [InfLoRA] Layer 9: 360/768 type remove
2026-07-27 19:51:04,769 [inflora.py] => [InfLoRA] Layer 10: 291/768 type retain
2026-07-27 19:51:04,769 [inflora.py] => [InfLoRA] Layer 11: 336/768 type retain
2026-07-27 19:51:04,769 [inflora.py] => [InfLoRA] Layer 12: 321/768 type retain
2026-07-27 19:51:55,302 [inflora.py] => [InfLoRA] DualGPM threshold: 0.9750
2026-07-27 19:51:56,673 [inflora.py] => [InfLoRA] Layer 1: 46/768 type remove
2026-07-27 19:51:56,673 [inflora.py] => [InfLoRA] Layer 2: 24/768 type remove
2026-07-27 19:51:56,673 [inflora.py] => [InfLoRA] Layer 3: 72/768 type remove
2026-07-27 19:51:56,673 [inflora.py] => [InfLoRA] Layer 4: 78/768 type remove
2026-07-27 19:51:56,673 [inflora.py] => [InfLoRA] Layer 5: 123/768 type remove
2026-07-27 19:51:56,673 [inflora.py] => [InfLoRA] Layer 6: 155/768 type remove
2026-07-27 19:51:56,673 [inflora.py] => [InfLoRA] Layer 7: 167/768 type remove
2026-07-27 19:51:56,673 [inflora.py] => [InfLoRA] Layer 8: 226/768 type remove
2026-07-27 19:51:56,673 [inflora.py] => [InfLoRA] Layer 9: 360/768 type remove
2026-07-27 19:51:56,673 [inflora.py] => [InfLoRA] Layer 10: 291/768 type retain
2026-07-27 19:51:56,673 [inflora.py] => [InfLoRA] Layer 11: 336/768 type retain
2026-07-27 19:51:56,673 [inflora.py] => [InfLoRA] Layer 12: 321/768 type retain
2026-07-27 19:52:50,454 [inflora.py] => [InfLoRA] DualGPM threshold: 0.9750
2026-07-27 19:52:51,633 [inflora.py] => [InfLoRA] Layer 1: 46/768 type remove
2026-07-27 19:52:51,633 [inflora.py] => [InfLoRA] Layer 2: 24/768 type remove
2026-07-27 19:52:51,633 [inflora.py] => [InfLoRA] Layer 3: 72/768 type remove
2026-07-27 19:52:51,633 [inflora.py] => [InfLoRA] Layer 4: 78/768 type remove
2026-07-27 19:52:51,633 [inflora.py] => [InfLoRA] Layer 5: 124/768 type remove
2026-07-27 19:52:51,633 [inflora.py] => [InfLoRA] Layer 6: 155/768 type remove
2026-07-27 19:52:51,633 [inflora.py] => [InfLoRA] Layer 7: 168/768 type remove
2026-07-27 19:52:51,633 [inflora.py] => [InfLoRA] Layer 8: 226/768 type remove
2026-07-27 19:52:51,633 [inflora.py] => [InfLoRA] Layer 9: 360/768 type remove
2026-07-27 19:52:51,633 [inflora.py] => [InfLoRA] Layer 10: 291/768 type retain
2026-07-27 19:52:51,633 [inflora.py] => [InfLoRA] Layer 11: 336/768 type retain
2026-07-27 19:52:51,633 [inflora.py] => [InfLoRA] Layer 12: 320/768 type retain
2026-07-27 19:53:39,481 [inflora.py] => [InfLoRA] DualGPM threshold: 0.9750
2026-07-27 19:53:40,644 [inflora.py] => [InfLoRA] Layer 1: 46/768 type remove
2026-07-27 19:53:40,644 [inflora.py] => [InfLoRA] Layer 2: 24/768 type remove
2026-07-27 19:53:40,644 [inflora.py] => [InfLoRA] Layer 3: 73/768 type remove
2026-07-27 19:53:40,644 [inflora.py] => [InfLoRA] Layer 4: 78/768 type remove
2026-07-27 19:53:40,644 [inflora.py] => [InfLoRA] Layer 5: 124/768 type remove
2026-07-27 19:53:40,644 [inflora.py] => [InfLoRA] Layer 6: 156/768 type remove
2026-07-27 19:53:40,644 [inflora.py] => [InfLoRA] Layer 7: 168/768 type remove
2026-07-27 19:53:40,644 [inflora.py] => [InfLoRA] Layer 8: 226/768 type remove
2026-07-27 19:53:40,644 [inflora.py] => [InfLoRA] Layer 9: 360/768 type remove
2026-07-27 19:53:40,644 [inflora.py] => [InfLoRA] Layer 10: 291/768 type retain
2026-07-27 19:53:40,644 [inflora.py] => [InfLoRA] Layer 11: 336/768 type retain
2026-07-27 19:53:40,644 [inflora.py] => [InfLoRA] Layer 12: 320/768 type retain
2026-07-27 19:54:28,668 [inflora.py] => [InfLoRA] DualGPM threshold: 0.9750
2026-07-27 19:54:29,872 [inflora.py] => [InfLoRA] Layer 1: 46/768 type remove
2026-07-27 19:54:29,872 [inflora.py] => [InfLoRA] Layer 2: 24/768 type remove
2026-07-27 19:54:29,872 [inflora.py] => [InfLoRA] Layer 3: 73/768 type remove
2026-07-27 19:54:29,872 [inflora.py] => [InfLoRA] Layer 4: 79/768 type remove
2026-07-27 19:54:29,872 [inflora.py] => [InfLoRA] Layer 5: 124/768 type remove
2026-07-27 19:54:29,872 [inflora.py] => [InfLoRA] Layer 6: 157/768 type remove
2026-07-27 19:54:29,872 [inflora.py] => [InfLoRA] Layer 7: 169/768 type remove
2026-07-27 19:54:29,872 [inflora.py] => [InfLoRA] Layer 8: 227/768 type remove
2026-07-27 19:54:29,872 [inflora.py] => [InfLoRA] Layer 9: 361/768 type remove
2026-07-27 19:54:29,873 [inflora.py] => [InfLoRA] Layer 10: 290/768 type retain
2026-07-27 19:54:29,873 [inflora.py] => [InfLoRA] Layer 11: 335/768 type retain
2026-07-27 19:54:29,873 [inflora.py] => [InfLoRA] Layer 12: 319/768 type retain
2026-07-27 19:55:18,116 [inflora.py] => [InfLoRA] DualGPM threshold: 0.9750
2026-07-27 19:55:19,315 [inflora.py] => [InfLoRA] Layer 1: 46/768 type remove
2026-07-27 19:55:19,315 [inflora.py] => [InfLoRA] Layer 2: 24/768 type remove
2026-07-27 19:55:19,315 [inflora.py] => [InfLoRA] Layer 3: 74/768 type remove
2026-07-27 19:55:19,315 [inflora.py] => [InfLoRA] Layer 4: 79/768 type remove
2026-07-27 19:55:19,315 [inflora.py] => [InfLoRA] Layer 5: 125/768 type remove
2026-07-27 19:55:19,315 [inflora.py] => [InfLoRA] Layer 6: 157/768 type remove
2026-07-27 19:55:19,315 [inflora.py] => [InfLoRA] Layer 7: 169/768 type remove
2026-07-27 19:55:19,315 [inflora.py] => [InfLoRA] Layer 8: 228/768 type remove
2026-07-27 19:55:19,315 [inflora.py] => [InfLoRA] Layer 9: 362/768 type remove
2026-07-27 19:55:19,315 [inflora.py] => [InfLoRA] Layer 10: 290/768 type retain
2026-07-27 19:55:19,315 [inflora.py] => [InfLoRA] Layer 11: 335/768 type retain
2026-07-27 19:55:19,315 [inflora.py] => [InfLoRA] Layer 12: 319/768 type retain
2026-07-27 19:56:07,246 [inflora.py] => [InfLoRA] DualGPM threshold: 0.9750
2026-07-27 19:56:08,432 [inflora.py] => [InfLoRA] Layer 1: 46/768 type remove
2026-07-27 19:56:08,432 [inflora.py] => [InfLoRA] Layer 2: 24/768 type remove
2026-07-27 19:56:08,432 [inflora.py] => [InfLoRA] Layer 3: 74/768 type remove
2026-07-27 19:56:08,432 [inflora.py] => [InfLoRA] Layer 4: 79/768 type remove
2026-07-27 19:56:08,432 [inflora.py] => [InfLoRA] Layer 5: 125/768 type remove
2026-07-27 19:56:08,432 [inflora.py] => [InfLoRA] Layer 6: 157/768 type remove
2026-07-27 19:56:08,433 [inflora.py] => [InfLoRA] Layer 7: 169/768 type remove
2026-07-27 19:56:08,433 [inflora.py] => [InfLoRA] Layer 8: 228/768 type remove
2026-07-27 19:56:08,433 [inflora.py] => [InfLoRA] Layer 9: 362/768 type remove
2026-07-27 19:56:08,433 [inflora.py] => [InfLoRA] Layer 10: 290/768 type retain
2026-07-27 19:56:08,433 [inflora.py] => [InfLoRA] Layer 11: 335/768 type retain
2026-07-27 19:56:08,433 [inflora.py] => [InfLoRA] Layer 12: 319/768 type retain
2026-07-27 19:56:56,356 [inflora.py] => [InfLoRA] DualGPM threshold: 0.9750
2026-07-27 19:56:57,569 [inflora.py] => [InfLoRA] Layer 1: 46/768 type remove
2026-07-27 19:56:57,569 [inflora.py] => [InfLoRA] Layer 2: 24/768 type remove
2026-07-27 19:56:57,569 [inflora.py] => [InfLoRA] Layer 3: 74/768 type remove
2026-07-27 19:56:57,569 [inflora.py] => [InfLoRA] Layer 4: 79/768 type remove
2026-07-27 19:56:57,569 [inflora.py] => [InfLoRA] Layer 5: 125/768 type remove
2026-07-27 19:56:57,569 [inflora.py] => [InfLoRA] Layer 6: 157/768 type remove
2026-07-27 19:56:57,569 [inflora.py] => [InfLoRA] Layer 7: 170/768 type remove
2026-07-27 19:56:57,569 [inflora.py] => [InfLoRA] Layer 8: 228/768 type remove
2026-07-27 19:56:57,569 [inflora.py] => [InfLoRA] Layer 9: 362/768 type remove
2026-07-27 19:56:57,569 [inflora.py] => [InfLoRA] Layer 10: 290/768 type retain
2026-07-27 19:56:57,569 [inflora.py] => [InfLoRA] Layer 11: 334/768 type retain
2026-07-27 19:56:57,569 [inflora.py] => [InfLoRA] Layer 12: 318/768 type retain
2026-07-27 19:57:45,313 [inflora.py] => [InfLoRA] DualGPM threshold: 0.9750
2026-07-27 19:57:46,527 [inflora.py] => [InfLoRA] Layer 1: 46/768 type remove
2026-07-27 19:57:46,527 [inflora.py] => [InfLoRA] Layer 2: 24/768 type remove
2026-07-27 19:57:46,527 [inflora.py] => [InfLoRA] Layer 3: 74/768 type remove
2026-07-27 19:57:46,527 [inflora.py] => [InfLoRA] Layer 4: 79/768 type remove
2026-07-27 19:57:46,527 [inflora.py] => [InfLoRA] Layer 5: 126/768 type remove
2026-07-27 19:57:46,527 [inflora.py] => [InfLoRA] Layer 6: 157/768 type remove
2026-07-27 19:57:46,527 [inflora.py] => [InfLoRA] Layer 7: 170/768 type remove
2026-07-27 19:57:46,527 [inflora.py] => [InfLoRA] Layer 8: 228/768 type remove
2026-07-27 19:57:46,527 [inflora.py] => [InfLoRA] Layer 9: 363/768 type remove
2026-07-27 19:57:46,527 [inflora.py] => [InfLoRA] Layer 10: 289/768 type retain
2026-07-27 19:57:46,527 [inflora.py] => [InfLoRA] Layer 11: 334/768 type retain
2026-07-27 19:57:46,527 [inflora.py] => [InfLoRA] Layer 12: 318/768 type retain
2026-07-27 19:58:34,892 [inflora.py] => [InfLoRA] DualGPM threshold: 0.9750
2026-07-27 19:58:36,090 [inflora.py] => [InfLoRA] Layer 1: 46/768 type remove
2026-07-27 19:58:36,090 [inflora.py] => [InfLoRA] Layer 2: 24/768 type remove
2026-07-27 19:58:36,090 [inflora.py] => [InfLoRA] Layer 3: 74/768 type remove
2026-07-27 19:58:36,090 [inflora.py] => [InfLoRA] Layer 4: 79/768 type remove
2026-07-27 19:58:36,090 [inflora.py] => [InfLoRA] Layer 5: 126/768 type remove
2026-07-27 19:58:36,090 [inflora.py] => [InfLoRA] Layer 6: 157/768 type remove
2026-07-27 19:58:36,090 [inflora.py] => [InfLoRA] Layer 7: 170/768 type remove
2026-07-27 19:58:36,090 [inflora.py] => [InfLoRA] Layer 8: 228/768 type remove
2026-07-27 19:58:36,090 [inflora.py] => [InfLoRA] Layer 9: 363/768 type remove
2026-07-27 19:58:36,090 [inflora.py] => [InfLoRA] Layer 10: 289/768 type retain
2026-07-27 19:58:36,090 [inflora.py] => [InfLoRA] Layer 11: 334/768 type retain
2026-07-27 19:58:36,090 [inflora.py] => [InfLoRA] Layer 12: 317/768 type retain
2026-07-27 19:59:24,312 [inflora.py] => [InfLoRA] DualGPM threshold: 0.9750
2026-07-27 19:59:25,500 [inflora.py] => [InfLoRA] Layer 1: 46/768 type remove
2026-07-27 19:59:25,500 [inflora.py] => [InfLoRA] Layer 2: 24/768 type remove
2026-07-27 19:59:25,500 [inflora.py] => [InfLoRA] Layer 3: 74/768 type remove
2026-07-27 19:59:25,500 [inflora.py] => [InfLoRA] Layer 4: 79/768 type remove
2026-07-27 19:59:25,500 [inflora.py] => [InfLoRA] Layer 5: 126/768 type remove
2026-07-27 19:59:25,500 [inflora.py] => [InfLoRA] Layer 6: 158/768 type remove
2026-07-27 19:59:25,500 [inflora.py] => [InfLoRA] Layer 7: 171/768 type remove
2026-07-27 19:59:25,500 [inflora.py] => [InfLoRA] Layer 8: 228/768 type remove
2026-07-27 19:59:25,500 [inflora.py] => [InfLoRA] Layer 9: 363/768 type remove
2026-07-27 19:59:25,500 [inflora.py] => [InfLoRA] Layer 10: 289/768 type retain
2026-07-27 19:59:25,500 [inflora.py] => [InfLoRA] Layer 11: 334/768 type retain
2026-07-27 19:59:25,500 [inflora.py] => [InfLoRA] Layer 12: 317/768 type retain
2026-07-27 20:00:12,962 [inflora.py] => [InfLoRA] DualGPM threshold: 0.9750
2026-07-27 20:00:14,136 [inflora.py] => [InfLoRA] Layer 1: 46/768 type remove
2026-07-27 20:00:14,136 [inflora.py] => [InfLoRA] Layer 2: 24/768 type remove
2026-07-27 20:00:14,136 [inflora.py] => [InfLoRA] Layer 3: 74/768 type remove
2026-07-27 20:00:14,136 [inflora.py] => [InfLoRA] Layer 4: 79/768 type remove
2026-07-27 20:00:14,136 [inflora.py] => [InfLoRA] Layer 5: 126/768 type remove
2026-07-27 20:00:14,136 [inflora.py] => [InfLoRA] Layer 6: 158/768 type remove
2026-07-27 20:00:14,136 [inflora.py] => [InfLoRA] Layer 7: 171/768 type remove
2026-07-27 20:00:14,136 [inflora.py] => [InfLoRA] Layer 8: 229/768 type remove
2026-07-27 20:00:14,136 [inflora.py] => [InfLoRA] Layer 9: 363/768 type remove
2026-07-27 20:00:14,136 [inflora.py] => [InfLoRA] Layer 10: 289/768 type retain
2026-07-27 20:00:14,136 [inflora.py] => [InfLoRA] Layer 11: 334/768 type retain
2026-07-27 20:00:14,136 [inflora.py] => [InfLoRA] Layer 12: 317/768 type retain
2026-07-27 20:01:02,071 [inflora.py] => [InfLoRA] DualGPM threshold: 0.9750
2026-07-27 20:01:03,303 [inflora.py] => [InfLoRA] Layer 1: 46/768 type remove
2026-07-27 20:01:03,303 [inflora.py] => [InfLoRA] Layer 2: 24/768 type remove
2026-07-27 20:01:03,303 [inflora.py] => [InfLoRA] Layer 3: 75/768 type remove
2026-07-27 20:01:03,303 [inflora.py] => [InfLoRA] Layer 4: 80/768 type remove
2026-07-27 20:01:03,303 [inflora.py] => [InfLoRA] Layer 5: 127/768 type remove
2026-07-27 20:01:03,303 [inflora.py] => [InfLoRA] Layer 6: 159/768 type remove
2026-07-27 20:01:03,303 [inflora.py] => [InfLoRA] Layer 7: 172/768 type remove
2026-07-27 20:01:03,303 [inflora.py] => [InfLoRA] Layer 8: 230/768 type remove
2026-07-27 20:01:03,303 [inflora.py] => [InfLoRA] Layer 9: 364/768 type remove
2026-07-27 20:01:03,303 [inflora.py] => [InfLoRA] Layer 10: 288/768 type retain
2026-07-27 20:01:03,303 [inflora.py] => [InfLoRA] Layer 11: 333/768 type retain
2026-07-27 20:01:03,303 [inflora.py] => [InfLoRA] Layer 12: 316/768 type retain
2026-07-27 20:01:51,529 [inflora.py] => [InfLoRA] DualGPM threshold: 0.9750
2026-07-27 20:01:52,740 [inflora.py] => [InfLoRA] Layer 1: 46/768 type remove
2026-07-27 20:01:52,741 [inflora.py] => [InfLoRA] Layer 2: 24/768 type remove
2026-07-27 20:01:52,741 [inflora.py] => [InfLoRA] Layer 3: 75/768 type remove
2026-07-27 20:01:52,741 [inflora.py] => [InfLoRA] Layer 4: 80/768 type remove
2026-07-27 20:01:52,741 [inflora.py] => [InfLoRA] Layer 5: 127/768 type remove
2026-07-27 20:01:52,741 [inflora.py] => [InfLoRA] Layer 6: 159/768 type remove
2026-07-27 20:01:52,741 [inflora.py] => [InfLoRA] Layer 7: 172/768 type remove
2026-07-27 20:01:52,741 [inflora.py] => [InfLoRA] Layer 8: 230/768 type remove
2026-07-27 20:01:52,741 [inflora.py] => [InfLoRA] Layer 9: 364/768 type remove
2026-07-27 20:01:52,741 [inflora.py] => [InfLoRA] Layer 10: 288/768 type retain
2026-07-27 20:01:52,741 [inflora.py] => [InfLoRA] Layer 11: 333/768 type retain
2026-07-27 20:01:52,741 [inflora.py] => [InfLoRA] Layer 12: 316/768 type retain
2026-07-27 20:02:40,809 [inflora.py] => [InfLoRA] DualGPM threshold: 0.9750
2026-07-27 20:02:42,025 [inflora.py] => [InfLoRA] Layer 1: 46/768 type remove
2026-07-27 20:02:42,025 [inflora.py] => [InfLoRA] Layer 2: 24/768 type remove
2026-07-27 20:02:42,025 [inflora.py] => [InfLoRA] Layer 3: 75/768 type remove
2026-07-27 20:02:42,025 [inflora.py] => [InfLoRA] Layer 4: 80/768 type remove
2026-07-27 20:02:42,025 [inflora.py] => [InfLoRA] Layer 5: 127/768 type remove
2026-07-27 20:02:42,025 [inflora.py] => [InfLoRA] Layer 6: 159/768 type remove
2026-07-27 20:02:42,025 [inflora.py] => [InfLoRA] Layer 7: 172/768 type remove
2026-07-27 20:02:42,025 [inflora.py] => [InfLoRA] Layer 8: 230/768 type remove
2026-07-27 20:02:42,025 [inflora.py] => [InfLoRA] Layer 9: 364/768 type remove
2026-07-27 20:02:42,025 [inflora.py] => [InfLoRA] Layer 10: 288/768 type retain
2026-07-27 20:02:42,025 [inflora.py] => [InfLoRA] Layer 11: 332/768 type retain
2026-07-27 20:02:42,025 [inflora.py] => [InfLoRA] Layer 12: 315/768 type retain
2026-07-27 20:03:29,912 [inflora.py] => [InfLoRA] DualGPM threshold: 0.9750
2026-07-27 20:03:31,106 [inflora.py] => [InfLoRA] Layer 1: 46/768 type remove
2026-07-27 20:03:31,107 [inflora.py] => [InfLoRA] Layer 2: 24/768 type remove
2026-07-27 20:03:31,107 [inflora.py] => [InfLoRA] Layer 3: 75/768 type remove
2026-07-27 20:03:31,107 [inflora.py] => [InfLoRA] Layer 4: 80/768 type remove
2026-07-27 20:03:31,107 [inflora.py] => [InfLoRA] Layer 5: 127/768 type remove
2026-07-27 20:03:31,107 [inflora.py] => [InfLoRA] Layer 6: 160/768 type remove
2026-07-27 20:03:31,107 [inflora.py] => [InfLoRA] Layer 7: 172/768 type remove
2026-07-27 20:03:31,107 [inflora.py] => [InfLoRA] Layer 8: 230/768 type remove
2026-07-27 20:03:31,107 [inflora.py] => [InfLoRA] Layer 9: 364/768 type remove
2026-07-27 20:03:31,107 [inflora.py] => [InfLoRA] Layer 10: 288/768 type retain
2026-07-27 20:03:31,107 [inflora.py] => [InfLoRA] Layer 11: 332/768 type retain
2026-07-27 20:03:31,107 [inflora.py] => [InfLoRA] Layer 12: 315/768 type retain
2026-07-27 20:04:18,454 [inflora.py] => [InfLoRA] DualGPM threshold: 0.9750
2026-07-27 20:04:19,664 [inflora.py] => [InfLoRA] Layer 1: 46/768 type remove
2026-07-27 20:04:19,664 [inflora.py] => [InfLoRA] Layer 2: 24/768 type remove
2026-07-27 20:04:19,664 [inflora.py] => [InfLoRA] Layer 3: 75/768 type remove
2026-07-27 20:04:19,664 [inflora.py] => [InfLoRA] Layer 4: 81/768 type remove
2026-07-27 20:04:19,664 [inflora.py] => [InfLoRA] Layer 5: 128/768 type remove
2026-07-27 20:04:19,664 [inflora.py] => [InfLoRA] Layer 6: 160/768 type remove
2026-07-27 20:04:19,664 [inflora.py] => [InfLoRA] Layer 7: 173/768 type remove
2026-07-27 20:04:19,664 [inflora.py] => [InfLoRA] Layer 8: 230/768 type remove
2026-07-27 20:04:19,664 [inflora.py] => [InfLoRA] Layer 9: 365/768 type remove
2026-07-27 20:04:19,664 [inflora.py] => [InfLoRA] Layer 10: 288/768 type retain
2026-07-27 20:04:19,664 [inflora.py] => [InfLoRA] Layer 11: 332/768 type retain
2026-07-27 20:04:19,664 [inflora.py] => [InfLoRA] Layer 12: 315/768 type retain
2026-07-27 20:04:38,596 [bounded_memory_mixin.py] => [bounded_mem eval] volume 0.70 | cycle 169 | classes_seen 710 | CIL top1 44.72 | top5 74.09 | (nearest latent task ~70) | param_hash ad5ad84bd4192072 | per-task [45.96, 37.56, 58.0, 29.15, 44.22, 34.67, 49.49, 54.55, 36.04, 63.08, 59.3, 61.81, 60.0, 61.62, 27.64, 43.5, 62.5, 44.95, 63.5, 35.86, 44.44, 35.35, 41.71, 51.02, 27.78, 52.5, 53.5, 48.22, 42.71, 37.0, 49.25, 29.65, 45.5, 31.82, 48.74, 62.81, 57.36, 25.0, 63.5, 35.18, 59.0, 30.26, 56.78, 39.0, 31.66, 35.53, 40.4, 63.5, 52.5, 39.7, 34.52, 49.75, 33.17, 52.0, 29.65, 79.8, 61.0, 51.76, 26.13, 21.72, 24.0, 45.45, 38.97, 41.12, 50.25, 53.03, 26.4, 46.46, 51.26, 42.0, 10.66]
2026-07-27 20:05:26,062 [inflora.py] => [InfLoRA] DualGPM threshold: 0.9750
2026-07-27 20:05:27,289 [inflora.py] => [InfLoRA] Layer 1: 46/768 type remove
2026-07-27 20:05:27,289 [inflora.py] => [InfLoRA] Layer 2: 24/768 type remove
2026-07-27 20:05:27,289 [inflora.py] => [InfLoRA] Layer 3: 76/768 type remove
2026-07-27 20:05:27,289 [inflora.py] => [InfLoRA] Layer 4: 81/768 type remove
2026-07-27 20:05:27,289 [inflora.py] => [InfLoRA] Layer 5: 128/768 type remove
2026-07-27 20:05:27,289 [inflora.py] => [InfLoRA] Layer 6: 160/768 type remove
2026-07-27 20:05:27,289 [inflora.py] => [InfLoRA] Layer 7: 173/768 type remove
2026-07-27 20:05:27,289 [inflora.py] => [InfLoRA] Layer 8: 230/768 type remove
2026-07-27 20:05:27,289 [inflora.py] => [InfLoRA] Layer 9: 365/768 type remove
2026-07-27 20:05:27,289 [inflora.py] => [InfLoRA] Layer 10: 288/768 type retain
2026-07-27 20:05:27,289 [inflora.py] => [InfLoRA] Layer 11: 332/768 type retain
2026-07-27 20:05:27,289 [inflora.py] => [InfLoRA] Layer 12: 314/768 type retain
2026-07-27 20:06:14,936 [inflora.py] => [InfLoRA] DualGPM threshold: 0.9750
2026-07-27 20:06:16,126 [inflora.py] => [InfLoRA] Layer 1: 46/768 type remove
2026-07-27 20:06:16,126 [inflora.py] => [InfLoRA] Layer 2: 24/768 type remove
2026-07-27 20:06:16,126 [inflora.py] => [InfLoRA] Layer 3: 76/768 type remove
2026-07-27 20:06:16,126 [inflora.py] => [InfLoRA] Layer 4: 81/768 type remove
2026-07-27 20:06:16,126 [inflora.py] => [InfLoRA] Layer 5: 128/768 type remove
2026-07-27 20:06:16,126 [inflora.py] => [InfLoRA] Layer 6: 161/768 type remove
2026-07-27 20:06:16,126 [inflora.py] => [InfLoRA] Layer 7: 173/768 type remove
2026-07-27 20:06:16,126 [inflora.py] => [InfLoRA] Layer 8: 230/768 type remove
2026-07-27 20:06:16,126 [inflora.py] => [InfLoRA] Layer 9: 365/768 type remove
2026-07-27 20:06:16,126 [inflora.py] => [InfLoRA] Layer 10: 288/768 type retain
2026-07-27 20:06:16,126 [inflora.py] => [InfLoRA] Layer 11: 332/768 type retain
2026-07-27 20:06:16,126 [inflora.py] => [InfLoRA] Layer 12: 314/768 type retain
2026-07-27 20:07:04,612 [inflora.py] => [InfLoRA] DualGPM threshold: 0.9750
2026-07-27 20:07:05,835 [inflora.py] => [InfLoRA] Layer 1: 46/768 type remove
2026-07-27 20:07:05,835 [inflora.py] => [InfLoRA] Layer 2: 24/768 type remove
2026-07-27 20:07:05,835 [inflora.py] => [InfLoRA] Layer 3: 76/768 type remove
2026-07-27 20:07:05,835 [inflora.py] => [InfLoRA] Layer 4: 81/768 type remove
2026-07-27 20:07:05,835 [inflora.py] => [InfLoRA] Layer 5: 128/768 type remove
2026-07-27 20:07:05,835 [inflora.py] => [InfLoRA] Layer 6: 161/768 type remove
2026-07-27 20:07:05,835 [inflora.py] => [InfLoRA] Layer 7: 173/768 type remove
2026-07-27 20:07:05,835 [inflora.py] => [InfLoRA] Layer 8: 230/768 type remove
2026-07-27 20:07:05,835 [inflora.py] => [InfLoRA] Layer 9: 365/768 type remove
2026-07-27 20:07:05,835 [inflora.py] => [InfLoRA] Layer 10: 288/768 type retain
2026-07-27 20:07:05,835 [inflora.py] => [InfLoRA] Layer 11: 332/768 type retain
2026-07-27 20:07:05,835 [inflora.py] => [InfLoRA] Layer 12: 314/768 type retain
2026-07-27 20:07:53,626 [inflora.py] => [InfLoRA] DualGPM threshold: 0.9750
2026-07-27 20:07:54,864 [inflora.py] => [InfLoRA] Layer 1: 46/768 type remove
2026-07-27 20:07:54,864 [inflora.py] => [InfLoRA] Layer 2: 24/768 type remove
2026-07-27 20:07:54,864 [inflora.py] => [InfLoRA] Layer 3: 76/768 type remove
2026-07-27 20:07:54,864 [inflora.py] => [InfLoRA] Layer 4: 81/768 type remove
2026-07-27 20:07:54,864 [inflora.py] => [InfLoRA] Layer 5: 129/768 type remove
2026-07-27 20:07:54,864 [inflora.py] => [InfLoRA] Layer 6: 162/768 type remove
2026-07-27 20:07:54,864 [inflora.py] => [InfLoRA] Layer 7: 173/768 type remove
2026-07-27 20:07:54,864 [inflora.py] => [InfLoRA] Layer 8: 231/768 type remove
2026-07-27 20:07:54,864 [inflora.py] => [InfLoRA] Layer 9: 366/768 type remove
2026-07-27 20:07:54,864 [inflora.py] => [InfLoRA] Layer 10: 287/768 type retain
2026-07-27 20:07:54,864 [inflora.py] => [InfLoRA] Layer 11: 331/768 type retain
2026-07-27 20:07:54,864 [inflora.py] => [InfLoRA] Layer 12: 313/768 type retain
2026-07-27 20:08:43,606 [inflora.py] => [InfLoRA] DualGPM threshold: 0.9750
2026-07-27 20:08:44,837 [inflora.py] => [InfLoRA] Layer 1: 46/768 type remove
2026-07-27 20:08:44,837 [inflora.py] => [InfLoRA] Layer 2: 24/768 type remove
2026-07-27 20:08:44,837 [inflora.py] => [InfLoRA] Layer 3: 76/768 type remove
2026-07-27 20:08:44,837 [inflora.py] => [InfLoRA] Layer 4: 81/768 type remove
2026-07-27 20:08:44,837 [inflora.py] => [InfLoRA] Layer 5: 129/768 type remove
2026-07-27 20:08:44,837 [inflora.py] => [InfLoRA] Layer 6: 162/768 type remove
2026-07-27 20:08:44,837 [inflora.py] => [InfLoRA] Layer 7: 173/768 type remove
2026-07-27 20:08:44,837 [inflora.py] => [InfLoRA] Layer 8: 231/768 type remove
2026-07-27 20:08:44,837 [inflora.py] => [InfLoRA] Layer 9: 366/768 type remove
2026-07-27 20:08:44,837 [inflora.py] => [InfLoRA] Layer 10: 287/768 type retain
2026-07-27 20:08:44,837 [inflora.py] => [InfLoRA] Layer 11: 331/768 type retain
2026-07-27 20:08:44,837 [inflora.py] => [InfLoRA] Layer 12: 313/768 type retain
2026-07-27 20:09:32,850 [inflora.py] => [InfLoRA] DualGPM threshold: 0.9750
2026-07-27 20:09:34,108 [inflora.py] => [InfLoRA] Layer 1: 46/768 type remove
2026-07-27 20:09:34,108 [inflora.py] => [InfLoRA] Layer 2: 24/768 type remove
2026-07-27 20:09:34,108 [inflora.py] => [InfLoRA] Layer 3: 76/768 type remove
2026-07-27 20:09:34,108 [inflora.py] => [InfLoRA] Layer 4: 81/768 type remove
2026-07-27 20:09:34,108 [inflora.py] => [InfLoRA] Layer 5: 129/768 type remove
2026-07-27 20:09:34,108 [inflora.py] => [InfLoRA] Layer 6: 162/768 type remove
2026-07-27 20:09:34,108 [inflora.py] => [InfLoRA] Layer 7: 174/768 type remove
2026-07-27 20:09:34,108 [inflora.py] => [InfLoRA] Layer 8: 231/768 type remove
2026-07-27 20:09:34,108 [inflora.py] => [InfLoRA] Layer 9: 366/768 type remove
2026-07-27 20:09:34,108 [inflora.py] => [InfLoRA] Layer 10: 287/768 type retain
2026-07-27 20:09:34,108 [inflora.py] => [InfLoRA] Layer 11: 330/768 type retain
2026-07-27 20:09:34,108 [inflora.py] => [InfLoRA] Layer 12: 312/768 type retain
2026-07-27 20:10:21,975 [inflora.py] => [InfLoRA] DualGPM threshold: 0.9750
2026-07-27 20:10:23,165 [inflora.py] => [InfLoRA] Layer 1: 46/768 type remove
2026-07-27 20:10:23,165 [inflora.py] => [InfLoRA] Layer 2: 24/768 type remove
2026-07-27 20:10:23,165 [inflora.py] => [InfLoRA] Layer 3: 76/768 type remove
2026-07-27 20:10:23,165 [inflora.py] => [InfLoRA] Layer 4: 82/768 type remove
2026-07-27 20:10:23,165 [inflora.py] => [InfLoRA] Layer 5: 129/768 type remove
2026-07-27 20:10:23,165 [inflora.py] => [InfLoRA] Layer 6: 163/768 type remove
2026-07-27 20:10:23,165 [inflora.py] => [InfLoRA] Layer 7: 174/768 type remove
2026-07-27 20:10:23,165 [inflora.py] => [InfLoRA] Layer 8: 231/768 type remove
2026-07-27 20:10:23,165 [inflora.py] => [InfLoRA] Layer 9: 366/768 type remove
2026-07-27 20:10:23,165 [inflora.py] => [InfLoRA] Layer 10: 287/768 type retain
2026-07-27 20:10:23,165 [inflora.py] => [InfLoRA] Layer 11: 330/768 type retain
2026-07-27 20:10:23,165 [inflora.py] => [InfLoRA] Layer 12: 312/768 type retain
2026-07-27 20:11:11,143 [inflora.py] => [InfLoRA] DualGPM threshold: 0.9750
2026-07-27 20:11:12,380 [inflora.py] => [InfLoRA] Layer 1: 46/768 type remove
2026-07-27 20:11:12,380 [inflora.py] => [InfLoRA] Layer 2: 24/768 type remove
2026-07-27 20:11:12,380 [inflora.py] => [InfLoRA] Layer 3: 76/768 type remove
2026-07-27 20:11:12,380 [inflora.py] => [InfLoRA] Layer 4: 82/768 type remove
2026-07-27 20:11:12,380 [inflora.py] => [InfLoRA] Layer 5: 130/768 type remove
2026-07-27 20:11:12,380 [inflora.py] => [InfLoRA] Layer 6: 164/768 type remove
2026-07-27 20:11:12,380 [inflora.py] => [InfLoRA] Layer 7: 175/768 type remove
2026-07-27 20:11:12,380 [inflora.py] => [InfLoRA] Layer 8: 232/768 type remove
2026-07-27 20:11:12,380 [inflora.py] => [InfLoRA] Layer 9: 367/768 type remove
2026-07-27 20:11:12,380 [inflora.py] => [InfLoRA] Layer 10: 286/768 type retain
2026-07-27 20:11:12,380 [inflora.py] => [InfLoRA] Layer 11: 330/768 type retain
2026-07-27 20:11:12,380 [inflora.py] => [InfLoRA] Layer 12: 310/768 type retain
2026-07-27 20:12:00,638 [inflora.py] => [InfLoRA] DualGPM threshold: 0.9750
2026-07-27 20:12:01,863 [inflora.py] => [InfLoRA] Layer 1: 46/768 type remove
2026-07-27 20:12:01,863 [inflora.py] => [InfLoRA] Layer 2: 24/768 type remove
2026-07-27 20:12:01,863 [inflora.py] => [InfLoRA] Layer 3: 76/768 type remove
2026-07-27 20:12:01,863 [inflora.py] => [InfLoRA] Layer 4: 82/768 type remove
2026-07-27 20:12:01,863 [inflora.py] => [InfLoRA] Layer 5: 130/768 type remove
2026-07-27 20:12:01,863 [inflora.py] => [InfLoRA] Layer 6: 164/768 type remove
2026-07-27 20:12:01,863 [inflora.py] => [InfLoRA] Layer 7: 175/768 type remove
2026-07-27 20:12:01,863 [inflora.py] => [InfLoRA] Layer 8: 233/768 type remove
2026-07-27 20:12:01,863 [inflora.py] => [InfLoRA] Layer 9: 367/768 type remove
2026-07-27 20:12:01,863 [inflora.py] => [InfLoRA] Layer 10: 286/768 type retain
2026-07-27 20:12:01,863 [inflora.py] => [InfLoRA] Layer 11: 329/768 type retain
2026-07-27 20:12:01,863 [inflora.py] => [InfLoRA] Layer 12: 310/768 type retain
2026-07-27 20:12:49,375 [inflora.py] => [InfLoRA] DualGPM threshold: 0.9750
2026-07-27 20:12:50,630 [inflora.py] => [InfLoRA] Layer 1: 46/768 type remove
2026-07-27 20:12:50,630 [inflora.py] => [InfLoRA] Layer 2: 24/768 type remove
2026-07-27 20:12:50,630 [inflora.py] => [InfLoRA] Layer 3: 76/768 type remove
2026-07-27 20:12:50,630 [inflora.py] => [InfLoRA] Layer 4: 82/768 type remove
2026-07-27 20:12:50,630 [inflora.py] => [InfLoRA] Layer 5: 130/768 type remove
2026-07-27 20:12:50,630 [inflora.py] => [InfLoRA] Layer 6: 164/768 type remove
2026-07-27 20:12:50,630 [inflora.py] => [InfLoRA] Layer 7: 175/768 type remove
2026-07-27 20:12:50,630 [inflora.py] => [InfLoRA] Layer 8: 233/768 type remove
2026-07-27 20:12:50,630 [inflora.py] => [InfLoRA] Layer 9: 367/768 type remove
2026-07-27 20:12:50,630 [inflora.py] => [InfLoRA] Layer 10: 286/768 type retain
2026-07-27 20:12:50,630 [inflora.py] => [InfLoRA] Layer 11: 329/768 type retain
2026-07-27 20:12:50,630 [inflora.py] => [InfLoRA] Layer 12: 310/768 type retain
2026-07-27 20:13:38,811 [inflora.py] => [InfLoRA] DualGPM threshold: 0.9750
2026-07-27 20:13:40,079 [inflora.py] => [InfLoRA] Layer 1: 46/768 type remove
2026-07-27 20:13:40,079 [inflora.py] => [InfLoRA] Layer 2: 24/768 type remove
2026-07-27 20:13:40,079 [inflora.py] => [InfLoRA] Layer 3: 76/768 type remove
2026-07-27 20:13:40,079 [inflora.py] => [InfLoRA] Layer 4: 82/768 type remove
2026-07-27 20:13:40,079 [inflora.py] => [InfLoRA] Layer 5: 130/768 type remove
2026-07-27 20:13:40,079 [inflora.py] => [InfLoRA] Layer 6: 164/768 type remove
2026-07-27 20:13:40,079 [inflora.py] => [InfLoRA] Layer 7: 175/768 type remove
2026-07-27 20:13:40,079 [inflora.py] => [InfLoRA] Layer 8: 233/768 type remove
2026-07-27 20:13:40,079 [inflora.py] => [InfLoRA] Layer 9: 367/768 type remove
2026-07-27 20:13:40,079 [inflora.py] => [InfLoRA] Layer 10: 286/768 type retain
2026-07-27 20:13:40,079 [inflora.py] => [InfLoRA] Layer 11: 329/768 type retain
2026-07-27 20:13:40,079 [inflora.py] => [InfLoRA] Layer 12: 309/768 type retain
2026-07-27 20:14:27,923 [inflora.py] => [InfLoRA] DualGPM threshold: 0.9750
2026-07-27 20:14:29,128 [inflora.py] => [InfLoRA] Layer 1: 46/768 type remove
2026-07-27 20:14:29,128 [inflora.py] => [InfLoRA] Layer 2: 24/768 type remove
2026-07-27 20:14:29,128 [inflora.py] => [InfLoRA] Layer 3: 76/768 type remove
2026-07-27 20:14:29,128 [inflora.py] => [InfLoRA] Layer 4: 82/768 type remove
2026-07-27 20:14:29,128 [inflora.py] => [InfLoRA] Layer 5: 130/768 type remove
2026-07-27 20:14:29,129 [inflora.py] => [InfLoRA] Layer 6: 164/768 type remove
2026-07-27 20:14:29,129 [inflora.py] => [InfLoRA] Layer 7: 175/768 type remove
2026-07-27 20:14:29,129 [inflora.py] => [InfLoRA] Layer 8: 233/768 type remove
2026-07-27 20:14:29,129 [inflora.py] => [InfLoRA] Layer 9: 367/768 type remove
2026-07-27 20:14:29,129 [inflora.py] => [InfLoRA] Layer 10: 286/768 type retain
2026-07-27 20:14:29,129 [inflora.py] => [InfLoRA] Layer 11: 329/768 type retain
2026-07-27 20:14:29,129 [inflora.py] => [InfLoRA] Layer 12: 309/768 type retain
2026-07-27 20:15:16,976 [inflora.py] => [InfLoRA] DualGPM threshold: 0.9750
2026-07-27 20:15:18,206 [inflora.py] => [InfLoRA] Layer 1: 46/768 type remove
2026-07-27 20:15:18,206 [inflora.py] => [InfLoRA] Layer 2: 24/768 type remove
2026-07-27 20:15:18,206 [inflora.py] => [InfLoRA] Layer 3: 77/768 type remove
2026-07-27 20:15:18,206 [inflora.py] => [InfLoRA] Layer 4: 82/768 type remove
2026-07-27 20:15:18,206 [inflora.py] => [InfLoRA] Layer 5: 131/768 type remove
2026-07-27 20:15:18,206 [inflora.py] => [InfLoRA] Layer 6: 165/768 type remove
2026-07-27 20:15:18,206 [inflora.py] => [InfLoRA] Layer 7: 176/768 type remove
2026-07-27 20:15:18,206 [inflora.py] => [InfLoRA] Layer 8: 234/768 type remove
2026-07-27 20:15:18,207 [inflora.py] => [InfLoRA] Layer 9: 367/768 type remove
2026-07-27 20:15:18,207 [inflora.py] => [InfLoRA] Layer 10: 286/768 type retain
2026-07-27 20:15:18,207 [inflora.py] => [InfLoRA] Layer 11: 328/768 type retain
2026-07-27 20:15:18,207 [inflora.py] => [InfLoRA] Layer 12: 309/768 type retain
2026-07-27 20:16:06,618 [inflora.py] => [InfLoRA] DualGPM threshold: 0.9750
2026-07-27 20:16:07,867 [inflora.py] => [InfLoRA] Layer 1: 46/768 type remove
2026-07-27 20:16:07,867 [inflora.py] => [InfLoRA] Layer 2: 24/768 type remove
2026-07-27 20:16:07,867 [inflora.py] => [InfLoRA] Layer 3: 77/768 type remove
2026-07-27 20:16:07,868 [inflora.py] => [InfLoRA] Layer 4: 83/768 type remove
2026-07-27 20:16:07,868 [inflora.py] => [InfLoRA] Layer 5: 131/768 type remove
2026-07-27 20:16:07,868 [inflora.py] => [InfLoRA] Layer 6: 165/768 type remove
2026-07-27 20:16:07,868 [inflora.py] => [InfLoRA] Layer 7: 176/768 type remove
2026-07-27 20:16:07,868 [inflora.py] => [InfLoRA] Layer 8: 234/768 type remove
2026-07-27 20:16:07,868 [inflora.py] => [InfLoRA] Layer 9: 368/768 type remove
2026-07-27 20:16:07,868 [inflora.py] => [InfLoRA] Layer 10: 285/768 type retain
2026-07-27 20:16:07,868 [inflora.py] => [InfLoRA] Layer 11: 328/768 type retain
2026-07-27 20:16:07,868 [inflora.py] => [InfLoRA] Layer 12: 308/768 type retain
2026-07-27 20:16:55,232 [inflora.py] => [InfLoRA] DualGPM threshold: 0.9750
2026-07-27 20:16:56,452 [inflora.py] => [InfLoRA] Layer 1: 46/768 type remove
2026-07-27 20:16:56,452 [inflora.py] => [InfLoRA] Layer 2: 24/768 type remove
2026-07-27 20:16:56,452 [inflora.py] => [InfLoRA] Layer 3: 77/768 type remove
2026-07-27 20:16:56,452 [inflora.py] => [InfLoRA] Layer 4: 83/768 type remove
2026-07-27 20:16:56,452 [inflora.py] => [InfLoRA] Layer 5: 131/768 type remove
2026-07-27 20:16:56,452 [inflora.py] => [InfLoRA] Layer 6: 165/768 type remove
2026-07-27 20:16:56,452 [inflora.py] => [InfLoRA] Layer 7: 177/768 type remove
2026-07-27 20:16:56,452 [inflora.py] => [InfLoRA] Layer 8: 234/768 type remove
2026-07-27 20:16:56,452 [inflora.py] => [InfLoRA] Layer 9: 368/768 type remove
2026-07-27 20:16:56,452 [inflora.py] => [InfLoRA] Layer 10: 285/768 type retain
2026-07-27 20:16:56,452 [inflora.py] => [InfLoRA] Layer 11: 328/768 type retain
2026-07-27 20:16:56,452 [inflora.py] => [InfLoRA] Layer 12: 308/768 type retain
2026-07-27 20:17:44,305 [inflora.py] => [InfLoRA] DualGPM threshold: 0.9750
2026-07-27 20:17:45,523 [inflora.py] => [InfLoRA] Layer 1: 46/768 type remove
2026-07-27 20:17:45,523 [inflora.py] => [InfLoRA] Layer 2: 24/768 type remove
2026-07-27 20:17:45,523 [inflora.py] => [InfLoRA] Layer 3: 77/768 type remove
2026-07-27 20:17:45,523 [inflora.py] => [InfLoRA] Layer 4: 83/768 type remove
2026-07-27 20:17:45,523 [inflora.py] => [InfLoRA] Layer 5: 132/768 type remove
2026-07-27 20:17:45,523 [inflora.py] => [InfLoRA] Layer 6: 166/768 type remove
2026-07-27 20:17:45,523 [inflora.py] => [InfLoRA] Layer 7: 178/768 type remove
2026-07-27 20:17:45,523 [inflora.py] => [InfLoRA] Layer 8: 235/768 type remove
2026-07-27 20:17:45,523 [inflora.py] => [InfLoRA] Layer 9: 369/768 type remove
2026-07-27 20:17:45,523 [inflora.py] => [InfLoRA] Layer 10: 285/768 type retain
2026-07-27 20:17:45,523 [inflora.py] => [InfLoRA] Layer 11: 328/768 type retain
2026-07-27 20:17:45,523 [inflora.py] => [InfLoRA] Layer 12: 307/768 type retain
2026-07-27 20:18:33,700 [inflora.py] => [InfLoRA] DualGPM threshold: 0.9750
2026-07-27 20:18:34,944 [inflora.py] => [InfLoRA] Layer 1: 46/768 type remove
2026-07-27 20:18:34,944 [inflora.py] => [InfLoRA] Layer 2: 24/768 type remove
2026-07-27 20:18:34,944 [inflora.py] => [InfLoRA] Layer 3: 77/768 type remove
2026-07-27 20:18:34,944 [inflora.py] => [InfLoRA] Layer 4: 83/768 type remove
2026-07-27 20:18:34,944 [inflora.py] => [InfLoRA] Layer 5: 132/768 type remove
2026-07-27 20:18:34,944 [inflora.py] => [InfLoRA] Layer 6: 166/768 type remove
2026-07-27 20:18:34,944 [inflora.py] => [InfLoRA] Layer 7: 178/768 type remove
2026-07-27 20:18:34,944 [inflora.py] => [InfLoRA] Layer 8: 235/768 type remove
2026-07-27 20:18:34,944 [inflora.py] => [InfLoRA] Layer 9: 369/768 type remove
2026-07-27 20:18:34,944 [inflora.py] => [InfLoRA] Layer 10: 285/768 type retain
2026-07-27 20:18:34,944 [inflora.py] => [InfLoRA] Layer 11: 328/768 type retain
2026-07-27 20:18:34,944 [inflora.py] => [InfLoRA] Layer 12: 307/768 type retain
2026-07-27 20:19:23,064 [inflora.py] => [InfLoRA] DualGPM threshold: 0.9750
2026-07-27 20:19:24,332 [inflora.py] => [InfLoRA] Layer 1: 46/768 type remove
2026-07-27 20:19:24,332 [inflora.py] => [InfLoRA] Layer 2: 24/768 type remove
2026-07-27 20:19:24,332 [inflora.py] => [InfLoRA] Layer 3: 77/768 type remove
2026-07-27 20:19:24,332 [inflora.py] => [InfLoRA] Layer 4: 84/768 type remove
2026-07-27 20:19:24,332 [inflora.py] => [InfLoRA] Layer 5: 133/768 type remove
2026-07-27 20:19:24,332 [inflora.py] => [InfLoRA] Layer 6: 167/768 type remove
2026-07-27 20:19:24,332 [inflora.py] => [InfLoRA] Layer 7: 179/768 type remove
2026-07-27 20:19:24,332 [inflora.py] => [InfLoRA] Layer 8: 236/768 type remove
2026-07-27 20:19:24,332 [inflora.py] => [InfLoRA] Layer 9: 370/768 type remove
2026-07-27 20:19:24,332 [inflora.py] => [InfLoRA] Layer 10: 284/768 type retain
2026-07-27 20:19:24,332 [inflora.py] => [InfLoRA] Layer 11: 327/768 type retain
2026-07-27 20:19:24,332 [inflora.py] => [InfLoRA] Layer 12: 306/768 type retain
2026-07-27 20:20:12,007 [inflora.py] => [InfLoRA] DualGPM threshold: 0.9750
2026-07-27 20:20:13,262 [inflora.py] => [InfLoRA] Layer 1: 46/768 type remove
2026-07-27 20:20:13,262 [inflora.py] => [InfLoRA] Layer 2: 24/768 type remove
2026-07-27 20:20:13,262 [inflora.py] => [InfLoRA] Layer 3: 77/768 type remove
2026-07-27 20:20:13,262 [inflora.py] => [InfLoRA] Layer 4: 84/768 type remove
2026-07-27 20:20:13,262 [inflora.py] => [InfLoRA] Layer 5: 133/768 type remove
2026-07-27 20:20:13,262 [inflora.py] => [InfLoRA] Layer 6: 167/768 type remove
2026-07-27 20:20:13,262 [inflora.py] => [InfLoRA] Layer 7: 179/768 type remove
2026-07-27 20:20:13,262 [inflora.py] => [InfLoRA] Layer 8: 236/768 type remove
2026-07-27 20:20:13,262 [inflora.py] => [InfLoRA] Layer 9: 370/768 type remove
2026-07-27 20:20:13,262 [inflora.py] => [InfLoRA] Layer 10: 284/768 type retain
2026-07-27 20:20:13,262 [inflora.py] => [InfLoRA] Layer 11: 327/768 type retain
2026-07-27 20:20:13,262 [inflora.py] => [InfLoRA] Layer 12: 306/768 type retain
2026-07-27 20:21:01,349 [inflora.py] => [InfLoRA] DualGPM threshold: 0.9750
2026-07-27 20:21:02,581 [inflora.py] => [InfLoRA] Layer 1: 46/768 type remove
2026-07-27 20:21:02,581 [inflora.py] => [InfLoRA] Layer 2: 24/768 type remove
2026-07-27 20:21:02,581 [inflora.py] => [InfLoRA] Layer 3: 77/768 type remove
2026-07-27 20:21:02,581 [inflora.py] => [InfLoRA] Layer 4: 84/768 type remove
2026-07-27 20:21:02,581 [inflora.py] => [InfLoRA] Layer 5: 133/768 type remove
2026-07-27 20:21:02,581 [inflora.py] => [InfLoRA] Layer 6: 167/768 type remove
2026-07-27 20:21:02,581 [inflora.py] => [InfLoRA] Layer 7: 179/768 type remove
2026-07-27 20:21:02,581 [inflora.py] => [InfLoRA] Layer 8: 236/768 type remove
2026-07-27 20:21:02,581 [inflora.py] => [InfLoRA] Layer 9: 370/768 type remove
2026-07-27 20:21:02,581 [inflora.py] => [InfLoRA] Layer 10: 284/768 type retain
2026-07-27 20:21:02,581 [inflora.py] => [InfLoRA] Layer 11: 327/768 type retain
2026-07-27 20:21:02,581 [inflora.py] => [InfLoRA] Layer 12: 306/768 type retain
2026-07-27 20:21:50,707 [inflora.py] => [InfLoRA] DualGPM threshold: 0.9750
2026-07-27 20:21:51,944 [inflora.py] => [InfLoRA] Layer 1: 46/768 type remove
2026-07-27 20:21:51,944 [inflora.py] => [InfLoRA] Layer 2: 24/768 type remove
2026-07-27 20:21:51,944 [inflora.py] => [InfLoRA] Layer 3: 78/768 type remove
2026-07-27 20:21:51,944 [inflora.py] => [InfLoRA] Layer 4: 84/768 type remove
2026-07-27 20:21:51,944 [inflora.py] => [InfLoRA] Layer 5: 134/768 type remove
2026-07-27 20:21:51,944 [inflora.py] => [InfLoRA] Layer 6: 168/768 type remove
2026-07-27 20:21:51,944 [inflora.py] => [InfLoRA] Layer 7: 179/768 type remove
2026-07-27 20:21:51,944 [inflora.py] => [InfLoRA] Layer 8: 236/768 type remove
2026-07-27 20:21:51,944 [inflora.py] => [InfLoRA] Layer 9: 370/768 type remove
2026-07-27 20:21:51,944 [inflora.py] => [InfLoRA] Layer 10: 284/768 type retain
2026-07-27 20:21:51,944 [inflora.py] => [InfLoRA] Layer 11: 327/768 type retain
2026-07-27 20:21:51,944 [inflora.py] => [InfLoRA] Layer 12: 306/768 type retain
2026-07-27 20:22:40,319 [inflora.py] => [InfLoRA] DualGPM threshold: 0.9750
2026-07-27 20:22:41,573 [inflora.py] => [InfLoRA] Layer 1: 46/768 type remove
2026-07-27 20:22:41,573 [inflora.py] => [InfLoRA] Layer 2: 24/768 type remove
2026-07-27 20:22:41,573 [inflora.py] => [InfLoRA] Layer 3: 78/768 type remove
2026-07-27 20:22:41,573 [inflora.py] => [InfLoRA] Layer 4: 84/768 type remove
2026-07-27 20:22:41,573 [inflora.py] => [InfLoRA] Layer 5: 134/768 type remove
2026-07-27 20:22:41,573 [inflora.py] => [InfLoRA] Layer 6: 168/768 type remove
2026-07-27 20:22:41,573 [inflora.py] => [InfLoRA] Layer 7: 179/768 type remove
2026-07-27 20:22:41,573 [inflora.py] => [InfLoRA] Layer 8: 237/768 type remove
2026-07-27 20:22:41,573 [inflora.py] => [InfLoRA] Layer 9: 371/768 type remove
2026-07-27 20:22:41,573 [inflora.py] => [InfLoRA] Layer 10: 284/768 type retain
2026-07-27 20:22:41,573 [inflora.py] => [InfLoRA] Layer 11: 326/768 type retain
2026-07-27 20:22:41,573 [inflora.py] => [InfLoRA] Layer 12: 306/768 type retain
2026-07-27 20:23:29,849 [inflora.py] => [InfLoRA] DualGPM threshold: 0.9750
2026-07-27 20:23:31,104 [inflora.py] => [InfLoRA] Layer 1: 46/768 type remove
2026-07-27 20:23:31,104 [inflora.py] => [InfLoRA] Layer 2: 24/768 type remove
2026-07-27 20:23:31,104 [inflora.py] => [InfLoRA] Layer 3: 78/768 type remove
2026-07-27 20:23:31,104 [inflora.py] => [InfLoRA] Layer 4: 85/768 type remove
2026-07-27 20:23:31,104 [inflora.py] => [InfLoRA] Layer 5: 134/768 type remove
2026-07-27 20:23:31,104 [inflora.py] => [InfLoRA] Layer 6: 168/768 type remove
2026-07-27 20:23:31,104 [inflora.py] => [InfLoRA] Layer 7: 180/768 type remove
2026-07-27 20:23:31,104 [inflora.py] => [InfLoRA] Layer 8: 238/768 type remove
2026-07-27 20:23:31,104 [inflora.py] => [InfLoRA] Layer 9: 373/768 type remove
2026-07-27 20:23:31,104 [inflora.py] => [InfLoRA] Layer 10: 283/768 type retain
2026-07-27 20:23:31,104 [inflora.py] => [InfLoRA] Layer 11: 324/768 type retain
2026-07-27 20:23:31,104 [inflora.py] => [InfLoRA] Layer 12: 304/768 type retain
2026-07-27 20:24:19,174 [inflora.py] => [InfLoRA] DualGPM threshold: 0.9750
2026-07-27 20:24:20,390 [inflora.py] => [InfLoRA] Layer 1: 46/768 type remove
2026-07-27 20:24:20,390 [inflora.py] => [InfLoRA] Layer 2: 24/768 type remove
2026-07-27 20:24:20,390 [inflora.py] => [InfLoRA] Layer 3: 78/768 type remove
2026-07-27 20:24:20,390 [inflora.py] => [InfLoRA] Layer 4: 85/768 type remove
2026-07-27 20:24:20,390 [inflora.py] => [InfLoRA] Layer 5: 134/768 type remove
2026-07-27 20:24:20,390 [inflora.py] => [InfLoRA] Layer 6: 168/768 type remove
2026-07-27 20:24:20,390 [inflora.py] => [InfLoRA] Layer 7: 180/768 type remove
2026-07-27 20:24:20,390 [inflora.py] => [InfLoRA] Layer 8: 239/768 type remove
2026-07-27 20:24:20,390 [inflora.py] => [InfLoRA] Layer 9: 373/768 type remove
2026-07-27 20:24:20,390 [inflora.py] => [InfLoRA] Layer 10: 282/768 type retain
2026-07-27 20:24:20,390 [inflora.py] => [InfLoRA] Layer 11: 324/768 type retain
2026-07-27 20:24:20,390 [inflora.py] => [InfLoRA] Layer 12: 304/768 type retain
2026-07-27 20:24:41,921 [bounded_memory_mixin.py] => [bounded_mem eval] volume 0.80 | cycle 193 | classes_seen 810 | CIL top1 43.14 | top5 72.52 | (nearest latent task ~80) | param_hash 5e3fa5a7f41548c8 | per-task [39.39, 34.52, 56.5, 32.66, 45.23, 32.66, 49.49, 48.48, 40.1, 62.56, 58.29, 53.77, 57.5, 57.58, 30.15, 43.5, 58.0, 43.94, 63.5, 29.8, 45.96, 34.85, 43.72, 53.06, 30.3, 52.5, 51.0, 47.21, 44.22, 37.5, 46.23, 28.64, 44.5, 30.81, 45.23, 62.81, 55.84, 29.0, 60.5, 38.19, 61.0, 25.64, 52.26, 36.0, 35.68, 30.96, 39.39, 61.5, 55.5, 41.71, 34.01, 51.26, 29.65, 45.0, 24.12, 72.22, 59.0, 46.73, 25.63, 18.18, 25.0, 44.95, 33.33, 38.58, 44.16, 54.04, 23.35, 46.97, 40.7, 37.0, 24.87, 35.18, 44.72, 40.72, 60.0, 31.66, 44.5, 50.51, 50.25, 57.58, 0.0]
2026-07-27 20:25:29,685 [inflora.py] => [InfLoRA] DualGPM threshold: 0.9750
2026-07-27 20:25:30,914 [inflora.py] => [InfLoRA] Layer 1: 46/768 type remove
2026-07-27 20:25:30,914 [inflora.py] => [InfLoRA] Layer 2: 24/768 type remove
2026-07-27 20:25:30,914 [inflora.py] => [InfLoRA] Layer 3: 78/768 type remove
2026-07-27 20:25:30,914 [inflora.py] => [InfLoRA] Layer 4: 85/768 type remove
2026-07-27 20:25:30,914 [inflora.py] => [InfLoRA] Layer 5: 134/768 type remove
2026-07-27 20:25:30,914 [inflora.py] => [InfLoRA] Layer 6: 169/768 type remove
2026-07-27 20:25:30,914 [inflora.py] => [InfLoRA] Layer 7: 181/768 type remove
2026-07-27 20:25:30,914 [inflora.py] => [InfLoRA] Layer 8: 239/768 type remove
2026-07-27 20:25:30,914 [inflora.py] => [InfLoRA] Layer 9: 373/768 type remove
2026-07-27 20:25:30,914 [inflora.py] => [InfLoRA] Layer 10: 282/768 type retain
2026-07-27 20:25:30,914 [inflora.py] => [InfLoRA] Layer 11: 324/768 type retain
2026-07-27 20:25:30,914 [inflora.py] => [InfLoRA] Layer 12: 304/768 type retain
2026-07-27 20:26:18,728 [inflora.py] => [InfLoRA] DualGPM threshold: 0.9750
2026-07-27 20:26:19,957 [inflora.py] => [InfLoRA] Layer 1: 46/768 type remove
2026-07-27 20:26:19,957 [inflora.py] => [InfLoRA] Layer 2: 24/768 type remove
2026-07-27 20:26:19,957 [inflora.py] => [InfLoRA] Layer 3: 78/768 type remove
2026-07-27 20:26:19,957 [inflora.py] => [InfLoRA] Layer 4: 85/768 type remove
2026-07-27 20:26:19,957 [inflora.py] => [InfLoRA] Layer 5: 134/768 type remove
2026-07-27 20:26:19,957 [inflora.py] => [InfLoRA] Layer 6: 169/768 type remove
2026-07-27 20:26:19,957 [inflora.py] => [InfLoRA] Layer 7: 181/768 type remove
2026-07-27 20:26:19,957 [inflora.py] => [InfLoRA] Layer 8: 240/768 type remove
2026-07-27 20:26:19,957 [inflora.py] => [InfLoRA] Layer 9: 374/768 type remove
2026-07-27 20:26:19,957 [inflora.py] => [InfLoRA] Layer 10: 282/768 type retain
2026-07-27 20:26:19,957 [inflora.py] => [InfLoRA] Layer 11: 323/768 type retain
2026-07-27 20:26:19,957 [inflora.py] => [InfLoRA] Layer 12: 304/768 type retain
2026-07-27 20:27:08,016 [inflora.py] => [InfLoRA] DualGPM threshold: 0.9750
2026-07-27 20:27:09,215 [inflora.py] => [InfLoRA] Layer 1: 46/768 type remove
2026-07-27 20:27:09,216 [inflora.py] => [InfLoRA] Layer 2: 24/768 type remove
2026-07-27 20:27:09,216 [inflora.py] => [InfLoRA] Layer 3: 78/768 type remove
2026-07-27 20:27:09,216 [inflora.py] => [InfLoRA] Layer 4: 85/768 type remove
2026-07-27 20:27:09,216 [inflora.py] => [InfLoRA] Layer 5: 134/768 type remove
2026-07-27 20:27:09,216 [inflora.py] => [InfLoRA] Layer 6: 169/768 type remove
2026-07-27 20:27:09,216 [inflora.py] => [InfLoRA] Layer 7: 181/768 type remove
2026-07-27 20:27:09,216 [inflora.py] => [InfLoRA] Layer 8: 240/768 type remove
2026-07-27 20:27:09,216 [inflora.py] => [InfLoRA] Layer 9: 374/768 type remove
2026-07-27 20:27:09,216 [inflora.py] => [InfLoRA] Layer 10: 282/768 type retain
2026-07-27 20:27:09,216 [inflora.py] => [InfLoRA] Layer 11: 323/768 type retain
2026-07-27 20:27:09,216 [inflora.py] => [InfLoRA] Layer 12: 304/768 type retain
2026-07-27 20:27:57,393 [inflora.py] => [InfLoRA] DualGPM threshold: 0.9750
2026-07-27 20:27:58,608 [inflora.py] => [InfLoRA] Layer 1: 46/768 type remove
2026-07-27 20:27:58,608 [inflora.py] => [InfLoRA] Layer 2: 24/768 type remove
2026-07-27 20:27:58,608 [inflora.py] => [InfLoRA] Layer 3: 78/768 type remove
2026-07-27 20:27:58,608 [inflora.py] => [InfLoRA] Layer 4: 85/768 type remove
2026-07-27 20:27:58,608 [inflora.py] => [InfLoRA] Layer 5: 135/768 type remove
2026-07-27 20:27:58,608 [inflora.py] => [InfLoRA] Layer 6: 169/768 type remove
2026-07-27 20:27:58,608 [inflora.py] => [InfLoRA] Layer 7: 181/768 type remove
2026-07-27 20:27:58,608 [inflora.py] => [InfLoRA] Layer 8: 240/768 type remove
2026-07-27 20:27:58,608 [inflora.py] => [InfLoRA] Layer 9: 374/768 type remove
2026-07-27 20:27:58,608 [inflora.py] => [InfLoRA] Layer 10: 282/768 type retain
2026-07-27 20:27:58,608 [inflora.py] => [InfLoRA] Layer 11: 323/768 type retain
2026-07-27 20:27:58,608 [inflora.py] => [InfLoRA] Layer 12: 303/768 type retain
2026-07-27 20:28:46,863 [inflora.py] => [InfLoRA] DualGPM threshold: 0.9750
2026-07-27 20:28:48,069 [inflora.py] => [InfLoRA] Layer 1: 46/768 type remove
2026-07-27 20:28:48,069 [inflora.py] => [InfLoRA] Layer 2: 24/768 type remove
2026-07-27 20:28:48,069 [inflora.py] => [InfLoRA] Layer 3: 78/768 type remove
2026-07-27 20:28:48,069 [inflora.py] => [InfLoRA] Layer 4: 85/768 type remove
2026-07-27 20:28:48,069 [inflora.py] => [InfLoRA] Layer 5: 135/768 type remove
2026-07-27 20:28:48,069 [inflora.py] => [InfLoRA] Layer 6: 170/768 type remove
2026-07-27 20:28:48,069 [inflora.py] => [InfLoRA] Layer 7: 182/768 type remove
2026-07-27 20:28:48,069 [inflora.py] => [InfLoRA] Layer 8: 240/768 type remove
2026-07-27 20:28:48,069 [inflora.py] => [InfLoRA] Layer 9: 374/768 type remove
2026-07-27 20:28:48,069 [inflora.py] => [InfLoRA] Layer 10: 282/768 type retain
2026-07-27 20:28:48,069 [inflora.py] => [InfLoRA] Layer 11: 323/768 type retain
2026-07-27 20:28:48,069 [inflora.py] => [InfLoRA] Layer 12: 303/768 type retain
2026-07-27 20:29:36,335 [inflora.py] => [InfLoRA] DualGPM threshold: 0.9750
2026-07-27 20:29:37,580 [inflora.py] => [InfLoRA] Layer 1: 46/768 type remove
2026-07-27 20:29:37,580 [inflora.py] => [InfLoRA] Layer 2: 24/768 type remove
2026-07-27 20:29:37,580 [inflora.py] => [InfLoRA] Layer 3: 79/768 type remove
2026-07-27 20:29:37,580 [inflora.py] => [InfLoRA] Layer 4: 86/768 type remove
2026-07-27 20:29:37,580 [inflora.py] => [InfLoRA] Layer 5: 136/768 type remove
2026-07-27 20:29:37,580 [inflora.py] => [InfLoRA] Layer 6: 171/768 type remove
2026-07-27 20:29:37,580 [inflora.py] => [InfLoRA] Layer 7: 182/768 type remove
2026-07-27 20:29:37,580 [inflora.py] => [InfLoRA] Layer 8: 241/768 type remove
2026-07-27 20:29:37,580 [inflora.py] => [InfLoRA] Layer 9: 375/768 type remove
2026-07-27 20:29:37,580 [inflora.py] => [InfLoRA] Layer 10: 281/768 type retain
2026-07-27 20:29:37,580 [inflora.py] => [InfLoRA] Layer 11: 322/768 type retain
2026-07-27 20:29:37,580 [inflora.py] => [InfLoRA] Layer 12: 302/768 type retain
2026-07-27 20:30:25,639 [inflora.py] => [InfLoRA] DualGPM threshold: 0.9750
2026-07-27 20:30:26,891 [inflora.py] => [InfLoRA] Layer 1: 46/768 type remove
2026-07-27 20:30:26,891 [inflora.py] => [InfLoRA] Layer 2: 24/768 type remove
2026-07-27 20:30:26,891 [inflora.py] => [InfLoRA] Layer 3: 79/768 type remove
2026-07-27 20:30:26,891 [inflora.py] => [InfLoRA] Layer 4: 86/768 type remove
2026-07-27 20:30:26,891 [inflora.py] => [InfLoRA] Layer 5: 136/768 type remove
2026-07-27 20:30:26,891 [inflora.py] => [InfLoRA] Layer 6: 171/768 type remove
2026-07-27 20:30:26,891 [inflora.py] => [InfLoRA] Layer 7: 183/768 type remove
2026-07-27 20:30:26,891 [inflora.py] => [InfLoRA] Layer 8: 241/768 type remove
2026-07-27 20:30:26,891 [inflora.py] => [InfLoRA] Layer 9: 376/768 type remove
2026-07-27 20:30:26,891 [inflora.py] => [InfLoRA] Layer 10: 280/768 type retain
2026-07-27 20:30:26,891 [inflora.py] => [InfLoRA] Layer 11: 321/768 type retain
2026-07-27 20:30:26,891 [inflora.py] => [InfLoRA] Layer 12: 302/768 type retain
2026-07-27 20:31:14,804 [inflora.py] => [InfLoRA] DualGPM threshold: 0.9750
2026-07-27 20:31:16,038 [inflora.py] => [InfLoRA] Layer 1: 46/768 type remove
2026-07-27 20:31:16,038 [inflora.py] => [InfLoRA] Layer 2: 24/768 type remove
2026-07-27 20:31:16,038 [inflora.py] => [InfLoRA] Layer 3: 79/768 type remove
2026-07-27 20:31:16,038 [inflora.py] => [InfLoRA] Layer 4: 86/768 type remove
2026-07-27 20:31:16,038 [inflora.py] => [InfLoRA] Layer 5: 136/768 type remove
2026-07-27 20:31:16,038 [inflora.py] => [InfLoRA] Layer 6: 171/768 type remove
2026-07-27 20:31:16,038 [inflora.py] => [InfLoRA] Layer 7: 183/768 type remove
2026-07-27 20:31:16,038 [inflora.py] => [InfLoRA] Layer 8: 241/768 type remove
2026-07-27 20:31:16,038 [inflora.py] => [InfLoRA] Layer 9: 376/768 type remove
2026-07-27 20:31:16,038 [inflora.py] => [InfLoRA] Layer 10: 280/768 type retain
2026-07-27 20:31:16,038 [inflora.py] => [InfLoRA] Layer 11: 321/768 type retain
2026-07-27 20:31:16,038 [inflora.py] => [InfLoRA] Layer 12: 302/768 type retain
2026-07-27 20:32:04,326 [inflora.py] => [InfLoRA] DualGPM threshold: 0.9750
2026-07-27 20:32:05,562 [inflora.py] => [InfLoRA] Layer 1: 46/768 type remove
2026-07-27 20:32:05,562 [inflora.py] => [InfLoRA] Layer 2: 24/768 type remove
2026-07-27 20:32:05,562 [inflora.py] => [InfLoRA] Layer 3: 79/768 type remove
2026-07-27 20:32:05,562 [inflora.py] => [InfLoRA] Layer 4: 86/768 type remove
2026-07-27 20:32:05,562 [inflora.py] => [InfLoRA] Layer 5: 136/768 type remove
2026-07-27 20:32:05,562 [inflora.py] => [InfLoRA] Layer 6: 171/768 type remove
2026-07-27 20:32:05,562 [inflora.py] => [InfLoRA] Layer 7: 183/768 type remove
2026-07-27 20:32:05,562 [inflora.py] => [InfLoRA] Layer 8: 241/768 type remove
2026-07-27 20:32:05,562 [inflora.py] => [InfLoRA] Layer 9: 376/768 type remove
2026-07-27 20:32:05,562 [inflora.py] => [InfLoRA] Layer 10: 279/768 type retain
2026-07-27 20:32:05,562 [inflora.py] => [InfLoRA] Layer 11: 321/768 type retain
2026-07-27 20:32:05,562 [inflora.py] => [InfLoRA] Layer 12: 302/768 type retain
2026-07-27 20:32:53,627 [inflora.py] => [InfLoRA] DualGPM threshold: 0.9750
2026-07-27 20:32:54,868 [inflora.py] => [InfLoRA] Layer 1: 46/768 type remove
2026-07-27 20:32:54,868 [inflora.py] => [InfLoRA] Layer 2: 24/768 type remove
2026-07-27 20:32:54,868 [inflora.py] => [InfLoRA] Layer 3: 79/768 type remove
2026-07-27 20:32:54,868 [inflora.py] => [InfLoRA] Layer 4: 86/768 type remove
2026-07-27 20:32:54,869 [inflora.py] => [InfLoRA] Layer 5: 137/768 type remove
2026-07-27 20:32:54,869 [inflora.py] => [InfLoRA] Layer 6: 172/768 type remove
2026-07-27 20:32:54,869 [inflora.py] => [InfLoRA] Layer 7: 184/768 type remove
2026-07-27 20:32:54,869 [inflora.py] => [InfLoRA] Layer 8: 242/768 type remove
2026-07-27 20:32:54,869 [inflora.py] => [InfLoRA] Layer 9: 377/768 type remove
2026-07-27 20:32:54,869 [inflora.py] => [InfLoRA] Layer 10: 279/768 type retain
2026-07-27 20:32:54,869 [inflora.py] => [InfLoRA] Layer 11: 320/768 type retain
2026-07-27 20:32:54,869 [inflora.py] => [InfLoRA] Layer 12: 302/768 type retain
2026-07-27 20:33:42,812 [inflora.py] => [InfLoRA] DualGPM threshold: 0.9750
2026-07-27 20:33:44,047 [inflora.py] => [InfLoRA] Layer 1: 46/768 type remove
2026-07-27 20:33:44,047 [inflora.py] => [InfLoRA] Layer 2: 24/768 type remove
2026-07-27 20:33:44,047 [inflora.py] => [InfLoRA] Layer 3: 79/768 type remove
2026-07-27 20:33:44,047 [inflora.py] => [InfLoRA] Layer 4: 86/768 type remove
2026-07-27 20:33:44,047 [inflora.py] => [InfLoRA] Layer 5: 137/768 type remove
2026-07-27 20:33:44,047 [inflora.py] => [InfLoRA] Layer 6: 172/768 type remove
2026-07-27 20:33:44,047 [inflora.py] => [InfLoRA] Layer 7: 185/768 type remove
2026-07-27 20:33:44,047 [inflora.py] => [InfLoRA] Layer 8: 243/768 type remove
2026-07-27 20:33:44,047 [inflora.py] => [InfLoRA] Layer 9: 378/768 type remove
2026-07-27 20:33:44,047 [inflora.py] => [InfLoRA] Layer 10: 278/768 type retain
2026-07-27 20:33:44,047 [inflora.py] => [InfLoRA] Layer 11: 319/768 type retain
2026-07-27 20:33:44,047 [inflora.py] => [InfLoRA] Layer 12: 301/768 type retain
2026-07-27 20:34:32,231 [inflora.py] => [InfLoRA] DualGPM threshold: 0.9750
2026-07-27 20:34:33,416 [inflora.py] => [InfLoRA] Layer 1: 46/768 type remove
2026-07-27 20:34:33,416 [inflora.py] => [InfLoRA] Layer 2: 24/768 type remove
2026-07-27 20:34:33,416 [inflora.py] => [InfLoRA] Layer 3: 79/768 type remove
2026-07-27 20:34:33,416 [inflora.py] => [InfLoRA] Layer 4: 86/768 type remove
2026-07-27 20:34:33,416 [inflora.py] => [InfLoRA] Layer 5: 137/768 type remove
2026-07-27 20:34:33,416 [inflora.py] => [InfLoRA] Layer 6: 173/768 type remove
2026-07-27 20:34:33,416 [inflora.py] => [InfLoRA] Layer 7: 185/768 type remove
2026-07-27 20:34:33,416 [inflora.py] => [InfLoRA] Layer 8: 243/768 type remove
2026-07-27 20:34:33,416 [inflora.py] => [InfLoRA] Layer 9: 378/768 type remove
2026-07-27 20:34:33,416 [inflora.py] => [InfLoRA] Layer 10: 278/768 type retain
2026-07-27 20:34:33,416 [inflora.py] => [InfLoRA] Layer 11: 319/768 type retain
2026-07-27 20:34:33,416 [inflora.py] => [InfLoRA] Layer 12: 300/768 type retain
2026-07-27 20:35:21,573 [inflora.py] => [InfLoRA] DualGPM threshold: 0.9750
2026-07-27 20:35:22,779 [inflora.py] => [InfLoRA] Layer 1: 46/768 type remove
2026-07-27 20:35:22,779 [inflora.py] => [InfLoRA] Layer 2: 24/768 type remove
2026-07-27 20:35:22,780 [inflora.py] => [InfLoRA] Layer 3: 79/768 type remove
2026-07-27 20:35:22,780 [inflora.py] => [InfLoRA] Layer 4: 86/768 type remove
2026-07-27 20:35:22,780 [inflora.py] => [InfLoRA] Layer 5: 137/768 type remove
2026-07-27 20:35:22,780 [inflora.py] => [InfLoRA] Layer 6: 173/768 type remove
2026-07-27 20:35:22,780 [inflora.py] => [InfLoRA] Layer 7: 185/768 type remove
2026-07-27 20:35:22,780 [inflora.py] => [InfLoRA] Layer 8: 243/768 type remove
2026-07-27 20:35:22,780 [inflora.py] => [InfLoRA] Layer 9: 378/768 type remove
2026-07-27 20:35:22,780 [inflora.py] => [InfLoRA] Layer 10: 278/768 type retain
2026-07-27 20:35:22,780 [inflora.py] => [InfLoRA] Layer 11: 319/768 type retain
2026-07-27 20:35:22,780 [inflora.py] => [InfLoRA] Layer 12: 299/768 type retain
2026-07-27 20:36:10,902 [inflora.py] => [InfLoRA] DualGPM threshold: 0.9750
2026-07-27 20:36:12,167 [inflora.py] => [InfLoRA] Layer 1: 46/768 type remove
2026-07-27 20:36:12,167 [inflora.py] => [InfLoRA] Layer 2: 24/768 type remove
2026-07-27 20:36:12,167 [inflora.py] => [InfLoRA] Layer 3: 79/768 type remove
2026-07-27 20:36:12,167 [inflora.py] => [InfLoRA] Layer 4: 87/768 type remove
2026-07-27 20:36:12,167 [inflora.py] => [InfLoRA] Layer 5: 137/768 type remove
2026-07-27 20:36:12,167 [inflora.py] => [InfLoRA] Layer 6: 173/768 type remove
2026-07-27 20:36:12,167 [inflora.py] => [InfLoRA] Layer 7: 185/768 type remove
2026-07-27 20:36:12,167 [inflora.py] => [InfLoRA] Layer 8: 243/768 type remove
2026-07-27 20:36:12,167 [inflora.py] => [InfLoRA] Layer 9: 378/768 type remove
2026-07-27 20:36:12,167 [inflora.py] => [InfLoRA] Layer 10: 278/768 type retain
2026-07-27 20:36:12,167 [inflora.py] => [InfLoRA] Layer 11: 319/768 type retain
2026-07-27 20:36:12,167 [inflora.py] => [InfLoRA] Layer 12: 299/768 type retain
2026-07-27 20:37:00,136 [inflora.py] => [InfLoRA] DualGPM threshold: 0.9750
2026-07-27 20:37:01,413 [inflora.py] => [InfLoRA] Layer 1: 46/768 type remove
2026-07-27 20:37:01,413 [inflora.py] => [InfLoRA] Layer 2: 24/768 type remove
2026-07-27 20:37:01,413 [inflora.py] => [InfLoRA] Layer 3: 79/768 type remove
2026-07-27 20:37:01,413 [inflora.py] => [InfLoRA] Layer 4: 87/768 type remove
2026-07-27 20:37:01,413 [inflora.py] => [InfLoRA] Layer 5: 138/768 type remove
2026-07-27 20:37:01,413 [inflora.py] => [InfLoRA] Layer 6: 174/768 type remove
2026-07-27 20:37:01,413 [inflora.py] => [InfLoRA] Layer 7: 185/768 type remove
2026-07-27 20:37:01,413 [inflora.py] => [InfLoRA] Layer 8: 243/768 type remove
2026-07-27 20:37:01,413 [inflora.py] => [InfLoRA] Layer 9: 378/768 type remove
2026-07-27 20:37:01,413 [inflora.py] => [InfLoRA] Layer 10: 278/768 type retain
2026-07-27 20:37:01,413 [inflora.py] => [InfLoRA] Layer 11: 319/768 type retain
2026-07-27 20:37:01,413 [inflora.py] => [InfLoRA] Layer 12: 299/768 type retain
2026-07-27 20:37:49,081 [inflora.py] => [InfLoRA] DualGPM threshold: 0.9750
2026-07-27 20:37:50,368 [inflora.py] => [InfLoRA] Layer 1: 46/768 type remove
2026-07-27 20:37:50,369 [inflora.py] => [InfLoRA] Layer 2: 24/768 type remove
2026-07-27 20:37:50,369 [inflora.py] => [InfLoRA] Layer 3: 80/768 type remove
2026-07-27 20:37:50,369 [inflora.py] => [InfLoRA] Layer 4: 87/768 type remove
2026-07-27 20:37:50,369 [inflora.py] => [InfLoRA] Layer 5: 138/768 type remove
2026-07-27 20:37:50,369 [inflora.py] => [InfLoRA] Layer 6: 174/768 type remove
2026-07-27 20:37:50,369 [inflora.py] => [InfLoRA] Layer 7: 186/768 type remove
2026-07-27 20:37:50,369 [inflora.py] => [InfLoRA] Layer 8: 244/768 type remove
2026-07-27 20:37:50,369 [inflora.py] => [InfLoRA] Layer 9: 379/768 type remove
2026-07-27 20:37:50,369 [inflora.py] => [InfLoRA] Layer 10: 277/768 type retain
2026-07-27 20:37:50,369 [inflora.py] => [InfLoRA] Layer 11: 318/768 type retain
2026-07-27 20:37:50,369 [inflora.py] => [InfLoRA] Layer 12: 299/768 type retain
2026-07-27 20:38:38,029 [inflora.py] => [InfLoRA] DualGPM threshold: 0.9750
2026-07-27 20:38:39,303 [inflora.py] => [InfLoRA] Layer 1: 46/768 type remove
2026-07-27 20:38:39,303 [inflora.py] => [InfLoRA] Layer 2: 24/768 type remove
2026-07-27 20:38:39,303 [inflora.py] => [InfLoRA] Layer 3: 80/768 type remove
2026-07-27 20:38:39,303 [inflora.py] => [InfLoRA] Layer 4: 88/768 type remove
2026-07-27 20:38:39,303 [inflora.py] => [InfLoRA] Layer 5: 138/768 type remove
2026-07-27 20:38:39,303 [inflora.py] => [InfLoRA] Layer 6: 175/768 type remove
2026-07-27 20:38:39,303 [inflora.py] => [InfLoRA] Layer 7: 186/768 type remove
2026-07-27 20:38:39,303 [inflora.py] => [InfLoRA] Layer 8: 244/768 type remove
2026-07-27 20:38:39,303 [inflora.py] => [InfLoRA] Layer 9: 379/768 type remove
2026-07-27 20:38:39,303 [inflora.py] => [InfLoRA] Layer 10: 277/768 type retain
2026-07-27 20:38:39,304 [inflora.py] => [InfLoRA] Layer 11: 318/768 type retain
2026-07-27 20:38:39,304 [inflora.py] => [InfLoRA] Layer 12: 299/768 type retain
2026-07-27 20:39:27,680 [inflora.py] => [InfLoRA] DualGPM threshold: 0.9750
2026-07-27 20:39:28,985 [inflora.py] => [InfLoRA] Layer 1: 46/768 type remove
2026-07-27 20:39:28,985 [inflora.py] => [InfLoRA] Layer 2: 24/768 type remove
2026-07-27 20:39:28,985 [inflora.py] => [InfLoRA] Layer 3: 80/768 type remove
2026-07-27 20:39:28,985 [inflora.py] => [InfLoRA] Layer 4: 88/768 type remove
2026-07-27 20:39:28,985 [inflora.py] => [InfLoRA] Layer 5: 138/768 type remove
2026-07-27 20:39:28,986 [inflora.py] => [InfLoRA] Layer 6: 175/768 type remove
2026-07-27 20:39:28,986 [inflora.py] => [InfLoRA] Layer 7: 186/768 type remove
2026-07-27 20:39:28,986 [inflora.py] => [InfLoRA] Layer 8: 245/768 type remove
2026-07-27 20:39:28,986 [inflora.py] => [InfLoRA] Layer 9: 379/768 type remove
2026-07-27 20:39:28,986 [inflora.py] => [InfLoRA] Layer 10: 277/768 type retain
2026-07-27 20:39:28,986 [inflora.py] => [InfLoRA] Layer 11: 317/768 type retain
2026-07-27 20:39:28,986 [inflora.py] => [InfLoRA] Layer 12: 298/768 type retain
2026-07-27 20:40:16,931 [inflora.py] => [InfLoRA] DualGPM threshold: 0.9750
2026-07-27 20:40:18,219 [inflora.py] => [InfLoRA] Layer 1: 46/768 type remove
2026-07-27 20:40:18,219 [inflora.py] => [InfLoRA] Layer 2: 24/768 type remove
2026-07-27 20:40:18,219 [inflora.py] => [InfLoRA] Layer 3: 80/768 type remove
2026-07-27 20:40:18,219 [inflora.py] => [InfLoRA] Layer 4: 88/768 type remove
2026-07-27 20:40:18,219 [inflora.py] => [InfLoRA] Layer 5: 139/768 type remove
2026-07-27 20:40:18,219 [inflora.py] => [InfLoRA] Layer 6: 176/768 type remove
2026-07-27 20:40:18,219 [inflora.py] => [InfLoRA] Layer 7: 188/768 type remove
2026-07-27 20:40:18,219 [inflora.py] => [InfLoRA] Layer 8: 247/768 type remove
2026-07-27 20:40:18,219 [inflora.py] => [InfLoRA] Layer 9: 382/768 type remove
2026-07-27 20:40:18,219 [inflora.py] => [InfLoRA] Layer 10: 276/768 type retain
2026-07-27 20:40:18,219 [inflora.py] => [InfLoRA] Layer 11: 315/768 type retain
2026-07-27 20:40:18,219 [inflora.py] => [InfLoRA] Layer 12: 297/768 type retain
2026-07-27 20:41:06,543 [inflora.py] => [InfLoRA] DualGPM threshold: 0.9750
2026-07-27 20:41:07,780 [inflora.py] => [InfLoRA] Layer 1: 46/768 type remove
2026-07-27 20:41:07,780 [inflora.py] => [InfLoRA] Layer 2: 24/768 type remove
2026-07-27 20:41:07,780 [inflora.py] => [InfLoRA] Layer 3: 80/768 type remove
2026-07-27 20:41:07,780 [inflora.py] => [InfLoRA] Layer 4: 88/768 type remove
2026-07-27 20:41:07,780 [inflora.py] => [InfLoRA] Layer 5: 139/768 type remove
2026-07-27 20:41:07,780 [inflora.py] => [InfLoRA] Layer 6: 176/768 type remove
2026-07-27 20:41:07,780 [inflora.py] => [InfLoRA] Layer 7: 188/768 type remove
2026-07-27 20:41:07,780 [inflora.py] => [InfLoRA] Layer 8: 247/768 type remove
2026-07-27 20:41:07,780 [inflora.py] => [InfLoRA] Layer 9: 382/768 type remove
2026-07-27 20:41:07,780 [inflora.py] => [InfLoRA] Layer 10: 276/768 type retain
2026-07-27 20:41:07,780 [inflora.py] => [InfLoRA] Layer 11: 315/768 type retain
2026-07-27 20:41:07,780 [inflora.py] => [InfLoRA] Layer 12: 297/768 type retain
2026-07-27 20:41:55,543 [inflora.py] => [InfLoRA] DualGPM threshold: 0.9750
2026-07-27 20:41:56,781 [inflora.py] => [InfLoRA] Layer 1: 46/768 type remove
2026-07-27 20:41:56,781 [inflora.py] => [InfLoRA] Layer 2: 24/768 type remove
2026-07-27 20:41:56,781 [inflora.py] => [InfLoRA] Layer 3: 80/768 type remove
2026-07-27 20:41:56,781 [inflora.py] => [InfLoRA] Layer 4: 89/768 type remove
2026-07-27 20:41:56,781 [inflora.py] => [InfLoRA] Layer 5: 140/768 type remove
2026-07-27 20:41:56,781 [inflora.py] => [InfLoRA] Layer 6: 176/768 type remove
2026-07-27 20:41:56,781 [inflora.py] => [InfLoRA] Layer 7: 188/768 type remove
2026-07-27 20:41:56,781 [inflora.py] => [InfLoRA] Layer 8: 247/768 type remove
2026-07-27 20:41:56,781 [inflora.py] => [InfLoRA] Layer 9: 382/768 type remove
2026-07-27 20:41:56,781 [inflora.py] => [InfLoRA] Layer 10: 276/768 type retain
2026-07-27 20:41:56,781 [inflora.py] => [InfLoRA] Layer 11: 315/768 type retain
2026-07-27 20:41:56,781 [inflora.py] => [InfLoRA] Layer 12: 296/768 type retain
2026-07-27 20:42:45,087 [inflora.py] => [InfLoRA] DualGPM threshold: 0.9750
2026-07-27 20:42:46,411 [inflora.py] => [InfLoRA] Layer 1: 46/768 type remove
2026-07-27 20:42:46,411 [inflora.py] => [InfLoRA] Layer 2: 24/768 type remove
2026-07-27 20:42:46,411 [inflora.py] => [InfLoRA] Layer 3: 80/768 type remove
2026-07-27 20:42:46,411 [inflora.py] => [InfLoRA] Layer 4: 89/768 type remove
2026-07-27 20:42:46,411 [inflora.py] => [InfLoRA] Layer 5: 140/768 type remove
2026-07-27 20:42:46,411 [inflora.py] => [InfLoRA] Layer 6: 176/768 type remove
2026-07-27 20:42:46,411 [inflora.py] => [InfLoRA] Layer 7: 188/768 type remove
2026-07-27 20:42:46,411 [inflora.py] => [InfLoRA] Layer 8: 247/768 type remove
2026-07-27 20:42:46,411 [inflora.py] => [InfLoRA] Layer 9: 382/768 type remove
2026-07-27 20:42:46,411 [inflora.py] => [InfLoRA] Layer 10: 276/768 type retain
2026-07-27 20:42:46,411 [inflora.py] => [InfLoRA] Layer 11: 315/768 type retain
2026-07-27 20:42:46,411 [inflora.py] => [InfLoRA] Layer 12: 295/768 type retain
2026-07-27 20:43:34,395 [inflora.py] => [InfLoRA] DualGPM threshold: 0.9750
2026-07-27 20:43:35,694 [inflora.py] => [InfLoRA] Layer 1: 46/768 type remove
2026-07-27 20:43:35,694 [inflora.py] => [InfLoRA] Layer 2: 24/768 type remove
2026-07-27 20:43:35,694 [inflora.py] => [InfLoRA] Layer 3: 81/768 type remove
2026-07-27 20:43:35,694 [inflora.py] => [InfLoRA] Layer 4: 89/768 type remove
2026-07-27 20:43:35,694 [inflora.py] => [InfLoRA] Layer 5: 140/768 type remove
2026-07-27 20:43:35,694 [inflora.py] => [InfLoRA] Layer 6: 177/768 type remove
2026-07-27 20:43:35,694 [inflora.py] => [InfLoRA] Layer 7: 188/768 type remove
2026-07-27 20:43:35,694 [inflora.py] => [InfLoRA] Layer 8: 247/768 type remove
2026-07-27 20:43:35,694 [inflora.py] => [InfLoRA] Layer 9: 383/768 type remove
2026-07-27 20:43:35,695 [inflora.py] => [InfLoRA] Layer 10: 275/768 type retain
2026-07-27 20:43:35,695 [inflora.py] => [InfLoRA] Layer 11: 314/768 type retain
2026-07-27 20:43:35,695 [inflora.py] => [InfLoRA] Layer 12: 294/768 type retain
2026-07-27 20:44:24,069 [inflora.py] => [InfLoRA] DualGPM threshold: 0.9750
2026-07-27 20:44:25,282 [inflora.py] => [InfLoRA] Layer 1: 46/768 type remove
2026-07-27 20:44:25,282 [inflora.py] => [InfLoRA] Layer 2: 24/768 type remove
2026-07-27 20:44:25,282 [inflora.py] => [InfLoRA] Layer 3: 81/768 type remove
2026-07-27 20:44:25,282 [inflora.py] => [InfLoRA] Layer 4: 90/768 type remove
2026-07-27 20:44:25,282 [inflora.py] => [InfLoRA] Layer 5: 141/768 type remove
2026-07-27 20:44:25,282 [inflora.py] => [InfLoRA] Layer 6: 177/768 type remove
2026-07-27 20:44:25,282 [inflora.py] => [InfLoRA] Layer 7: 189/768 type remove
2026-07-27 20:44:25,282 [inflora.py] => [InfLoRA] Layer 8: 248/768 type remove
2026-07-27 20:44:25,282 [inflora.py] => [InfLoRA] Layer 9: 383/768 type remove
2026-07-27 20:44:25,282 [inflora.py] => [InfLoRA] Layer 10: 274/768 type retain
2026-07-27 20:44:25,282 [inflora.py] => [InfLoRA] Layer 11: 313/768 type retain
2026-07-27 20:44:25,282 [inflora.py] => [InfLoRA] Layer 12: 294/768 type retain
2026-07-27 20:44:49,179 [bounded_memory_mixin.py] => [bounded_mem eval] volume 0.90 | cycle 217 | classes_seen 900 | CIL top1 41.39 | top5 70.93 | (nearest latent task ~89) | param_hash 15ce487596d27a5a | per-task [33.84, 29.95, 53.5, 20.6, 45.73, 34.67, 53.03, 44.44, 38.58, 58.97, 50.75, 47.24, 48.0, 58.08, 27.64, 45.0, 54.0, 36.36, 61.5, 20.71, 44.44, 33.33, 39.7, 45.41, 30.3, 52.0, 52.0, 50.25, 39.7, 33.5, 39.2, 30.65, 45.0, 30.81, 44.22, 58.29, 55.33, 26.5, 64.0, 35.18, 57.5, 16.92, 52.76, 37.0, 30.65, 31.47, 35.86, 57.0, 48.0, 35.18, 30.46, 47.24, 32.16, 50.5, 28.64, 77.27, 61.5, 42.71, 29.15, 12.12, 16.5, 41.92, 31.28, 41.12, 41.12, 54.55, 19.8, 41.41, 43.22, 40.5, 25.38, 33.17, 43.72, 31.96, 60.0, 32.16, 43.0, 53.03, 48.73, 55.56, 18.18, 42.64, 39.5, 35.5, 42.21, 33.5, 21.5, 61.5, 58.0, 46.46]
2026-07-27 20:45:37,571 [inflora.py] => [InfLoRA] DualGPM threshold: 0.9750
2026-07-27 20:45:38,845 [inflora.py] => [InfLoRA] Layer 1: 46/768 type remove
2026-07-27 20:45:38,845 [inflora.py] => [InfLoRA] Layer 2: 24/768 type remove
2026-07-27 20:45:38,845 [inflora.py] => [InfLoRA] Layer 3: 81/768 type remove
2026-07-27 20:45:38,845 [inflora.py] => [InfLoRA] Layer 4: 90/768 type remove
2026-07-27 20:45:38,845 [inflora.py] => [InfLoRA] Layer 5: 141/768 type remove
2026-07-27 20:45:38,845 [inflora.py] => [InfLoRA] Layer 6: 177/768 type remove
2026-07-27 20:45:38,845 [inflora.py] => [InfLoRA] Layer 7: 189/768 type remove
2026-07-27 20:45:38,846 [inflora.py] => [InfLoRA] Layer 8: 248/768 type remove
2026-07-27 20:45:38,846 [inflora.py] => [InfLoRA] Layer 9: 383/768 type remove
2026-07-27 20:45:38,846 [inflora.py] => [InfLoRA] Layer 10: 274/768 type retain
2026-07-27 20:45:38,846 [inflora.py] => [InfLoRA] Layer 11: 313/768 type retain
2026-07-27 20:45:38,846 [inflora.py] => [InfLoRA] Layer 12: 294/768 type retain
2026-07-27 20:46:27,334 [inflora.py] => [InfLoRA] DualGPM threshold: 0.9750
2026-07-27 20:46:28,586 [inflora.py] => [InfLoRA] Layer 1: 46/768 type remove
2026-07-27 20:46:28,586 [inflora.py] => [InfLoRA] Layer 2: 24/768 type remove
2026-07-27 20:46:28,586 [inflora.py] => [InfLoRA] Layer 3: 81/768 type remove
2026-07-27 20:46:28,586 [inflora.py] => [InfLoRA] Layer 4: 90/768 type remove
2026-07-27 20:46:28,586 [inflora.py] => [InfLoRA] Layer 5: 141/768 type remove
2026-07-27 20:46:28,586 [inflora.py] => [InfLoRA] Layer 6: 177/768 type remove
2026-07-27 20:46:28,586 [inflora.py] => [InfLoRA] Layer 7: 189/768 type remove
2026-07-27 20:46:28,586 [inflora.py] => [InfLoRA] Layer 8: 248/768 type remove
2026-07-27 20:46:28,586 [inflora.py] => [InfLoRA] Layer 9: 383/768 type remove
2026-07-27 20:46:28,586 [inflora.py] => [InfLoRA] Layer 10: 274/768 type retain
2026-07-27 20:46:28,586 [inflora.py] => [InfLoRA] Layer 11: 313/768 type retain
2026-07-27 20:46:28,586 [inflora.py] => [InfLoRA] Layer 12: 294/768 type retain
2026-07-27 20:47:16,658 [inflora.py] => [InfLoRA] DualGPM threshold: 0.9750
2026-07-27 20:47:17,935 [inflora.py] => [InfLoRA] Layer 1: 46/768 type remove
2026-07-27 20:47:17,935 [inflora.py] => [InfLoRA] Layer 2: 24/768 type remove
2026-07-27 20:47:17,935 [inflora.py] => [InfLoRA] Layer 3: 81/768 type remove
2026-07-27 20:47:17,935 [inflora.py] => [InfLoRA] Layer 4: 90/768 type remove
2026-07-27 20:47:17,935 [inflora.py] => [InfLoRA] Layer 5: 141/768 type remove
2026-07-27 20:47:17,935 [inflora.py] => [InfLoRA] Layer 6: 177/768 type remove
2026-07-27 20:47:17,936 [inflora.py] => [InfLoRA] Layer 7: 189/768 type remove
2026-07-27 20:47:17,936 [inflora.py] => [InfLoRA] Layer 8: 248/768 type remove
2026-07-27 20:47:17,936 [inflora.py] => [InfLoRA] Layer 9: 383/768 type remove
2026-07-27 20:47:17,936 [inflora.py] => [InfLoRA] Layer 10: 274/768 type retain
2026-07-27 20:47:17,936 [inflora.py] => [InfLoRA] Layer 11: 313/768 type retain
2026-07-27 20:47:17,936 [inflora.py] => [InfLoRA] Layer 12: 294/768 type retain
2026-07-27 20:48:06,325 [inflora.py] => [InfLoRA] DualGPM threshold: 0.9750
2026-07-27 20:48:07,591 [inflora.py] => [InfLoRA] Layer 1: 46/768 type remove
2026-07-27 20:48:07,591 [inflora.py] => [InfLoRA] Layer 2: 24/768 type remove
2026-07-27 20:48:07,591 [inflora.py] => [InfLoRA] Layer 3: 81/768 type remove
2026-07-27 20:48:07,591 [inflora.py] => [InfLoRA] Layer 4: 90/768 type remove
2026-07-27 20:48:07,591 [inflora.py] => [InfLoRA] Layer 5: 141/768 type remove
2026-07-27 20:48:07,591 [inflora.py] => [InfLoRA] Layer 6: 177/768 type remove
2026-07-27 20:48:07,591 [inflora.py] => [InfLoRA] Layer 7: 189/768 type remove
2026-07-27 20:48:07,591 [inflora.py] => [InfLoRA] Layer 8: 248/768 type remove
2026-07-27 20:48:07,591 [inflora.py] => [InfLoRA] Layer 9: 383/768 type remove
2026-07-27 20:48:07,591 [inflora.py] => [InfLoRA] Layer 10: 274/768 type retain
2026-07-27 20:48:07,591 [inflora.py] => [InfLoRA] Layer 11: 313/768 type retain
2026-07-27 20:48:07,591 [inflora.py] => [InfLoRA] Layer 12: 294/768 type retain
2026-07-27 20:48:55,409 [inflora.py] => [InfLoRA] DualGPM threshold: 0.9750
2026-07-27 20:48:56,616 [inflora.py] => [InfLoRA] Layer 1: 46/768 type remove
2026-07-27 20:48:56,616 [inflora.py] => [InfLoRA] Layer 2: 24/768 type remove
2026-07-27 20:48:56,616 [inflora.py] => [InfLoRA] Layer 3: 81/768 type remove
2026-07-27 20:48:56,616 [inflora.py] => [InfLoRA] Layer 4: 91/768 type remove
2026-07-27 20:48:56,616 [inflora.py] => [InfLoRA] Layer 5: 142/768 type remove
2026-07-27 20:48:56,616 [inflora.py] => [InfLoRA] Layer 6: 178/768 type remove
2026-07-27 20:48:56,616 [inflora.py] => [InfLoRA] Layer 7: 190/768 type remove
2026-07-27 20:48:56,616 [inflora.py] => [InfLoRA] Layer 8: 248/768 type remove
2026-07-27 20:48:56,616 [inflora.py] => [InfLoRA] Layer 9: 383/768 type remove
2026-07-27 20:48:56,616 [inflora.py] => [InfLoRA] Layer 10: 274/768 type retain
2026-07-27 20:48:56,616 [inflora.py] => [InfLoRA] Layer 11: 313/768 type retain
2026-07-27 20:48:56,617 [inflora.py] => [InfLoRA] Layer 12: 294/768 type retain
2026-07-27 20:49:45,137 [inflora.py] => [InfLoRA] DualGPM threshold: 0.9750
2026-07-27 20:49:46,367 [inflora.py] => [InfLoRA] Layer 1: 46/768 type remove
2026-07-27 20:49:46,368 [inflora.py] => [InfLoRA] Layer 2: 24/768 type remove
2026-07-27 20:49:46,368 [inflora.py] => [InfLoRA] Layer 3: 81/768 type remove
2026-07-27 20:49:46,368 [inflora.py] => [InfLoRA] Layer 4: 91/768 type remove
2026-07-27 20:49:46,368 [inflora.py] => [InfLoRA] Layer 5: 142/768 type remove
2026-07-27 20:49:46,368 [inflora.py] => [InfLoRA] Layer 6: 178/768 type remove
2026-07-27 20:49:46,368 [inflora.py] => [InfLoRA] Layer 7: 190/768 type remove
2026-07-27 20:49:46,368 [inflora.py] => [InfLoRA] Layer 8: 249/768 type remove
2026-07-27 20:49:46,368 [inflora.py] => [InfLoRA] Layer 9: 384/768 type remove
2026-07-27 20:49:46,368 [inflora.py] => [InfLoRA] Layer 10: 273/768 type retain
2026-07-27 20:49:46,368 [inflora.py] => [InfLoRA] Layer 11: 311/768 type retain
2026-07-27 20:49:46,368 [inflora.py] => [InfLoRA] Layer 12: 293/768 type retain
2026-07-27 20:50:34,984 [inflora.py] => [InfLoRA] DualGPM threshold: 0.9750
2026-07-27 20:50:36,165 [inflora.py] => [InfLoRA] Layer 1: 46/768 type remove
2026-07-27 20:50:36,165 [inflora.py] => [InfLoRA] Layer 2: 24/768 type remove
2026-07-27 20:50:36,165 [inflora.py] => [InfLoRA] Layer 3: 81/768 type remove
2026-07-27 20:50:36,165 [inflora.py] => [InfLoRA] Layer 4: 91/768 type remove
2026-07-27 20:50:36,165 [inflora.py] => [InfLoRA] Layer 5: 142/768 type remove
2026-07-27 20:50:36,165 [inflora.py] => [InfLoRA] Layer 6: 178/768 type remove
2026-07-27 20:50:36,165 [inflora.py] => [InfLoRA] Layer 7: 190/768 type remove
2026-07-27 20:50:36,165 [inflora.py] => [InfLoRA] Layer 8: 249/768 type remove
2026-07-27 20:50:36,165 [inflora.py] => [InfLoRA] Layer 9: 384/768 type remove
2026-07-27 20:50:36,165 [inflora.py] => [InfLoRA] Layer 10: 273/768 type retain
2026-07-27 20:50:36,165 [inflora.py] => [InfLoRA] Layer 11: 311/768 type retain
2026-07-27 20:50:36,165 [inflora.py] => [InfLoRA] Layer 12: 293/768 type retain
2026-07-27 20:51:24,074 [inflora.py] => [InfLoRA] DualGPM threshold: 0.9750
2026-07-27 20:51:25,312 [inflora.py] => [InfLoRA] Layer 1: 46/768 type remove
2026-07-27 20:51:25,312 [inflora.py] => [InfLoRA] Layer 2: 24/768 type remove
2026-07-27 20:51:25,312 [inflora.py] => [InfLoRA] Layer 3: 81/768 type remove
2026-07-27 20:51:25,312 [inflora.py] => [InfLoRA] Layer 4: 91/768 type remove
2026-07-27 20:51:25,312 [inflora.py] => [InfLoRA] Layer 5: 142/768 type remove
2026-07-27 20:51:25,313 [inflora.py] => [InfLoRA] Layer 6: 178/768 type remove
2026-07-27 20:51:25,313 [inflora.py] => [InfLoRA] Layer 7: 190/768 type remove
2026-07-27 20:51:25,313 [inflora.py] => [InfLoRA] Layer 8: 249/768 type remove
2026-07-27 20:51:25,313 [inflora.py] => [InfLoRA] Layer 9: 384/768 type remove
2026-07-27 20:51:25,313 [inflora.py] => [InfLoRA] Layer 10: 273/768 type retain
2026-07-27 20:51:25,313 [inflora.py] => [InfLoRA] Layer 11: 311/768 type retain
2026-07-27 20:51:25,313 [inflora.py] => [InfLoRA] Layer 12: 292/768 type retain
2026-07-27 20:52:13,454 [inflora.py] => [InfLoRA] DualGPM threshold: 0.9750
2026-07-27 20:52:14,691 [inflora.py] => [InfLoRA] Layer 1: 46/768 type remove
2026-07-27 20:52:14,692 [inflora.py] => [InfLoRA] Layer 2: 24/768 type remove
2026-07-27 20:52:14,692 [inflora.py] => [InfLoRA] Layer 3: 82/768 type remove
2026-07-27 20:52:14,692 [inflora.py] => [InfLoRA] Layer 4: 92/768 type remove
2026-07-27 20:52:14,692 [inflora.py] => [InfLoRA] Layer 5: 143/768 type remove
2026-07-27 20:52:14,692 [inflora.py] => [InfLoRA] Layer 6: 179/768 type remove
2026-07-27 20:52:14,692 [inflora.py] => [InfLoRA] Layer 7: 191/768 type remove
2026-07-27 20:52:14,692 [inflora.py] => [InfLoRA] Layer 8: 250/768 type remove
2026-07-27 20:52:14,709 [inflora.py] => [InfLoRA] Layer 9: 383/768 type retain
2026-07-27 20:52:14,709 [inflora.py] => [InfLoRA] Layer 10: 272/768 type retain
2026-07-27 20:52:14,709 [inflora.py] => [InfLoRA] Layer 11: 310/768 type retain
2026-07-27 20:52:14,709 [inflora.py] => [InfLoRA] Layer 12: 292/768 type retain
2026-07-27 20:53:03,257 [inflora.py] => [InfLoRA] DualGPM threshold: 0.9750
2026-07-27 20:53:04,599 [inflora.py] => [InfLoRA] Layer 1: 46/768 type remove
2026-07-27 20:53:04,599 [inflora.py] => [InfLoRA] Layer 2: 24/768 type remove
2026-07-27 20:53:04,599 [inflora.py] => [InfLoRA] Layer 3: 82/768 type remove
2026-07-27 20:53:04,599 [inflora.py] => [InfLoRA] Layer 4: 92/768 type remove
2026-07-27 20:53:04,599 [inflora.py] => [InfLoRA] Layer 5: 143/768 type remove
2026-07-27 20:53:04,599 [inflora.py] => [InfLoRA] Layer 6: 179/768 type remove
2026-07-27 20:53:04,599 [inflora.py] => [InfLoRA] Layer 7: 191/768 type remove
2026-07-27 20:53:04,599 [inflora.py] => [InfLoRA] Layer 8: 250/768 type remove
2026-07-27 20:53:04,599 [inflora.py] => [InfLoRA] Layer 9: 383/768 type retain
2026-07-27 20:53:04,599 [inflora.py] => [InfLoRA] Layer 10: 272/768 type retain
2026-07-27 20:53:04,599 [inflora.py] => [InfLoRA] Layer 11: 310/768 type retain
2026-07-27 20:53:04,599 [inflora.py] => [InfLoRA] Layer 12: 291/768 type retain
2026-07-27 20:53:53,096 [inflora.py] => [InfLoRA] DualGPM threshold: 0.9750
2026-07-27 20:53:54,423 [inflora.py] => [InfLoRA] Layer 1: 46/768 type remove
2026-07-27 20:53:54,424 [inflora.py] => [InfLoRA] Layer 2: 24/768 type remove
2026-07-27 20:53:54,424 [inflora.py] => [InfLoRA] Layer 3: 82/768 type remove
2026-07-27 20:53:54,424 [inflora.py] => [InfLoRA] Layer 4: 92/768 type remove
2026-07-27 20:53:54,424 [inflora.py] => [InfLoRA] Layer 5: 144/768 type remove
2026-07-27 20:53:54,424 [inflora.py] => [InfLoRA] Layer 6: 180/768 type remove
2026-07-27 20:53:54,424 [inflora.py] => [InfLoRA] Layer 7: 192/768 type remove
2026-07-27 20:53:54,424 [inflora.py] => [InfLoRA] Layer 8: 251/768 type remove
2026-07-27 20:53:54,424 [inflora.py] => [InfLoRA] Layer 9: 382/768 type retain
2026-07-27 20:53:54,424 [inflora.py] => [InfLoRA] Layer 10: 271/768 type retain
2026-07-27 20:53:54,424 [inflora.py] => [InfLoRA] Layer 11: 309/768 type retain
2026-07-27 20:53:54,424 [inflora.py] => [InfLoRA] Layer 12: 290/768 type retain
2026-07-27 20:54:42,671 [inflora.py] => [InfLoRA] DualGPM threshold: 0.9750
2026-07-27 20:54:43,972 [inflora.py] => [InfLoRA] Layer 1: 46/768 type remove
2026-07-27 20:54:43,972 [inflora.py] => [InfLoRA] Layer 2: 24/768 type remove
2026-07-27 20:54:43,972 [inflora.py] => [InfLoRA] Layer 3: 82/768 type remove
2026-07-27 20:54:43,972 [inflora.py] => [InfLoRA] Layer 4: 92/768 type remove
2026-07-27 20:54:43,972 [inflora.py] => [InfLoRA] Layer 5: 144/768 type remove
2026-07-27 20:54:43,972 [inflora.py] => [InfLoRA] Layer 6: 180/768 type remove
2026-07-27 20:54:43,972 [inflora.py] => [InfLoRA] Layer 7: 192/768 type remove
2026-07-27 20:54:43,972 [inflora.py] => [InfLoRA] Layer 8: 251/768 type remove
2026-07-27 20:54:43,972 [inflora.py] => [InfLoRA] Layer 9: 382/768 type retain
2026-07-27 20:54:43,972 [inflora.py] => [InfLoRA] Layer 10: 271/768 type retain
2026-07-27 20:54:43,972 [inflora.py] => [InfLoRA] Layer 11: 309/768 type retain
2026-07-27 20:54:43,972 [inflora.py] => [InfLoRA] Layer 12: 290/768 type retain
2026-07-27 20:55:31,798 [inflora.py] => [InfLoRA] DualGPM threshold: 0.9750
2026-07-27 20:55:33,129 [inflora.py] => [InfLoRA] Layer 1: 46/768 type remove
2026-07-27 20:55:33,129 [inflora.py] => [InfLoRA] Layer 2: 24/768 type remove
2026-07-27 20:55:33,129 [inflora.py] => [InfLoRA] Layer 3: 82/768 type remove
2026-07-27 20:55:33,129 [inflora.py] => [InfLoRA] Layer 4: 92/768 type remove
2026-07-27 20:55:33,129 [inflora.py] => [InfLoRA] Layer 5: 144/768 type remove
2026-07-27 20:55:33,129 [inflora.py] => [InfLoRA] Layer 6: 181/768 type remove
2026-07-27 20:55:33,129 [inflora.py] => [InfLoRA] Layer 7: 193/768 type remove
2026-07-27 20:55:33,129 [inflora.py] => [InfLoRA] Layer 8: 252/768 type remove
2026-07-27 20:55:33,129 [inflora.py] => [InfLoRA] Layer 9: 381/768 type retain
2026-07-27 20:55:33,129 [inflora.py] => [InfLoRA] Layer 10: 270/768 type retain
2026-07-27 20:55:33,129 [inflora.py] => [InfLoRA] Layer 11: 308/768 type retain
2026-07-27 20:55:33,129 [inflora.py] => [InfLoRA] Layer 12: 288/768 type retain
2026-07-27 20:56:21,374 [inflora.py] => [InfLoRA] DualGPM threshold: 0.9750
2026-07-27 20:56:22,689 [inflora.py] => [InfLoRA] Layer 1: 46/768 type remove
2026-07-27 20:56:22,689 [inflora.py] => [InfLoRA] Layer 2: 24/768 type remove
2026-07-27 20:56:22,689 [inflora.py] => [InfLoRA] Layer 3: 82/768 type remove
2026-07-27 20:56:22,689 [inflora.py] => [InfLoRA] Layer 4: 92/768 type remove
2026-07-27 20:56:22,689 [inflora.py] => [InfLoRA] Layer 5: 145/768 type remove
2026-07-27 20:56:22,689 [inflora.py] => [InfLoRA] Layer 6: 181/768 type remove
2026-07-27 20:56:22,689 [inflora.py] => [InfLoRA] Layer 7: 193/768 type remove
2026-07-27 20:56:22,689 [inflora.py] => [InfLoRA] Layer 8: 253/768 type remove
2026-07-27 20:56:22,689 [inflora.py] => [InfLoRA] Layer 9: 381/768 type retain
2026-07-27 20:56:22,689 [inflora.py] => [InfLoRA] Layer 10: 270/768 type retain
2026-07-27 20:56:22,689 [inflora.py] => [InfLoRA] Layer 11: 307/768 type retain
2026-07-27 20:56:22,689 [inflora.py] => [InfLoRA] Layer 12: 287/768 type retain
2026-07-27 20:57:10,842 [inflora.py] => [InfLoRA] DualGPM threshold: 0.9750
2026-07-27 20:57:12,135 [inflora.py] => [InfLoRA] Layer 1: 46/768 type remove
2026-07-27 20:57:12,135 [inflora.py] => [InfLoRA] Layer 2: 24/768 type remove
2026-07-27 20:57:12,135 [inflora.py] => [InfLoRA] Layer 3: 82/768 type remove
2026-07-27 20:57:12,135 [inflora.py] => [InfLoRA] Layer 4: 92/768 type remove
2026-07-27 20:57:12,135 [inflora.py] => [InfLoRA] Layer 5: 145/768 type remove
2026-07-27 20:57:12,135 [inflora.py] => [InfLoRA] Layer 6: 182/768 type remove
2026-07-27 20:57:12,135 [inflora.py] => [InfLoRA] Layer 7: 194/768 type remove
2026-07-27 20:57:12,135 [inflora.py] => [InfLoRA] Layer 8: 254/768 type remove
2026-07-27 20:57:12,135 [inflora.py] => [InfLoRA] Layer 9: 380/768 type retain
2026-07-27 20:57:12,135 [inflora.py] => [InfLoRA] Layer 10: 269/768 type retain
2026-07-27 20:57:12,135 [inflora.py] => [InfLoRA] Layer 11: 306/768 type retain
2026-07-27 20:57:12,135 [inflora.py] => [InfLoRA] Layer 12: 286/768 type retain
2026-07-27 20:58:00,101 [inflora.py] => [InfLoRA] DualGPM threshold: 0.9750
2026-07-27 20:58:01,352 [inflora.py] => [InfLoRA] Layer 1: 46/768 type remove
2026-07-27 20:58:01,352 [inflora.py] => [InfLoRA] Layer 2: 24/768 type remove
2026-07-27 20:58:01,352 [inflora.py] => [InfLoRA] Layer 3: 82/768 type remove
2026-07-27 20:58:01,352 [inflora.py] => [InfLoRA] Layer 4: 92/768 type remove
2026-07-27 20:58:01,352 [inflora.py] => [InfLoRA] Layer 5: 146/768 type remove
2026-07-27 20:58:01,352 [inflora.py] => [InfLoRA] Layer 6: 182/768 type remove
2026-07-27 20:58:01,352 [inflora.py] => [InfLoRA] Layer 7: 195/768 type remove
2026-07-27 20:58:01,352 [inflora.py] => [InfLoRA] Layer 8: 255/768 type remove
2026-07-27 20:58:01,352 [inflora.py] => [InfLoRA] Layer 9: 379/768 type retain
2026-07-27 20:58:01,352 [inflora.py] => [InfLoRA] Layer 10: 269/768 type retain
2026-07-27 20:58:01,352 [inflora.py] => [InfLoRA] Layer 11: 306/768 type retain
2026-07-27 20:58:01,352 [inflora.py] => [InfLoRA] Layer 12: 285/768 type retain
2026-07-27 20:58:49,120 [inflora.py] => [InfLoRA] DualGPM threshold: 0.9750
2026-07-27 20:58:50,409 [inflora.py] => [InfLoRA] Layer 1: 46/768 type remove
2026-07-27 20:58:50,409 [inflora.py] => [InfLoRA] Layer 2: 24/768 type remove
2026-07-27 20:58:50,409 [inflora.py] => [InfLoRA] Layer 3: 82/768 type remove
2026-07-27 20:58:50,409 [inflora.py] => [InfLoRA] Layer 4: 92/768 type remove
2026-07-27 20:58:50,409 [inflora.py] => [InfLoRA] Layer 5: 146/768 type remove
2026-07-27 20:58:50,409 [inflora.py] => [InfLoRA] Layer 6: 182/768 type remove
2026-07-27 20:58:50,409 [inflora.py] => [InfLoRA] Layer 7: 195/768 type remove
2026-07-27 20:58:50,409 [inflora.py] => [InfLoRA] Layer 8: 255/768 type remove
2026-07-27 20:58:50,409 [inflora.py] => [InfLoRA] Layer 9: 379/768 type retain
2026-07-27 20:58:50,409 [inflora.py] => [InfLoRA] Layer 10: 269/768 type retain
2026-07-27 20:58:50,409 [inflora.py] => [InfLoRA] Layer 11: 306/768 type retain
2026-07-27 20:58:50,409 [inflora.py] => [InfLoRA] Layer 12: 285/768 type retain
2026-07-27 20:59:38,531 [inflora.py] => [InfLoRA] DualGPM threshold: 0.9750
2026-07-27 20:59:39,825 [inflora.py] => [InfLoRA] Layer 1: 46/768 type remove
2026-07-27 20:59:39,825 [inflora.py] => [InfLoRA] Layer 2: 24/768 type remove
2026-07-27 20:59:39,825 [inflora.py] => [InfLoRA] Layer 3: 82/768 type remove
2026-07-27 20:59:39,825 [inflora.py] => [InfLoRA] Layer 4: 93/768 type remove
2026-07-27 20:59:39,825 [inflora.py] => [InfLoRA] Layer 5: 147/768 type remove
2026-07-27 20:59:39,825 [inflora.py] => [InfLoRA] Layer 6: 183/768 type remove
2026-07-27 20:59:39,825 [inflora.py] => [InfLoRA] Layer 7: 196/768 type remove
2026-07-27 20:59:39,825 [inflora.py] => [InfLoRA] Layer 8: 256/768 type remove
2026-07-27 20:59:39,825 [inflora.py] => [InfLoRA] Layer 9: 378/768 type retain
2026-07-27 20:59:39,825 [inflora.py] => [InfLoRA] Layer 10: 268/768 type retain
2026-07-27 20:59:39,825 [inflora.py] => [InfLoRA] Layer 11: 306/768 type retain
2026-07-27 20:59:39,826 [inflora.py] => [InfLoRA] Layer 12: 285/768 type retain
2026-07-27 21:00:27,895 [inflora.py] => [InfLoRA] DualGPM threshold: 0.9750
2026-07-27 21:00:29,198 [inflora.py] => [InfLoRA] Layer 1: 46/768 type remove
2026-07-27 21:00:29,198 [inflora.py] => [InfLoRA] Layer 2: 24/768 type remove
2026-07-27 21:00:29,198 [inflora.py] => [InfLoRA] Layer 3: 82/768 type remove
2026-07-27 21:00:29,198 [inflora.py] => [InfLoRA] Layer 4: 93/768 type remove
2026-07-27 21:00:29,198 [inflora.py] => [InfLoRA] Layer 5: 147/768 type remove
2026-07-27 21:00:29,198 [inflora.py] => [InfLoRA] Layer 6: 183/768 type remove
2026-07-27 21:00:29,198 [inflora.py] => [InfLoRA] Layer 7: 196/768 type remove
2026-07-27 21:00:29,198 [inflora.py] => [InfLoRA] Layer 8: 256/768 type remove
2026-07-27 21:00:29,198 [inflora.py] => [InfLoRA] Layer 9: 378/768 type retain
2026-07-27 21:00:29,198 [inflora.py] => [InfLoRA] Layer 10: 268/768 type retain
2026-07-27 21:00:29,198 [inflora.py] => [InfLoRA] Layer 11: 306/768 type retain
2026-07-27 21:00:29,198 [inflora.py] => [InfLoRA] Layer 12: 285/768 type retain
2026-07-27 21:01:17,294 [inflora.py] => [InfLoRA] DualGPM threshold: 0.9750
2026-07-27 21:01:18,601 [inflora.py] => [InfLoRA] Layer 1: 46/768 type remove
2026-07-27 21:01:18,602 [inflora.py] => [InfLoRA] Layer 2: 24/768 type remove
2026-07-27 21:01:18,602 [inflora.py] => [InfLoRA] Layer 3: 82/768 type remove
2026-07-27 21:01:18,602 [inflora.py] => [InfLoRA] Layer 4: 93/768 type remove
2026-07-27 21:01:18,602 [inflora.py] => [InfLoRA] Layer 5: 147/768 type remove
2026-07-27 21:01:18,602 [inflora.py] => [InfLoRA] Layer 6: 184/768 type remove
2026-07-27 21:01:18,602 [inflora.py] => [InfLoRA] Layer 7: 196/768 type remove
2026-07-27 21:01:18,602 [inflora.py] => [InfLoRA] Layer 8: 256/768 type remove
2026-07-27 21:01:18,602 [inflora.py] => [InfLoRA] Layer 9: 378/768 type retain
2026-07-27 21:01:18,602 [inflora.py] => [InfLoRA] Layer 10: 268/768 type retain
2026-07-27 21:01:18,602 [inflora.py] => [InfLoRA] Layer 11: 306/768 type retain
2026-07-27 21:01:18,602 [inflora.py] => [InfLoRA] Layer 12: 284/768 type retain
2026-07-27 21:02:06,452 [inflora.py] => [InfLoRA] DualGPM threshold: 0.9750
2026-07-27 21:02:07,775 [inflora.py] => [InfLoRA] Layer 1: 46/768 type remove
2026-07-27 21:02:07,775 [inflora.py] => [InfLoRA] Layer 2: 24/768 type remove
2026-07-27 21:02:07,775 [inflora.py] => [InfLoRA] Layer 3: 83/768 type remove
2026-07-27 21:02:07,775 [inflora.py] => [InfLoRA] Layer 4: 94/768 type remove
2026-07-27 21:02:07,775 [inflora.py] => [InfLoRA] Layer 5: 148/768 type remove
2026-07-27 21:02:07,775 [inflora.py] => [InfLoRA] Layer 6: 184/768 type remove
2026-07-27 21:02:07,775 [inflora.py] => [InfLoRA] Layer 7: 197/768 type remove
2026-07-27 21:02:07,775 [inflora.py] => [InfLoRA] Layer 8: 257/768 type remove
2026-07-27 21:02:07,775 [inflora.py] => [InfLoRA] Layer 9: 377/768 type retain
2026-07-27 21:02:07,775 [inflora.py] => [InfLoRA] Layer 10: 268/768 type retain
2026-07-27 21:02:07,775 [inflora.py] => [InfLoRA] Layer 11: 305/768 type retain
2026-07-27 21:02:07,775 [inflora.py] => [InfLoRA] Layer 12: 284/768 type retain
2026-07-27 21:02:56,141 [inflora.py] => [InfLoRA] DualGPM threshold: 0.9750
2026-07-27 21:02:57,396 [inflora.py] => [InfLoRA] Layer 1: 46/768 type remove
2026-07-27 21:02:57,396 [inflora.py] => [InfLoRA] Layer 2: 24/768 type remove
2026-07-27 21:02:57,396 [inflora.py] => [InfLoRA] Layer 3: 83/768 type remove
2026-07-27 21:02:57,396 [inflora.py] => [InfLoRA] Layer 4: 94/768 type remove
2026-07-27 21:02:57,396 [inflora.py] => [InfLoRA] Layer 5: 148/768 type remove
2026-07-27 21:02:57,396 [inflora.py] => [InfLoRA] Layer 6: 184/768 type remove
2026-07-27 21:02:57,396 [inflora.py] => [InfLoRA] Layer 7: 197/768 type remove
2026-07-27 21:02:57,396 [inflora.py] => [InfLoRA] Layer 8: 257/768 type remove
2026-07-27 21:02:57,396 [inflora.py] => [InfLoRA] Layer 9: 377/768 type retain
2026-07-27 21:02:57,396 [inflora.py] => [InfLoRA] Layer 10: 268/768 type retain
2026-07-27 21:02:57,396 [inflora.py] => [InfLoRA] Layer 11: 305/768 type retain
2026-07-27 21:02:57,396 [inflora.py] => [InfLoRA] Layer 12: 284/768 type retain
2026-07-27 21:03:45,583 [inflora.py] => [InfLoRA] DualGPM threshold: 0.9750
2026-07-27 21:03:46,897 [inflora.py] => [InfLoRA] Layer 1: 46/768 type remove
2026-07-27 21:03:46,897 [inflora.py] => [InfLoRA] Layer 2: 24/768 type remove
2026-07-27 21:03:46,897 [inflora.py] => [InfLoRA] Layer 3: 83/768 type remove
2026-07-27 21:03:46,897 [inflora.py] => [InfLoRA] Layer 4: 94/768 type remove
2026-07-27 21:03:46,897 [inflora.py] => [InfLoRA] Layer 5: 148/768 type remove
2026-07-27 21:03:46,897 [inflora.py] => [InfLoRA] Layer 6: 185/768 type remove
2026-07-27 21:03:46,897 [inflora.py] => [InfLoRA] Layer 7: 198/768 type remove
2026-07-27 21:03:46,897 [inflora.py] => [InfLoRA] Layer 8: 259/768 type remove
2026-07-27 21:03:46,897 [inflora.py] => [InfLoRA] Layer 9: 376/768 type retain
2026-07-27 21:03:46,897 [inflora.py] => [InfLoRA] Layer 10: 267/768 type retain
2026-07-27 21:03:46,897 [inflora.py] => [InfLoRA] Layer 11: 304/768 type retain
2026-07-27 21:03:46,898 [inflora.py] => [InfLoRA] Layer 12: 282/768 type retain
2026-07-27 21:04:35,337 [inflora.py] => [InfLoRA] DualGPM threshold: 0.9750
2026-07-27 21:04:36,649 [inflora.py] => [InfLoRA] Layer 1: 46/768 type remove
2026-07-27 21:04:36,649 [inflora.py] => [InfLoRA] Layer 2: 24/768 type remove
2026-07-27 21:04:36,649 [inflora.py] => [InfLoRA] Layer 3: 83/768 type remove
2026-07-27 21:04:36,649 [inflora.py] => [InfLoRA] Layer 4: 94/768 type remove
2026-07-27 21:04:36,649 [inflora.py] => [InfLoRA] Layer 5: 149/768 type remove
2026-07-27 21:04:36,649 [inflora.py] => [InfLoRA] Layer 6: 185/768 type remove
2026-07-27 21:04:36,649 [inflora.py] => [InfLoRA] Layer 7: 198/768 type remove
2026-07-27 21:04:36,649 [inflora.py] => [InfLoRA] Layer 8: 260/768 type remove
2026-07-27 21:04:36,649 [inflora.py] => [InfLoRA] Layer 9: 375/768 type retain
2026-07-27 21:04:36,649 [inflora.py] => [InfLoRA] Layer 10: 267/768 type retain
2026-07-27 21:04:36,649 [inflora.py] => [InfLoRA] Layer 11: 304/768 type retain
2026-07-27 21:04:36,649 [inflora.py] => [InfLoRA] Layer 12: 282/768 type retain
2026-07-27 21:04:50,178 [inflora.py] => [InfLoRA] DualGPM threshold: 0.9750
2026-07-27 21:04:51,607 [inflora.py] => [InfLoRA] Layer 1: 46/768 type remove
2026-07-27 21:04:51,607 [inflora.py] => [InfLoRA] Layer 2: 24/768 type remove
2026-07-27 21:04:51,607 [inflora.py] => [InfLoRA] Layer 3: 83/768 type remove
2026-07-27 21:04:51,607 [inflora.py] => [InfLoRA] Layer 4: 95/768 type remove
2026-07-27 21:04:51,607 [inflora.py] => [InfLoRA] Layer 5: 150/768 type remove
2026-07-27 21:04:51,607 [inflora.py] => [InfLoRA] Layer 6: 187/768 type remove
2026-07-27 21:04:51,607 [inflora.py] => [InfLoRA] Layer 7: 202/768 type remove
2026-07-27 21:04:51,607 [inflora.py] => [InfLoRA] Layer 8: 265/768 type remove
2026-07-27 21:04:51,607 [inflora.py] => [InfLoRA] Layer 9: 370/768 type retain
2026-07-27 21:04:51,607 [inflora.py] => [InfLoRA] Layer 10: 264/768 type retain
2026-07-27 21:04:51,607 [inflora.py] => [InfLoRA] Layer 11: 301/768 type retain
2026-07-27 21:04:51,607 [inflora.py] => [InfLoRA] Layer 12: 280/768 type retain
2026-07-27 21:05:17,983 [bounded_memory_mixin.py] => [bounded_mem eval] volume 1.00 | cycle 242 | classes_seen 1000 | CIL top1 40.77 | top5 71.05 | (nearest latent task ~99) | param_hash 5a66dfae79bdb6b1 | per-task [37.37, 36.04, 55.0, 24.62, 43.22, 35.18, 50.51, 50.51, 37.56, 48.72, 45.73, 50.25, 47.5, 48.99, 23.12, 42.5, 53.5, 40.91, 63.5, 21.72, 41.92, 26.77, 38.69, 47.96, 29.8, 51.0, 50.5, 43.15, 45.23, 37.0, 41.71, 29.65, 45.0, 31.82, 41.71, 59.8, 54.82, 26.0, 60.5, 36.68, 56.5, 18.97, 48.74, 34.5, 29.15, 31.47, 37.37, 55.0, 44.5, 40.2, 36.55, 45.73, 32.16, 45.5, 24.62, 67.17, 61.5, 42.21, 26.13, 14.14, 22.0, 41.41, 31.79, 41.62, 42.64, 51.01, 22.84, 43.94, 41.71, 38.5, 28.93, 35.68, 43.22, 31.96, 47.5, 34.67, 42.0, 48.48, 48.22, 51.01, 18.18, 40.61, 36.5, 39.5, 38.19, 36.5, 22.0, 59.5, 58.0, 40.91, 38.19, 28.64, 29.23, 48.22, 44.44, 52.76, 39.5, 15.98, 47.96, 62.81]
2026-07-27 21:05:20,238 [metrics_logger.py] => [metrics] wrote run_logs/final/inflora/metrics_inflora_round2_slurm_grid_omni30t_100mb_inflora_s1999_s1999.json
2026-07-27 21:05:20,239 [trainer.py] => [bounded_mem] volume checkpoints: [0.1, 0.2, 0.3, 0.4, 0.5, 0.6, 0.7, 0.8, 0.9, 1.0]
2026-07-27 21:05:20,239 [trainer.py] => [bounded_mem] CIL top1 curve: [71.0, 64.39, 57.57, 53.41, 50.29, 47.44, 44.72, 43.14, 41.39, 40.77]
2026-07-27 21:05:20,239 [trainer.py] => [bounded_mem] CIL top5 curve: [95.04, 90.56, 86.72, 83.63, 80.66, 78.08, 74.09, 72.52, 70.93, 71.05]
[bounded_mem] checkpoints (fraction of stream): [0.1, 0.2, 0.3, 0.4, 0.5, 0.6, 0.7, 0.8, 0.9, 1.0]
[bounded_mem] CIL top1: [71.0, 64.39, 57.57, 53.41, 50.29, 47.44, 44.72, 43.14, 41.39, 40.77]
[bounded_mem] CIL top5: [95.04, 90.56, 86.72, 83.63, 80.66, 78.08, 74.09, 72.52, 70.93, 71.05]
2026-07-27 21:05:20,239 [trainer.py] => [bounded_mem] FINAL CIL top1 40.77 | top5 71.05 (at 100% of stream)
[bounded_mem] FINAL CIL top1 40.77 | top5 71.05
[bounded_mem] wrote run_logs/boundedmem_inflora_round2_slurm_grid_omni30t_100mb_inflora_s1999_s1999.json
