2026-07-28 05:36:23,020 [trainer.py] => config: exps/round2_slurm_grid/inflora_200mb_s1996.json
2026-07-28 05:36:23,020 [trainer.py] => dataset: omnibenchmark1k
2026-07-28 05:36:23,020 [trainer.py] => memory_size: 0
2026-07-28 05:36:23,020 [trainer.py] => memory_per_class: 0
2026-07-28 05:36:23,020 [trainer.py] => fixed_memory: False
2026-07-28 05:36:23,020 [trainer.py] => shuffle: True
2026-07-28 05:36:23,020 [trainer.py] => init_cls: 10
2026-07-28 05:36:23,020 [trainer.py] => increment: 10
2026-07-28 05:36:23,020 [trainer.py] => scenario: cil
2026-07-28 05:36:23,020 [trainer.py] => pretrained: True
2026-07-28 05:36:23,020 [trainer.py] => print_forget: False
2026-07-28 05:36:23,020 [trainer.py] => final_metrics: False
2026-07-28 05:36:23,020 [trainer.py] => backbone_type: vit_base_patch16_224_lora
2026-07-28 05:36:23,020 [trainer.py] => lora_rank: 10
2026-07-28 05:36:23,020 [trainer.py] => lora_alpha: None
2026-07-28 05:36:23,020 [trainer.py] => batch_size: 48
2026-07-28 05:36:23,020 [trainer.py] => weight_decay: 0.0005
2026-07-28 05:36:23,020 [trainer.py] => min_lr: 0.0
2026-07-28 05:36:23,020 [trainer.py] => tuned_epoch: 20
2026-07-28 05:36:23,020 [trainer.py] => boundary_mode: bounded_memory
2026-07-28 05:36:23,020 [trainer.py] => stop_after_tasks: 100
2026-07-28 05:36:23,020 [trainer.py] => device: [device(type='cuda', index=0)]
2026-07-28 05:36:23,020 [trainer.py] => model_name: inflora
2026-07-28 05:36:23,020 [trainer.py] => lora_merge: True
2026-07-28 05:36:23,020 [trainer.py] => lamb: 0.975
2026-07-28 05:36:23,020 [trainer.py] => lame: 0.975
2026-07-28 05:36:23,020 [trainer.py] => init_lr: 0.0005
2026-07-28 05:36:23,020 [trainer.py] => seed: 1996
2026-07-28 05:36:23,020 [trainer.py] => bm_budget_mb: 200
2026-07-28 05:36:23,020 [trainer.py] => prefix: round2_slurm_grid_omni30t_200mb_inflora_s1996
2026-07-28 05:36:23,556 [data_manager.py] => [438, 831, 338, 46, 856, 850, 593, 53, 230, 71, 34, 91, 794, 884, 358, 68, 585, 804, 601, 488, 443, 290, 699, 811, 898, 416, 424, 72, 235, 116, 908, 669, 569, 47, 983, 464, 545, 267, 383, 408, 96, 760, 935, 321, 511, 819, 253, 671, 945, 919, 209, 705, 711, 448, 106, 552, 486, 734, 978, 394, 654, 527, 522, 51, 774, 583, 234, 127, 958, 933, 398, 886, 21, 465, 104, 572, 377, 537, 50, 188, 697, 128, 28, 158, 855, 382, 496, 562, 225, 560, 242, 647, 255, 400, 274, 743, 775, 824, 258, 280, 806, 480, 652, 252, 528, 744, 578, 232, 203, 662, 474, 134, 403, 649, 250, 574, 638, 753, 926, 436, 785, 379, 27, 61, 543, 563, 826, 960, 879, 861, 214, 690, 776, 571, 798, 266, 590, 427, 622, 679, 0, 849, 902, 2, 925, 984, 92, 220, 674, 818, 848, 916, 959, 864, 29, 204, 482, 420, 322, 31, 207, 217, 869, 223, 271, 605, 558, 923, 710, 16, 469, 778, 497, 733, 874, 216, 777, 385, 841, 606, 183, 86, 717, 559, 277, 117, 114, 769, 462, 262, 814, 973, 348, 171, 291, 846, 112, 458, 78, 365, 74, 431, 272, 737, 937, 575, 166, 56, 534, 815, 353, 857, 952, 33, 144, 761, 211, 771, 359, 766, 133, 894, 816, 882, 366, 892, 852, 747, 546, 842, 355, 703, 553, 931, 317, 645, 36, 863, 890, 489, 900, 672, 370, 283, 80, 722, 109, 198, 614, 122, 356, 939, 725, 667, 459, 110, 18, 342, 102, 612, 823, 592, 419, 928, 210, 529, 411, 524, 772, 454, 943, 336, 873, 835, 118, 901, 751, 224, 75, 877, 439, 951, 93, 714, 15, 435, 992, 685, 59, 599, 659, 414, 52, 119, 239, 708, 310, 867, 298, 702, 401, 687, 386, 247, 570, 484, 616, 862, 428, 300, 971, 598, 557, 808, 977, 946, 508, 41, 539, 222, 412, 749, 790, 79, 131, 675, 579, 957, 344, 314, 677, 121, 161, 487, 970, 700, 129, 715, 390, 520, 719, 646, 201, 32, 704, 770, 876, 828, 82, 429, 989, 561, 905, 476, 248, 940, 384, 682, 406, 783, 839, 878, 123, 453, 643, 536, 493, 665, 202, 442, 872, 809, 532, 609, 880, 812, 391, 694, 173, 49, 650, 221, 44, 588, 944, 287, 349, 404, 481, 623, 154, 288, 301, 334, 227, 941, 917, 281, 25, 706, 228, 963, 485, 292, 728, 913, 124, 153, 306, 688, 955, 501, 607, 921, 765, 333, 449, 43, 986, 345, 907, 980, 500, 805, 120, 1, 914, 632, 695, 434, 651, 604, 184, 177, 825, 368, 445, 844, 847, 182, 663, 498, 88, 101, 479, 912, 212, 997, 372, 165, 30, 307, 530, 108, 352, 180, 237, 834, 375, 817, 795, 906, 587, 279, 625, 735, 328, 142, 194, 460, 141, 568, 380, 738, 936, 999, 17, 683, 888, 289, 360, 523, 789, 833, 40, 594, 354, 22, 326, 19, 832, 930, 293, 341, 716, 226, 470, 160, 788, 147, 361, 392, 64, 624, 245, 531, 241, 4, 396, 660, 433, 720, 514, 265, 264, 351, 103, 302, 655, 947, 376, 270, 617, 726, 455, 313, 903, 63, 263, 363, 787, 273, 137, 243, 595, 350, 807, 233, 259, 990, 452, 550, 409, 938, 975, 871, 724, 430, 910, 318, 780, 698, 473, 845, 399, 581, 178, 932, 332, 924, 407, 170, 472, 799, 566, 620, 296, 621, 723, 506, 393, 346, 904, 367, 60, 415, 192, 580, 8, 176, 85, 324, 554, 820, 186, 918, 69, 206, 752, 991, 740, 762, 260, 174, 754, 410, 475, 544, 246, 589, 269, 478, 803, 684, 801, 613, 979, 985, 693, 969, 66, 854, 89, 229, 282, 55, 389, 135, 150, 268, 821, 577, 730, 100, 729, 276, 875, 727, 556, 691, 373, 145, 791, 240, 149, 213, 909, 653, 374, 130, 155, 219, 929, 840, 98, 136, 896, 859, 3, 140, 564, 426, 866, 586, 70, 343, 962, 829, 640, 739, 922, 767, 513, 369, 525, 982, 67, 236, 325, 172, 73, 143, 444, 151, 953, 169, 35, 499, 657, 337, 538, 316, 94, 83, 309, 895, 319, 584, 591, 152, 13, 745, 320, 956, 830, 796, 633, 437, 87, 642, 713, 993, 518, 519, 215, 865, 689, 6, 187, 502, 763, 5, 950, 972, 335, 602, 115, 548, 779, 967, 927, 516, 718, 339, 299, 996, 966, 547, 507, 800, 630, 39, 603, 441, 742, 994, 417, 666, 615, 185, 628, 97, 231, 709, 26, 786, 942, 157, 111, 218, 504, 397, 329, 54, 308, 456, 636, 949, 193, 99, 853, 305, 249, 477, 634, 755, 509, 126, 168, 707, 190, 7, 286, 658, 988, 107, 510, 555, 512, 736, 541, 200, 37, 14, 362, 567, 24, 961, 12, 378, 9, 948, 315, 205, 303, 600, 899, 810, 284, 868, 673, 505, 792, 987, 492, 405, 889, 517, 858, 181, 189, 635, 457, 422, 768, 860, 891, 611, 294, 197, 664, 446, 191, 741, 756, 976, 95, 421, 998, 597, 105, 681, 670, 686, 851, 179, 468, 995, 413, 388, 781, 402, 113, 629, 731, 84, 285, 466, 934, 146, 20, 244, 802, 450, 254, 680, 515, 637, 644, 125, 295, 164, 251, 661, 696, 712, 58, 483, 920, 576, 175, 782, 503, 721, 381, 357, 371, 159, 327, 195, 521, 639, 238, 423, 304, 893, 887, 347, 631, 668, 784, 965, 81, 582, 533, 45, 138, 163, 261, 77, 542, 494, 648, 619, 750, 196, 275, 311, 440, 418, 701, 447, 57, 565, 618, 758, 495, 331, 813, 156, 822, 676, 627, 656, 491, 897, 432, 490, 981, 843, 911, 881, 62, 148, 11, 626, 387, 641, 964, 471, 773, 608, 746, 764, 732, 10, 551, 797, 535, 395, 692, 838, 199, 208, 425, 76, 23, 837, 974, 883, 90, 312, 678, 759, 836, 167, 42, 596, 748, 461, 915, 256, 278, 870, 757, 968, 364, 65, 573, 467, 330, 827, 793, 549, 48, 340, 162, 540, 132, 139, 885, 526, 463, 451, 297, 38, 323, 610, 257, 954]
This is for the BaseNet initialization.
I'm using ViT with per-task LoRA (q,v).
_IncompatibleKeys(missing_keys=['blocks.0.attn.cur_matrix', 'blocks.0.attn.frozen_delta_q', 'blocks.0.attn.frozen_delta_v', 'blocks.0.attn.lora_A_q.0.weight', 'blocks.0.attn.lora_B_q.0.weight', 'blocks.0.attn.lora_A_v.0.weight', 'blocks.0.attn.lora_B_v.0.weight', 'blocks.1.attn.cur_matrix', 'blocks.1.attn.frozen_delta_q', 'blocks.1.attn.frozen_delta_v', 'blocks.1.attn.lora_A_q.0.weight', 'blocks.1.attn.lora_B_q.0.weight', 'blocks.1.attn.lora_A_v.0.weight', 'blocks.1.attn.lora_B_v.0.weight', 'blocks.2.attn.cur_matrix', 'blocks.2.attn.frozen_delta_q', 'blocks.2.attn.frozen_delta_v', 'blocks.2.attn.lora_A_q.0.weight', 'blocks.2.attn.lora_B_q.0.weight', 'blocks.2.attn.lora_A_v.0.weight', 'blocks.2.attn.lora_B_v.0.weight', 'blocks.3.attn.cur_matrix', 'blocks.3.attn.frozen_delta_q', 'blocks.3.attn.frozen_delta_v', 'blocks.3.attn.lora_A_q.0.weight', 'blocks.3.attn.lora_B_q.0.weight', 'blocks.3.attn.lora_A_v.0.weight', 'blocks.3.attn.lora_B_v.0.weight', 'blocks.4.attn.cur_matrix', 'blocks.4.attn.frozen_delta_q', 'blocks.4.attn.frozen_delta_v', 'blocks.4.attn.lora_A_q.0.weight', 'blocks.4.attn.lora_B_q.0.weight', 'blocks.4.attn.lora_A_v.0.weight', 'blocks.4.attn.lora_B_v.0.weight', 'blocks.5.attn.cur_matrix', 'blocks.5.attn.frozen_delta_q', 'blocks.5.attn.frozen_delta_v', 'blocks.5.attn.lora_A_q.0.weight', 'blocks.5.attn.lora_B_q.0.weight', 'blocks.5.attn.lora_A_v.0.weight', 'blocks.5.attn.lora_B_v.0.weight', 'blocks.6.attn.cur_matrix', 'blocks.6.attn.frozen_delta_q', 'blocks.6.attn.frozen_delta_v', 'blocks.6.attn.lora_A_q.0.weight', 'blocks.6.attn.lora_B_q.0.weight', 'blocks.6.attn.lora_A_v.0.weight', 'blocks.6.attn.lora_B_v.0.weight', 'blocks.7.attn.cur_matrix', 'blocks.7.attn.frozen_delta_q', 'blocks.7.attn.frozen_delta_v', 'blocks.7.attn.lora_A_q.0.weight', 'blocks.7.attn.lora_B_q.0.weight', 'blocks.7.attn.lora_A_v.0.weight', 'blocks.7.attn.lora_B_v.0.weight', 'blocks.8.attn.cur_matrix', 'blocks.8.attn.frozen_delta_q', 'blocks.8.attn.frozen_delta_v', 'blocks.8.attn.lora_A_q.0.weight', 'blocks.8.attn.lora_B_q.0.weight', 'blocks.8.attn.lora_A_v.0.weight', 'blocks.8.attn.lora_B_v.0.weight', 'blocks.9.attn.cur_matrix', 'blocks.9.attn.frozen_delta_q', 'blocks.9.attn.frozen_delta_v', 'blocks.9.attn.lora_A_q.0.weight', 'blocks.9.attn.lora_B_q.0.weight', 'blocks.9.attn.lora_A_v.0.weight', 'blocks.9.attn.lora_B_v.0.weight', 'blocks.10.attn.cur_matrix', 'blocks.10.attn.frozen_delta_q', 'blocks.10.attn.frozen_delta_v', 'blocks.10.attn.lora_A_q.0.weight', 'blocks.10.attn.lora_B_q.0.weight', 'blocks.10.attn.lora_A_v.0.weight', 'blocks.10.attn.lora_B_v.0.weight', 'blocks.11.attn.cur_matrix', 'blocks.11.attn.frozen_delta_q', 'blocks.11.attn.frozen_delta_v', 'blocks.11.attn.lora_A_q.0.weight', 'blocks.11.attn.lora_B_q.0.weight', 'blocks.11.attn.lora_A_v.0.weight', 'blocks.11.attn.lora_B_v.0.weight'], unexpected_keys=[])
After BaseNet initialization.
2026-07-28 05:36:30,058 [bounded_memory_mixin.py] => [bounded_mem] budget_mb=200.0 -> cycle=1393 images (mean_task=1687.2 images, so this budget is 0.83x mean task size); 168718 total images -> 122 cycles (T=122 sessions); 10 eval checkpoints
2026-07-28 05:38:12,544 [inflora.py] => [InfLoRA] DualGPM threshold: 0.9750
2026-07-28 05:38:13,042 [inflora.py] => [InfLoRA] Layer 1: 12/768 type remove
2026-07-28 05:38:13,042 [inflora.py] => [InfLoRA] Layer 2: 12/768 type remove
2026-07-28 05:38:13,042 [inflora.py] => [InfLoRA] Layer 3: 18/768 type remove
2026-07-28 05:38:13,042 [inflora.py] => [InfLoRA] Layer 4: 15/768 type remove
2026-07-28 05:38:13,042 [inflora.py] => [InfLoRA] Layer 5: 21/768 type remove
2026-07-28 05:38:13,043 [inflora.py] => [InfLoRA] Layer 6: 26/768 type remove
2026-07-28 05:38:13,043 [inflora.py] => [InfLoRA] Layer 7: 31/768 type remove
2026-07-28 05:38:13,043 [inflora.py] => [InfLoRA] Layer 8: 38/768 type remove
2026-07-28 05:38:13,043 [inflora.py] => [InfLoRA] Layer 9: 65/768 type remove
2026-07-28 05:38:13,043 [inflora.py] => [InfLoRA] Layer 10: 80/768 type remove
2026-07-28 05:38:13,043 [inflora.py] => [InfLoRA] Layer 11: 36/768 type remove
2026-07-28 05:38:13,043 [inflora.py] => [InfLoRA] Layer 12: 30/768 type remove
2026-07-28 05:39:38,402 [inflora.py] => [InfLoRA] DualGPM threshold: 0.9750
2026-07-28 05:39:39,519 [inflora.py] => [InfLoRA] Layer 1: 26/768 type remove
2026-07-28 05:39:39,519 [inflora.py] => [InfLoRA] Layer 2: 17/768 type remove
2026-07-28 05:39:39,519 [inflora.py] => [InfLoRA] Layer 3: 24/768 type remove
2026-07-28 05:39:39,519 [inflora.py] => [InfLoRA] Layer 4: 19/768 type remove
2026-07-28 05:39:39,519 [inflora.py] => [InfLoRA] Layer 5: 26/768 type remove
2026-07-28 05:39:39,519 [inflora.py] => [InfLoRA] Layer 6: 35/768 type remove
2026-07-28 05:39:39,519 [inflora.py] => [InfLoRA] Layer 7: 41/768 type remove
2026-07-28 05:39:39,519 [inflora.py] => [InfLoRA] Layer 8: 59/768 type remove
2026-07-28 05:39:39,519 [inflora.py] => [InfLoRA] Layer 9: 118/768 type remove
2026-07-28 05:39:39,519 [inflora.py] => [InfLoRA] Layer 10: 184/768 type remove
2026-07-28 05:39:39,519 [inflora.py] => [InfLoRA] Layer 11: 126/768 type remove
2026-07-28 05:39:39,519 [inflora.py] => [InfLoRA] Layer 12: 111/768 type remove
2026-07-28 05:41:08,711 [inflora.py] => [InfLoRA] DualGPM threshold: 0.9750
2026-07-28 05:41:09,670 [inflora.py] => [InfLoRA] Layer 1: 31/768 type remove
2026-07-28 05:41:09,670 [inflora.py] => [InfLoRA] Layer 2: 18/768 type remove
2026-07-28 05:41:09,670 [inflora.py] => [InfLoRA] Layer 3: 25/768 type remove
2026-07-28 05:41:09,670 [inflora.py] => [InfLoRA] Layer 4: 20/768 type remove
2026-07-28 05:41:09,670 [inflora.py] => [InfLoRA] Layer 5: 27/768 type remove
2026-07-28 05:41:09,670 [inflora.py] => [InfLoRA] Layer 6: 37/768 type remove
2026-07-28 05:41:09,670 [inflora.py] => [InfLoRA] Layer 7: 43/768 type remove
2026-07-28 05:41:09,670 [inflora.py] => [InfLoRA] Layer 8: 61/768 type remove
2026-07-28 05:41:09,670 [inflora.py] => [InfLoRA] Layer 9: 121/768 type remove
2026-07-28 05:41:09,670 [inflora.py] => [InfLoRA] Layer 10: 198/768 type remove
2026-07-28 05:41:09,670 [inflora.py] => [InfLoRA] Layer 11: 140/768 type remove
2026-07-28 05:41:09,670 [inflora.py] => [InfLoRA] Layer 12: 123/768 type remove
2026-07-28 05:42:35,330 [inflora.py] => [InfLoRA] DualGPM threshold: 0.9750
2026-07-28 05:42:36,287 [inflora.py] => [InfLoRA] Layer 1: 31/768 type remove
2026-07-28 05:42:36,287 [inflora.py] => [InfLoRA] Layer 2: 18/768 type remove
2026-07-28 05:42:36,287 [inflora.py] => [InfLoRA] Layer 3: 25/768 type remove
2026-07-28 05:42:36,287 [inflora.py] => [InfLoRA] Layer 4: 21/768 type remove
2026-07-28 05:42:36,287 [inflora.py] => [InfLoRA] Layer 5: 28/768 type remove
2026-07-28 05:42:36,287 [inflora.py] => [InfLoRA] Layer 6: 38/768 type remove
2026-07-28 05:42:36,287 [inflora.py] => [InfLoRA] Layer 7: 45/768 type remove
2026-07-28 05:42:36,287 [inflora.py] => [InfLoRA] Layer 8: 63/768 type remove
2026-07-28 05:42:36,287 [inflora.py] => [InfLoRA] Layer 9: 126/768 type remove
2026-07-28 05:42:36,287 [inflora.py] => [InfLoRA] Layer 10: 205/768 type remove
2026-07-28 05:42:36,287 [inflora.py] => [InfLoRA] Layer 11: 145/768 type remove
2026-07-28 05:42:36,287 [inflora.py] => [InfLoRA] Layer 12: 128/768 type remove
2026-07-28 05:44:02,222 [inflora.py] => [InfLoRA] DualGPM threshold: 0.9750
2026-07-28 05:44:03,315 [inflora.py] => [InfLoRA] Layer 1: 31/768 type remove
2026-07-28 05:44:03,315 [inflora.py] => [InfLoRA] Layer 2: 18/768 type remove
2026-07-28 05:44:03,315 [inflora.py] => [InfLoRA] Layer 3: 25/768 type remove
2026-07-28 05:44:03,315 [inflora.py] => [InfLoRA] Layer 4: 21/768 type remove
2026-07-28 05:44:03,315 [inflora.py] => [InfLoRA] Layer 5: 29/768 type remove
2026-07-28 05:44:03,315 [inflora.py] => [InfLoRA] Layer 6: 40/768 type remove
2026-07-28 05:44:03,315 [inflora.py] => [InfLoRA] Layer 7: 48/768 type remove
2026-07-28 05:44:03,315 [inflora.py] => [InfLoRA] Layer 8: 68/768 type remove
2026-07-28 05:44:03,315 [inflora.py] => [InfLoRA] Layer 9: 138/768 type remove
2026-07-28 05:44:03,315 [inflora.py] => [InfLoRA] Layer 10: 223/768 type remove
2026-07-28 05:44:03,315 [inflora.py] => [InfLoRA] Layer 11: 155/768 type remove
2026-07-28 05:44:03,315 [inflora.py] => [InfLoRA] Layer 12: 144/768 type remove
2026-07-28 05:45:31,992 [inflora.py] => [InfLoRA] DualGPM threshold: 0.9750
2026-07-28 05:45:32,951 [inflora.py] => [InfLoRA] Layer 1: 31/768 type remove
2026-07-28 05:45:32,951 [inflora.py] => [InfLoRA] Layer 2: 18/768 type remove
2026-07-28 05:45:32,951 [inflora.py] => [InfLoRA] Layer 3: 26/768 type remove
2026-07-28 05:45:32,951 [inflora.py] => [InfLoRA] Layer 4: 23/768 type remove
2026-07-28 05:45:32,951 [inflora.py] => [InfLoRA] Layer 5: 33/768 type remove
2026-07-28 05:45:32,951 [inflora.py] => [InfLoRA] Layer 6: 44/768 type remove
2026-07-28 05:45:32,951 [inflora.py] => [InfLoRA] Layer 7: 53/768 type remove
2026-07-28 05:45:32,951 [inflora.py] => [InfLoRA] Layer 8: 78/768 type remove
2026-07-28 05:45:32,951 [inflora.py] => [InfLoRA] Layer 9: 154/768 type remove
2026-07-28 05:45:32,951 [inflora.py] => [InfLoRA] Layer 10: 243/768 type remove
2026-07-28 05:45:32,951 [inflora.py] => [InfLoRA] Layer 11: 169/768 type remove
2026-07-28 05:45:32,951 [inflora.py] => [InfLoRA] Layer 12: 167/768 type remove
2026-07-28 05:46:59,669 [inflora.py] => [InfLoRA] DualGPM threshold: 0.9750
2026-07-28 05:47:00,654 [inflora.py] => [InfLoRA] Layer 1: 31/768 type remove
2026-07-28 05:47:00,654 [inflora.py] => [InfLoRA] Layer 2: 18/768 type remove
2026-07-28 05:47:00,654 [inflora.py] => [InfLoRA] Layer 3: 29/768 type remove
2026-07-28 05:47:00,654 [inflora.py] => [InfLoRA] Layer 4: 26/768 type remove
2026-07-28 05:47:00,654 [inflora.py] => [InfLoRA] Layer 5: 38/768 type remove
2026-07-28 05:47:00,654 [inflora.py] => [InfLoRA] Layer 6: 52/768 type remove
2026-07-28 05:47:00,654 [inflora.py] => [InfLoRA] Layer 7: 59/768 type remove
2026-07-28 05:47:00,654 [inflora.py] => [InfLoRA] Layer 8: 88/768 type remove
2026-07-28 05:47:00,654 [inflora.py] => [InfLoRA] Layer 9: 172/768 type remove
2026-07-28 05:47:00,654 [inflora.py] => [InfLoRA] Layer 10: 280/768 type remove
2026-07-28 05:47:00,654 [inflora.py] => [InfLoRA] Layer 11: 209/768 type remove
2026-07-28 05:47:00,654 [inflora.py] => [InfLoRA] Layer 12: 179/768 type remove
2026-07-28 05:48:27,007 [inflora.py] => [InfLoRA] DualGPM threshold: 0.9750
2026-07-28 05:48:28,099 [inflora.py] => [InfLoRA] Layer 1: 31/768 type remove
2026-07-28 05:48:28,099 [inflora.py] => [InfLoRA] Layer 2: 18/768 type remove
2026-07-28 05:48:28,099 [inflora.py] => [InfLoRA] Layer 3: 30/768 type remove
2026-07-28 05:48:28,099 [inflora.py] => [InfLoRA] Layer 4: 27/768 type remove
2026-07-28 05:48:28,099 [inflora.py] => [InfLoRA] Layer 5: 40/768 type remove
2026-07-28 05:48:28,099 [inflora.py] => [InfLoRA] Layer 6: 56/768 type remove
2026-07-28 05:48:28,099 [inflora.py] => [InfLoRA] Layer 7: 66/768 type remove
2026-07-28 05:48:28,099 [inflora.py] => [InfLoRA] Layer 8: 101/768 type remove
2026-07-28 05:48:28,099 [inflora.py] => [InfLoRA] Layer 9: 196/768 type remove
2026-07-28 05:48:28,099 [inflora.py] => [InfLoRA] Layer 10: 306/768 type remove
2026-07-28 05:48:28,099 [inflora.py] => [InfLoRA] Layer 11: 232/768 type remove
2026-07-28 05:48:28,099 [inflora.py] => [InfLoRA] Layer 12: 188/768 type remove
2026-07-28 05:49:56,717 [inflora.py] => [InfLoRA] DualGPM threshold: 0.9750
2026-07-28 05:49:57,707 [inflora.py] => [InfLoRA] Layer 1: 31/768 type remove
2026-07-28 05:49:57,707 [inflora.py] => [InfLoRA] Layer 2: 18/768 type remove
2026-07-28 05:49:57,707 [inflora.py] => [InfLoRA] Layer 3: 30/768 type remove
2026-07-28 05:49:57,707 [inflora.py] => [InfLoRA] Layer 4: 28/768 type remove
2026-07-28 05:49:57,707 [inflora.py] => [InfLoRA] Layer 5: 41/768 type remove
2026-07-28 05:49:57,707 [inflora.py] => [InfLoRA] Layer 6: 57/768 type remove
2026-07-28 05:49:57,707 [inflora.py] => [InfLoRA] Layer 7: 68/768 type remove
2026-07-28 05:49:57,707 [inflora.py] => [InfLoRA] Layer 8: 104/768 type remove
2026-07-28 05:49:57,707 [inflora.py] => [InfLoRA] Layer 9: 201/768 type remove
2026-07-28 05:49:57,707 [inflora.py] => [InfLoRA] Layer 10: 311/768 type remove
2026-07-28 05:49:57,707 [inflora.py] => [InfLoRA] Layer 11: 239/768 type remove
2026-07-28 05:49:57,707 [inflora.py] => [InfLoRA] Layer 12: 193/768 type remove
2026-07-28 05:51:28,290 [inflora.py] => [InfLoRA] DualGPM threshold: 0.9750
2026-07-28 05:51:29,288 [inflora.py] => [InfLoRA] Layer 1: 31/768 type remove
2026-07-28 05:51:29,288 [inflora.py] => [InfLoRA] Layer 2: 18/768 type remove
2026-07-28 05:51:29,288 [inflora.py] => [InfLoRA] Layer 3: 30/768 type remove
2026-07-28 05:51:29,288 [inflora.py] => [InfLoRA] Layer 4: 29/768 type remove
2026-07-28 05:51:29,288 [inflora.py] => [InfLoRA] Layer 5: 42/768 type remove
2026-07-28 05:51:29,288 [inflora.py] => [InfLoRA] Layer 6: 58/768 type remove
2026-07-28 05:51:29,288 [inflora.py] => [InfLoRA] Layer 7: 69/768 type remove
2026-07-28 05:51:29,288 [inflora.py] => [InfLoRA] Layer 8: 105/768 type remove
2026-07-28 05:51:29,289 [inflora.py] => [InfLoRA] Layer 9: 203/768 type remove
2026-07-28 05:51:29,289 [inflora.py] => [InfLoRA] Layer 10: 315/768 type remove
2026-07-28 05:51:29,289 [inflora.py] => [InfLoRA] Layer 11: 244/768 type remove
2026-07-28 05:51:29,289 [inflora.py] => [InfLoRA] Layer 12: 198/768 type remove
2026-07-28 05:52:55,207 [inflora.py] => [InfLoRA] DualGPM threshold: 0.9750
2026-07-28 05:52:56,341 [inflora.py] => [InfLoRA] Layer 1: 31/768 type remove
2026-07-28 05:52:56,341 [inflora.py] => [InfLoRA] Layer 2: 18/768 type remove
2026-07-28 05:52:56,341 [inflora.py] => [InfLoRA] Layer 3: 30/768 type remove
2026-07-28 05:52:56,341 [inflora.py] => [InfLoRA] Layer 4: 29/768 type remove
2026-07-28 05:52:56,341 [inflora.py] => [InfLoRA] Layer 5: 42/768 type remove
2026-07-28 05:52:56,341 [inflora.py] => [InfLoRA] Layer 6: 59/768 type remove
2026-07-28 05:52:56,341 [inflora.py] => [InfLoRA] Layer 7: 70/768 type remove
2026-07-28 05:52:56,342 [inflora.py] => [InfLoRA] Layer 8: 106/768 type remove
2026-07-28 05:52:56,342 [inflora.py] => [InfLoRA] Layer 9: 204/768 type remove
2026-07-28 05:52:56,342 [inflora.py] => [InfLoRA] Layer 10: 316/768 type remove
2026-07-28 05:52:56,342 [inflora.py] => [InfLoRA] Layer 11: 245/768 type remove
2026-07-28 05:52:56,342 [inflora.py] => [InfLoRA] Layer 12: 202/768 type remove
2026-07-28 05:54:22,284 [inflora.py] => [InfLoRA] DualGPM threshold: 0.9750
2026-07-28 05:54:23,273 [inflora.py] => [InfLoRA] Layer 1: 31/768 type remove
2026-07-28 05:54:23,273 [inflora.py] => [InfLoRA] Layer 2: 18/768 type remove
2026-07-28 05:54:23,273 [inflora.py] => [InfLoRA] Layer 3: 31/768 type remove
2026-07-28 05:54:23,273 [inflora.py] => [InfLoRA] Layer 4: 30/768 type remove
2026-07-28 05:54:23,273 [inflora.py] => [InfLoRA] Layer 5: 44/768 type remove
2026-07-28 05:54:23,273 [inflora.py] => [InfLoRA] Layer 6: 62/768 type remove
2026-07-28 05:54:23,273 [inflora.py] => [InfLoRA] Layer 7: 74/768 type remove
2026-07-28 05:54:23,273 [inflora.py] => [InfLoRA] Layer 8: 110/768 type remove
2026-07-28 05:54:23,273 [inflora.py] => [InfLoRA] Layer 9: 207/768 type remove
2026-07-28 05:54:23,273 [inflora.py] => [InfLoRA] Layer 10: 317/768 type remove
2026-07-28 05:54:23,273 [inflora.py] => [InfLoRA] Layer 11: 246/768 type remove
2026-07-28 05:54:23,273 [inflora.py] => [InfLoRA] Layer 12: 207/768 type remove
2026-07-28 05:55:49,149 [inflora.py] => [InfLoRA] DualGPM threshold: 0.9750
2026-07-28 05:55:50,136 [inflora.py] => [InfLoRA] Layer 1: 31/768 type remove
2026-07-28 05:55:50,136 [inflora.py] => [InfLoRA] Layer 2: 18/768 type remove
2026-07-28 05:55:50,136 [inflora.py] => [InfLoRA] Layer 3: 31/768 type remove
2026-07-28 05:55:50,136 [inflora.py] => [InfLoRA] Layer 4: 31/768 type remove
2026-07-28 05:55:50,136 [inflora.py] => [InfLoRA] Layer 5: 46/768 type remove
2026-07-28 05:55:50,136 [inflora.py] => [InfLoRA] Layer 6: 65/768 type remove
2026-07-28 05:55:50,136 [inflora.py] => [InfLoRA] Layer 7: 77/768 type remove
2026-07-28 05:55:50,136 [inflora.py] => [InfLoRA] Layer 8: 112/768 type remove
2026-07-28 05:55:50,136 [inflora.py] => [InfLoRA] Layer 9: 210/768 type remove
2026-07-28 05:55:50,136 [inflora.py] => [InfLoRA] Layer 10: 320/768 type remove
2026-07-28 05:55:50,136 [inflora.py] => [InfLoRA] Layer 11: 249/768 type remove
2026-07-28 05:55:50,136 [inflora.py] => [InfLoRA] Layer 12: 220/768 type remove
2026-07-28 05:55:55,076 [bounded_memory_mixin.py] => [bounded_mem eval] volume 0.10 | cycle 12 | classes_seen 120 | CIL top1 76.16 | top5 94.75 | (nearest latent task ~11) | param_hash cc9b4bd91cc76f11 | per-task [75.88, 87.0, 52.79, 79.49, 88.0, 86.43, 84.0, 73.0, 83.5, 79.29, 84.85, 39.09]
2026-07-28 05:57:21,154 [inflora.py] => [InfLoRA] DualGPM threshold: 0.9750
2026-07-28 05:57:22,311 [inflora.py] => [InfLoRA] Layer 1: 31/768 type remove
2026-07-28 05:57:22,311 [inflora.py] => [InfLoRA] Layer 2: 18/768 type remove
2026-07-28 05:57:22,311 [inflora.py] => [InfLoRA] Layer 3: 31/768 type remove
2026-07-28 05:57:22,311 [inflora.py] => [InfLoRA] Layer 4: 31/768 type remove
2026-07-28 05:57:22,311 [inflora.py] => [InfLoRA] Layer 5: 47/768 type remove
2026-07-28 05:57:22,311 [inflora.py] => [InfLoRA] Layer 6: 66/768 type remove
2026-07-28 05:57:22,311 [inflora.py] => [InfLoRA] Layer 7: 78/768 type remove
2026-07-28 05:57:22,311 [inflora.py] => [InfLoRA] Layer 8: 113/768 type remove
2026-07-28 05:57:22,311 [inflora.py] => [InfLoRA] Layer 9: 212/768 type remove
2026-07-28 05:57:22,311 [inflora.py] => [InfLoRA] Layer 10: 322/768 type remove
2026-07-28 05:57:22,311 [inflora.py] => [InfLoRA] Layer 11: 251/768 type remove
2026-07-28 05:57:22,311 [inflora.py] => [InfLoRA] Layer 12: 227/768 type remove
2026-07-28 05:58:49,405 [inflora.py] => [InfLoRA] DualGPM threshold: 0.9750
2026-07-28 05:58:50,403 [inflora.py] => [InfLoRA] Layer 1: 31/768 type remove
2026-07-28 05:58:50,403 [inflora.py] => [InfLoRA] Layer 2: 19/768 type remove
2026-07-28 05:58:50,403 [inflora.py] => [InfLoRA] Layer 3: 33/768 type remove
2026-07-28 05:58:50,403 [inflora.py] => [InfLoRA] Layer 4: 33/768 type remove
2026-07-28 05:58:50,403 [inflora.py] => [InfLoRA] Layer 5: 49/768 type remove
2026-07-28 05:58:50,403 [inflora.py] => [InfLoRA] Layer 6: 70/768 type remove
2026-07-28 05:58:50,403 [inflora.py] => [InfLoRA] Layer 7: 85/768 type remove
2026-07-28 05:58:50,403 [inflora.py] => [InfLoRA] Layer 8: 125/768 type remove
2026-07-28 05:58:50,403 [inflora.py] => [InfLoRA] Layer 9: 231/768 type remove
2026-07-28 05:58:50,403 [inflora.py] => [InfLoRA] Layer 10: 336/768 type remove
2026-07-28 05:58:50,403 [inflora.py] => [InfLoRA] Layer 11: 263/768 type remove
2026-07-28 05:58:50,403 [inflora.py] => [InfLoRA] Layer 12: 240/768 type remove
2026-07-28 06:00:17,842 [inflora.py] => [InfLoRA] DualGPM threshold: 0.9750
2026-07-28 06:00:18,846 [inflora.py] => [InfLoRA] Layer 1: 31/768 type remove
2026-07-28 06:00:18,846 [inflora.py] => [InfLoRA] Layer 2: 19/768 type remove
2026-07-28 06:00:18,846 [inflora.py] => [InfLoRA] Layer 3: 34/768 type remove
2026-07-28 06:00:18,846 [inflora.py] => [InfLoRA] Layer 4: 34/768 type remove
2026-07-28 06:00:18,846 [inflora.py] => [InfLoRA] Layer 5: 51/768 type remove
2026-07-28 06:00:18,847 [inflora.py] => [InfLoRA] Layer 6: 73/768 type remove
2026-07-28 06:00:18,847 [inflora.py] => [InfLoRA] Layer 7: 88/768 type remove
2026-07-28 06:00:18,847 [inflora.py] => [InfLoRA] Layer 8: 132/768 type remove
2026-07-28 06:00:18,847 [inflora.py] => [InfLoRA] Layer 9: 247/768 type remove
2026-07-28 06:00:18,847 [inflora.py] => [InfLoRA] Layer 10: 359/768 type remove
2026-07-28 06:00:18,847 [inflora.py] => [InfLoRA] Layer 11: 290/768 type remove
2026-07-28 06:00:18,847 [inflora.py] => [InfLoRA] Layer 12: 247/768 type remove
2026-07-28 06:01:45,347 [inflora.py] => [InfLoRA] DualGPM threshold: 0.9750
2026-07-28 06:01:46,364 [inflora.py] => [InfLoRA] Layer 1: 31/768 type remove
2026-07-28 06:01:46,364 [inflora.py] => [InfLoRA] Layer 2: 19/768 type remove
2026-07-28 06:01:46,364 [inflora.py] => [InfLoRA] Layer 3: 34/768 type remove
2026-07-28 06:01:46,364 [inflora.py] => [InfLoRA] Layer 4: 35/768 type remove
2026-07-28 06:01:46,364 [inflora.py] => [InfLoRA] Layer 5: 52/768 type remove
2026-07-28 06:01:46,364 [inflora.py] => [InfLoRA] Layer 6: 74/768 type remove
2026-07-28 06:01:46,364 [inflora.py] => [InfLoRA] Layer 7: 90/768 type remove
2026-07-28 06:01:46,364 [inflora.py] => [InfLoRA] Layer 8: 135/768 type remove
2026-07-28 06:01:46,364 [inflora.py] => [InfLoRA] Layer 9: 250/768 type remove
2026-07-28 06:01:46,364 [inflora.py] => [InfLoRA] Layer 10: 362/768 type remove
2026-07-28 06:01:46,364 [inflora.py] => [InfLoRA] Layer 11: 293/768 type remove
2026-07-28 06:01:46,364 [inflora.py] => [InfLoRA] Layer 12: 254/768 type remove
2026-07-28 06:03:12,660 [inflora.py] => [InfLoRA] DualGPM threshold: 0.9750
2026-07-28 06:03:13,825 [inflora.py] => [InfLoRA] Layer 1: 31/768 type remove
2026-07-28 06:03:13,825 [inflora.py] => [InfLoRA] Layer 2: 19/768 type remove
2026-07-28 06:03:13,825 [inflora.py] => [InfLoRA] Layer 3: 34/768 type remove
2026-07-28 06:03:13,825 [inflora.py] => [InfLoRA] Layer 4: 35/768 type remove
2026-07-28 06:03:13,825 [inflora.py] => [InfLoRA] Layer 5: 53/768 type remove
2026-07-28 06:03:13,825 [inflora.py] => [InfLoRA] Layer 6: 75/768 type remove
2026-07-28 06:03:13,825 [inflora.py] => [InfLoRA] Layer 7: 91/768 type remove
2026-07-28 06:03:13,825 [inflora.py] => [InfLoRA] Layer 8: 136/768 type remove
2026-07-28 06:03:13,825 [inflora.py] => [InfLoRA] Layer 9: 251/768 type remove
2026-07-28 06:03:13,825 [inflora.py] => [InfLoRA] Layer 10: 363/768 type remove
2026-07-28 06:03:13,825 [inflora.py] => [InfLoRA] Layer 11: 295/768 type remove
2026-07-28 06:03:13,825 [inflora.py] => [InfLoRA] Layer 12: 261/768 type remove
2026-07-28 06:04:44,076 [inflora.py] => [InfLoRA] DualGPM threshold: 0.9750
2026-07-28 06:04:45,078 [inflora.py] => [InfLoRA] Layer 1: 31/768 type remove
2026-07-28 06:04:45,078 [inflora.py] => [InfLoRA] Layer 2: 19/768 type remove
2026-07-28 06:04:45,078 [inflora.py] => [InfLoRA] Layer 3: 35/768 type remove
2026-07-28 06:04:45,078 [inflora.py] => [InfLoRA] Layer 4: 36/768 type remove
2026-07-28 06:04:45,078 [inflora.py] => [InfLoRA] Layer 5: 54/768 type remove
2026-07-28 06:04:45,078 [inflora.py] => [InfLoRA] Layer 6: 76/768 type remove
2026-07-28 06:04:45,078 [inflora.py] => [InfLoRA] Layer 7: 92/768 type remove
2026-07-28 06:04:45,078 [inflora.py] => [InfLoRA] Layer 8: 138/768 type remove
2026-07-28 06:04:45,078 [inflora.py] => [InfLoRA] Layer 9: 254/768 type remove
2026-07-28 06:04:45,078 [inflora.py] => [InfLoRA] Layer 10: 366/768 type remove
2026-07-28 06:04:45,078 [inflora.py] => [InfLoRA] Layer 11: 299/768 type remove
2026-07-28 06:04:45,078 [inflora.py] => [InfLoRA] Layer 12: 270/768 type remove
2026-07-28 06:06:11,399 [inflora.py] => [InfLoRA] DualGPM threshold: 0.9750
2026-07-28 06:06:12,596 [inflora.py] => [InfLoRA] Layer 1: 31/768 type remove
2026-07-28 06:06:12,596 [inflora.py] => [InfLoRA] Layer 2: 19/768 type remove
2026-07-28 06:06:12,596 [inflora.py] => [InfLoRA] Layer 3: 35/768 type remove
2026-07-28 06:06:12,596 [inflora.py] => [InfLoRA] Layer 4: 37/768 type remove
2026-07-28 06:06:12,596 [inflora.py] => [InfLoRA] Layer 5: 55/768 type remove
2026-07-28 06:06:12,596 [inflora.py] => [InfLoRA] Layer 6: 77/768 type remove
2026-07-28 06:06:12,596 [inflora.py] => [InfLoRA] Layer 7: 94/768 type remove
2026-07-28 06:06:12,596 [inflora.py] => [InfLoRA] Layer 8: 141/768 type remove
2026-07-28 06:06:12,596 [inflora.py] => [InfLoRA] Layer 9: 258/768 type remove
2026-07-28 06:06:12,596 [inflora.py] => [InfLoRA] Layer 10: 368/768 type remove
2026-07-28 06:06:12,596 [inflora.py] => [InfLoRA] Layer 11: 301/768 type remove
2026-07-28 06:06:12,596 [inflora.py] => [InfLoRA] Layer 12: 277/768 type remove
2026-07-28 06:07:38,627 [inflora.py] => [InfLoRA] DualGPM threshold: 0.9750
2026-07-28 06:07:39,857 [inflora.py] => [InfLoRA] Layer 1: 38/768 type remove
2026-07-28 06:07:39,857 [inflora.py] => [InfLoRA] Layer 2: 21/768 type remove
2026-07-28 06:07:39,857 [inflora.py] => [InfLoRA] Layer 3: 36/768 type remove
2026-07-28 06:07:39,857 [inflora.py] => [InfLoRA] Layer 4: 38/768 type remove
2026-07-28 06:07:39,857 [inflora.py] => [InfLoRA] Layer 5: 57/768 type remove
2026-07-28 06:07:39,857 [inflora.py] => [InfLoRA] Layer 6: 79/768 type remove
2026-07-28 06:07:39,857 [inflora.py] => [InfLoRA] Layer 7: 96/768 type remove
2026-07-28 06:07:39,857 [inflora.py] => [InfLoRA] Layer 8: 145/768 type remove
2026-07-28 06:07:39,857 [inflora.py] => [InfLoRA] Layer 9: 262/768 type remove
2026-07-28 06:07:39,857 [inflora.py] => [InfLoRA] Layer 10: 373/768 type remove
2026-07-28 06:07:39,857 [inflora.py] => [InfLoRA] Layer 11: 306/768 type remove
2026-07-28 06:07:39,857 [inflora.py] => [InfLoRA] Layer 12: 281/768 type remove
2026-07-28 06:09:08,282 [inflora.py] => [InfLoRA] DualGPM threshold: 0.9750
2026-07-28 06:09:09,303 [inflora.py] => [InfLoRA] Layer 1: 38/768 type remove
2026-07-28 06:09:09,303 [inflora.py] => [InfLoRA] Layer 2: 21/768 type remove
2026-07-28 06:09:09,303 [inflora.py] => [InfLoRA] Layer 3: 38/768 type remove
2026-07-28 06:09:09,303 [inflora.py] => [InfLoRA] Layer 4: 40/768 type remove
2026-07-28 06:09:09,303 [inflora.py] => [InfLoRA] Layer 5: 59/768 type remove
2026-07-28 06:09:09,303 [inflora.py] => [InfLoRA] Layer 6: 82/768 type remove
2026-07-28 06:09:09,303 [inflora.py] => [InfLoRA] Layer 7: 98/768 type remove
2026-07-28 06:09:09,303 [inflora.py] => [InfLoRA] Layer 8: 146/768 type remove
2026-07-28 06:09:09,303 [inflora.py] => [InfLoRA] Layer 9: 263/768 type remove
2026-07-28 06:09:09,303 [inflora.py] => [InfLoRA] Layer 10: 375/768 type remove
2026-07-28 06:09:09,303 [inflora.py] => [InfLoRA] Layer 11: 309/768 type remove
2026-07-28 06:09:09,303 [inflora.py] => [InfLoRA] Layer 12: 284/768 type remove
2026-07-28 06:10:36,213 [inflora.py] => [InfLoRA] DualGPM threshold: 0.9750
2026-07-28 06:10:37,238 [inflora.py] => [InfLoRA] Layer 1: 38/768 type remove
2026-07-28 06:10:37,238 [inflora.py] => [InfLoRA] Layer 2: 21/768 type remove
2026-07-28 06:10:37,238 [inflora.py] => [InfLoRA] Layer 3: 38/768 type remove
2026-07-28 06:10:37,238 [inflora.py] => [InfLoRA] Layer 4: 40/768 type remove
2026-07-28 06:10:37,238 [inflora.py] => [InfLoRA] Layer 5: 60/768 type remove
2026-07-28 06:10:37,238 [inflora.py] => [InfLoRA] Layer 6: 83/768 type remove
2026-07-28 06:10:37,238 [inflora.py] => [InfLoRA] Layer 7: 99/768 type remove
2026-07-28 06:10:37,238 [inflora.py] => [InfLoRA] Layer 8: 146/768 type remove
2026-07-28 06:10:37,238 [inflora.py] => [InfLoRA] Layer 9: 263/768 type remove
2026-07-28 06:10:37,238 [inflora.py] => [InfLoRA] Layer 10: 375/768 type remove
2026-07-28 06:10:37,238 [inflora.py] => [InfLoRA] Layer 11: 310/768 type remove
2026-07-28 06:10:37,238 [inflora.py] => [InfLoRA] Layer 12: 286/768 type remove
2026-07-28 06:12:03,556 [inflora.py] => [InfLoRA] DualGPM threshold: 0.9750
2026-07-28 06:12:04,699 [inflora.py] => [InfLoRA] Layer 1: 38/768 type remove
2026-07-28 06:12:04,699 [inflora.py] => [InfLoRA] Layer 2: 21/768 type remove
2026-07-28 06:12:04,699 [inflora.py] => [InfLoRA] Layer 3: 39/768 type remove
2026-07-28 06:12:04,699 [inflora.py] => [InfLoRA] Layer 4: 41/768 type remove
2026-07-28 06:12:04,699 [inflora.py] => [InfLoRA] Layer 5: 61/768 type remove
2026-07-28 06:12:04,699 [inflora.py] => [InfLoRA] Layer 6: 84/768 type remove
2026-07-28 06:12:04,699 [inflora.py] => [InfLoRA] Layer 7: 100/768 type remove
2026-07-28 06:12:04,699 [inflora.py] => [InfLoRA] Layer 8: 147/768 type remove
2026-07-28 06:12:04,699 [inflora.py] => [InfLoRA] Layer 9: 264/768 type remove
2026-07-28 06:12:04,699 [inflora.py] => [InfLoRA] Layer 10: 376/768 type remove
2026-07-28 06:12:04,699 [inflora.py] => [InfLoRA] Layer 11: 312/768 type remove
2026-07-28 06:12:04,699 [inflora.py] => [InfLoRA] Layer 12: 289/768 type remove
2026-07-28 06:13:30,965 [inflora.py] => [InfLoRA] DualGPM threshold: 0.9750
2026-07-28 06:13:32,185 [inflora.py] => [InfLoRA] Layer 1: 38/768 type remove
2026-07-28 06:13:32,185 [inflora.py] => [InfLoRA] Layer 2: 21/768 type remove
2026-07-28 06:13:32,185 [inflora.py] => [InfLoRA] Layer 3: 39/768 type remove
2026-07-28 06:13:32,185 [inflora.py] => [InfLoRA] Layer 4: 42/768 type remove
2026-07-28 06:13:32,185 [inflora.py] => [InfLoRA] Layer 5: 63/768 type remove
2026-07-28 06:13:32,185 [inflora.py] => [InfLoRA] Layer 6: 85/768 type remove
2026-07-28 06:13:32,185 [inflora.py] => [InfLoRA] Layer 7: 101/768 type remove
2026-07-28 06:13:32,185 [inflora.py] => [InfLoRA] Layer 8: 148/768 type remove
2026-07-28 06:13:32,185 [inflora.py] => [InfLoRA] Layer 9: 265/768 type remove
2026-07-28 06:13:32,185 [inflora.py] => [InfLoRA] Layer 10: 377/768 type remove
2026-07-28 06:13:32,186 [inflora.py] => [InfLoRA] Layer 11: 313/768 type remove
2026-07-28 06:13:32,186 [inflora.py] => [InfLoRA] Layer 12: 291/768 type remove
2026-07-28 06:13:39,326 [bounded_memory_mixin.py] => [bounded_mem eval] volume 0.20 | cycle 24 | classes_seen 220 | CIL top1 66.64 | top5 89.88 | (nearest latent task ~21) | param_hash 7f55a69f6b3e145d | per-task [64.32, 77.5, 49.75, 73.33, 84.0, 81.41, 77.0, 69.5, 71.5, 71.21, 75.25, 56.35, 78.0, 61.11, 72.0, 76.38, 59.3, 83.0, 64.0, 60.8, 44.72, 15.5]
2026-07-28 06:15:05,122 [inflora.py] => [InfLoRA] DualGPM threshold: 0.9750
2026-07-28 06:15:06,153 [inflora.py] => [InfLoRA] Layer 1: 38/768 type remove
2026-07-28 06:15:06,153 [inflora.py] => [InfLoRA] Layer 2: 21/768 type remove
2026-07-28 06:15:06,153 [inflora.py] => [InfLoRA] Layer 3: 41/768 type remove
2026-07-28 06:15:06,153 [inflora.py] => [InfLoRA] Layer 4: 44/768 type remove
2026-07-28 06:15:06,153 [inflora.py] => [InfLoRA] Layer 5: 66/768 type remove
2026-07-28 06:15:06,153 [inflora.py] => [InfLoRA] Layer 6: 89/768 type remove
2026-07-28 06:15:06,153 [inflora.py] => [InfLoRA] Layer 7: 106/768 type remove
2026-07-28 06:15:06,153 [inflora.py] => [InfLoRA] Layer 8: 155/768 type remove
2026-07-28 06:15:06,153 [inflora.py] => [InfLoRA] Layer 9: 273/768 type remove
2026-07-28 06:15:06,154 [inflora.py] => [InfLoRA] Layer 10: 381/768 type remove
2026-07-28 06:15:06,154 [inflora.py] => [InfLoRA] Layer 11: 316/768 type remove
2026-07-28 06:15:06,154 [inflora.py] => [InfLoRA] Layer 12: 296/768 type remove
2026-07-28 06:16:33,991 [inflora.py] => [InfLoRA] DualGPM threshold: 0.9750
2026-07-28 06:16:35,086 [inflora.py] => [InfLoRA] Layer 1: 38/768 type remove
2026-07-28 06:16:35,086 [inflora.py] => [InfLoRA] Layer 2: 21/768 type remove
2026-07-28 06:16:35,086 [inflora.py] => [InfLoRA] Layer 3: 41/768 type remove
2026-07-28 06:16:35,086 [inflora.py] => [InfLoRA] Layer 4: 44/768 type remove
2026-07-28 06:16:35,086 [inflora.py] => [InfLoRA] Layer 5: 67/768 type remove
2026-07-28 06:16:35,086 [inflora.py] => [InfLoRA] Layer 6: 90/768 type remove
2026-07-28 06:16:35,087 [inflora.py] => [InfLoRA] Layer 7: 106/768 type remove
2026-07-28 06:16:35,087 [inflora.py] => [InfLoRA] Layer 8: 156/768 type remove
2026-07-28 06:16:35,087 [inflora.py] => [InfLoRA] Layer 9: 274/768 type remove
2026-07-28 06:16:35,087 [inflora.py] => [InfLoRA] Layer 10: 382/768 type remove
2026-07-28 06:16:35,087 [inflora.py] => [InfLoRA] Layer 11: 318/768 type remove
2026-07-28 06:16:35,087 [inflora.py] => [InfLoRA] Layer 12: 299/768 type remove
2026-07-28 06:18:00,651 [inflora.py] => [InfLoRA] DualGPM threshold: 0.9750
2026-07-28 06:18:01,790 [inflora.py] => [InfLoRA] Layer 1: 38/768 type remove
2026-07-28 06:18:01,790 [inflora.py] => [InfLoRA] Layer 2: 21/768 type remove
2026-07-28 06:18:01,790 [inflora.py] => [InfLoRA] Layer 3: 41/768 type remove
2026-07-28 06:18:01,790 [inflora.py] => [InfLoRA] Layer 4: 44/768 type remove
2026-07-28 06:18:01,790 [inflora.py] => [InfLoRA] Layer 5: 68/768 type remove
2026-07-28 06:18:01,790 [inflora.py] => [InfLoRA] Layer 6: 91/768 type remove
2026-07-28 06:18:01,790 [inflora.py] => [InfLoRA] Layer 7: 107/768 type remove
2026-07-28 06:18:01,790 [inflora.py] => [InfLoRA] Layer 8: 157/768 type remove
2026-07-28 06:18:01,790 [inflora.py] => [InfLoRA] Layer 9: 275/768 type remove
2026-07-28 06:18:01,790 [inflora.py] => [InfLoRA] Layer 10: 383/768 type remove
2026-07-28 06:18:01,790 [inflora.py] => [InfLoRA] Layer 11: 319/768 type remove
2026-07-28 06:18:01,790 [inflora.py] => [InfLoRA] Layer 12: 303/768 type remove
2026-07-28 06:19:27,720 [inflora.py] => [InfLoRA] DualGPM threshold: 0.9750
2026-07-28 06:19:28,903 [inflora.py] => [InfLoRA] Layer 1: 38/768 type remove
2026-07-28 06:19:28,903 [inflora.py] => [InfLoRA] Layer 2: 21/768 type remove
2026-07-28 06:19:28,903 [inflora.py] => [InfLoRA] Layer 3: 41/768 type remove
2026-07-28 06:19:28,903 [inflora.py] => [InfLoRA] Layer 4: 44/768 type remove
2026-07-28 06:19:28,903 [inflora.py] => [InfLoRA] Layer 5: 69/768 type remove
2026-07-28 06:19:28,903 [inflora.py] => [InfLoRA] Layer 6: 92/768 type remove
2026-07-28 06:19:28,903 [inflora.py] => [InfLoRA] Layer 7: 107/768 type remove
2026-07-28 06:19:28,903 [inflora.py] => [InfLoRA] Layer 8: 157/768 type remove
2026-07-28 06:19:28,903 [inflora.py] => [InfLoRA] Layer 9: 275/768 type remove
2026-07-28 06:19:28,903 [inflora.py] => [InfLoRA] Layer 10: 384/768 type remove
2026-07-28 06:19:28,903 [inflora.py] => [InfLoRA] Layer 11: 320/768 type remove
2026-07-28 06:19:28,903 [inflora.py] => [InfLoRA] Layer 12: 306/768 type remove
2026-07-28 06:20:58,568 [inflora.py] => [InfLoRA] DualGPM threshold: 0.9750
2026-07-28 06:20:59,597 [inflora.py] => [InfLoRA] Layer 1: 38/768 type remove
2026-07-28 06:20:59,597 [inflora.py] => [InfLoRA] Layer 2: 21/768 type remove
2026-07-28 06:20:59,597 [inflora.py] => [InfLoRA] Layer 3: 42/768 type remove
2026-07-28 06:20:59,597 [inflora.py] => [InfLoRA] Layer 4: 45/768 type remove
2026-07-28 06:20:59,597 [inflora.py] => [InfLoRA] Layer 5: 70/768 type remove
2026-07-28 06:20:59,597 [inflora.py] => [InfLoRA] Layer 6: 93/768 type remove
2026-07-28 06:20:59,597 [inflora.py] => [InfLoRA] Layer 7: 108/768 type remove
2026-07-28 06:20:59,597 [inflora.py] => [InfLoRA] Layer 8: 158/768 type remove
2026-07-28 06:20:59,597 [inflora.py] => [InfLoRA] Layer 9: 276/768 type remove
2026-07-28 06:20:59,620 [inflora.py] => [InfLoRA] Layer 10: 383/768 type retain
2026-07-28 06:20:59,620 [inflora.py] => [InfLoRA] Layer 11: 321/768 type remove
2026-07-28 06:20:59,620 [inflora.py] => [InfLoRA] Layer 12: 310/768 type remove
2026-07-28 06:22:26,309 [inflora.py] => [InfLoRA] DualGPM threshold: 0.9750
2026-07-28 06:22:27,568 [inflora.py] => [InfLoRA] Layer 1: 38/768 type remove
2026-07-28 06:22:27,569 [inflora.py] => [InfLoRA] Layer 2: 21/768 type remove
2026-07-28 06:22:27,569 [inflora.py] => [InfLoRA] Layer 3: 43/768 type remove
2026-07-28 06:22:27,569 [inflora.py] => [InfLoRA] Layer 4: 45/768 type remove
2026-07-28 06:22:27,569 [inflora.py] => [InfLoRA] Layer 5: 71/768 type remove
2026-07-28 06:22:27,569 [inflora.py] => [InfLoRA] Layer 6: 94/768 type remove
2026-07-28 06:22:27,569 [inflora.py] => [InfLoRA] Layer 7: 109/768 type remove
2026-07-28 06:22:27,569 [inflora.py] => [InfLoRA] Layer 8: 159/768 type remove
2026-07-28 06:22:27,569 [inflora.py] => [InfLoRA] Layer 9: 278/768 type remove
2026-07-28 06:22:27,569 [inflora.py] => [InfLoRA] Layer 10: 381/768 type retain
2026-07-28 06:22:27,569 [inflora.py] => [InfLoRA] Layer 11: 324/768 type remove
2026-07-28 06:22:27,569 [inflora.py] => [InfLoRA] Layer 12: 312/768 type remove
2026-07-28 06:23:55,529 [inflora.py] => [InfLoRA] DualGPM threshold: 0.9750
2026-07-28 06:23:56,643 [inflora.py] => [InfLoRA] Layer 1: 38/768 type remove
2026-07-28 06:23:56,643 [inflora.py] => [InfLoRA] Layer 2: 21/768 type remove
2026-07-28 06:23:56,643 [inflora.py] => [InfLoRA] Layer 3: 43/768 type remove
2026-07-28 06:23:56,643 [inflora.py] => [InfLoRA] Layer 4: 46/768 type remove
2026-07-28 06:23:56,643 [inflora.py] => [InfLoRA] Layer 5: 72/768 type remove
2026-07-28 06:23:56,643 [inflora.py] => [InfLoRA] Layer 6: 95/768 type remove
2026-07-28 06:23:56,643 [inflora.py] => [InfLoRA] Layer 7: 110/768 type remove
2026-07-28 06:23:56,643 [inflora.py] => [InfLoRA] Layer 8: 160/768 type remove
2026-07-28 06:23:56,643 [inflora.py] => [InfLoRA] Layer 9: 280/768 type remove
2026-07-28 06:23:56,644 [inflora.py] => [InfLoRA] Layer 10: 379/768 type retain
2026-07-28 06:23:56,644 [inflora.py] => [InfLoRA] Layer 11: 327/768 type remove
2026-07-28 06:23:56,644 [inflora.py] => [InfLoRA] Layer 12: 317/768 type remove
2026-07-28 06:25:24,840 [inflora.py] => [InfLoRA] DualGPM threshold: 0.9750
2026-07-28 06:25:25,960 [inflora.py] => [InfLoRA] Layer 1: 38/768 type remove
2026-07-28 06:25:25,960 [inflora.py] => [InfLoRA] Layer 2: 21/768 type remove
2026-07-28 06:25:25,960 [inflora.py] => [InfLoRA] Layer 3: 43/768 type remove
2026-07-28 06:25:25,960 [inflora.py] => [InfLoRA] Layer 4: 46/768 type remove
2026-07-28 06:25:25,960 [inflora.py] => [InfLoRA] Layer 5: 73/768 type remove
2026-07-28 06:25:25,960 [inflora.py] => [InfLoRA] Layer 6: 96/768 type remove
2026-07-28 06:25:25,960 [inflora.py] => [InfLoRA] Layer 7: 111/768 type remove
2026-07-28 06:25:25,960 [inflora.py] => [InfLoRA] Layer 8: 161/768 type remove
2026-07-28 06:25:25,960 [inflora.py] => [InfLoRA] Layer 9: 281/768 type remove
2026-07-28 06:25:25,960 [inflora.py] => [InfLoRA] Layer 10: 378/768 type retain
2026-07-28 06:25:25,960 [inflora.py] => [InfLoRA] Layer 11: 329/768 type remove
2026-07-28 06:25:25,960 [inflora.py] => [InfLoRA] Layer 12: 320/768 type remove
2026-07-28 06:26:52,049 [inflora.py] => [InfLoRA] DualGPM threshold: 0.9750
2026-07-28 06:26:53,369 [inflora.py] => [InfLoRA] Layer 1: 38/768 type remove
2026-07-28 06:26:53,369 [inflora.py] => [InfLoRA] Layer 2: 21/768 type remove
2026-07-28 06:26:53,369 [inflora.py] => [InfLoRA] Layer 3: 44/768 type remove
2026-07-28 06:26:53,369 [inflora.py] => [InfLoRA] Layer 4: 47/768 type remove
2026-07-28 06:26:53,369 [inflora.py] => [InfLoRA] Layer 5: 74/768 type remove
2026-07-28 06:26:53,369 [inflora.py] => [InfLoRA] Layer 6: 97/768 type remove
2026-07-28 06:26:53,369 [inflora.py] => [InfLoRA] Layer 7: 112/768 type remove
2026-07-28 06:26:53,369 [inflora.py] => [InfLoRA] Layer 8: 162/768 type remove
2026-07-28 06:26:53,369 [inflora.py] => [InfLoRA] Layer 9: 283/768 type remove
2026-07-28 06:26:53,369 [inflora.py] => [InfLoRA] Layer 10: 375/768 type retain
2026-07-28 06:26:53,369 [inflora.py] => [InfLoRA] Layer 11: 332/768 type remove
2026-07-28 06:26:53,369 [inflora.py] => [InfLoRA] Layer 12: 323/768 type remove
2026-07-28 06:28:22,734 [inflora.py] => [InfLoRA] DualGPM threshold: 0.9750
2026-07-28 06:28:23,846 [inflora.py] => [InfLoRA] Layer 1: 38/768 type remove
2026-07-28 06:28:23,846 [inflora.py] => [InfLoRA] Layer 2: 21/768 type remove
2026-07-28 06:28:23,846 [inflora.py] => [InfLoRA] Layer 3: 44/768 type remove
2026-07-28 06:28:23,846 [inflora.py] => [InfLoRA] Layer 4: 47/768 type remove
2026-07-28 06:28:23,846 [inflora.py] => [InfLoRA] Layer 5: 75/768 type remove
2026-07-28 06:28:23,846 [inflora.py] => [InfLoRA] Layer 6: 98/768 type remove
2026-07-28 06:28:23,846 [inflora.py] => [InfLoRA] Layer 7: 113/768 type remove
2026-07-28 06:28:23,846 [inflora.py] => [InfLoRA] Layer 8: 163/768 type remove
2026-07-28 06:28:23,846 [inflora.py] => [InfLoRA] Layer 9: 283/768 type remove
2026-07-28 06:28:23,846 [inflora.py] => [InfLoRA] Layer 10: 375/768 type retain
2026-07-28 06:28:23,846 [inflora.py] => [InfLoRA] Layer 11: 332/768 type remove
2026-07-28 06:28:23,846 [inflora.py] => [InfLoRA] Layer 12: 323/768 type remove
2026-07-28 06:29:49,891 [inflora.py] => [InfLoRA] DualGPM threshold: 0.9750
2026-07-28 06:29:51,209 [inflora.py] => [InfLoRA] Layer 1: 38/768 type remove
2026-07-28 06:29:51,209 [inflora.py] => [InfLoRA] Layer 2: 21/768 type remove
2026-07-28 06:29:51,209 [inflora.py] => [InfLoRA] Layer 3: 44/768 type remove
2026-07-28 06:29:51,209 [inflora.py] => [InfLoRA] Layer 4: 47/768 type remove
2026-07-28 06:29:51,209 [inflora.py] => [InfLoRA] Layer 5: 76/768 type remove
2026-07-28 06:29:51,209 [inflora.py] => [InfLoRA] Layer 6: 99/768 type remove
2026-07-28 06:29:51,209 [inflora.py] => [InfLoRA] Layer 7: 114/768 type remove
2026-07-28 06:29:51,209 [inflora.py] => [InfLoRA] Layer 8: 163/768 type remove
2026-07-28 06:29:51,210 [inflora.py] => [InfLoRA] Layer 9: 284/768 type remove
2026-07-28 06:29:51,210 [inflora.py] => [InfLoRA] Layer 10: 374/768 type retain
2026-07-28 06:29:51,210 [inflora.py] => [InfLoRA] Layer 11: 333/768 type remove
2026-07-28 06:29:51,210 [inflora.py] => [InfLoRA] Layer 12: 324/768 type remove
2026-07-28 06:31:17,443 [inflora.py] => [InfLoRA] DualGPM threshold: 0.9750
2026-07-28 06:31:18,735 [inflora.py] => [InfLoRA] Layer 1: 38/768 type remove
2026-07-28 06:31:18,735 [inflora.py] => [InfLoRA] Layer 2: 21/768 type remove
2026-07-28 06:31:18,735 [inflora.py] => [InfLoRA] Layer 3: 45/768 type remove
2026-07-28 06:31:18,735 [inflora.py] => [InfLoRA] Layer 4: 47/768 type remove
2026-07-28 06:31:18,735 [inflora.py] => [InfLoRA] Layer 5: 77/768 type remove
2026-07-28 06:31:18,735 [inflora.py] => [InfLoRA] Layer 6: 100/768 type remove
2026-07-28 06:31:18,735 [inflora.py] => [InfLoRA] Layer 7: 115/768 type remove
2026-07-28 06:31:18,735 [inflora.py] => [InfLoRA] Layer 8: 164/768 type remove
2026-07-28 06:31:18,735 [inflora.py] => [InfLoRA] Layer 9: 285/768 type remove
2026-07-28 06:31:18,735 [inflora.py] => [InfLoRA] Layer 10: 373/768 type retain
2026-07-28 06:31:18,735 [inflora.py] => [InfLoRA] Layer 11: 334/768 type remove
2026-07-28 06:31:18,735 [inflora.py] => [InfLoRA] Layer 12: 327/768 type remove
2026-07-28 06:31:28,180 [bounded_memory_mixin.py] => [bounded_mem eval] volume 0.30 | cycle 36 | classes_seen 310 | CIL top1 62.89 | top5 88.86 | (nearest latent task ~30) | param_hash 32428d00c543c3bf | per-task [50.25, 73.0, 49.24, 67.69, 78.5, 78.39, 74.0, 60.0, 61.0, 65.15, 62.12, 48.22, 75.5, 57.58, 65.0, 73.37, 52.76, 75.5, 59.0, 59.8, 45.23, 57.0, 50.76, 61.42, 56.0, 72.73, 69.35, 70.0, 77.66, 51.0, 52.0]
2026-07-28 06:32:55,613 [inflora.py] => [InfLoRA] DualGPM threshold: 0.9750
2026-07-28 06:32:56,857 [inflora.py] => [InfLoRA] Layer 1: 38/768 type remove
2026-07-28 06:32:56,857 [inflora.py] => [InfLoRA] Layer 2: 21/768 type remove
2026-07-28 06:32:56,857 [inflora.py] => [InfLoRA] Layer 3: 46/768 type remove
2026-07-28 06:32:56,857 [inflora.py] => [InfLoRA] Layer 4: 49/768 type remove
2026-07-28 06:32:56,857 [inflora.py] => [InfLoRA] Layer 5: 79/768 type remove
2026-07-28 06:32:56,857 [inflora.py] => [InfLoRA] Layer 6: 102/768 type remove
2026-07-28 06:32:56,857 [inflora.py] => [InfLoRA] Layer 7: 118/768 type remove
2026-07-28 06:32:56,857 [inflora.py] => [InfLoRA] Layer 8: 167/768 type remove
2026-07-28 06:32:56,857 [inflora.py] => [InfLoRA] Layer 9: 289/768 type remove
2026-07-28 06:32:56,857 [inflora.py] => [InfLoRA] Layer 10: 368/768 type retain
2026-07-28 06:32:56,857 [inflora.py] => [InfLoRA] Layer 11: 339/768 type remove
2026-07-28 06:32:56,857 [inflora.py] => [InfLoRA] Layer 12: 332/768 type remove
2026-07-28 06:34:22,550 [inflora.py] => [InfLoRA] DualGPM threshold: 0.9750
2026-07-28 06:34:23,900 [inflora.py] => [InfLoRA] Layer 1: 38/768 type remove
2026-07-28 06:34:23,900 [inflora.py] => [InfLoRA] Layer 2: 21/768 type remove
2026-07-28 06:34:23,900 [inflora.py] => [InfLoRA] Layer 3: 48/768 type remove
2026-07-28 06:34:23,900 [inflora.py] => [InfLoRA] Layer 4: 50/768 type remove
2026-07-28 06:34:23,900 [inflora.py] => [InfLoRA] Layer 5: 81/768 type remove
2026-07-28 06:34:23,900 [inflora.py] => [InfLoRA] Layer 6: 104/768 type remove
2026-07-28 06:34:23,900 [inflora.py] => [InfLoRA] Layer 7: 120/768 type remove
2026-07-28 06:34:23,900 [inflora.py] => [InfLoRA] Layer 8: 170/768 type remove
2026-07-28 06:34:23,900 [inflora.py] => [InfLoRA] Layer 9: 293/768 type remove
2026-07-28 06:34:23,900 [inflora.py] => [InfLoRA] Layer 10: 365/768 type retain
2026-07-28 06:34:23,900 [inflora.py] => [InfLoRA] Layer 11: 342/768 type remove
2026-07-28 06:34:23,900 [inflora.py] => [InfLoRA] Layer 12: 336/768 type remove
2026-07-28 06:35:51,367 [inflora.py] => [InfLoRA] DualGPM threshold: 0.9750
2026-07-28 06:35:52,437 [inflora.py] => [InfLoRA] Layer 1: 38/768 type remove
2026-07-28 06:35:52,438 [inflora.py] => [InfLoRA] Layer 2: 21/768 type remove
2026-07-28 06:35:52,438 [inflora.py] => [InfLoRA] Layer 3: 48/768 type remove
2026-07-28 06:35:52,438 [inflora.py] => [InfLoRA] Layer 4: 51/768 type remove
2026-07-28 06:35:52,438 [inflora.py] => [InfLoRA] Layer 5: 82/768 type remove
2026-07-28 06:35:52,438 [inflora.py] => [InfLoRA] Layer 6: 105/768 type remove
2026-07-28 06:35:52,438 [inflora.py] => [InfLoRA] Layer 7: 120/768 type remove
2026-07-28 06:35:52,438 [inflora.py] => [InfLoRA] Layer 8: 170/768 type remove
2026-07-28 06:35:52,438 [inflora.py] => [InfLoRA] Layer 9: 293/768 type remove
2026-07-28 06:35:52,438 [inflora.py] => [InfLoRA] Layer 10: 364/768 type retain
2026-07-28 06:35:52,438 [inflora.py] => [InfLoRA] Layer 11: 343/768 type remove
2026-07-28 06:35:52,438 [inflora.py] => [InfLoRA] Layer 12: 338/768 type remove
2026-07-28 06:37:21,441 [inflora.py] => [InfLoRA] DualGPM threshold: 0.9750
2026-07-28 06:37:22,523 [inflora.py] => [InfLoRA] Layer 1: 38/768 type remove
2026-07-28 06:37:22,523 [inflora.py] => [InfLoRA] Layer 2: 21/768 type remove
2026-07-28 06:37:22,523 [inflora.py] => [InfLoRA] Layer 3: 49/768 type remove
2026-07-28 06:37:22,523 [inflora.py] => [InfLoRA] Layer 4: 51/768 type remove
2026-07-28 06:37:22,523 [inflora.py] => [InfLoRA] Layer 5: 83/768 type remove
2026-07-28 06:37:22,523 [inflora.py] => [InfLoRA] Layer 6: 106/768 type remove
2026-07-28 06:37:22,523 [inflora.py] => [InfLoRA] Layer 7: 121/768 type remove
2026-07-28 06:37:22,523 [inflora.py] => [InfLoRA] Layer 8: 170/768 type remove
2026-07-28 06:37:22,523 [inflora.py] => [InfLoRA] Layer 9: 294/768 type remove
2026-07-28 06:37:22,523 [inflora.py] => [InfLoRA] Layer 10: 363/768 type retain
2026-07-28 06:37:22,523 [inflora.py] => [InfLoRA] Layer 11: 344/768 type remove
2026-07-28 06:37:22,523 [inflora.py] => [InfLoRA] Layer 12: 340/768 type remove
2026-07-28 06:38:48,619 [inflora.py] => [InfLoRA] DualGPM threshold: 0.9750
2026-07-28 06:38:49,897 [inflora.py] => [InfLoRA] Layer 1: 38/768 type remove
2026-07-28 06:38:49,897 [inflora.py] => [InfLoRA] Layer 2: 21/768 type remove
2026-07-28 06:38:49,897 [inflora.py] => [InfLoRA] Layer 3: 49/768 type remove
2026-07-28 06:38:49,897 [inflora.py] => [InfLoRA] Layer 4: 52/768 type remove
2026-07-28 06:38:49,897 [inflora.py] => [InfLoRA] Layer 5: 83/768 type remove
2026-07-28 06:38:49,897 [inflora.py] => [InfLoRA] Layer 6: 107/768 type remove
2026-07-28 06:38:49,897 [inflora.py] => [InfLoRA] Layer 7: 122/768 type remove
2026-07-28 06:38:49,897 [inflora.py] => [InfLoRA] Layer 8: 171/768 type remove
2026-07-28 06:38:49,897 [inflora.py] => [InfLoRA] Layer 9: 294/768 type remove
2026-07-28 06:38:49,897 [inflora.py] => [InfLoRA] Layer 10: 362/768 type retain
2026-07-28 06:38:49,897 [inflora.py] => [InfLoRA] Layer 11: 344/768 type remove
2026-07-28 06:38:49,897 [inflora.py] => [InfLoRA] Layer 12: 340/768 type remove
2026-07-28 06:40:16,565 [inflora.py] => [InfLoRA] DualGPM threshold: 0.9750
2026-07-28 06:40:17,899 [inflora.py] => [InfLoRA] Layer 1: 38/768 type remove
2026-07-28 06:40:17,899 [inflora.py] => [InfLoRA] Layer 2: 21/768 type remove
2026-07-28 06:40:17,899 [inflora.py] => [InfLoRA] Layer 3: 49/768 type remove
2026-07-28 06:40:17,899 [inflora.py] => [InfLoRA] Layer 4: 52/768 type remove
2026-07-28 06:40:17,899 [inflora.py] => [InfLoRA] Layer 5: 84/768 type remove
2026-07-28 06:40:17,899 [inflora.py] => [InfLoRA] Layer 6: 108/768 type remove
2026-07-28 06:40:17,899 [inflora.py] => [InfLoRA] Layer 7: 123/768 type remove
2026-07-28 06:40:17,899 [inflora.py] => [InfLoRA] Layer 8: 172/768 type remove
2026-07-28 06:40:17,899 [inflora.py] => [InfLoRA] Layer 9: 295/768 type remove
2026-07-28 06:40:17,899 [inflora.py] => [InfLoRA] Layer 10: 360/768 type retain
2026-07-28 06:40:17,899 [inflora.py] => [InfLoRA] Layer 11: 347/768 type remove
2026-07-28 06:40:17,899 [inflora.py] => [InfLoRA] Layer 12: 344/768 type remove
2026-07-28 06:41:47,799 [inflora.py] => [InfLoRA] DualGPM threshold: 0.9750
2026-07-28 06:41:48,881 [inflora.py] => [InfLoRA] Layer 1: 38/768 type remove
2026-07-28 06:41:48,881 [inflora.py] => [InfLoRA] Layer 2: 21/768 type remove
2026-07-28 06:41:48,881 [inflora.py] => [InfLoRA] Layer 3: 49/768 type remove
2026-07-28 06:41:48,881 [inflora.py] => [InfLoRA] Layer 4: 52/768 type remove
2026-07-28 06:41:48,881 [inflora.py] => [InfLoRA] Layer 5: 85/768 type remove
2026-07-28 06:41:48,881 [inflora.py] => [InfLoRA] Layer 6: 109/768 type remove
2026-07-28 06:41:48,881 [inflora.py] => [InfLoRA] Layer 7: 124/768 type remove
2026-07-28 06:41:48,881 [inflora.py] => [InfLoRA] Layer 8: 173/768 type remove
2026-07-28 06:41:48,881 [inflora.py] => [InfLoRA] Layer 9: 296/768 type remove
2026-07-28 06:41:48,881 [inflora.py] => [InfLoRA] Layer 10: 358/768 type retain
2026-07-28 06:41:48,881 [inflora.py] => [InfLoRA] Layer 11: 350/768 type remove
2026-07-28 06:41:48,881 [inflora.py] => [InfLoRA] Layer 12: 348/768 type remove
2026-07-28 06:43:15,697 [inflora.py] => [InfLoRA] DualGPM threshold: 0.9750
2026-07-28 06:43:16,787 [inflora.py] => [InfLoRA] Layer 1: 38/768 type remove
2026-07-28 06:43:16,787 [inflora.py] => [InfLoRA] Layer 2: 21/768 type remove
2026-07-28 06:43:16,787 [inflora.py] => [InfLoRA] Layer 3: 50/768 type remove
2026-07-28 06:43:16,787 [inflora.py] => [InfLoRA] Layer 4: 53/768 type remove
2026-07-28 06:43:16,787 [inflora.py] => [InfLoRA] Layer 5: 86/768 type remove
2026-07-28 06:43:16,787 [inflora.py] => [InfLoRA] Layer 6: 111/768 type remove
2026-07-28 06:43:16,787 [inflora.py] => [InfLoRA] Layer 7: 125/768 type remove
2026-07-28 06:43:16,787 [inflora.py] => [InfLoRA] Layer 8: 174/768 type remove
2026-07-28 06:43:16,787 [inflora.py] => [InfLoRA] Layer 9: 297/768 type remove
2026-07-28 06:43:16,787 [inflora.py] => [InfLoRA] Layer 10: 356/768 type retain
2026-07-28 06:43:16,787 [inflora.py] => [InfLoRA] Layer 11: 352/768 type remove
2026-07-28 06:43:16,787 [inflora.py] => [InfLoRA] Layer 12: 350/768 type remove
2026-07-28 06:44:43,073 [inflora.py] => [InfLoRA] DualGPM threshold: 0.9750
2026-07-28 06:44:44,411 [inflora.py] => [InfLoRA] Layer 1: 38/768 type remove
2026-07-28 06:44:44,411 [inflora.py] => [InfLoRA] Layer 2: 21/768 type remove
2026-07-28 06:44:44,411 [inflora.py] => [InfLoRA] Layer 3: 50/768 type remove
2026-07-28 06:44:44,411 [inflora.py] => [InfLoRA] Layer 4: 53/768 type remove
2026-07-28 06:44:44,411 [inflora.py] => [InfLoRA] Layer 5: 87/768 type remove
2026-07-28 06:44:44,411 [inflora.py] => [InfLoRA] Layer 6: 112/768 type remove
2026-07-28 06:44:44,411 [inflora.py] => [InfLoRA] Layer 7: 126/768 type remove
2026-07-28 06:44:44,411 [inflora.py] => [InfLoRA] Layer 8: 175/768 type remove
2026-07-28 06:44:44,411 [inflora.py] => [InfLoRA] Layer 9: 298/768 type remove
2026-07-28 06:44:44,411 [inflora.py] => [InfLoRA] Layer 10: 355/768 type retain
2026-07-28 06:44:44,411 [inflora.py] => [InfLoRA] Layer 11: 353/768 type remove
2026-07-28 06:44:44,411 [inflora.py] => [InfLoRA] Layer 12: 354/768 type remove
2026-07-28 06:46:10,056 [inflora.py] => [InfLoRA] DualGPM threshold: 0.9750
2026-07-28 06:46:11,396 [inflora.py] => [InfLoRA] Layer 1: 38/768 type remove
2026-07-28 06:46:11,396 [inflora.py] => [InfLoRA] Layer 2: 21/768 type remove
2026-07-28 06:46:11,396 [inflora.py] => [InfLoRA] Layer 3: 51/768 type remove
2026-07-28 06:46:11,396 [inflora.py] => [InfLoRA] Layer 4: 54/768 type remove
2026-07-28 06:46:11,396 [inflora.py] => [InfLoRA] Layer 5: 88/768 type remove
2026-07-28 06:46:11,396 [inflora.py] => [InfLoRA] Layer 6: 113/768 type remove
2026-07-28 06:46:11,396 [inflora.py] => [InfLoRA] Layer 7: 127/768 type remove
2026-07-28 06:46:11,396 [inflora.py] => [InfLoRA] Layer 8: 176/768 type remove
2026-07-28 06:46:11,396 [inflora.py] => [InfLoRA] Layer 9: 298/768 type remove
2026-07-28 06:46:11,396 [inflora.py] => [InfLoRA] Layer 10: 355/768 type retain
2026-07-28 06:46:11,396 [inflora.py] => [InfLoRA] Layer 11: 353/768 type remove
2026-07-28 06:46:11,396 [inflora.py] => [InfLoRA] Layer 12: 354/768 type remove
2026-07-28 06:47:38,490 [inflora.py] => [InfLoRA] DualGPM threshold: 0.9750
2026-07-28 06:47:39,589 [inflora.py] => [InfLoRA] Layer 1: 38/768 type remove
2026-07-28 06:47:39,590 [inflora.py] => [InfLoRA] Layer 2: 21/768 type remove
2026-07-28 06:47:39,590 [inflora.py] => [InfLoRA] Layer 3: 51/768 type remove
2026-07-28 06:47:39,590 [inflora.py] => [InfLoRA] Layer 4: 54/768 type remove
2026-07-28 06:47:39,590 [inflora.py] => [InfLoRA] Layer 5: 88/768 type remove
2026-07-28 06:47:39,590 [inflora.py] => [InfLoRA] Layer 6: 113/768 type remove
2026-07-28 06:47:39,590 [inflora.py] => [InfLoRA] Layer 7: 127/768 type remove
2026-07-28 06:47:39,590 [inflora.py] => [InfLoRA] Layer 8: 176/768 type remove
2026-07-28 06:47:39,590 [inflora.py] => [InfLoRA] Layer 9: 298/768 type remove
2026-07-28 06:47:39,590 [inflora.py] => [InfLoRA] Layer 10: 355/768 type retain
2026-07-28 06:47:39,590 [inflora.py] => [InfLoRA] Layer 11: 353/768 type remove
2026-07-28 06:47:39,590 [inflora.py] => [InfLoRA] Layer 12: 355/768 type remove
2026-07-28 06:49:07,125 [inflora.py] => [InfLoRA] DualGPM threshold: 0.9750
2026-07-28 06:49:08,207 [inflora.py] => [InfLoRA] Layer 1: 38/768 type remove
2026-07-28 06:49:08,208 [inflora.py] => [InfLoRA] Layer 2: 21/768 type remove
2026-07-28 06:49:08,208 [inflora.py] => [InfLoRA] Layer 3: 51/768 type remove
2026-07-28 06:49:08,208 [inflora.py] => [InfLoRA] Layer 4: 54/768 type remove
2026-07-28 06:49:08,208 [inflora.py] => [InfLoRA] Layer 5: 89/768 type remove
2026-07-28 06:49:08,208 [inflora.py] => [InfLoRA] Layer 6: 114/768 type remove
2026-07-28 06:49:08,208 [inflora.py] => [InfLoRA] Layer 7: 128/768 type remove
2026-07-28 06:49:08,208 [inflora.py] => [InfLoRA] Layer 8: 177/768 type remove
2026-07-28 06:49:08,208 [inflora.py] => [InfLoRA] Layer 9: 299/768 type remove
2026-07-28 06:49:08,208 [inflora.py] => [InfLoRA] Layer 10: 355/768 type retain
2026-07-28 06:49:08,208 [inflora.py] => [InfLoRA] Layer 11: 353/768 type remove
2026-07-28 06:49:08,208 [inflora.py] => [InfLoRA] Layer 12: 355/768 type remove
2026-07-28 06:49:20,439 [bounded_memory_mixin.py] => [bounded_mem eval] volume 0.40 | cycle 48 | classes_seen 420 | CIL top1 57.79 | top5 85.26 | (nearest latent task ~41) | param_hash 6ca0c71cd01b81d2 | per-task [36.68, 73.0, 46.7, 60.0, 74.5, 76.88, 75.0, 50.5, 56.5, 64.65, 51.01, 39.59, 71.5, 49.49, 64.0, 73.37, 53.77, 74.0, 58.5, 57.79, 42.21, 54.5, 45.69, 56.85, 46.5, 68.69, 62.31, 67.0, 69.54, 50.5, 52.5, 70.0, 57.5, 69.5, 48.47, 63.82, 46.94, 38.07, 73.87, 56.57, 44.67, 32.66]
2026-07-28 06:50:47,545 [inflora.py] => [InfLoRA] DualGPM threshold: 0.9750
2026-07-28 06:50:48,689 [inflora.py] => [InfLoRA] Layer 1: 38/768 type remove
2026-07-28 06:50:48,689 [inflora.py] => [InfLoRA] Layer 2: 21/768 type remove
2026-07-28 06:50:48,689 [inflora.py] => [InfLoRA] Layer 3: 51/768 type remove
2026-07-28 06:50:48,689 [inflora.py] => [InfLoRA] Layer 4: 54/768 type remove
2026-07-28 06:50:48,689 [inflora.py] => [InfLoRA] Layer 5: 89/768 type remove
2026-07-28 06:50:48,689 [inflora.py] => [InfLoRA] Layer 6: 114/768 type remove
2026-07-28 06:50:48,689 [inflora.py] => [InfLoRA] Layer 7: 129/768 type remove
2026-07-28 06:50:48,689 [inflora.py] => [InfLoRA] Layer 8: 178/768 type remove
2026-07-28 06:50:48,689 [inflora.py] => [InfLoRA] Layer 9: 300/768 type remove
2026-07-28 06:50:48,689 [inflora.py] => [InfLoRA] Layer 10: 354/768 type retain
2026-07-28 06:50:48,689 [inflora.py] => [InfLoRA] Layer 11: 354/768 type remove
2026-07-28 06:50:48,689 [inflora.py] => [InfLoRA] Layer 12: 357/768 type remove
2026-07-28 06:52:15,477 [inflora.py] => [InfLoRA] DualGPM threshold: 0.9750
2026-07-28 06:52:16,573 [inflora.py] => [InfLoRA] Layer 1: 38/768 type remove
2026-07-28 06:52:16,573 [inflora.py] => [InfLoRA] Layer 2: 21/768 type remove
2026-07-28 06:52:16,573 [inflora.py] => [InfLoRA] Layer 3: 52/768 type remove
2026-07-28 06:52:16,573 [inflora.py] => [InfLoRA] Layer 4: 55/768 type remove
2026-07-28 06:52:16,573 [inflora.py] => [InfLoRA] Layer 5: 90/768 type remove
2026-07-28 06:52:16,573 [inflora.py] => [InfLoRA] Layer 6: 115/768 type remove
2026-07-28 06:52:16,573 [inflora.py] => [InfLoRA] Layer 7: 130/768 type remove
2026-07-28 06:52:16,573 [inflora.py] => [InfLoRA] Layer 8: 179/768 type remove
2026-07-28 06:52:16,573 [inflora.py] => [InfLoRA] Layer 9: 301/768 type remove
2026-07-28 06:52:16,573 [inflora.py] => [InfLoRA] Layer 10: 352/768 type retain
2026-07-28 06:52:16,573 [inflora.py] => [InfLoRA] Layer 11: 356/768 type remove
2026-07-28 06:52:16,573 [inflora.py] => [InfLoRA] Layer 12: 359/768 type remove
2026-07-28 06:53:43,598 [inflora.py] => [InfLoRA] DualGPM threshold: 0.9750
2026-07-28 06:53:44,678 [inflora.py] => [InfLoRA] Layer 1: 38/768 type remove
2026-07-28 06:53:44,678 [inflora.py] => [InfLoRA] Layer 2: 21/768 type remove
2026-07-28 06:53:44,678 [inflora.py] => [InfLoRA] Layer 3: 53/768 type remove
2026-07-28 06:53:44,678 [inflora.py] => [InfLoRA] Layer 4: 56/768 type remove
2026-07-28 06:53:44,678 [inflora.py] => [InfLoRA] Layer 5: 91/768 type remove
2026-07-28 06:53:44,678 [inflora.py] => [InfLoRA] Layer 6: 116/768 type remove
2026-07-28 06:53:44,678 [inflora.py] => [InfLoRA] Layer 7: 131/768 type remove
2026-07-28 06:53:44,678 [inflora.py] => [InfLoRA] Layer 8: 180/768 type remove
2026-07-28 06:53:44,678 [inflora.py] => [InfLoRA] Layer 9: 301/768 type remove
2026-07-28 06:53:44,678 [inflora.py] => [InfLoRA] Layer 10: 352/768 type retain
2026-07-28 06:53:44,678 [inflora.py] => [InfLoRA] Layer 11: 356/768 type remove
2026-07-28 06:53:44,678 [inflora.py] => [InfLoRA] Layer 12: 359/768 type remove
2026-07-28 06:55:10,361 [inflora.py] => [InfLoRA] DualGPM threshold: 0.9750
2026-07-28 06:55:11,666 [inflora.py] => [InfLoRA] Layer 1: 38/768 type remove
2026-07-28 06:55:11,666 [inflora.py] => [InfLoRA] Layer 2: 21/768 type remove
2026-07-28 06:55:11,666 [inflora.py] => [InfLoRA] Layer 3: 53/768 type remove
2026-07-28 06:55:11,666 [inflora.py] => [InfLoRA] Layer 4: 56/768 type remove
2026-07-28 06:55:11,666 [inflora.py] => [InfLoRA] Layer 5: 91/768 type remove
2026-07-28 06:55:11,666 [inflora.py] => [InfLoRA] Layer 6: 117/768 type remove
2026-07-28 06:55:11,666 [inflora.py] => [InfLoRA] Layer 7: 132/768 type remove
2026-07-28 06:55:11,666 [inflora.py] => [InfLoRA] Layer 8: 181/768 type remove
2026-07-28 06:55:11,666 [inflora.py] => [InfLoRA] Layer 9: 302/768 type remove
2026-07-28 06:55:11,666 [inflora.py] => [InfLoRA] Layer 10: 352/768 type retain
2026-07-28 06:55:11,666 [inflora.py] => [InfLoRA] Layer 11: 356/768 type remove
2026-07-28 06:55:11,666 [inflora.py] => [InfLoRA] Layer 12: 359/768 type remove
2026-07-28 06:56:37,404 [inflora.py] => [InfLoRA] DualGPM threshold: 0.9750
2026-07-28 06:56:38,501 [inflora.py] => [InfLoRA] Layer 1: 38/768 type remove
2026-07-28 06:56:38,501 [inflora.py] => [InfLoRA] Layer 2: 21/768 type remove
2026-07-28 06:56:38,501 [inflora.py] => [InfLoRA] Layer 3: 53/768 type remove
2026-07-28 06:56:38,501 [inflora.py] => [InfLoRA] Layer 4: 56/768 type remove
2026-07-28 06:56:38,501 [inflora.py] => [InfLoRA] Layer 5: 92/768 type remove
2026-07-28 06:56:38,501 [inflora.py] => [InfLoRA] Layer 6: 117/768 type remove
2026-07-28 06:56:38,501 [inflora.py] => [InfLoRA] Layer 7: 132/768 type remove
2026-07-28 06:56:38,501 [inflora.py] => [InfLoRA] Layer 8: 182/768 type remove
2026-07-28 06:56:38,501 [inflora.py] => [InfLoRA] Layer 9: 303/768 type remove
2026-07-28 06:56:38,501 [inflora.py] => [InfLoRA] Layer 10: 351/768 type retain
2026-07-28 06:56:38,501 [inflora.py] => [InfLoRA] Layer 11: 357/768 type remove
2026-07-28 06:56:38,501 [inflora.py] => [InfLoRA] Layer 12: 361/768 type remove
2026-07-28 06:58:07,753 [inflora.py] => [InfLoRA] DualGPM threshold: 0.9750
2026-07-28 06:58:08,832 [inflora.py] => [InfLoRA] Layer 1: 38/768 type remove
2026-07-28 06:58:08,832 [inflora.py] => [InfLoRA] Layer 2: 21/768 type remove
2026-07-28 06:58:08,832 [inflora.py] => [InfLoRA] Layer 3: 54/768 type remove
2026-07-28 06:58:08,832 [inflora.py] => [InfLoRA] Layer 4: 57/768 type remove
2026-07-28 06:58:08,832 [inflora.py] => [InfLoRA] Layer 5: 93/768 type remove
2026-07-28 06:58:08,832 [inflora.py] => [InfLoRA] Layer 6: 118/768 type remove
2026-07-28 06:58:08,832 [inflora.py] => [InfLoRA] Layer 7: 133/768 type remove
2026-07-28 06:58:08,832 [inflora.py] => [InfLoRA] Layer 8: 183/768 type remove
2026-07-28 06:58:08,832 [inflora.py] => [InfLoRA] Layer 9: 303/768 type remove
2026-07-28 06:58:08,832 [inflora.py] => [InfLoRA] Layer 10: 351/768 type retain
2026-07-28 06:58:08,832 [inflora.py] => [InfLoRA] Layer 11: 357/768 type remove
2026-07-28 06:58:08,832 [inflora.py] => [InfLoRA] Layer 12: 362/768 type remove
2026-07-28 06:59:35,076 [inflora.py] => [InfLoRA] DualGPM threshold: 0.9750
2026-07-28 06:59:36,334 [inflora.py] => [InfLoRA] Layer 1: 38/768 type remove
2026-07-28 06:59:36,334 [inflora.py] => [InfLoRA] Layer 2: 21/768 type remove
2026-07-28 06:59:36,334 [inflora.py] => [InfLoRA] Layer 3: 54/768 type remove
2026-07-28 06:59:36,334 [inflora.py] => [InfLoRA] Layer 4: 58/768 type remove
2026-07-28 06:59:36,334 [inflora.py] => [InfLoRA] Layer 5: 94/768 type remove
2026-07-28 06:59:36,334 [inflora.py] => [InfLoRA] Layer 6: 119/768 type remove
2026-07-28 06:59:36,334 [inflora.py] => [InfLoRA] Layer 7: 134/768 type remove
2026-07-28 06:59:36,335 [inflora.py] => [InfLoRA] Layer 8: 185/768 type remove
2026-07-28 06:59:36,335 [inflora.py] => [InfLoRA] Layer 9: 304/768 type remove
2026-07-28 06:59:36,335 [inflora.py] => [InfLoRA] Layer 10: 350/768 type retain
2026-07-28 06:59:36,335 [inflora.py] => [InfLoRA] Layer 11: 358/768 type remove
2026-07-28 06:59:36,335 [inflora.py] => [InfLoRA] Layer 12: 363/768 type remove
2026-07-28 07:01:03,141 [inflora.py] => [InfLoRA] DualGPM threshold: 0.9750
2026-07-28 07:01:04,462 [inflora.py] => [InfLoRA] Layer 1: 38/768 type remove
2026-07-28 07:01:04,463 [inflora.py] => [InfLoRA] Layer 2: 21/768 type remove
2026-07-28 07:01:04,463 [inflora.py] => [InfLoRA] Layer 3: 55/768 type remove
2026-07-28 07:01:04,463 [inflora.py] => [InfLoRA] Layer 4: 58/768 type remove
2026-07-28 07:01:04,463 [inflora.py] => [InfLoRA] Layer 5: 94/768 type remove
2026-07-28 07:01:04,463 [inflora.py] => [InfLoRA] Layer 6: 120/768 type remove
2026-07-28 07:01:04,463 [inflora.py] => [InfLoRA] Layer 7: 135/768 type remove
2026-07-28 07:01:04,463 [inflora.py] => [InfLoRA] Layer 8: 186/768 type remove
2026-07-28 07:01:04,463 [inflora.py] => [InfLoRA] Layer 9: 306/768 type remove
2026-07-28 07:01:04,463 [inflora.py] => [InfLoRA] Layer 10: 349/768 type retain
2026-07-28 07:01:04,463 [inflora.py] => [InfLoRA] Layer 11: 359/768 type remove
2026-07-28 07:01:04,463 [inflora.py] => [InfLoRA] Layer 12: 364/768 type remove
2026-07-28 07:02:32,075 [inflora.py] => [InfLoRA] DualGPM threshold: 0.9750
2026-07-28 07:02:33,167 [inflora.py] => [InfLoRA] Layer 1: 38/768 type remove
2026-07-28 07:02:33,167 [inflora.py] => [InfLoRA] Layer 2: 21/768 type remove
2026-07-28 07:02:33,167 [inflora.py] => [InfLoRA] Layer 3: 56/768 type remove
2026-07-28 07:02:33,167 [inflora.py] => [InfLoRA] Layer 4: 59/768 type remove
2026-07-28 07:02:33,167 [inflora.py] => [InfLoRA] Layer 5: 95/768 type remove
2026-07-28 07:02:33,167 [inflora.py] => [InfLoRA] Layer 6: 121/768 type remove
2026-07-28 07:02:33,167 [inflora.py] => [InfLoRA] Layer 7: 137/768 type remove
2026-07-28 07:02:33,167 [inflora.py] => [InfLoRA] Layer 8: 188/768 type remove
2026-07-28 07:02:33,167 [inflora.py] => [InfLoRA] Layer 9: 309/768 type remove
2026-07-28 07:02:33,167 [inflora.py] => [InfLoRA] Layer 10: 347/768 type retain
2026-07-28 07:02:33,167 [inflora.py] => [InfLoRA] Layer 11: 361/768 type remove
2026-07-28 07:02:33,167 [inflora.py] => [InfLoRA] Layer 12: 366/768 type remove
2026-07-28 07:04:00,852 [inflora.py] => [InfLoRA] DualGPM threshold: 0.9750
2026-07-28 07:04:02,210 [inflora.py] => [InfLoRA] Layer 1: 38/768 type remove
2026-07-28 07:04:02,210 [inflora.py] => [InfLoRA] Layer 2: 21/768 type remove
2026-07-28 07:04:02,210 [inflora.py] => [InfLoRA] Layer 3: 57/768 type remove
2026-07-28 07:04:02,210 [inflora.py] => [InfLoRA] Layer 4: 60/768 type remove
2026-07-28 07:04:02,210 [inflora.py] => [InfLoRA] Layer 5: 96/768 type remove
2026-07-28 07:04:02,210 [inflora.py] => [InfLoRA] Layer 6: 122/768 type remove
2026-07-28 07:04:02,210 [inflora.py] => [InfLoRA] Layer 7: 139/768 type remove
2026-07-28 07:04:02,210 [inflora.py] => [InfLoRA] Layer 8: 192/768 type remove
2026-07-28 07:04:02,210 [inflora.py] => [InfLoRA] Layer 9: 311/768 type remove
2026-07-28 07:04:02,210 [inflora.py] => [InfLoRA] Layer 10: 346/768 type retain
2026-07-28 07:04:02,210 [inflora.py] => [InfLoRA] Layer 11: 362/768 type remove
2026-07-28 07:04:02,210 [inflora.py] => [InfLoRA] Layer 12: 367/768 type remove
2026-07-28 07:05:30,581 [inflora.py] => [InfLoRA] DualGPM threshold: 0.9750
2026-07-28 07:05:31,713 [inflora.py] => [InfLoRA] Layer 1: 38/768 type remove
2026-07-28 07:05:31,713 [inflora.py] => [InfLoRA] Layer 2: 21/768 type remove
2026-07-28 07:05:31,713 [inflora.py] => [InfLoRA] Layer 3: 57/768 type remove
2026-07-28 07:05:31,713 [inflora.py] => [InfLoRA] Layer 4: 61/768 type remove
2026-07-28 07:05:31,713 [inflora.py] => [InfLoRA] Layer 5: 97/768 type remove
2026-07-28 07:05:31,713 [inflora.py] => [InfLoRA] Layer 6: 123/768 type remove
2026-07-28 07:05:31,713 [inflora.py] => [InfLoRA] Layer 7: 140/768 type remove
2026-07-28 07:05:31,713 [inflora.py] => [InfLoRA] Layer 8: 193/768 type remove
2026-07-28 07:05:31,713 [inflora.py] => [InfLoRA] Layer 9: 312/768 type remove
2026-07-28 07:05:31,713 [inflora.py] => [InfLoRA] Layer 10: 345/768 type retain
2026-07-28 07:05:31,713 [inflora.py] => [InfLoRA] Layer 11: 363/768 type remove
2026-07-28 07:05:31,713 [inflora.py] => [InfLoRA] Layer 12: 369/768 type remove
2026-07-28 07:07:00,724 [inflora.py] => [InfLoRA] DualGPM threshold: 0.9750
2026-07-28 07:07:01,846 [inflora.py] => [InfLoRA] Layer 1: 38/768 type remove
2026-07-28 07:07:01,846 [inflora.py] => [InfLoRA] Layer 2: 21/768 type remove
2026-07-28 07:07:01,846 [inflora.py] => [InfLoRA] Layer 3: 58/768 type remove
2026-07-28 07:07:01,846 [inflora.py] => [InfLoRA] Layer 4: 62/768 type remove
2026-07-28 07:07:01,846 [inflora.py] => [InfLoRA] Layer 5: 98/768 type remove
2026-07-28 07:07:01,846 [inflora.py] => [InfLoRA] Layer 6: 124/768 type remove
2026-07-28 07:07:01,846 [inflora.py] => [InfLoRA] Layer 7: 141/768 type remove
2026-07-28 07:07:01,846 [inflora.py] => [InfLoRA] Layer 8: 193/768 type remove
2026-07-28 07:07:01,846 [inflora.py] => [InfLoRA] Layer 9: 312/768 type remove
2026-07-28 07:07:01,846 [inflora.py] => [InfLoRA] Layer 10: 345/768 type retain
2026-07-28 07:07:01,846 [inflora.py] => [InfLoRA] Layer 11: 363/768 type remove
2026-07-28 07:07:01,846 [inflora.py] => [InfLoRA] Layer 12: 370/768 type remove
2026-07-28 07:07:16,843 [bounded_memory_mixin.py] => [bounded_mem eval] volume 0.50 | cycle 60 | classes_seen 510 | CIL top1 54.05 | top5 81.50 | (nearest latent task ~50) | param_hash 529b8bd605f827b7 | per-task [36.68, 68.0, 44.16, 58.97, 70.0, 71.86, 75.5, 39.0, 61.0, 63.64, 48.48, 42.13, 69.5, 52.53, 59.5, 69.85, 46.73, 70.0, 52.5, 56.28, 41.21, 53.0, 43.65, 56.35, 38.5, 65.15, 56.78, 60.5, 63.96, 49.5, 49.5, 65.0, 49.0, 62.5, 46.94, 61.81, 40.31, 37.56, 74.37, 54.55, 45.18, 54.77, 32.99, 34.0, 66.5, 37.5, 65.15, 58.67, 37.0, 51.26, 46.23]
2026-07-28 07:08:42,919 [inflora.py] => [InfLoRA] DualGPM threshold: 0.9750
2026-07-28 07:08:44,311 [inflora.py] => [InfLoRA] Layer 1: 38/768 type remove
2026-07-28 07:08:44,311 [inflora.py] => [InfLoRA] Layer 2: 21/768 type remove
2026-07-28 07:08:44,311 [inflora.py] => [InfLoRA] Layer 3: 58/768 type remove
2026-07-28 07:08:44,312 [inflora.py] => [InfLoRA] Layer 4: 63/768 type remove
2026-07-28 07:08:44,312 [inflora.py] => [InfLoRA] Layer 5: 99/768 type remove
2026-07-28 07:08:44,312 [inflora.py] => [InfLoRA] Layer 6: 125/768 type remove
2026-07-28 07:08:44,312 [inflora.py] => [InfLoRA] Layer 7: 141/768 type remove
2026-07-28 07:08:44,312 [inflora.py] => [InfLoRA] Layer 8: 194/768 type remove
2026-07-28 07:08:44,312 [inflora.py] => [InfLoRA] Layer 9: 313/768 type remove
2026-07-28 07:08:44,312 [inflora.py] => [InfLoRA] Layer 10: 345/768 type retain
2026-07-28 07:08:44,312 [inflora.py] => [InfLoRA] Layer 11: 363/768 type remove
2026-07-28 07:08:44,312 [inflora.py] => [InfLoRA] Layer 12: 371/768 type remove
2026-07-28 07:10:11,982 [inflora.py] => [InfLoRA] DualGPM threshold: 0.9750
2026-07-28 07:10:13,102 [inflora.py] => [InfLoRA] Layer 1: 38/768 type remove
2026-07-28 07:10:13,102 [inflora.py] => [InfLoRA] Layer 2: 21/768 type remove
2026-07-28 07:10:13,102 [inflora.py] => [InfLoRA] Layer 3: 59/768 type remove
2026-07-28 07:10:13,102 [inflora.py] => [InfLoRA] Layer 4: 63/768 type remove
2026-07-28 07:10:13,102 [inflora.py] => [InfLoRA] Layer 5: 100/768 type remove
2026-07-28 07:10:13,102 [inflora.py] => [InfLoRA] Layer 6: 126/768 type remove
2026-07-28 07:10:13,102 [inflora.py] => [InfLoRA] Layer 7: 142/768 type remove
2026-07-28 07:10:13,102 [inflora.py] => [InfLoRA] Layer 8: 194/768 type remove
2026-07-28 07:10:13,102 [inflora.py] => [InfLoRA] Layer 9: 313/768 type remove
2026-07-28 07:10:13,102 [inflora.py] => [InfLoRA] Layer 10: 345/768 type retain
2026-07-28 07:10:13,102 [inflora.py] => [InfLoRA] Layer 11: 364/768 type remove
2026-07-28 07:10:13,102 [inflora.py] => [InfLoRA] Layer 12: 372/768 type remove
2026-07-28 07:11:41,044 [inflora.py] => [InfLoRA] DualGPM threshold: 0.9750
2026-07-28 07:11:42,413 [inflora.py] => [InfLoRA] Layer 1: 38/768 type remove
2026-07-28 07:11:42,413 [inflora.py] => [InfLoRA] Layer 2: 21/768 type remove
2026-07-28 07:11:42,413 [inflora.py] => [InfLoRA] Layer 3: 59/768 type remove
2026-07-28 07:11:42,413 [inflora.py] => [InfLoRA] Layer 4: 64/768 type remove
2026-07-28 07:11:42,414 [inflora.py] => [InfLoRA] Layer 5: 101/768 type remove
2026-07-28 07:11:42,414 [inflora.py] => [InfLoRA] Layer 6: 127/768 type remove
2026-07-28 07:11:42,414 [inflora.py] => [InfLoRA] Layer 7: 143/768 type remove
2026-07-28 07:11:42,414 [inflora.py] => [InfLoRA] Layer 8: 195/768 type remove
2026-07-28 07:11:42,414 [inflora.py] => [InfLoRA] Layer 9: 315/768 type remove
2026-07-28 07:11:42,414 [inflora.py] => [InfLoRA] Layer 10: 344/768 type retain
2026-07-28 07:11:42,414 [inflora.py] => [InfLoRA] Layer 11: 365/768 type remove
2026-07-28 07:11:42,414 [inflora.py] => [InfLoRA] Layer 12: 373/768 type remove
2026-07-28 07:13:09,915 [inflora.py] => [InfLoRA] DualGPM threshold: 0.9750
2026-07-28 07:13:11,036 [inflora.py] => [InfLoRA] Layer 1: 38/768 type remove
2026-07-28 07:13:11,036 [inflora.py] => [InfLoRA] Layer 2: 21/768 type remove
2026-07-28 07:13:11,036 [inflora.py] => [InfLoRA] Layer 3: 59/768 type remove
2026-07-28 07:13:11,036 [inflora.py] => [InfLoRA] Layer 4: 64/768 type remove
2026-07-28 07:13:11,036 [inflora.py] => [InfLoRA] Layer 5: 102/768 type remove
2026-07-28 07:13:11,036 [inflora.py] => [InfLoRA] Layer 6: 128/768 type remove
2026-07-28 07:13:11,036 [inflora.py] => [InfLoRA] Layer 7: 144/768 type remove
2026-07-28 07:13:11,036 [inflora.py] => [InfLoRA] Layer 8: 196/768 type remove
2026-07-28 07:13:11,036 [inflora.py] => [InfLoRA] Layer 9: 316/768 type remove
2026-07-28 07:13:11,036 [inflora.py] => [InfLoRA] Layer 10: 344/768 type retain
2026-07-28 07:13:11,036 [inflora.py] => [InfLoRA] Layer 11: 366/768 type remove
2026-07-28 07:13:11,036 [inflora.py] => [InfLoRA] Layer 12: 374/768 type remove
2026-07-28 07:14:38,713 [inflora.py] => [InfLoRA] DualGPM threshold: 0.9750
2026-07-28 07:14:39,849 [inflora.py] => [InfLoRA] Layer 1: 38/768 type remove
2026-07-28 07:14:39,849 [inflora.py] => [InfLoRA] Layer 2: 21/768 type remove
2026-07-28 07:14:39,849 [inflora.py] => [InfLoRA] Layer 3: 59/768 type remove
2026-07-28 07:14:39,849 [inflora.py] => [InfLoRA] Layer 4: 64/768 type remove
2026-07-28 07:14:39,849 [inflora.py] => [InfLoRA] Layer 5: 103/768 type remove
2026-07-28 07:14:39,849 [inflora.py] => [InfLoRA] Layer 6: 129/768 type remove
2026-07-28 07:14:39,849 [inflora.py] => [InfLoRA] Layer 7: 144/768 type remove
2026-07-28 07:14:39,849 [inflora.py] => [InfLoRA] Layer 8: 197/768 type remove
2026-07-28 07:14:39,849 [inflora.py] => [InfLoRA] Layer 9: 317/768 type remove
2026-07-28 07:14:39,849 [inflora.py] => [InfLoRA] Layer 10: 343/768 type retain
2026-07-28 07:14:39,849 [inflora.py] => [InfLoRA] Layer 11: 367/768 type remove
2026-07-28 07:14:39,849 [inflora.py] => [InfLoRA] Layer 12: 375/768 type remove
2026-07-28 07:16:07,730 [inflora.py] => [InfLoRA] DualGPM threshold: 0.9750
2026-07-28 07:16:08,869 [inflora.py] => [InfLoRA] Layer 1: 38/768 type remove
2026-07-28 07:16:08,869 [inflora.py] => [InfLoRA] Layer 2: 21/768 type remove
2026-07-28 07:16:08,869 [inflora.py] => [InfLoRA] Layer 3: 59/768 type remove
2026-07-28 07:16:08,869 [inflora.py] => [InfLoRA] Layer 4: 64/768 type remove
2026-07-28 07:16:08,869 [inflora.py] => [InfLoRA] Layer 5: 103/768 type remove
2026-07-28 07:16:08,869 [inflora.py] => [InfLoRA] Layer 6: 129/768 type remove
2026-07-28 07:16:08,869 [inflora.py] => [InfLoRA] Layer 7: 145/768 type remove
2026-07-28 07:16:08,869 [inflora.py] => [InfLoRA] Layer 8: 197/768 type remove
2026-07-28 07:16:08,869 [inflora.py] => [InfLoRA] Layer 9: 318/768 type remove
2026-07-28 07:16:08,869 [inflora.py] => [InfLoRA] Layer 10: 342/768 type retain
2026-07-28 07:16:08,869 [inflora.py] => [InfLoRA] Layer 11: 368/768 type remove
2026-07-28 07:16:08,869 [inflora.py] => [InfLoRA] Layer 12: 375/768 type remove
2026-07-28 07:17:35,540 [inflora.py] => [InfLoRA] DualGPM threshold: 0.9750
2026-07-28 07:17:36,855 [inflora.py] => [InfLoRA] Layer 1: 38/768 type remove
2026-07-28 07:17:36,855 [inflora.py] => [InfLoRA] Layer 2: 21/768 type remove
2026-07-28 07:17:36,855 [inflora.py] => [InfLoRA] Layer 3: 60/768 type remove
2026-07-28 07:17:36,856 [inflora.py] => [InfLoRA] Layer 4: 65/768 type remove
2026-07-28 07:17:36,856 [inflora.py] => [InfLoRA] Layer 5: 104/768 type remove
2026-07-28 07:17:36,856 [inflora.py] => [InfLoRA] Layer 6: 130/768 type remove
2026-07-28 07:17:36,856 [inflora.py] => [InfLoRA] Layer 7: 145/768 type remove
2026-07-28 07:17:36,856 [inflora.py] => [InfLoRA] Layer 8: 198/768 type remove
2026-07-28 07:17:36,856 [inflora.py] => [InfLoRA] Layer 9: 319/768 type remove
2026-07-28 07:17:36,856 [inflora.py] => [InfLoRA] Layer 10: 341/768 type retain
2026-07-28 07:17:36,856 [inflora.py] => [InfLoRA] Layer 11: 369/768 type remove
2026-07-28 07:17:36,856 [inflora.py] => [InfLoRA] Layer 12: 376/768 type remove
2026-07-28 07:19:04,094 [inflora.py] => [InfLoRA] DualGPM threshold: 0.9750
2026-07-28 07:19:05,193 [inflora.py] => [InfLoRA] Layer 1: 38/768 type remove
2026-07-28 07:19:05,193 [inflora.py] => [InfLoRA] Layer 2: 21/768 type remove
2026-07-28 07:19:05,193 [inflora.py] => [InfLoRA] Layer 3: 60/768 type remove
2026-07-28 07:19:05,193 [inflora.py] => [InfLoRA] Layer 4: 65/768 type remove
2026-07-28 07:19:05,193 [inflora.py] => [InfLoRA] Layer 5: 105/768 type remove
2026-07-28 07:19:05,193 [inflora.py] => [InfLoRA] Layer 6: 131/768 type remove
2026-07-28 07:19:05,193 [inflora.py] => [InfLoRA] Layer 7: 146/768 type remove
2026-07-28 07:19:05,193 [inflora.py] => [InfLoRA] Layer 8: 199/768 type remove
2026-07-28 07:19:05,193 [inflora.py] => [InfLoRA] Layer 9: 321/768 type remove
2026-07-28 07:19:05,193 [inflora.py] => [InfLoRA] Layer 10: 338/768 type retain
2026-07-28 07:19:05,193 [inflora.py] => [InfLoRA] Layer 11: 375/768 type remove
2026-07-28 07:19:05,193 [inflora.py] => [InfLoRA] Layer 12: 378/768 type remove
/data/gmar762/anaconda3/envs/treelora/lib/python3.10/site-packages/PIL/Image.py:1137: UserWarning: Palette images with Transparency expressed in bytes should be converted to RGBA images
  warnings.warn(
/data/gmar762/anaconda3/envs/treelora/lib/python3.10/site-packages/PIL/Image.py:1137: UserWarning: Palette images with Transparency expressed in bytes should be converted to RGBA images
  warnings.warn(
/data/gmar762/anaconda3/envs/treelora/lib/python3.10/site-packages/PIL/Image.py:1137: UserWarning: Palette images with Transparency expressed in bytes should be converted to RGBA images
  warnings.warn(
/data/gmar762/anaconda3/envs/treelora/lib/python3.10/site-packages/PIL/Image.py:1137: UserWarning: Palette images with Transparency expressed in bytes should be converted to RGBA images
  warnings.warn(
/data/gmar762/anaconda3/envs/treelora/lib/python3.10/site-packages/PIL/Image.py:1137: UserWarning: Palette images with Transparency expressed in bytes should be converted to RGBA images
  warnings.warn(
/data/gmar762/anaconda3/envs/treelora/lib/python3.10/site-packages/PIL/Image.py:1137: UserWarning: Palette images with Transparency expressed in bytes should be converted to RGBA images
  warnings.warn(
/data/gmar762/anaconda3/envs/treelora/lib/python3.10/site-packages/PIL/Image.py:1137: UserWarning: Palette images with Transparency expressed in bytes should be converted to RGBA images
  warnings.warn(
/data/gmar762/anaconda3/envs/treelora/lib/python3.10/site-packages/PIL/Image.py:1137: UserWarning: Palette images with Transparency expressed in bytes should be converted to RGBA images
  warnings.warn(
/data/gmar762/anaconda3/envs/treelora/lib/python3.10/site-packages/PIL/Image.py:1137: UserWarning: Palette images with Transparency expressed in bytes should be converted to RGBA images
  warnings.warn(
/data/gmar762/anaconda3/envs/treelora/lib/python3.10/site-packages/PIL/Image.py:1137: UserWarning: Palette images with Transparency expressed in bytes should be converted to RGBA images
  warnings.warn(
/data/gmar762/anaconda3/envs/treelora/lib/python3.10/site-packages/PIL/Image.py:1137: UserWarning: Palette images with Transparency expressed in bytes should be converted to RGBA images
  warnings.warn(
/data/gmar762/anaconda3/envs/treelora/lib/python3.10/site-packages/PIL/Image.py:1137: UserWarning: Palette images with Transparency expressed in bytes should be converted to RGBA images
  warnings.warn(
/data/gmar762/anaconda3/envs/treelora/lib/python3.10/site-packages/PIL/Image.py:1137: UserWarning: Palette images with Transparency expressed in bytes should be converted to RGBA images
  warnings.warn(
/data/gmar762/anaconda3/envs/treelora/lib/python3.10/site-packages/PIL/Image.py:1137: UserWarning: Palette images with Transparency expressed in bytes should be converted to RGBA images
  warnings.warn(
/data/gmar762/anaconda3/envs/treelora/lib/python3.10/site-packages/PIL/Image.py:1137: UserWarning: Palette images with Transparency expressed in bytes should be converted to RGBA images
  warnings.warn(
/data/gmar762/anaconda3/envs/treelora/lib/python3.10/site-packages/PIL/Image.py:1137: UserWarning: Palette images with Transparency expressed in bytes should be converted to RGBA images
  warnings.warn(
/data/gmar762/anaconda3/envs/treelora/lib/python3.10/site-packages/PIL/Image.py:1137: UserWarning: Palette images with Transparency expressed in bytes should be converted to RGBA images
  warnings.warn(
/data/gmar762/anaconda3/envs/treelora/lib/python3.10/site-packages/PIL/Image.py:1137: UserWarning: Palette images with Transparency expressed in bytes should be converted to RGBA images
  warnings.warn(
/data/gmar762/anaconda3/envs/treelora/lib/python3.10/site-packages/PIL/Image.py:1137: UserWarning: Palette images with Transparency expressed in bytes should be converted to RGBA images
  warnings.warn(
/data/gmar762/anaconda3/envs/treelora/lib/python3.10/site-packages/PIL/Image.py:1137: UserWarning: Palette images with Transparency expressed in bytes should be converted to RGBA images
  warnings.warn(
/data/gmar762/anaconda3/envs/treelora/lib/python3.10/site-packages/PIL/Image.py:1137: UserWarning: Palette images with Transparency expressed in bytes should be converted to RGBA images
  warnings.warn(
/data/gmar762/anaconda3/envs/treelora/lib/python3.10/site-packages/PIL/Image.py:1137: UserWarning: Palette images with Transparency expressed in bytes should be converted to RGBA images
  warnings.warn(
2026-07-28 07:20:31,515 [inflora.py] => [InfLoRA] DualGPM threshold: 0.9750
2026-07-28 07:20:32,799 [inflora.py] => [InfLoRA] Layer 1: 38/768 type remove
2026-07-28 07:20:32,799 [inflora.py] => [InfLoRA] Layer 2: 21/768 type remove
2026-07-28 07:20:32,799 [inflora.py] => [InfLoRA] Layer 3: 60/768 type remove
2026-07-28 07:20:32,800 [inflora.py] => [InfLoRA] Layer 4: 65/768 type remove
2026-07-28 07:20:32,800 [inflora.py] => [InfLoRA] Layer 5: 105/768 type remove
2026-07-28 07:20:32,800 [inflora.py] => [InfLoRA] Layer 6: 132/768 type remove
2026-07-28 07:20:32,800 [inflora.py] => [InfLoRA] Layer 7: 147/768 type remove
2026-07-28 07:20:32,800 [inflora.py] => [InfLoRA] Layer 8: 199/768 type remove
2026-07-28 07:20:32,800 [inflora.py] => [InfLoRA] Layer 9: 321/768 type remove
2026-07-28 07:20:32,800 [inflora.py] => [InfLoRA] Layer 10: 338/768 type retain
2026-07-28 07:20:32,800 [inflora.py] => [InfLoRA] Layer 11: 375/768 type remove
2026-07-28 07:20:32,800 [inflora.py] => [InfLoRA] Layer 12: 378/768 type remove
2026-07-28 07:21:58,966 [inflora.py] => [InfLoRA] DualGPM threshold: 0.9750
2026-07-28 07:22:00,212 [inflora.py] => [InfLoRA] Layer 1: 38/768 type remove
2026-07-28 07:22:00,212 [inflora.py] => [InfLoRA] Layer 2: 21/768 type remove
2026-07-28 07:22:00,212 [inflora.py] => [InfLoRA] Layer 3: 61/768 type remove
2026-07-28 07:22:00,212 [inflora.py] => [InfLoRA] Layer 4: 66/768 type remove
2026-07-28 07:22:00,212 [inflora.py] => [InfLoRA] Layer 5: 106/768 type remove
2026-07-28 07:22:00,212 [inflora.py] => [InfLoRA] Layer 6: 132/768 type remove
2026-07-28 07:22:00,212 [inflora.py] => [InfLoRA] Layer 7: 147/768 type remove
2026-07-28 07:22:00,212 [inflora.py] => [InfLoRA] Layer 8: 199/768 type remove
2026-07-28 07:22:00,212 [inflora.py] => [InfLoRA] Layer 9: 321/768 type remove
2026-07-28 07:22:00,212 [inflora.py] => [InfLoRA] Layer 10: 338/768 type retain
2026-07-28 07:22:00,212 [inflora.py] => [InfLoRA] Layer 11: 375/768 type remove
2026-07-28 07:22:00,212 [inflora.py] => [InfLoRA] Layer 12: 379/768 type remove
2026-07-28 07:23:26,467 [inflora.py] => [InfLoRA] DualGPM threshold: 0.9750
2026-07-28 07:23:27,773 [inflora.py] => [InfLoRA] Layer 1: 38/768 type remove
2026-07-28 07:23:27,773 [inflora.py] => [InfLoRA] Layer 2: 21/768 type remove
2026-07-28 07:23:27,773 [inflora.py] => [InfLoRA] Layer 3: 61/768 type remove
2026-07-28 07:23:27,773 [inflora.py] => [InfLoRA] Layer 4: 66/768 type remove
2026-07-28 07:23:27,773 [inflora.py] => [InfLoRA] Layer 5: 106/768 type remove
2026-07-28 07:23:27,773 [inflora.py] => [InfLoRA] Layer 6: 133/768 type remove
2026-07-28 07:23:27,773 [inflora.py] => [InfLoRA] Layer 7: 148/768 type remove
2026-07-28 07:23:27,773 [inflora.py] => [InfLoRA] Layer 8: 199/768 type remove
2026-07-28 07:23:27,773 [inflora.py] => [InfLoRA] Layer 9: 321/768 type remove
2026-07-28 07:23:27,773 [inflora.py] => [InfLoRA] Layer 10: 337/768 type retain
2026-07-28 07:23:27,773 [inflora.py] => [InfLoRA] Layer 11: 376/768 type remove
2026-07-28 07:23:27,773 [inflora.py] => [InfLoRA] Layer 12: 380/768 type remove
2026-07-28 07:24:56,214 [inflora.py] => [InfLoRA] DualGPM threshold: 0.9750
2026-07-28 07:24:57,306 [inflora.py] => [InfLoRA] Layer 1: 38/768 type remove
2026-07-28 07:24:57,306 [inflora.py] => [InfLoRA] Layer 2: 21/768 type remove
2026-07-28 07:24:57,306 [inflora.py] => [InfLoRA] Layer 3: 62/768 type remove
2026-07-28 07:24:57,306 [inflora.py] => [InfLoRA] Layer 4: 67/768 type remove
2026-07-28 07:24:57,306 [inflora.py] => [InfLoRA] Layer 5: 107/768 type remove
2026-07-28 07:24:57,306 [inflora.py] => [InfLoRA] Layer 6: 134/768 type remove
2026-07-28 07:24:57,306 [inflora.py] => [InfLoRA] Layer 7: 148/768 type remove
2026-07-28 07:24:57,306 [inflora.py] => [InfLoRA] Layer 8: 200/768 type remove
2026-07-28 07:24:57,306 [inflora.py] => [InfLoRA] Layer 9: 322/768 type remove
2026-07-28 07:24:57,306 [inflora.py] => [InfLoRA] Layer 10: 335/768 type retain
2026-07-28 07:24:57,306 [inflora.py] => [InfLoRA] Layer 11: 380/768 type remove
2026-07-28 07:24:57,306 [inflora.py] => [InfLoRA] Layer 12: 383/768 type remove
2026-07-28 07:25:14,825 [bounded_memory_mixin.py] => [bounded_mem eval] volume 0.60 | cycle 72 | classes_seen 610 | CIL top1 51.07 | top5 79.48 | (nearest latent task ~60) | param_hash 2312bec8b2efb468 | per-task [33.17, 68.0, 37.56, 56.41, 60.0, 69.35, 71.5, 32.5, 61.0, 63.13, 50.0, 42.64, 70.0, 47.98, 60.0, 67.84, 43.22, 61.0, 48.0, 54.77, 42.21, 55.5, 38.07, 47.72, 39.5, 53.54, 60.8, 61.0, 62.44, 46.0, 49.0, 61.5, 49.5, 61.0, 45.41, 60.8, 39.8, 37.56, 69.35, 41.92, 41.62, 50.75, 28.43, 29.5, 61.5, 39.5, 60.61, 54.59, 35.5, 49.75, 57.79, 68.5, 54.27, 54.55, 47.45, 44.16, 58.29, 25.0, 48.74, 70.35, 12.56]
2026-07-28 07:26:41,491 [inflora.py] => [InfLoRA] DualGPM threshold: 0.9750
2026-07-28 07:26:42,612 [inflora.py] => [InfLoRA] Layer 1: 38/768 type remove
2026-07-28 07:26:42,612 [inflora.py] => [InfLoRA] Layer 2: 21/768 type remove
2026-07-28 07:26:42,612 [inflora.py] => [InfLoRA] Layer 3: 62/768 type remove
2026-07-28 07:26:42,612 [inflora.py] => [InfLoRA] Layer 4: 67/768 type remove
2026-07-28 07:26:42,612 [inflora.py] => [InfLoRA] Layer 5: 108/768 type remove
2026-07-28 07:26:42,612 [inflora.py] => [InfLoRA] Layer 6: 135/768 type remove
2026-07-28 07:26:42,612 [inflora.py] => [InfLoRA] Layer 7: 150/768 type remove
2026-07-28 07:26:42,612 [inflora.py] => [InfLoRA] Layer 8: 203/768 type remove
2026-07-28 07:26:42,612 [inflora.py] => [InfLoRA] Layer 9: 325/768 type remove
2026-07-28 07:26:42,612 [inflora.py] => [InfLoRA] Layer 10: 329/768 type retain
2026-07-28 07:26:42,627 [inflora.py] => [InfLoRA] Layer 11: 382/768 type retain
2026-07-28 07:26:42,642 [inflora.py] => [InfLoRA] Layer 12: 383/768 type retain
2026-07-28 07:28:09,565 [inflora.py] => [InfLoRA] DualGPM threshold: 0.9750
2026-07-28 07:28:10,777 [inflora.py] => [InfLoRA] Layer 1: 38/768 type remove
2026-07-28 07:28:10,777 [inflora.py] => [InfLoRA] Layer 2: 21/768 type remove
2026-07-28 07:28:10,777 [inflora.py] => [InfLoRA] Layer 3: 62/768 type remove
2026-07-28 07:28:10,777 [inflora.py] => [InfLoRA] Layer 4: 67/768 type remove
2026-07-28 07:28:10,777 [inflora.py] => [InfLoRA] Layer 5: 108/768 type remove
2026-07-28 07:28:10,778 [inflora.py] => [InfLoRA] Layer 6: 135/768 type remove
2026-07-28 07:28:10,778 [inflora.py] => [InfLoRA] Layer 7: 150/768 type remove
2026-07-28 07:28:10,778 [inflora.py] => [InfLoRA] Layer 8: 204/768 type remove
2026-07-28 07:28:10,778 [inflora.py] => [InfLoRA] Layer 9: 325/768 type remove
2026-07-28 07:28:10,778 [inflora.py] => [InfLoRA] Layer 10: 329/768 type retain
2026-07-28 07:28:10,778 [inflora.py] => [InfLoRA] Layer 11: 382/768 type retain
2026-07-28 07:28:10,778 [inflora.py] => [InfLoRA] Layer 12: 383/768 type retain
2026-07-28 07:29:37,296 [inflora.py] => [InfLoRA] DualGPM threshold: 0.9750
2026-07-28 07:29:38,771 [inflora.py] => [InfLoRA] Layer 1: 38/768 type remove
2026-07-28 07:29:38,772 [inflora.py] => [InfLoRA] Layer 2: 21/768 type remove
2026-07-28 07:29:38,772 [inflora.py] => [InfLoRA] Layer 3: 62/768 type remove
2026-07-28 07:29:38,772 [inflora.py] => [InfLoRA] Layer 4: 67/768 type remove
2026-07-28 07:29:38,772 [inflora.py] => [InfLoRA] Layer 5: 109/768 type remove
2026-07-28 07:29:38,772 [inflora.py] => [InfLoRA] Layer 6: 136/768 type remove
2026-07-28 07:29:38,772 [inflora.py] => [InfLoRA] Layer 7: 151/768 type remove
2026-07-28 07:29:38,772 [inflora.py] => [InfLoRA] Layer 8: 205/768 type remove
2026-07-28 07:29:38,772 [inflora.py] => [InfLoRA] Layer 9: 326/768 type remove
2026-07-28 07:29:38,772 [inflora.py] => [InfLoRA] Layer 10: 328/768 type retain
2026-07-28 07:29:38,772 [inflora.py] => [InfLoRA] Layer 11: 381/768 type retain
2026-07-28 07:29:38,772 [inflora.py] => [InfLoRA] Layer 12: 382/768 type retain
2026-07-28 07:31:06,338 [inflora.py] => [InfLoRA] DualGPM threshold: 0.9750
2026-07-28 07:31:07,796 [inflora.py] => [InfLoRA] Layer 1: 38/768 type remove
2026-07-28 07:31:07,796 [inflora.py] => [InfLoRA] Layer 2: 21/768 type remove
2026-07-28 07:31:07,796 [inflora.py] => [InfLoRA] Layer 3: 63/768 type remove
2026-07-28 07:31:07,796 [inflora.py] => [InfLoRA] Layer 4: 68/768 type remove
2026-07-28 07:31:07,796 [inflora.py] => [InfLoRA] Layer 5: 110/768 type remove
2026-07-28 07:31:07,796 [inflora.py] => [InfLoRA] Layer 6: 136/768 type remove
2026-07-28 07:31:07,796 [inflora.py] => [InfLoRA] Layer 7: 151/768 type remove
2026-07-28 07:31:07,796 [inflora.py] => [InfLoRA] Layer 8: 205/768 type remove
2026-07-28 07:31:07,796 [inflora.py] => [InfLoRA] Layer 9: 326/768 type remove
2026-07-28 07:31:07,796 [inflora.py] => [InfLoRA] Layer 10: 328/768 type retain
2026-07-28 07:31:07,796 [inflora.py] => [InfLoRA] Layer 11: 380/768 type retain
2026-07-28 07:31:07,796 [inflora.py] => [InfLoRA] Layer 12: 381/768 type retain
2026-07-28 07:32:36,914 [inflora.py] => [InfLoRA] DualGPM threshold: 0.9750
2026-07-28 07:32:38,193 [inflora.py] => [InfLoRA] Layer 1: 38/768 type remove
2026-07-28 07:32:38,193 [inflora.py] => [InfLoRA] Layer 2: 21/768 type remove
2026-07-28 07:32:38,193 [inflora.py] => [InfLoRA] Layer 3: 63/768 type remove
2026-07-28 07:32:38,193 [inflora.py] => [InfLoRA] Layer 4: 68/768 type remove
2026-07-28 07:32:38,193 [inflora.py] => [InfLoRA] Layer 5: 110/768 type remove
2026-07-28 07:32:38,193 [inflora.py] => [InfLoRA] Layer 6: 137/768 type remove
2026-07-28 07:32:38,193 [inflora.py] => [InfLoRA] Layer 7: 152/768 type remove
2026-07-28 07:32:38,193 [inflora.py] => [InfLoRA] Layer 8: 206/768 type remove
2026-07-28 07:32:38,193 [inflora.py] => [InfLoRA] Layer 9: 327/768 type remove
2026-07-28 07:32:38,193 [inflora.py] => [InfLoRA] Layer 10: 327/768 type retain
2026-07-28 07:32:38,193 [inflora.py] => [InfLoRA] Layer 11: 379/768 type retain
2026-07-28 07:32:38,193 [inflora.py] => [InfLoRA] Layer 12: 380/768 type retain
2026-07-28 07:34:04,860 [inflora.py] => [InfLoRA] DualGPM threshold: 0.9750
2026-07-28 07:34:06,256 [inflora.py] => [InfLoRA] Layer 1: 38/768 type remove
2026-07-28 07:34:06,256 [inflora.py] => [InfLoRA] Layer 2: 21/768 type remove
2026-07-28 07:34:06,256 [inflora.py] => [InfLoRA] Layer 3: 64/768 type remove
2026-07-28 07:34:06,256 [inflora.py] => [InfLoRA] Layer 4: 69/768 type remove
2026-07-28 07:34:06,256 [inflora.py] => [InfLoRA] Layer 5: 111/768 type remove
2026-07-28 07:34:06,256 [inflora.py] => [InfLoRA] Layer 6: 137/768 type remove
2026-07-28 07:34:06,256 [inflora.py] => [InfLoRA] Layer 7: 153/768 type remove
2026-07-28 07:34:06,256 [inflora.py] => [InfLoRA] Layer 8: 207/768 type remove
2026-07-28 07:34:06,256 [inflora.py] => [InfLoRA] Layer 9: 328/768 type remove
2026-07-28 07:34:06,256 [inflora.py] => [InfLoRA] Layer 10: 327/768 type retain
2026-07-28 07:34:06,256 [inflora.py] => [InfLoRA] Layer 11: 379/768 type retain
2026-07-28 07:34:06,256 [inflora.py] => [InfLoRA] Layer 12: 379/768 type retain
2026-07-28 07:35:34,265 [inflora.py] => [InfLoRA] DualGPM threshold: 0.9750
2026-07-28 07:35:35,694 [inflora.py] => [InfLoRA] Layer 1: 38/768 type remove
2026-07-28 07:35:35,694 [inflora.py] => [InfLoRA] Layer 2: 21/768 type remove
2026-07-28 07:35:35,694 [inflora.py] => [InfLoRA] Layer 3: 65/768 type remove
2026-07-28 07:35:35,694 [inflora.py] => [InfLoRA] Layer 4: 70/768 type remove
2026-07-28 07:35:35,694 [inflora.py] => [InfLoRA] Layer 5: 112/768 type remove
2026-07-28 07:35:35,694 [inflora.py] => [InfLoRA] Layer 6: 138/768 type remove
2026-07-28 07:35:35,694 [inflora.py] => [InfLoRA] Layer 7: 154/768 type remove
2026-07-28 07:35:35,694 [inflora.py] => [InfLoRA] Layer 8: 207/768 type remove
2026-07-28 07:35:35,694 [inflora.py] => [InfLoRA] Layer 9: 328/768 type remove
2026-07-28 07:35:35,694 [inflora.py] => [InfLoRA] Layer 10: 326/768 type retain
2026-07-28 07:35:35,694 [inflora.py] => [InfLoRA] Layer 11: 378/768 type retain
2026-07-28 07:35:35,694 [inflora.py] => [InfLoRA] Layer 12: 378/768 type retain
2026-07-28 07:37:04,281 [inflora.py] => [InfLoRA] DualGPM threshold: 0.9750
2026-07-28 07:37:05,515 [inflora.py] => [InfLoRA] Layer 1: 38/768 type remove
2026-07-28 07:37:05,515 [inflora.py] => [InfLoRA] Layer 2: 21/768 type remove
2026-07-28 07:37:05,515 [inflora.py] => [InfLoRA] Layer 3: 65/768 type remove
2026-07-28 07:37:05,515 [inflora.py] => [InfLoRA] Layer 4: 71/768 type remove
2026-07-28 07:37:05,515 [inflora.py] => [InfLoRA] Layer 5: 113/768 type remove
2026-07-28 07:37:05,515 [inflora.py] => [InfLoRA] Layer 6: 139/768 type remove
2026-07-28 07:37:05,515 [inflora.py] => [InfLoRA] Layer 7: 155/768 type remove
2026-07-28 07:37:05,515 [inflora.py] => [InfLoRA] Layer 8: 208/768 type remove
2026-07-28 07:37:05,515 [inflora.py] => [InfLoRA] Layer 9: 329/768 type remove
2026-07-28 07:37:05,515 [inflora.py] => [InfLoRA] Layer 10: 325/768 type retain
2026-07-28 07:37:05,515 [inflora.py] => [InfLoRA] Layer 11: 377/768 type retain
2026-07-28 07:37:05,515 [inflora.py] => [InfLoRA] Layer 12: 376/768 type retain
2026-07-28 07:38:33,308 [inflora.py] => [InfLoRA] DualGPM threshold: 0.9750
2026-07-28 07:38:34,589 [inflora.py] => [InfLoRA] Layer 1: 38/768 type remove
2026-07-28 07:38:34,589 [inflora.py] => [InfLoRA] Layer 2: 21/768 type remove
2026-07-28 07:38:34,589 [inflora.py] => [InfLoRA] Layer 3: 66/768 type remove
2026-07-28 07:38:34,589 [inflora.py] => [InfLoRA] Layer 4: 72/768 type remove
2026-07-28 07:38:34,589 [inflora.py] => [InfLoRA] Layer 5: 114/768 type remove
2026-07-28 07:38:34,589 [inflora.py] => [InfLoRA] Layer 6: 140/768 type remove
2026-07-28 07:38:34,589 [inflora.py] => [InfLoRA] Layer 7: 156/768 type remove
2026-07-28 07:38:34,589 [inflora.py] => [InfLoRA] Layer 8: 209/768 type remove
2026-07-28 07:38:34,589 [inflora.py] => [InfLoRA] Layer 9: 329/768 type remove
2026-07-28 07:38:34,589 [inflora.py] => [InfLoRA] Layer 10: 325/768 type retain
2026-07-28 07:38:34,589 [inflora.py] => [InfLoRA] Layer 11: 376/768 type retain
2026-07-28 07:38:34,589 [inflora.py] => [InfLoRA] Layer 12: 374/768 type retain
2026-07-28 07:40:00,974 [inflora.py] => [InfLoRA] DualGPM threshold: 0.9750
2026-07-28 07:40:02,334 [inflora.py] => [InfLoRA] Layer 1: 38/768 type remove
2026-07-28 07:40:02,334 [inflora.py] => [InfLoRA] Layer 2: 21/768 type remove
2026-07-28 07:40:02,334 [inflora.py] => [InfLoRA] Layer 3: 67/768 type remove
2026-07-28 07:40:02,334 [inflora.py] => [InfLoRA] Layer 4: 73/768 type remove
2026-07-28 07:40:02,334 [inflora.py] => [InfLoRA] Layer 5: 115/768 type remove
2026-07-28 07:40:02,334 [inflora.py] => [InfLoRA] Layer 6: 141/768 type remove
2026-07-28 07:40:02,334 [inflora.py] => [InfLoRA] Layer 7: 156/768 type remove
2026-07-28 07:40:02,334 [inflora.py] => [InfLoRA] Layer 8: 209/768 type remove
2026-07-28 07:40:02,334 [inflora.py] => [InfLoRA] Layer 9: 330/768 type remove
2026-07-28 07:40:02,334 [inflora.py] => [InfLoRA] Layer 10: 325/768 type retain
2026-07-28 07:40:02,334 [inflora.py] => [InfLoRA] Layer 11: 376/768 type retain
2026-07-28 07:40:02,334 [inflora.py] => [InfLoRA] Layer 12: 374/768 type retain
2026-07-28 07:41:29,700 [inflora.py] => [InfLoRA] DualGPM threshold: 0.9750
2026-07-28 07:41:31,090 [inflora.py] => [InfLoRA] Layer 1: 38/768 type remove
2026-07-28 07:41:31,090 [inflora.py] => [InfLoRA] Layer 2: 21/768 type remove
2026-07-28 07:41:31,090 [inflora.py] => [InfLoRA] Layer 3: 67/768 type remove
2026-07-28 07:41:31,090 [inflora.py] => [InfLoRA] Layer 4: 74/768 type remove
2026-07-28 07:41:31,090 [inflora.py] => [InfLoRA] Layer 5: 116/768 type remove
2026-07-28 07:41:31,090 [inflora.py] => [InfLoRA] Layer 6: 142/768 type remove
2026-07-28 07:41:31,090 [inflora.py] => [InfLoRA] Layer 7: 157/768 type remove
2026-07-28 07:41:31,090 [inflora.py] => [InfLoRA] Layer 8: 210/768 type remove
2026-07-28 07:41:31,090 [inflora.py] => [InfLoRA] Layer 9: 330/768 type remove
2026-07-28 07:41:31,090 [inflora.py] => [InfLoRA] Layer 10: 325/768 type retain
2026-07-28 07:41:31,090 [inflora.py] => [InfLoRA] Layer 11: 376/768 type retain
2026-07-28 07:41:31,090 [inflora.py] => [InfLoRA] Layer 12: 374/768 type retain
2026-07-28 07:42:58,142 [inflora.py] => [InfLoRA] DualGPM threshold: 0.9750
2026-07-28 07:42:59,535 [inflora.py] => [InfLoRA] Layer 1: 38/768 type remove
2026-07-28 07:42:59,536 [inflora.py] => [InfLoRA] Layer 2: 21/768 type remove
2026-07-28 07:42:59,536 [inflora.py] => [InfLoRA] Layer 3: 67/768 type remove
2026-07-28 07:42:59,536 [inflora.py] => [InfLoRA] Layer 4: 74/768 type remove
2026-07-28 07:42:59,536 [inflora.py] => [InfLoRA] Layer 5: 117/768 type remove
2026-07-28 07:42:59,536 [inflora.py] => [InfLoRA] Layer 6: 142/768 type remove
2026-07-28 07:42:59,536 [inflora.py] => [InfLoRA] Layer 7: 157/768 type remove
2026-07-28 07:42:59,536 [inflora.py] => [InfLoRA] Layer 8: 210/768 type remove
2026-07-28 07:42:59,536 [inflora.py] => [InfLoRA] Layer 9: 331/768 type remove
2026-07-28 07:42:59,536 [inflora.py] => [InfLoRA] Layer 10: 324/768 type retain
2026-07-28 07:42:59,536 [inflora.py] => [InfLoRA] Layer 11: 375/768 type retain
2026-07-28 07:42:59,536 [inflora.py] => [InfLoRA] Layer 12: 373/768 type retain
2026-07-28 07:43:19,701 [bounded_memory_mixin.py] => [bounded_mem eval] volume 0.70 | cycle 84 | classes_seen 710 | CIL top1 47.76 | top5 77.00 | (nearest latent task ~70) | param_hash af20b49f67fbe943 | per-task [23.62, 64.0, 38.07, 54.87, 60.0, 68.84, 66.5, 30.5, 52.0, 54.55, 46.46, 35.03, 68.0, 50.0, 54.5, 65.83, 39.7, 63.5, 46.5, 50.25, 39.7, 52.5, 35.03, 46.7, 45.0, 50.51, 58.79, 59.5, 52.79, 46.5, 47.0, 58.0, 48.5, 63.5, 43.37, 52.76, 38.78, 38.07, 62.31, 48.48, 36.04, 37.69, 27.92, 32.0, 58.0, 35.0, 56.57, 53.06, 41.0, 48.24, 56.78, 67.0, 46.23, 50.51, 41.84, 38.58, 57.29, 29.0, 49.75, 66.33, 33.67, 19.7, 42.71, 47.45, 41.75, 49.75, 44.72, 47.74, 37.44, 58.59, 16.58]
2026-07-28 07:44:45,928 [inflora.py] => [InfLoRA] DualGPM threshold: 0.9750
2026-07-28 07:44:47,402 [inflora.py] => [InfLoRA] Layer 1: 38/768 type remove
2026-07-28 07:44:47,402 [inflora.py] => [InfLoRA] Layer 2: 21/768 type remove
2026-07-28 07:44:47,402 [inflora.py] => [InfLoRA] Layer 3: 68/768 type remove
2026-07-28 07:44:47,402 [inflora.py] => [InfLoRA] Layer 4: 74/768 type remove
2026-07-28 07:44:47,402 [inflora.py] => [InfLoRA] Layer 5: 118/768 type remove
2026-07-28 07:44:47,402 [inflora.py] => [InfLoRA] Layer 6: 143/768 type remove
2026-07-28 07:44:47,402 [inflora.py] => [InfLoRA] Layer 7: 158/768 type remove
2026-07-28 07:44:47,402 [inflora.py] => [InfLoRA] Layer 8: 212/768 type remove
2026-07-28 07:44:47,402 [inflora.py] => [InfLoRA] Layer 9: 333/768 type remove
2026-07-28 07:44:47,402 [inflora.py] => [InfLoRA] Layer 10: 322/768 type retain
2026-07-28 07:44:47,402 [inflora.py] => [InfLoRA] Layer 11: 373/768 type retain
2026-07-28 07:44:47,402 [inflora.py] => [InfLoRA] Layer 12: 371/768 type retain
2026-07-28 07:46:13,624 [inflora.py] => [InfLoRA] DualGPM threshold: 0.9750
2026-07-28 07:46:15,018 [inflora.py] => [InfLoRA] Layer 1: 41/768 type remove
2026-07-28 07:46:15,018 [inflora.py] => [InfLoRA] Layer 2: 22/768 type remove
2026-07-28 07:46:15,019 [inflora.py] => [InfLoRA] Layer 3: 69/768 type remove
2026-07-28 07:46:15,019 [inflora.py] => [InfLoRA] Layer 4: 75/768 type remove
2026-07-28 07:46:15,019 [inflora.py] => [InfLoRA] Layer 5: 119/768 type remove
2026-07-28 07:46:15,019 [inflora.py] => [InfLoRA] Layer 6: 144/768 type remove
2026-07-28 07:46:15,019 [inflora.py] => [InfLoRA] Layer 7: 159/768 type remove
2026-07-28 07:46:15,019 [inflora.py] => [InfLoRA] Layer 8: 216/768 type remove
2026-07-28 07:46:15,019 [inflora.py] => [InfLoRA] Layer 9: 337/768 type remove
2026-07-28 07:46:15,019 [inflora.py] => [InfLoRA] Layer 10: 320/768 type retain
2026-07-28 07:46:15,019 [inflora.py] => [InfLoRA] Layer 11: 370/768 type retain
2026-07-28 07:46:15,019 [inflora.py] => [InfLoRA] Layer 12: 370/768 type retain
2026-07-28 07:47:42,101 [inflora.py] => [InfLoRA] DualGPM threshold: 0.9750
2026-07-28 07:47:43,422 [inflora.py] => [InfLoRA] Layer 1: 41/768 type remove
2026-07-28 07:47:43,422 [inflora.py] => [InfLoRA] Layer 2: 22/768 type remove
2026-07-28 07:47:43,422 [inflora.py] => [InfLoRA] Layer 3: 69/768 type remove
2026-07-28 07:47:43,422 [inflora.py] => [InfLoRA] Layer 4: 75/768 type remove
2026-07-28 07:47:43,422 [inflora.py] => [InfLoRA] Layer 5: 120/768 type remove
2026-07-28 07:47:43,422 [inflora.py] => [InfLoRA] Layer 6: 145/768 type remove
2026-07-28 07:47:43,422 [inflora.py] => [InfLoRA] Layer 7: 160/768 type remove
2026-07-28 07:47:43,422 [inflora.py] => [InfLoRA] Layer 8: 218/768 type remove
2026-07-28 07:47:43,422 [inflora.py] => [InfLoRA] Layer 9: 340/768 type remove
2026-07-28 07:47:43,422 [inflora.py] => [InfLoRA] Layer 10: 319/768 type retain
2026-07-28 07:47:43,422 [inflora.py] => [InfLoRA] Layer 11: 368/768 type retain
2026-07-28 07:47:43,422 [inflora.py] => [InfLoRA] Layer 12: 368/768 type retain
2026-07-28 07:49:10,572 [inflora.py] => [InfLoRA] DualGPM threshold: 0.9750
2026-07-28 07:49:11,891 [inflora.py] => [InfLoRA] Layer 1: 41/768 type remove
2026-07-28 07:49:11,891 [inflora.py] => [InfLoRA] Layer 2: 22/768 type remove
2026-07-28 07:49:11,891 [inflora.py] => [InfLoRA] Layer 3: 69/768 type remove
2026-07-28 07:49:11,891 [inflora.py] => [InfLoRA] Layer 4: 75/768 type remove
2026-07-28 07:49:11,891 [inflora.py] => [InfLoRA] Layer 5: 120/768 type remove
2026-07-28 07:49:11,891 [inflora.py] => [InfLoRA] Layer 6: 145/768 type remove
2026-07-28 07:49:11,891 [inflora.py] => [InfLoRA] Layer 7: 160/768 type remove
2026-07-28 07:49:11,891 [inflora.py] => [InfLoRA] Layer 8: 218/768 type remove
2026-07-28 07:49:11,891 [inflora.py] => [InfLoRA] Layer 9: 340/768 type remove
2026-07-28 07:49:11,891 [inflora.py] => [InfLoRA] Layer 10: 318/768 type retain
2026-07-28 07:49:11,891 [inflora.py] => [InfLoRA] Layer 11: 368/768 type retain
2026-07-28 07:49:11,891 [inflora.py] => [InfLoRA] Layer 12: 367/768 type retain
2026-07-28 07:50:40,285 [inflora.py] => [InfLoRA] DualGPM threshold: 0.9750
2026-07-28 07:50:41,576 [inflora.py] => [InfLoRA] Layer 1: 41/768 type remove
2026-07-28 07:50:41,576 [inflora.py] => [InfLoRA] Layer 2: 22/768 type remove
2026-07-28 07:50:41,576 [inflora.py] => [InfLoRA] Layer 3: 69/768 type remove
2026-07-28 07:50:41,576 [inflora.py] => [InfLoRA] Layer 4: 75/768 type remove
2026-07-28 07:50:41,576 [inflora.py] => [InfLoRA] Layer 5: 120/768 type remove
2026-07-28 07:50:41,576 [inflora.py] => [InfLoRA] Layer 6: 146/768 type remove
2026-07-28 07:50:41,576 [inflora.py] => [InfLoRA] Layer 7: 160/768 type remove
2026-07-28 07:50:41,576 [inflora.py] => [InfLoRA] Layer 8: 218/768 type remove
2026-07-28 07:50:41,576 [inflora.py] => [InfLoRA] Layer 9: 340/768 type remove
2026-07-28 07:50:41,576 [inflora.py] => [InfLoRA] Layer 10: 318/768 type retain
2026-07-28 07:50:41,576 [inflora.py] => [InfLoRA] Layer 11: 368/768 type retain
2026-07-28 07:50:41,576 [inflora.py] => [InfLoRA] Layer 12: 367/768 type retain
2026-07-28 07:52:08,640 [inflora.py] => [InfLoRA] DualGPM threshold: 0.9750
2026-07-28 07:52:10,018 [inflora.py] => [InfLoRA] Layer 1: 41/768 type remove
2026-07-28 07:52:10,018 [inflora.py] => [InfLoRA] Layer 2: 22/768 type remove
2026-07-28 07:52:10,018 [inflora.py] => [InfLoRA] Layer 3: 70/768 type remove
2026-07-28 07:52:10,018 [inflora.py] => [InfLoRA] Layer 4: 76/768 type remove
2026-07-28 07:52:10,018 [inflora.py] => [InfLoRA] Layer 5: 121/768 type remove
2026-07-28 07:52:10,018 [inflora.py] => [InfLoRA] Layer 6: 146/768 type remove
2026-07-28 07:52:10,018 [inflora.py] => [InfLoRA] Layer 7: 161/768 type remove
2026-07-28 07:52:10,018 [inflora.py] => [InfLoRA] Layer 8: 218/768 type remove
2026-07-28 07:52:10,018 [inflora.py] => [InfLoRA] Layer 9: 341/768 type remove
2026-07-28 07:52:10,018 [inflora.py] => [InfLoRA] Layer 10: 318/768 type retain
2026-07-28 07:52:10,019 [inflora.py] => [InfLoRA] Layer 11: 368/768 type retain
2026-07-28 07:52:10,019 [inflora.py] => [InfLoRA] Layer 12: 366/768 type retain
2026-07-28 07:53:38,734 [inflora.py] => [InfLoRA] DualGPM threshold: 0.9750
2026-07-28 07:53:39,963 [inflora.py] => [InfLoRA] Layer 1: 41/768 type remove
2026-07-28 07:53:39,963 [inflora.py] => [InfLoRA] Layer 2: 22/768 type remove
2026-07-28 07:53:39,963 [inflora.py] => [InfLoRA] Layer 3: 70/768 type remove
2026-07-28 07:53:39,963 [inflora.py] => [InfLoRA] Layer 4: 77/768 type remove
2026-07-28 07:53:39,963 [inflora.py] => [InfLoRA] Layer 5: 121/768 type remove
2026-07-28 07:53:39,963 [inflora.py] => [InfLoRA] Layer 6: 147/768 type remove
2026-07-28 07:53:39,963 [inflora.py] => [InfLoRA] Layer 7: 161/768 type remove
2026-07-28 07:53:39,963 [inflora.py] => [InfLoRA] Layer 8: 219/768 type remove
2026-07-28 07:53:39,963 [inflora.py] => [InfLoRA] Layer 9: 341/768 type remove
2026-07-28 07:53:39,963 [inflora.py] => [InfLoRA] Layer 10: 317/768 type retain
2026-07-28 07:53:39,963 [inflora.py] => [InfLoRA] Layer 11: 367/768 type retain
2026-07-28 07:53:39,963 [inflora.py] => [InfLoRA] Layer 12: 365/768 type retain
2026-07-28 07:55:06,118 [inflora.py] => [InfLoRA] DualGPM threshold: 0.9750
2026-07-28 07:55:07,358 [inflora.py] => [InfLoRA] Layer 1: 41/768 type remove
2026-07-28 07:55:07,359 [inflora.py] => [InfLoRA] Layer 2: 22/768 type remove
2026-07-28 07:55:07,359 [inflora.py] => [InfLoRA] Layer 3: 71/768 type remove
2026-07-28 07:55:07,359 [inflora.py] => [InfLoRA] Layer 4: 78/768 type remove
2026-07-28 07:55:07,359 [inflora.py] => [InfLoRA] Layer 5: 122/768 type remove
2026-07-28 07:55:07,359 [inflora.py] => [InfLoRA] Layer 6: 148/768 type remove
2026-07-28 07:55:07,359 [inflora.py] => [InfLoRA] Layer 7: 162/768 type remove
2026-07-28 07:55:07,359 [inflora.py] => [InfLoRA] Layer 8: 219/768 type remove
2026-07-28 07:55:07,359 [inflora.py] => [InfLoRA] Layer 9: 342/768 type remove
2026-07-28 07:55:07,359 [inflora.py] => [InfLoRA] Layer 10: 316/768 type retain
2026-07-28 07:55:07,359 [inflora.py] => [InfLoRA] Layer 11: 366/768 type retain
2026-07-28 07:55:07,359 [inflora.py] => [InfLoRA] Layer 12: 364/768 type retain
2026-07-28 07:56:32,792 [inflora.py] => [InfLoRA] DualGPM threshold: 0.9750
2026-07-28 07:56:34,030 [inflora.py] => [InfLoRA] Layer 1: 41/768 type remove
2026-07-28 07:56:34,030 [inflora.py] => [InfLoRA] Layer 2: 22/768 type remove
2026-07-28 07:56:34,030 [inflora.py] => [InfLoRA] Layer 3: 71/768 type remove
2026-07-28 07:56:34,030 [inflora.py] => [InfLoRA] Layer 4: 78/768 type remove
2026-07-28 07:56:34,030 [inflora.py] => [InfLoRA] Layer 5: 123/768 type remove
2026-07-28 07:56:34,030 [inflora.py] => [InfLoRA] Layer 6: 148/768 type remove
2026-07-28 07:56:34,030 [inflora.py] => [InfLoRA] Layer 7: 162/768 type remove
2026-07-28 07:56:34,030 [inflora.py] => [InfLoRA] Layer 8: 219/768 type remove
2026-07-28 07:56:34,030 [inflora.py] => [InfLoRA] Layer 9: 342/768 type remove
2026-07-28 07:56:34,030 [inflora.py] => [InfLoRA] Layer 10: 315/768 type retain
2026-07-28 07:56:34,030 [inflora.py] => [InfLoRA] Layer 11: 365/768 type retain
2026-07-28 07:56:34,030 [inflora.py] => [InfLoRA] Layer 12: 363/768 type retain
2026-07-28 07:58:02,069 [inflora.py] => [InfLoRA] DualGPM threshold: 0.9750
2026-07-28 07:58:03,300 [inflora.py] => [InfLoRA] Layer 1: 41/768 type remove
2026-07-28 07:58:03,300 [inflora.py] => [InfLoRA] Layer 2: 22/768 type remove
2026-07-28 07:58:03,300 [inflora.py] => [InfLoRA] Layer 3: 71/768 type remove
2026-07-28 07:58:03,300 [inflora.py] => [InfLoRA] Layer 4: 78/768 type remove
2026-07-28 07:58:03,300 [inflora.py] => [InfLoRA] Layer 5: 123/768 type remove
2026-07-28 07:58:03,300 [inflora.py] => [InfLoRA] Layer 6: 149/768 type remove
2026-07-28 07:58:03,300 [inflora.py] => [InfLoRA] Layer 7: 163/768 type remove
2026-07-28 07:58:03,300 [inflora.py] => [InfLoRA] Layer 8: 219/768 type remove
2026-07-28 07:58:03,300 [inflora.py] => [InfLoRA] Layer 9: 343/768 type remove
2026-07-28 07:58:03,300 [inflora.py] => [InfLoRA] Layer 10: 315/768 type retain
2026-07-28 07:58:03,300 [inflora.py] => [InfLoRA] Layer 11: 364/768 type retain
2026-07-28 07:58:03,300 [inflora.py] => [InfLoRA] Layer 12: 362/768 type retain
2026-07-28 07:59:31,424 [inflora.py] => [InfLoRA] DualGPM threshold: 0.9750
2026-07-28 07:59:32,820 [inflora.py] => [InfLoRA] Layer 1: 41/768 type remove
2026-07-28 07:59:32,820 [inflora.py] => [InfLoRA] Layer 2: 22/768 type remove
2026-07-28 07:59:32,820 [inflora.py] => [InfLoRA] Layer 3: 71/768 type remove
2026-07-28 07:59:32,820 [inflora.py] => [InfLoRA] Layer 4: 78/768 type remove
2026-07-28 07:59:32,820 [inflora.py] => [InfLoRA] Layer 5: 124/768 type remove
2026-07-28 07:59:32,820 [inflora.py] => [InfLoRA] Layer 6: 150/768 type remove
2026-07-28 07:59:32,820 [inflora.py] => [InfLoRA] Layer 7: 163/768 type remove
2026-07-28 07:59:32,820 [inflora.py] => [InfLoRA] Layer 8: 219/768 type remove
2026-07-28 07:59:32,820 [inflora.py] => [InfLoRA] Layer 9: 343/768 type remove
2026-07-28 07:59:32,820 [inflora.py] => [InfLoRA] Layer 10: 315/768 type retain
2026-07-28 07:59:32,820 [inflora.py] => [InfLoRA] Layer 11: 364/768 type retain
2026-07-28 07:59:32,820 [inflora.py] => [InfLoRA] Layer 12: 361/768 type retain
2026-07-28 08:01:01,101 [inflora.py] => [InfLoRA] DualGPM threshold: 0.9750
2026-07-28 08:01:02,372 [inflora.py] => [InfLoRA] Layer 1: 41/768 type remove
2026-07-28 08:01:02,372 [inflora.py] => [InfLoRA] Layer 2: 22/768 type remove
2026-07-28 08:01:02,372 [inflora.py] => [InfLoRA] Layer 3: 71/768 type remove
2026-07-28 08:01:02,372 [inflora.py] => [InfLoRA] Layer 4: 79/768 type remove
2026-07-28 08:01:02,372 [inflora.py] => [InfLoRA] Layer 5: 125/768 type remove
2026-07-28 08:01:02,372 [inflora.py] => [InfLoRA] Layer 6: 151/768 type remove
2026-07-28 08:01:02,372 [inflora.py] => [InfLoRA] Layer 7: 164/768 type remove
2026-07-28 08:01:02,372 [inflora.py] => [InfLoRA] Layer 8: 220/768 type remove
2026-07-28 08:01:02,372 [inflora.py] => [InfLoRA] Layer 9: 344/768 type remove
2026-07-28 08:01:02,372 [inflora.py] => [InfLoRA] Layer 10: 314/768 type retain
2026-07-28 08:01:02,372 [inflora.py] => [InfLoRA] Layer 11: 363/768 type retain
2026-07-28 08:01:02,372 [inflora.py] => [InfLoRA] Layer 12: 359/768 type retain
2026-07-28 08:01:25,224 [bounded_memory_mixin.py] => [bounded_mem eval] volume 0.80 | cycle 96 | classes_seen 810 | CIL top1 45.64 | top5 75.37 | (nearest latent task ~80) | param_hash ef5a7c9e5a462d87 | per-task [21.61, 57.5, 32.49, 46.15, 57.0, 59.8, 63.0, 26.5, 42.5, 56.06, 44.95, 27.92, 64.0, 47.98, 48.0, 55.28, 36.18, 58.5, 39.5, 47.24, 39.2, 52.5, 43.65, 44.67, 34.5, 47.47, 58.79, 63.0, 48.73, 42.0, 48.0, 58.0, 43.0, 60.0, 43.88, 54.77, 45.92, 39.09, 62.81, 41.92, 31.98, 47.24, 24.87, 32.5, 55.0, 33.0, 54.04, 44.39, 40.0, 44.22, 56.78, 54.0, 40.7, 46.97, 40.31, 27.92, 54.77, 28.0, 45.23, 63.82, 35.18, 23.23, 48.24, 43.88, 37.11, 46.73, 46.23, 49.75, 35.38, 54.55, 24.12, 33.67, 60.41, 38.78, 46.0, 36.5, 56.78, 58.79, 54.82, 67.68, 27.41]
2026-07-28 08:02:53,606 [inflora.py] => [InfLoRA] DualGPM threshold: 0.9750
2026-07-28 08:02:55,054 [inflora.py] => [InfLoRA] Layer 1: 41/768 type remove
2026-07-28 08:02:55,054 [inflora.py] => [InfLoRA] Layer 2: 22/768 type remove
2026-07-28 08:02:55,054 [inflora.py] => [InfLoRA] Layer 3: 72/768 type remove
2026-07-28 08:02:55,054 [inflora.py] => [InfLoRA] Layer 4: 80/768 type remove
2026-07-28 08:02:55,054 [inflora.py] => [InfLoRA] Layer 5: 126/768 type remove
2026-07-28 08:02:55,054 [inflora.py] => [InfLoRA] Layer 6: 152/768 type remove
2026-07-28 08:02:55,054 [inflora.py] => [InfLoRA] Layer 7: 166/768 type remove
2026-07-28 08:02:55,054 [inflora.py] => [InfLoRA] Layer 8: 222/768 type remove
2026-07-28 08:02:55,054 [inflora.py] => [InfLoRA] Layer 9: 348/768 type remove
2026-07-28 08:02:55,054 [inflora.py] => [InfLoRA] Layer 10: 310/768 type retain
2026-07-28 08:02:55,054 [inflora.py] => [InfLoRA] Layer 11: 360/768 type retain
2026-07-28 08:02:55,055 [inflora.py] => [InfLoRA] Layer 12: 356/768 type retain
2026-07-28 08:04:23,133 [inflora.py] => [InfLoRA] DualGPM threshold: 0.9750
2026-07-28 08:04:24,318 [inflora.py] => [InfLoRA] Layer 1: 41/768 type remove
2026-07-28 08:04:24,318 [inflora.py] => [InfLoRA] Layer 2: 22/768 type remove
2026-07-28 08:04:24,318 [inflora.py] => [InfLoRA] Layer 3: 72/768 type remove
2026-07-28 08:04:24,318 [inflora.py] => [InfLoRA] Layer 4: 80/768 type remove
2026-07-28 08:04:24,318 [inflora.py] => [InfLoRA] Layer 5: 127/768 type remove
2026-07-28 08:04:24,318 [inflora.py] => [InfLoRA] Layer 6: 153/768 type remove
2026-07-28 08:04:24,318 [inflora.py] => [InfLoRA] Layer 7: 167/768 type remove
2026-07-28 08:04:24,318 [inflora.py] => [InfLoRA] Layer 8: 223/768 type remove
2026-07-28 08:04:24,318 [inflora.py] => [InfLoRA] Layer 9: 349/768 type remove
2026-07-28 08:04:24,318 [inflora.py] => [InfLoRA] Layer 10: 309/768 type retain
2026-07-28 08:04:24,318 [inflora.py] => [InfLoRA] Layer 11: 359/768 type retain
2026-07-28 08:04:24,318 [inflora.py] => [InfLoRA] Layer 12: 356/768 type retain
2026-07-28 08:05:51,651 [inflora.py] => [InfLoRA] DualGPM threshold: 0.9750
2026-07-28 08:05:52,948 [inflora.py] => [InfLoRA] Layer 1: 41/768 type remove
2026-07-28 08:05:52,948 [inflora.py] => [InfLoRA] Layer 2: 22/768 type remove
2026-07-28 08:05:52,948 [inflora.py] => [InfLoRA] Layer 3: 72/768 type remove
2026-07-28 08:05:52,948 [inflora.py] => [InfLoRA] Layer 4: 80/768 type remove
2026-07-28 08:05:52,948 [inflora.py] => [InfLoRA] Layer 5: 127/768 type remove
2026-07-28 08:05:52,948 [inflora.py] => [InfLoRA] Layer 6: 153/768 type remove
2026-07-28 08:05:52,948 [inflora.py] => [InfLoRA] Layer 7: 167/768 type remove
2026-07-28 08:05:52,948 [inflora.py] => [InfLoRA] Layer 8: 223/768 type remove
2026-07-28 08:05:52,948 [inflora.py] => [InfLoRA] Layer 9: 349/768 type remove
2026-07-28 08:05:52,948 [inflora.py] => [InfLoRA] Layer 10: 309/768 type retain
2026-07-28 08:05:52,948 [inflora.py] => [InfLoRA] Layer 11: 358/768 type retain
2026-07-28 08:05:52,948 [inflora.py] => [InfLoRA] Layer 12: 355/768 type retain
2026-07-28 08:07:20,253 [inflora.py] => [InfLoRA] DualGPM threshold: 0.9750
2026-07-28 08:07:21,546 [inflora.py] => [InfLoRA] Layer 1: 41/768 type remove
2026-07-28 08:07:21,546 [inflora.py] => [InfLoRA] Layer 2: 22/768 type remove
2026-07-28 08:07:21,546 [inflora.py] => [InfLoRA] Layer 3: 72/768 type remove
2026-07-28 08:07:21,546 [inflora.py] => [InfLoRA] Layer 4: 80/768 type remove
2026-07-28 08:07:21,546 [inflora.py] => [InfLoRA] Layer 5: 128/768 type remove
2026-07-28 08:07:21,546 [inflora.py] => [InfLoRA] Layer 6: 154/768 type remove
2026-07-28 08:07:21,546 [inflora.py] => [InfLoRA] Layer 7: 168/768 type remove
2026-07-28 08:07:21,546 [inflora.py] => [InfLoRA] Layer 8: 224/768 type remove
2026-07-28 08:07:21,546 [inflora.py] => [InfLoRA] Layer 9: 350/768 type remove
2026-07-28 08:07:21,546 [inflora.py] => [InfLoRA] Layer 10: 308/768 type retain
2026-07-28 08:07:21,546 [inflora.py] => [InfLoRA] Layer 11: 356/768 type retain
2026-07-28 08:07:21,546 [inflora.py] => [InfLoRA] Layer 12: 355/768 type retain
2026-07-28 08:08:48,845 [inflora.py] => [InfLoRA] DualGPM threshold: 0.9750
2026-07-28 08:08:50,038 [inflora.py] => [InfLoRA] Layer 1: 41/768 type remove
2026-07-28 08:08:50,038 [inflora.py] => [InfLoRA] Layer 2: 22/768 type remove
2026-07-28 08:08:50,038 [inflora.py] => [InfLoRA] Layer 3: 72/768 type remove
2026-07-28 08:08:50,038 [inflora.py] => [InfLoRA] Layer 4: 80/768 type remove
2026-07-28 08:08:50,038 [inflora.py] => [InfLoRA] Layer 5: 128/768 type remove
2026-07-28 08:08:50,038 [inflora.py] => [InfLoRA] Layer 6: 154/768 type remove
2026-07-28 08:08:50,038 [inflora.py] => [InfLoRA] Layer 7: 169/768 type remove
2026-07-28 08:08:50,038 [inflora.py] => [InfLoRA] Layer 8: 224/768 type remove
2026-07-28 08:08:50,038 [inflora.py] => [InfLoRA] Layer 9: 350/768 type remove
2026-07-28 08:08:50,038 [inflora.py] => [InfLoRA] Layer 10: 307/768 type retain
2026-07-28 08:08:50,038 [inflora.py] => [InfLoRA] Layer 11: 354/768 type retain
2026-07-28 08:08:50,038 [inflora.py] => [InfLoRA] Layer 12: 355/768 type retain
2026-07-28 08:10:18,683 [inflora.py] => [InfLoRA] DualGPM threshold: 0.9750
2026-07-28 08:10:20,074 [inflora.py] => [InfLoRA] Layer 1: 41/768 type remove
2026-07-28 08:10:20,074 [inflora.py] => [InfLoRA] Layer 2: 22/768 type remove
2026-07-28 08:10:20,075 [inflora.py] => [InfLoRA] Layer 3: 73/768 type remove
2026-07-28 08:10:20,075 [inflora.py] => [InfLoRA] Layer 4: 81/768 type remove
2026-07-28 08:10:20,075 [inflora.py] => [InfLoRA] Layer 5: 129/768 type remove
2026-07-28 08:10:20,075 [inflora.py] => [InfLoRA] Layer 6: 155/768 type remove
2026-07-28 08:10:20,075 [inflora.py] => [InfLoRA] Layer 7: 169/768 type remove
2026-07-28 08:10:20,075 [inflora.py] => [InfLoRA] Layer 8: 224/768 type remove
2026-07-28 08:10:20,075 [inflora.py] => [InfLoRA] Layer 9: 350/768 type remove
2026-07-28 08:10:20,075 [inflora.py] => [InfLoRA] Layer 10: 306/768 type retain
2026-07-28 08:10:20,075 [inflora.py] => [InfLoRA] Layer 11: 352/768 type retain
2026-07-28 08:10:20,075 [inflora.py] => [InfLoRA] Layer 12: 354/768 type retain
2026-07-28 08:11:47,652 [inflora.py] => [InfLoRA] DualGPM threshold: 0.9750
2026-07-28 08:11:48,853 [inflora.py] => [InfLoRA] Layer 1: 41/768 type remove
2026-07-28 08:11:48,853 [inflora.py] => [InfLoRA] Layer 2: 22/768 type remove
2026-07-28 08:11:48,853 [inflora.py] => [InfLoRA] Layer 3: 73/768 type remove
2026-07-28 08:11:48,853 [inflora.py] => [InfLoRA] Layer 4: 81/768 type remove
2026-07-28 08:11:48,853 [inflora.py] => [InfLoRA] Layer 5: 129/768 type remove
2026-07-28 08:11:48,853 [inflora.py] => [InfLoRA] Layer 6: 155/768 type remove
2026-07-28 08:11:48,853 [inflora.py] => [InfLoRA] Layer 7: 169/768 type remove
2026-07-28 08:11:48,853 [inflora.py] => [InfLoRA] Layer 8: 224/768 type remove
2026-07-28 08:11:48,853 [inflora.py] => [InfLoRA] Layer 9: 350/768 type remove
2026-07-28 08:11:48,853 [inflora.py] => [InfLoRA] Layer 10: 306/768 type retain
2026-07-28 08:11:48,853 [inflora.py] => [InfLoRA] Layer 11: 351/768 type retain
2026-07-28 08:11:48,853 [inflora.py] => [InfLoRA] Layer 12: 354/768 type retain
2026-07-28 08:13:16,167 [inflora.py] => [InfLoRA] DualGPM threshold: 0.9750
2026-07-28 08:13:17,359 [inflora.py] => [InfLoRA] Layer 1: 41/768 type remove
2026-07-28 08:13:17,359 [inflora.py] => [InfLoRA] Layer 2: 22/768 type remove
2026-07-28 08:13:17,359 [inflora.py] => [InfLoRA] Layer 3: 73/768 type remove
2026-07-28 08:13:17,359 [inflora.py] => [InfLoRA] Layer 4: 81/768 type remove
2026-07-28 08:13:17,359 [inflora.py] => [InfLoRA] Layer 5: 129/768 type remove
2026-07-28 08:13:17,359 [inflora.py] => [InfLoRA] Layer 6: 156/768 type remove
2026-07-28 08:13:17,359 [inflora.py] => [InfLoRA] Layer 7: 169/768 type remove
2026-07-28 08:13:17,359 [inflora.py] => [InfLoRA] Layer 8: 224/768 type remove
2026-07-28 08:13:17,359 [inflora.py] => [InfLoRA] Layer 9: 350/768 type remove
2026-07-28 08:13:17,359 [inflora.py] => [InfLoRA] Layer 10: 306/768 type retain
2026-07-28 08:13:17,359 [inflora.py] => [InfLoRA] Layer 11: 351/768 type retain
2026-07-28 08:13:17,359 [inflora.py] => [InfLoRA] Layer 12: 353/768 type retain
2026-07-28 08:14:46,190 [inflora.py] => [InfLoRA] DualGPM threshold: 0.9750
2026-07-28 08:14:47,554 [inflora.py] => [InfLoRA] Layer 1: 41/768 type remove
2026-07-28 08:14:47,554 [inflora.py] => [InfLoRA] Layer 2: 22/768 type remove
2026-07-28 08:14:47,554 [inflora.py] => [InfLoRA] Layer 3: 73/768 type remove
2026-07-28 08:14:47,554 [inflora.py] => [InfLoRA] Layer 4: 81/768 type remove
2026-07-28 08:14:47,554 [inflora.py] => [InfLoRA] Layer 5: 130/768 type remove
2026-07-28 08:14:47,554 [inflora.py] => [InfLoRA] Layer 6: 156/768 type remove
2026-07-28 08:14:47,554 [inflora.py] => [InfLoRA] Layer 7: 170/768 type remove
2026-07-28 08:14:47,554 [inflora.py] => [InfLoRA] Layer 8: 225/768 type remove
2026-07-28 08:14:47,554 [inflora.py] => [InfLoRA] Layer 9: 350/768 type remove
2026-07-28 08:14:47,554 [inflora.py] => [InfLoRA] Layer 10: 306/768 type retain
2026-07-28 08:14:47,554 [inflora.py] => [InfLoRA] Layer 11: 351/768 type retain
2026-07-28 08:14:47,554 [inflora.py] => [InfLoRA] Layer 12: 353/768 type retain
2026-07-28 08:16:15,778 [inflora.py] => [InfLoRA] DualGPM threshold: 0.9750
2026-07-28 08:16:17,207 [inflora.py] => [InfLoRA] Layer 1: 41/768 type remove
2026-07-28 08:16:17,207 [inflora.py] => [InfLoRA] Layer 2: 22/768 type remove
2026-07-28 08:16:17,207 [inflora.py] => [InfLoRA] Layer 3: 73/768 type remove
2026-07-28 08:16:17,207 [inflora.py] => [InfLoRA] Layer 4: 81/768 type remove
2026-07-28 08:16:17,207 [inflora.py] => [InfLoRA] Layer 5: 130/768 type remove
2026-07-28 08:16:17,207 [inflora.py] => [InfLoRA] Layer 6: 156/768 type remove
2026-07-28 08:16:17,207 [inflora.py] => [InfLoRA] Layer 7: 170/768 type remove
2026-07-28 08:16:17,207 [inflora.py] => [InfLoRA] Layer 8: 225/768 type remove
2026-07-28 08:16:17,207 [inflora.py] => [InfLoRA] Layer 9: 350/768 type remove
2026-07-28 08:16:17,207 [inflora.py] => [InfLoRA] Layer 10: 306/768 type retain
2026-07-28 08:16:17,207 [inflora.py] => [InfLoRA] Layer 11: 351/768 type retain
2026-07-28 08:16:17,207 [inflora.py] => [InfLoRA] Layer 12: 353/768 type retain
2026-07-28 08:17:45,011 [inflora.py] => [InfLoRA] DualGPM threshold: 0.9750
2026-07-28 08:17:46,191 [inflora.py] => [InfLoRA] Layer 1: 41/768 type remove
2026-07-28 08:17:46,191 [inflora.py] => [InfLoRA] Layer 2: 22/768 type remove
2026-07-28 08:17:46,191 [inflora.py] => [InfLoRA] Layer 3: 73/768 type remove
2026-07-28 08:17:46,191 [inflora.py] => [InfLoRA] Layer 4: 81/768 type remove
2026-07-28 08:17:46,191 [inflora.py] => [InfLoRA] Layer 5: 130/768 type remove
2026-07-28 08:17:46,191 [inflora.py] => [InfLoRA] Layer 6: 156/768 type remove
2026-07-28 08:17:46,191 [inflora.py] => [InfLoRA] Layer 7: 170/768 type remove
2026-07-28 08:17:46,191 [inflora.py] => [InfLoRA] Layer 8: 225/768 type remove
2026-07-28 08:17:46,191 [inflora.py] => [InfLoRA] Layer 9: 350/768 type remove
2026-07-28 08:17:46,191 [inflora.py] => [InfLoRA] Layer 10: 306/768 type retain
2026-07-28 08:17:46,191 [inflora.py] => [InfLoRA] Layer 11: 351/768 type retain
2026-07-28 08:17:46,191 [inflora.py] => [InfLoRA] Layer 12: 352/768 type retain
2026-07-28 08:19:14,462 [inflora.py] => [InfLoRA] DualGPM threshold: 0.9750
2026-07-28 08:19:15,672 [inflora.py] => [InfLoRA] Layer 1: 41/768 type remove
2026-07-28 08:19:15,672 [inflora.py] => [InfLoRA] Layer 2: 22/768 type remove
2026-07-28 08:19:15,672 [inflora.py] => [InfLoRA] Layer 3: 74/768 type remove
2026-07-28 08:19:15,672 [inflora.py] => [InfLoRA] Layer 4: 82/768 type remove
2026-07-28 08:19:15,672 [inflora.py] => [InfLoRA] Layer 5: 131/768 type remove
2026-07-28 08:19:15,672 [inflora.py] => [InfLoRA] Layer 6: 157/768 type remove
2026-07-28 08:19:15,672 [inflora.py] => [InfLoRA] Layer 7: 170/768 type remove
2026-07-28 08:19:15,672 [inflora.py] => [InfLoRA] Layer 8: 225/768 type remove
2026-07-28 08:19:15,672 [inflora.py] => [InfLoRA] Layer 9: 351/768 type remove
2026-07-28 08:19:15,672 [inflora.py] => [InfLoRA] Layer 10: 305/768 type retain
2026-07-28 08:19:15,672 [inflora.py] => [InfLoRA] Layer 11: 350/768 type retain
2026-07-28 08:19:15,672 [inflora.py] => [InfLoRA] Layer 12: 351/768 type retain
2026-07-28 08:20:44,454 [inflora.py] => [InfLoRA] DualGPM threshold: 0.9750
2026-07-28 08:20:45,823 [inflora.py] => [InfLoRA] Layer 1: 41/768 type remove
2026-07-28 08:20:45,823 [inflora.py] => [InfLoRA] Layer 2: 22/768 type remove
2026-07-28 08:20:45,823 [inflora.py] => [InfLoRA] Layer 3: 74/768 type remove
2026-07-28 08:20:45,823 [inflora.py] => [InfLoRA] Layer 4: 83/768 type remove
2026-07-28 08:20:45,823 [inflora.py] => [InfLoRA] Layer 5: 132/768 type remove
2026-07-28 08:20:45,823 [inflora.py] => [InfLoRA] Layer 6: 158/768 type remove
2026-07-28 08:20:45,823 [inflora.py] => [InfLoRA] Layer 7: 170/768 type remove
2026-07-28 08:20:45,823 [inflora.py] => [InfLoRA] Layer 8: 225/768 type remove
2026-07-28 08:20:45,823 [inflora.py] => [InfLoRA] Layer 9: 351/768 type remove
2026-07-28 08:20:45,823 [inflora.py] => [InfLoRA] Layer 10: 304/768 type retain
2026-07-28 08:20:45,823 [inflora.py] => [InfLoRA] Layer 11: 348/768 type retain
2026-07-28 08:20:45,823 [inflora.py] => [InfLoRA] Layer 12: 349/768 type retain
2026-07-28 08:21:11,364 [bounded_memory_mixin.py] => [bounded_mem eval] volume 0.90 | cycle 109 | classes_seen 910 | CIL top1 42.85 | top5 72.78 | (nearest latent task ~90) | param_hash c8c8689ea76e62a7 | per-task [19.6, 59.0, 32.49, 47.18, 56.0, 57.79, 66.0, 26.0, 45.0, 47.98, 47.47, 28.43, 57.5, 45.45, 46.5, 60.3, 39.2, 54.5, 38.0, 45.73, 39.2, 53.0, 40.1, 50.25, 27.0, 44.95, 52.76, 62.5, 47.72, 41.0, 48.0, 53.5, 44.5, 56.5, 37.76, 55.78, 35.71, 41.12, 57.79, 40.4, 26.4, 46.23, 31.98, 32.5, 51.5, 33.5, 51.01, 44.9, 42.0, 43.72, 53.77, 57.0, 35.18, 49.49, 44.9, 30.96, 50.75, 25.0, 44.72, 61.81, 37.69, 19.19, 43.22, 43.37, 32.47, 40.2, 44.72, 46.23, 32.82, 53.54, 21.11, 34.17, 57.87, 33.16, 42.0, 28.5, 48.74, 55.78, 40.61, 64.14, 37.56, 33.17, 44.44, 32.16, 52.76, 2.04, 24.5, 28.14, 59.9, 25.13, 31.63]
2026-07-28 08:22:39,465 [inflora.py] => [InfLoRA] DualGPM threshold: 0.9750
2026-07-28 08:22:40,674 [inflora.py] => [InfLoRA] Layer 1: 41/768 type remove
2026-07-28 08:22:40,674 [inflora.py] => [InfLoRA] Layer 2: 22/768 type remove
2026-07-28 08:22:40,674 [inflora.py] => [InfLoRA] Layer 3: 74/768 type remove
2026-07-28 08:22:40,674 [inflora.py] => [InfLoRA] Layer 4: 83/768 type remove
2026-07-28 08:22:40,674 [inflora.py] => [InfLoRA] Layer 5: 132/768 type remove
2026-07-28 08:22:40,674 [inflora.py] => [InfLoRA] Layer 6: 158/768 type remove
2026-07-28 08:22:40,674 [inflora.py] => [InfLoRA] Layer 7: 170/768 type remove
2026-07-28 08:22:40,674 [inflora.py] => [InfLoRA] Layer 8: 225/768 type remove
2026-07-28 08:22:40,674 [inflora.py] => [InfLoRA] Layer 9: 351/768 type remove
2026-07-28 08:22:40,674 [inflora.py] => [InfLoRA] Layer 10: 304/768 type retain
2026-07-28 08:22:40,674 [inflora.py] => [InfLoRA] Layer 11: 348/768 type retain
2026-07-28 08:22:40,674 [inflora.py] => [InfLoRA] Layer 12: 348/768 type retain
2026-07-28 08:24:08,810 [inflora.py] => [InfLoRA] DualGPM threshold: 0.9750
2026-07-28 08:24:10,024 [inflora.py] => [InfLoRA] Layer 1: 41/768 type remove
2026-07-28 08:24:10,025 [inflora.py] => [InfLoRA] Layer 2: 22/768 type remove
2026-07-28 08:24:10,025 [inflora.py] => [InfLoRA] Layer 3: 75/768 type remove
2026-07-28 08:24:10,025 [inflora.py] => [InfLoRA] Layer 4: 83/768 type remove
2026-07-28 08:24:10,025 [inflora.py] => [InfLoRA] Layer 5: 133/768 type remove
2026-07-28 08:24:10,025 [inflora.py] => [InfLoRA] Layer 6: 158/768 type remove
2026-07-28 08:24:10,025 [inflora.py] => [InfLoRA] Layer 7: 171/768 type remove
2026-07-28 08:24:10,025 [inflora.py] => [InfLoRA] Layer 8: 225/768 type remove
2026-07-28 08:24:10,025 [inflora.py] => [InfLoRA] Layer 9: 351/768 type remove
2026-07-28 08:24:10,025 [inflora.py] => [InfLoRA] Layer 10: 304/768 type retain
2026-07-28 08:24:10,025 [inflora.py] => [InfLoRA] Layer 11: 348/768 type retain
2026-07-28 08:24:10,025 [inflora.py] => [InfLoRA] Layer 12: 348/768 type retain
2026-07-28 08:25:38,307 [inflora.py] => [InfLoRA] DualGPM threshold: 0.9750
2026-07-28 08:25:39,765 [inflora.py] => [InfLoRA] Layer 1: 41/768 type remove
2026-07-28 08:25:39,766 [inflora.py] => [InfLoRA] Layer 2: 22/768 type remove
2026-07-28 08:25:39,766 [inflora.py] => [InfLoRA] Layer 3: 75/768 type remove
2026-07-28 08:25:39,766 [inflora.py] => [InfLoRA] Layer 4: 83/768 type remove
2026-07-28 08:25:39,766 [inflora.py] => [InfLoRA] Layer 5: 133/768 type remove
2026-07-28 08:25:39,766 [inflora.py] => [InfLoRA] Layer 6: 159/768 type remove
2026-07-28 08:25:39,766 [inflora.py] => [InfLoRA] Layer 7: 171/768 type remove
2026-07-28 08:25:39,766 [inflora.py] => [InfLoRA] Layer 8: 226/768 type remove
2026-07-28 08:25:39,766 [inflora.py] => [InfLoRA] Layer 9: 352/768 type remove
2026-07-28 08:25:39,766 [inflora.py] => [InfLoRA] Layer 10: 303/768 type retain
2026-07-28 08:25:39,766 [inflora.py] => [InfLoRA] Layer 11: 346/768 type retain
2026-07-28 08:25:39,766 [inflora.py] => [InfLoRA] Layer 12: 345/768 type retain
2026-07-28 08:27:07,659 [inflora.py] => [InfLoRA] DualGPM threshold: 0.9750
2026-07-28 08:27:08,920 [inflora.py] => [InfLoRA] Layer 1: 41/768 type remove
2026-07-28 08:27:08,920 [inflora.py] => [InfLoRA] Layer 2: 22/768 type remove
2026-07-28 08:27:08,920 [inflora.py] => [InfLoRA] Layer 3: 75/768 type remove
2026-07-28 08:27:08,921 [inflora.py] => [InfLoRA] Layer 4: 83/768 type remove
2026-07-28 08:27:08,921 [inflora.py] => [InfLoRA] Layer 5: 133/768 type remove
2026-07-28 08:27:08,921 [inflora.py] => [InfLoRA] Layer 6: 159/768 type remove
2026-07-28 08:27:08,921 [inflora.py] => [InfLoRA] Layer 7: 171/768 type remove
2026-07-28 08:27:08,921 [inflora.py] => [InfLoRA] Layer 8: 226/768 type remove
2026-07-28 08:27:08,921 [inflora.py] => [InfLoRA] Layer 9: 353/768 type remove
2026-07-28 08:27:08,921 [inflora.py] => [InfLoRA] Layer 10: 302/768 type retain
2026-07-28 08:27:08,921 [inflora.py] => [InfLoRA] Layer 11: 345/768 type retain
2026-07-28 08:27:08,921 [inflora.py] => [InfLoRA] Layer 12: 343/768 type retain
2026-07-28 08:28:37,368 [inflora.py] => [InfLoRA] DualGPM threshold: 0.9750
2026-07-28 08:28:38,627 [inflora.py] => [InfLoRA] Layer 1: 41/768 type remove
2026-07-28 08:28:38,627 [inflora.py] => [InfLoRA] Layer 2: 23/768 type remove
2026-07-28 08:28:38,627 [inflora.py] => [InfLoRA] Layer 3: 76/768 type remove
2026-07-28 08:28:38,627 [inflora.py] => [InfLoRA] Layer 4: 84/768 type remove
2026-07-28 08:28:38,627 [inflora.py] => [InfLoRA] Layer 5: 134/768 type remove
2026-07-28 08:28:38,627 [inflora.py] => [InfLoRA] Layer 6: 160/768 type remove
2026-07-28 08:28:38,627 [inflora.py] => [InfLoRA] Layer 7: 172/768 type remove
2026-07-28 08:28:38,627 [inflora.py] => [InfLoRA] Layer 8: 227/768 type remove
2026-07-28 08:28:38,627 [inflora.py] => [InfLoRA] Layer 9: 354/768 type remove
2026-07-28 08:28:38,627 [inflora.py] => [InfLoRA] Layer 10: 301/768 type retain
2026-07-28 08:28:38,627 [inflora.py] => [InfLoRA] Layer 11: 343/768 type retain
2026-07-28 08:28:38,627 [inflora.py] => [InfLoRA] Layer 12: 341/768 type retain
2026-07-28 08:30:07,013 [inflora.py] => [InfLoRA] DualGPM threshold: 0.9750
2026-07-28 08:30:08,406 [inflora.py] => [InfLoRA] Layer 1: 41/768 type remove
2026-07-28 08:30:08,406 [inflora.py] => [InfLoRA] Layer 2: 23/768 type remove
2026-07-28 08:30:08,406 [inflora.py] => [InfLoRA] Layer 3: 76/768 type remove
2026-07-28 08:30:08,406 [inflora.py] => [InfLoRA] Layer 4: 84/768 type remove
2026-07-28 08:30:08,406 [inflora.py] => [InfLoRA] Layer 5: 134/768 type remove
2026-07-28 08:30:08,406 [inflora.py] => [InfLoRA] Layer 6: 161/768 type remove
2026-07-28 08:30:08,406 [inflora.py] => [InfLoRA] Layer 7: 172/768 type remove
2026-07-28 08:30:08,406 [inflora.py] => [InfLoRA] Layer 8: 227/768 type remove
2026-07-28 08:30:08,406 [inflora.py] => [InfLoRA] Layer 9: 354/768 type remove
2026-07-28 08:30:08,406 [inflora.py] => [InfLoRA] Layer 10: 301/768 type retain
2026-07-28 08:30:08,406 [inflora.py] => [InfLoRA] Layer 11: 342/768 type retain
2026-07-28 08:30:08,406 [inflora.py] => [InfLoRA] Layer 12: 340/768 type retain
2026-07-28 08:31:36,483 [inflora.py] => [InfLoRA] DualGPM threshold: 0.9750
2026-07-28 08:31:37,698 [inflora.py] => [InfLoRA] Layer 1: 41/768 type remove
2026-07-28 08:31:37,698 [inflora.py] => [InfLoRA] Layer 2: 23/768 type remove
2026-07-28 08:31:37,698 [inflora.py] => [InfLoRA] Layer 3: 76/768 type remove
2026-07-28 08:31:37,698 [inflora.py] => [InfLoRA] Layer 4: 84/768 type remove
2026-07-28 08:31:37,698 [inflora.py] => [InfLoRA] Layer 5: 134/768 type remove
2026-07-28 08:31:37,698 [inflora.py] => [InfLoRA] Layer 6: 161/768 type remove
2026-07-28 08:31:37,698 [inflora.py] => [InfLoRA] Layer 7: 172/768 type remove
2026-07-28 08:31:37,698 [inflora.py] => [InfLoRA] Layer 8: 227/768 type remove
2026-07-28 08:31:37,698 [inflora.py] => [InfLoRA] Layer 9: 354/768 type remove
2026-07-28 08:31:37,698 [inflora.py] => [InfLoRA] Layer 10: 301/768 type retain
2026-07-28 08:31:37,698 [inflora.py] => [InfLoRA] Layer 11: 342/768 type retain
2026-07-28 08:31:37,698 [inflora.py] => [InfLoRA] Layer 12: 340/768 type retain
2026-07-28 08:33:06,109 [inflora.py] => [InfLoRA] DualGPM threshold: 0.9750
2026-07-28 08:33:07,555 [inflora.py] => [InfLoRA] Layer 1: 41/768 type remove
2026-07-28 08:33:07,555 [inflora.py] => [InfLoRA] Layer 2: 23/768 type remove
2026-07-28 08:33:07,555 [inflora.py] => [InfLoRA] Layer 3: 76/768 type remove
2026-07-28 08:33:07,555 [inflora.py] => [InfLoRA] Layer 4: 84/768 type remove
2026-07-28 08:33:07,555 [inflora.py] => [InfLoRA] Layer 5: 135/768 type remove
2026-07-28 08:33:07,555 [inflora.py] => [InfLoRA] Layer 6: 162/768 type remove
2026-07-28 08:33:07,555 [inflora.py] => [InfLoRA] Layer 7: 173/768 type remove
2026-07-28 08:33:07,555 [inflora.py] => [InfLoRA] Layer 8: 228/768 type remove
2026-07-28 08:33:07,555 [inflora.py] => [InfLoRA] Layer 9: 355/768 type remove
2026-07-28 08:33:07,555 [inflora.py] => [InfLoRA] Layer 10: 300/768 type retain
2026-07-28 08:33:07,555 [inflora.py] => [InfLoRA] Layer 11: 341/768 type retain
2026-07-28 08:33:07,555 [inflora.py] => [InfLoRA] Layer 12: 339/768 type retain
2026-07-28 08:34:36,076 [inflora.py] => [InfLoRA] DualGPM threshold: 0.9750
2026-07-28 08:34:37,332 [inflora.py] => [InfLoRA] Layer 1: 41/768 type remove
2026-07-28 08:34:37,332 [inflora.py] => [InfLoRA] Layer 2: 23/768 type remove
2026-07-28 08:34:37,332 [inflora.py] => [InfLoRA] Layer 3: 77/768 type remove
2026-07-28 08:34:37,332 [inflora.py] => [InfLoRA] Layer 4: 85/768 type remove
2026-07-28 08:34:37,332 [inflora.py] => [InfLoRA] Layer 5: 135/768 type remove
2026-07-28 08:34:37,332 [inflora.py] => [InfLoRA] Layer 6: 162/768 type remove
2026-07-28 08:34:37,332 [inflora.py] => [InfLoRA] Layer 7: 173/768 type remove
2026-07-28 08:34:37,332 [inflora.py] => [InfLoRA] Layer 8: 228/768 type remove
2026-07-28 08:34:37,332 [inflora.py] => [InfLoRA] Layer 9: 355/768 type remove
2026-07-28 08:34:37,332 [inflora.py] => [InfLoRA] Layer 10: 300/768 type retain
2026-07-28 08:34:37,332 [inflora.py] => [InfLoRA] Layer 11: 341/768 type retain
2026-07-28 08:34:37,332 [inflora.py] => [InfLoRA] Layer 12: 338/768 type retain
2026-07-28 08:36:04,594 [inflora.py] => [InfLoRA] DualGPM threshold: 0.9750
2026-07-28 08:36:05,787 [inflora.py] => [InfLoRA] Layer 1: 41/768 type remove
2026-07-28 08:36:05,787 [inflora.py] => [InfLoRA] Layer 2: 23/768 type remove
2026-07-28 08:36:05,787 [inflora.py] => [InfLoRA] Layer 3: 77/768 type remove
2026-07-28 08:36:05,787 [inflora.py] => [InfLoRA] Layer 4: 85/768 type remove
2026-07-28 08:36:05,787 [inflora.py] => [InfLoRA] Layer 5: 136/768 type remove
2026-07-28 08:36:05,787 [inflora.py] => [InfLoRA] Layer 6: 163/768 type remove
2026-07-28 08:36:05,787 [inflora.py] => [InfLoRA] Layer 7: 174/768 type remove
2026-07-28 08:36:05,787 [inflora.py] => [InfLoRA] Layer 8: 229/768 type remove
2026-07-28 08:36:05,787 [inflora.py] => [InfLoRA] Layer 9: 355/768 type remove
2026-07-28 08:36:05,787 [inflora.py] => [InfLoRA] Layer 10: 300/768 type retain
2026-07-28 08:36:05,787 [inflora.py] => [InfLoRA] Layer 11: 341/768 type retain
2026-07-28 08:36:05,787 [inflora.py] => [InfLoRA] Layer 12: 338/768 type retain
2026-07-28 08:37:34,109 [inflora.py] => [InfLoRA] DualGPM threshold: 0.9750
2026-07-28 08:37:35,611 [inflora.py] => [InfLoRA] Layer 1: 41/768 type remove
2026-07-28 08:37:35,611 [inflora.py] => [InfLoRA] Layer 2: 23/768 type remove
2026-07-28 08:37:35,611 [inflora.py] => [InfLoRA] Layer 3: 77/768 type remove
2026-07-28 08:37:35,611 [inflora.py] => [InfLoRA] Layer 4: 85/768 type remove
2026-07-28 08:37:35,611 [inflora.py] => [InfLoRA] Layer 5: 137/768 type remove
2026-07-28 08:37:35,611 [inflora.py] => [InfLoRA] Layer 6: 164/768 type remove
2026-07-28 08:37:35,611 [inflora.py] => [InfLoRA] Layer 7: 175/768 type remove
2026-07-28 08:37:35,611 [inflora.py] => [InfLoRA] Layer 8: 230/768 type remove
2026-07-28 08:37:35,611 [inflora.py] => [InfLoRA] Layer 9: 356/768 type remove
2026-07-28 08:37:35,611 [inflora.py] => [InfLoRA] Layer 10: 299/768 type retain
2026-07-28 08:37:35,612 [inflora.py] => [InfLoRA] Layer 11: 340/768 type retain
2026-07-28 08:37:35,612 [inflora.py] => [InfLoRA] Layer 12: 337/768 type retain
2026-07-28 08:37:59,130 [inflora.py] => [InfLoRA] DualGPM threshold: 0.9750
2026-07-28 08:38:00,380 [inflora.py] => [InfLoRA] Layer 1: 41/768 type remove
2026-07-28 08:38:00,380 [inflora.py] => [InfLoRA] Layer 2: 23/768 type remove
2026-07-28 08:38:00,380 [inflora.py] => [InfLoRA] Layer 3: 77/768 type remove
2026-07-28 08:38:00,380 [inflora.py] => [InfLoRA] Layer 4: 85/768 type remove
2026-07-28 08:38:00,381 [inflora.py] => [InfLoRA] Layer 5: 137/768 type remove
2026-07-28 08:38:00,381 [inflora.py] => [InfLoRA] Layer 6: 164/768 type remove
2026-07-28 08:38:00,381 [inflora.py] => [InfLoRA] Layer 7: 175/768 type remove
2026-07-28 08:38:00,381 [inflora.py] => [InfLoRA] Layer 8: 230/768 type remove
2026-07-28 08:38:00,381 [inflora.py] => [InfLoRA] Layer 9: 357/768 type remove
2026-07-28 08:38:00,381 [inflora.py] => [InfLoRA] Layer 10: 298/768 type retain
2026-07-28 08:38:00,381 [inflora.py] => [InfLoRA] Layer 11: 338/768 type retain
2026-07-28 08:38:00,381 [inflora.py] => [InfLoRA] Layer 12: 337/768 type retain
2026-07-28 08:38:28,369 [bounded_memory_mixin.py] => [bounded_mem eval] volume 1.00 | cycle 121 | classes_seen 1000 | CIL top1 41.31 | top5 71.61 | (nearest latent task ~99) | param_hash 9ef687637486d592 | per-task [18.59, 56.5, 36.55, 47.69, 54.5, 61.81, 68.0, 26.0, 46.0, 44.44, 42.93, 27.92, 54.0, 43.94, 40.5, 58.29, 33.67, 50.5, 41.5, 42.71, 38.19, 52.0, 35.53, 43.65, 26.0, 37.88, 51.76, 58.5, 44.16, 39.0, 46.5, 56.5, 45.0, 57.0, 39.8, 52.76, 34.18, 36.04, 54.27, 40.91, 24.87, 40.7, 24.87, 29.5, 52.5, 30.5, 49.49, 41.84, 34.0, 42.21, 47.74, 53.0, 35.18, 51.52, 41.33, 31.98, 53.77, 17.0, 44.22, 59.8, 36.68, 17.17, 43.72, 42.86, 33.51, 37.69, 43.72, 45.23, 32.82, 51.52, 20.1, 33.67, 59.9, 34.69, 42.5, 29.5, 44.22, 52.26, 37.06, 60.1, 36.04, 31.66, 44.95, 26.13, 50.75, 1.02, 28.0, 27.64, 54.82, 26.13, 38.27, 52.53, 45.23, 35.68, 35.86, 30.15, 38.89, 51.5, 24.62, 58.59]
2026-07-28 08:38:31,047 [metrics_logger.py] => [metrics] wrote run_logs/final/inflora/metrics_inflora_round2_slurm_grid_omni30t_200mb_inflora_s1996_s1996.json
2026-07-28 08:38:31,047 [trainer.py] => [bounded_mem] volume checkpoints: [0.1, 0.2, 0.3, 0.4, 0.5, 0.6, 0.7, 0.8, 0.9, 1.0]
2026-07-28 08:38:31,047 [trainer.py] => [bounded_mem] CIL top1 curve: [76.16, 66.64, 62.89, 57.79, 54.05, 51.07, 47.76, 45.64, 42.85, 41.31]
2026-07-28 08:38:31,047 [trainer.py] => [bounded_mem] CIL top5 curve: [94.75, 89.88, 88.86, 85.26, 81.5, 79.48, 77.0, 75.37, 72.78, 71.61]
[bounded_mem] checkpoints (fraction of stream): [0.1, 0.2, 0.3, 0.4, 0.5, 0.6, 0.7, 0.8, 0.9, 1.0]
[bounded_mem] CIL top1: [76.16, 66.64, 62.89, 57.79, 54.05, 51.07, 47.76, 45.64, 42.85, 41.31]
[bounded_mem] CIL top5: [94.75, 89.88, 88.86, 85.26, 81.5, 79.48, 77.0, 75.37, 72.78, 71.61]
2026-07-28 08:38:31,047 [trainer.py] => [bounded_mem] FINAL CIL top1 41.31 | top5 71.61 (at 100% of stream)
[bounded_mem] FINAL CIL top1 41.31 | top5 71.61
[bounded_mem] wrote run_logs/boundedmem_inflora_round2_slurm_grid_omni30t_200mb_inflora_s1996_s1996.json
