2026-07-27 07:20:24,431 [trainer.py] => config: exps/round2_slurm_grid/sketchlora_100mb_s1996.json
2026-07-27 07:20:24,431 [trainer.py] => dataset: omnibenchmark1k
2026-07-27 07:20:24,431 [trainer.py] => memory_size: 0
2026-07-27 07:20:24,431 [trainer.py] => memory_per_class: 0
2026-07-27 07:20:24,431 [trainer.py] => fixed_memory: False
2026-07-27 07:20:24,431 [trainer.py] => shuffle: True
2026-07-27 07:20:24,431 [trainer.py] => init_cls: 10
2026-07-27 07:20:24,431 [trainer.py] => increment: 10
2026-07-27 07:20:24,431 [trainer.py] => scenario: cil
2026-07-27 07:20:24,431 [trainer.py] => pretrained: True
2026-07-27 07:20:24,431 [trainer.py] => print_forget: False
2026-07-27 07:20:24,431 [trainer.py] => final_metrics: False
2026-07-27 07:20:24,431 [trainer.py] => backbone_type: vit_base_patch16_224_lora
2026-07-27 07:20:24,431 [trainer.py] => lora_rank: 10
2026-07-27 07:20:24,431 [trainer.py] => lora_alpha: None
2026-07-27 07:20:24,431 [trainer.py] => batch_size: 48
2026-07-27 07:20:24,431 [trainer.py] => weight_decay: 0.0005
2026-07-27 07:20:24,431 [trainer.py] => min_lr: 0.0
2026-07-27 07:20:24,431 [trainer.py] => tuned_epoch: 20
2026-07-27 07:20:24,431 [trainer.py] => boundary_mode: bounded_memory
2026-07-27 07:20:24,431 [trainer.py] => stop_after_tasks: 100
2026-07-27 07:20:24,431 [trainer.py] => device: [device(type='cuda', index=0)]
2026-07-27 07:20:24,431 [trainer.py] => model_name: sketchlora
2026-07-27 07:20:24,431 [trainer.py] => lora_merge: True
2026-07-27 07:20:24,431 [trainer.py] => lora_train_merge: True
2026-07-27 07:20:24,431 [trainer.py] => svd_rank: 10
2026-07-27 07:20:24,431 [trainer.py] => svd_oversampling: 10
2026-07-27 07:20:24,431 [trainer.py] => svd_energy_target: 0.01
2026-07-27 07:20:24,431 [trainer.py] => lora_n_slots: 2
2026-07-27 07:20:24,431 [trainer.py] => sketch_diag: True
2026-07-27 07:20:24,431 [trainer.py] => merge_op: randsvd
2026-07-27 07:20:24,431 [trainer.py] => sketchlora_admission: bounded_eviction
2026-07-27 07:20:24,431 [trainer.py] => sketchlora_rank_cap: 128
2026-07-27 07:20:24,431 [trainer.py] => sketchlora_lora_wd: 0.0
2026-07-27 07:20:24,431 [trainer.py] => sketchlora_eviction_reading: conformant
2026-07-27 07:20:24,431 [trainer.py] => init_lr: 0.001
2026-07-27 07:20:24,431 [trainer.py] => seed: 1996
2026-07-27 07:20:24,431 [trainer.py] => bm_budget_mb: 100
2026-07-27 07:20:24,431 [trainer.py] => prefix: round2_slurm_grid_omni30t_100mb_sketchlora_s1996
2026-07-27 07:20:24,946 [data_manager.py] => [438, 831, 338, 46, 856, 850, 593, 53, 230, 71, 34, 91, 794, 884, 358, 68, 585, 804, 601, 488, 443, 290, 699, 811, 898, 416, 424, 72, 235, 116, 908, 669, 569, 47, 983, 464, 545, 267, 383, 408, 96, 760, 935, 321, 511, 819, 253, 671, 945, 919, 209, 705, 711, 448, 106, 552, 486, 734, 978, 394, 654, 527, 522, 51, 774, 583, 234, 127, 958, 933, 398, 886, 21, 465, 104, 572, 377, 537, 50, 188, 697, 128, 28, 158, 855, 382, 496, 562, 225, 560, 242, 647, 255, 400, 274, 743, 775, 824, 258, 280, 806, 480, 652, 252, 528, 744, 578, 232, 203, 662, 474, 134, 403, 649, 250, 574, 638, 753, 926, 436, 785, 379, 27, 61, 543, 563, 826, 960, 879, 861, 214, 690, 776, 571, 798, 266, 590, 427, 622, 679, 0, 849, 902, 2, 925, 984, 92, 220, 674, 818, 848, 916, 959, 864, 29, 204, 482, 420, 322, 31, 207, 217, 869, 223, 271, 605, 558, 923, 710, 16, 469, 778, 497, 733, 874, 216, 777, 385, 841, 606, 183, 86, 717, 559, 277, 117, 114, 769, 462, 262, 814, 973, 348, 171, 291, 846, 112, 458, 78, 365, 74, 431, 272, 737, 937, 575, 166, 56, 534, 815, 353, 857, 952, 33, 144, 761, 211, 771, 359, 766, 133, 894, 816, 882, 366, 892, 852, 747, 546, 842, 355, 703, 553, 931, 317, 645, 36, 863, 890, 489, 900, 672, 370, 283, 80, 722, 109, 198, 614, 122, 356, 939, 725, 667, 459, 110, 18, 342, 102, 612, 823, 592, 419, 928, 210, 529, 411, 524, 772, 454, 943, 336, 873, 835, 118, 901, 751, 224, 75, 877, 439, 951, 93, 714, 15, 435, 992, 685, 59, 599, 659, 414, 52, 119, 239, 708, 310, 867, 298, 702, 401, 687, 386, 247, 570, 484, 616, 862, 428, 300, 971, 598, 557, 808, 977, 946, 508, 41, 539, 222, 412, 749, 790, 79, 131, 675, 579, 957, 344, 314, 677, 121, 161, 487, 970, 700, 129, 715, 390, 520, 719, 646, 201, 32, 704, 770, 876, 828, 82, 429, 989, 561, 905, 476, 248, 940, 384, 682, 406, 783, 839, 878, 123, 453, 643, 536, 493, 665, 202, 442, 872, 809, 532, 609, 880, 812, 391, 694, 173, 49, 650, 221, 44, 588, 944, 287, 349, 404, 481, 623, 154, 288, 301, 334, 227, 941, 917, 281, 25, 706, 228, 963, 485, 292, 728, 913, 124, 153, 306, 688, 955, 501, 607, 921, 765, 333, 449, 43, 986, 345, 907, 980, 500, 805, 120, 1, 914, 632, 695, 434, 651, 604, 184, 177, 825, 368, 445, 844, 847, 182, 663, 498, 88, 101, 479, 912, 212, 997, 372, 165, 30, 307, 530, 108, 352, 180, 237, 834, 375, 817, 795, 906, 587, 279, 625, 735, 328, 142, 194, 460, 141, 568, 380, 738, 936, 999, 17, 683, 888, 289, 360, 523, 789, 833, 40, 594, 354, 22, 326, 19, 832, 930, 293, 341, 716, 226, 470, 160, 788, 147, 361, 392, 64, 624, 245, 531, 241, 4, 396, 660, 433, 720, 514, 265, 264, 351, 103, 302, 655, 947, 376, 270, 617, 726, 455, 313, 903, 63, 263, 363, 787, 273, 137, 243, 595, 350, 807, 233, 259, 990, 452, 550, 409, 938, 975, 871, 724, 430, 910, 318, 780, 698, 473, 845, 399, 581, 178, 932, 332, 924, 407, 170, 472, 799, 566, 620, 296, 621, 723, 506, 393, 346, 904, 367, 60, 415, 192, 580, 8, 176, 85, 324, 554, 820, 186, 918, 69, 206, 752, 991, 740, 762, 260, 174, 754, 410, 475, 544, 246, 589, 269, 478, 803, 684, 801, 613, 979, 985, 693, 969, 66, 854, 89, 229, 282, 55, 389, 135, 150, 268, 821, 577, 730, 100, 729, 276, 875, 727, 556, 691, 373, 145, 791, 240, 149, 213, 909, 653, 374, 130, 155, 219, 929, 840, 98, 136, 896, 859, 3, 140, 564, 426, 866, 586, 70, 343, 962, 829, 640, 739, 922, 767, 513, 369, 525, 982, 67, 236, 325, 172, 73, 143, 444, 151, 953, 169, 35, 499, 657, 337, 538, 316, 94, 83, 309, 895, 319, 584, 591, 152, 13, 745, 320, 956, 830, 796, 633, 437, 87, 642, 713, 993, 518, 519, 215, 865, 689, 6, 187, 502, 763, 5, 950, 972, 335, 602, 115, 548, 779, 967, 927, 516, 718, 339, 299, 996, 966, 547, 507, 800, 630, 39, 603, 441, 742, 994, 417, 666, 615, 185, 628, 97, 231, 709, 26, 786, 942, 157, 111, 218, 504, 397, 329, 54, 308, 456, 636, 949, 193, 99, 853, 305, 249, 477, 634, 755, 509, 126, 168, 707, 190, 7, 286, 658, 988, 107, 510, 555, 512, 736, 541, 200, 37, 14, 362, 567, 24, 961, 12, 378, 9, 948, 315, 205, 303, 600, 899, 810, 284, 868, 673, 505, 792, 987, 492, 405, 889, 517, 858, 181, 189, 635, 457, 422, 768, 860, 891, 611, 294, 197, 664, 446, 191, 741, 756, 976, 95, 421, 998, 597, 105, 681, 670, 686, 851, 179, 468, 995, 413, 388, 781, 402, 113, 629, 731, 84, 285, 466, 934, 146, 20, 244, 802, 450, 254, 680, 515, 637, 644, 125, 295, 164, 251, 661, 696, 712, 58, 483, 920, 576, 175, 782, 503, 721, 381, 357, 371, 159, 327, 195, 521, 639, 238, 423, 304, 893, 887, 347, 631, 668, 784, 965, 81, 582, 533, 45, 138, 163, 261, 77, 542, 494, 648, 619, 750, 196, 275, 311, 440, 418, 701, 447, 57, 565, 618, 758, 495, 331, 813, 156, 822, 676, 627, 656, 491, 897, 432, 490, 981, 843, 911, 881, 62, 148, 11, 626, 387, 641, 964, 471, 773, 608, 746, 764, 732, 10, 551, 797, 535, 395, 692, 838, 199, 208, 425, 76, 23, 837, 974, 883, 90, 312, 678, 759, 836, 167, 42, 596, 748, 461, 915, 256, 278, 870, 757, 968, 364, 65, 573, 467, 330, 827, 793, 549, 48, 340, 162, 540, 132, 139, 885, 526, 463, 451, 297, 38, 323, 610, 257, 954]
This is for the BaseNet initialization.
I'm using ViT with per-task LoRA (q,v).
_IncompatibleKeys(missing_keys=['blocks.0.attn.cur_matrix', 'blocks.0.attn.frozen_delta_q', 'blocks.0.attn.frozen_delta_v', 'blocks.0.attn.lora_A_q.0.weight', 'blocks.0.attn.lora_A_q.1.weight', 'blocks.0.attn.lora_B_q.0.weight', 'blocks.0.attn.lora_B_q.1.weight', 'blocks.0.attn.lora_A_v.0.weight', 'blocks.0.attn.lora_A_v.1.weight', 'blocks.0.attn.lora_B_v.0.weight', 'blocks.0.attn.lora_B_v.1.weight', 'blocks.1.attn.cur_matrix', 'blocks.1.attn.frozen_delta_q', 'blocks.1.attn.frozen_delta_v', 'blocks.1.attn.lora_A_q.0.weight', 'blocks.1.attn.lora_A_q.1.weight', 'blocks.1.attn.lora_B_q.0.weight', 'blocks.1.attn.lora_B_q.1.weight', 'blocks.1.attn.lora_A_v.0.weight', 'blocks.1.attn.lora_A_v.1.weight', 'blocks.1.attn.lora_B_v.0.weight', 'blocks.1.attn.lora_B_v.1.weight', 'blocks.2.attn.cur_matrix', 'blocks.2.attn.frozen_delta_q', 'blocks.2.attn.frozen_delta_v', 'blocks.2.attn.lora_A_q.0.weight', 'blocks.2.attn.lora_A_q.1.weight', 'blocks.2.attn.lora_B_q.0.weight', 'blocks.2.attn.lora_B_q.1.weight', 'blocks.2.attn.lora_A_v.0.weight', 'blocks.2.attn.lora_A_v.1.weight', 'blocks.2.attn.lora_B_v.0.weight', 'blocks.2.attn.lora_B_v.1.weight', 'blocks.3.attn.cur_matrix', 'blocks.3.attn.frozen_delta_q', 'blocks.3.attn.frozen_delta_v', 'blocks.3.attn.lora_A_q.0.weight', 'blocks.3.attn.lora_A_q.1.weight', 'blocks.3.attn.lora_B_q.0.weight', 'blocks.3.attn.lora_B_q.1.weight', 'blocks.3.attn.lora_A_v.0.weight', 'blocks.3.attn.lora_A_v.1.weight', 'blocks.3.attn.lora_B_v.0.weight', 'blocks.3.attn.lora_B_v.1.weight', 'blocks.4.attn.cur_matrix', 'blocks.4.attn.frozen_delta_q', 'blocks.4.attn.frozen_delta_v', 'blocks.4.attn.lora_A_q.0.weight', 'blocks.4.attn.lora_A_q.1.weight', 'blocks.4.attn.lora_B_q.0.weight', 'blocks.4.attn.lora_B_q.1.weight', 'blocks.4.attn.lora_A_v.0.weight', 'blocks.4.attn.lora_A_v.1.weight', 'blocks.4.attn.lora_B_v.0.weight', 'blocks.4.attn.lora_B_v.1.weight', 'blocks.5.attn.cur_matrix', 'blocks.5.attn.frozen_delta_q', 'blocks.5.attn.frozen_delta_v', 'blocks.5.attn.lora_A_q.0.weight', 'blocks.5.attn.lora_A_q.1.weight', 'blocks.5.attn.lora_B_q.0.weight', 'blocks.5.attn.lora_B_q.1.weight', 'blocks.5.attn.lora_A_v.0.weight', 'blocks.5.attn.lora_A_v.1.weight', 'blocks.5.attn.lora_B_v.0.weight', 'blocks.5.attn.lora_B_v.1.weight', 'blocks.6.attn.cur_matrix', 'blocks.6.attn.frozen_delta_q', 'blocks.6.attn.frozen_delta_v', 'blocks.6.attn.lora_A_q.0.weight', 'blocks.6.attn.lora_A_q.1.weight', 'blocks.6.attn.lora_B_q.0.weight', 'blocks.6.attn.lora_B_q.1.weight', 'blocks.6.attn.lora_A_v.0.weight', 'blocks.6.attn.lora_A_v.1.weight', 'blocks.6.attn.lora_B_v.0.weight', 'blocks.6.attn.lora_B_v.1.weight', 'blocks.7.attn.cur_matrix', 'blocks.7.attn.frozen_delta_q', 'blocks.7.attn.frozen_delta_v', 'blocks.7.attn.lora_A_q.0.weight', 'blocks.7.attn.lora_A_q.1.weight', 'blocks.7.attn.lora_B_q.0.weight', 'blocks.7.attn.lora_B_q.1.weight', 'blocks.7.attn.lora_A_v.0.weight', 'blocks.7.attn.lora_A_v.1.weight', 'blocks.7.attn.lora_B_v.0.weight', 'blocks.7.attn.lora_B_v.1.weight', 'blocks.8.attn.cur_matrix', 'blocks.8.attn.frozen_delta_q', 'blocks.8.attn.frozen_delta_v', 'blocks.8.attn.lora_A_q.0.weight', 'blocks.8.attn.lora_A_q.1.weight', 'blocks.8.attn.lora_B_q.0.weight', 'blocks.8.attn.lora_B_q.1.weight', 'blocks.8.attn.lora_A_v.0.weight', 'blocks.8.attn.lora_A_v.1.weight', 'blocks.8.attn.lora_B_v.0.weight', 'blocks.8.attn.lora_B_v.1.weight', 'blocks.9.attn.cur_matrix', 'blocks.9.attn.frozen_delta_q', 'blocks.9.attn.frozen_delta_v', 'blocks.9.attn.lora_A_q.0.weight', 'blocks.9.attn.lora_A_q.1.weight', 'blocks.9.attn.lora_B_q.0.weight', 'blocks.9.attn.lora_B_q.1.weight', 'blocks.9.attn.lora_A_v.0.weight', 'blocks.9.attn.lora_A_v.1.weight', 'blocks.9.attn.lora_B_v.0.weight', 'blocks.9.attn.lora_B_v.1.weight', 'blocks.10.attn.cur_matrix', 'blocks.10.attn.frozen_delta_q', 'blocks.10.attn.frozen_delta_v', 'blocks.10.attn.lora_A_q.0.weight', 'blocks.10.attn.lora_A_q.1.weight', 'blocks.10.attn.lora_B_q.0.weight', 'blocks.10.attn.lora_B_q.1.weight', 'blocks.10.attn.lora_A_v.0.weight', 'blocks.10.attn.lora_A_v.1.weight', 'blocks.10.attn.lora_B_v.0.weight', 'blocks.10.attn.lora_B_v.1.weight', 'blocks.11.attn.cur_matrix', 'blocks.11.attn.frozen_delta_q', 'blocks.11.attn.frozen_delta_v', 'blocks.11.attn.lora_A_q.0.weight', 'blocks.11.attn.lora_A_q.1.weight', 'blocks.11.attn.lora_B_q.0.weight', 'blocks.11.attn.lora_B_q.1.weight', 'blocks.11.attn.lora_A_v.0.weight', 'blocks.11.attn.lora_A_v.1.weight', 'blocks.11.attn.lora_B_v.0.weight', 'blocks.11.attn.lora_B_v.1.weight'], unexpected_keys=[])
After BaseNet initialization.
2026-07-27 07:20:32,117 [bounded_memory_mixin.py] => [bounded_mem] budget_mb=100.0 -> cycle=697 images (mean_task=1687.2 images, so this budget is 0.41x mean task size); 168718 total images -> 243 cycles (T=243 sessions); 10 eval checkpoints
2026-07-27 07:21:24,778 [sketchlora.py] => [SketchDiag] task 0: retained-energy mean=1.000 min=1.000 | ||ΔW||_F mean=0.791 | r_hat mean=10.0 total=240
Target rank: 18
Target rank: 17
Target rank: 18
Target rank: 17
Target rank: 19
Target rank: 18
Target rank: 19
Target rank: 17
Target rank: 19
Target rank: 18
Target rank: 18
Target rank: 18
Target rank: 19
Target rank: 19
Target rank: 18
Target rank: 19
Target rank: 16
Target rank: 19
Target rank: 17
Target rank: 19
Target rank: 16
Target rank: 19
Target rank: 10
Target rank: 17
2026-07-27 07:22:15,738 [sketchlora.py] => [SketchDiag] task 1: retained-energy mean=0.993 min=0.990 | ||ΔW||_F mean=1.055 | r_hat mean=17.7 total=424
Target rank: 25
Target rank: 22
Target rank: 25
Target rank: 23
Target rank: 27
Target rank: 24
Target rank: 26
Target rank: 23
Target rank: 26
Target rank: 25
Target rank: 26
Target rank: 25
Target rank: 27
Target rank: 26
Target rank: 25
Target rank: 27
Target rank: 19
Target rank: 27
Target rank: 24
Target rank: 27
Target rank: 20
Target rank: 27
Target rank: 10
Target rank: 23
2026-07-27 07:23:02,657 [sketchlora.py] => [SketchDiag] task 2: retained-energy mean=0.992 min=0.990 | ||ΔW||_F mean=1.354 | r_hat mean=24.1 total=579
Target rank: 30
Target rank: 26
Target rank: 32
Target rank: 29
Target rank: 34
Target rank: 31
Target rank: 34
Target rank: 30
Target rank: 33
Target rank: 32
Target rank: 34
Target rank: 32
Target rank: 34
Target rank: 33
Target rank: 32
Target rank: 34
Target rank: 24
Target rank: 35
Target rank: 31
Target rank: 35
Target rank: 25
Target rank: 35
Target rank: 10
Target rank: 28
2026-07-27 07:23:50,070 [sketchlora.py] => [SketchDiag] task 3: retained-energy mean=0.992 min=0.990 | ||ΔW||_F mean=1.538 | r_hat mean=30.5 total=733
Target rank: 35
Target rank: 31
Target rank: 38
Target rank: 34
Target rank: 41
Target rank: 37
Target rank: 41
Target rank: 35
Target rank: 40
Target rank: 38
Target rank: 41
Target rank: 39
Target rank: 41
Target rank: 40
Target rank: 39
Target rank: 41
Target rank: 29
Target rank: 42
Target rank: 37
Target rank: 42
Target rank: 29
Target rank: 42
Target rank: 10
Target rank: 33
2026-07-27 07:24:39,106 [sketchlora.py] => [SketchDiag] task 4: retained-energy mean=0.992 min=0.990 | ||ΔW||_F mean=1.738 | r_hat mean=36.5 total=875
Target rank: 39
Target rank: 35
Target rank: 43
Target rank: 39
Target rank: 47
Target rank: 43
Target rank: 47
Target rank: 41
Target rank: 46
Target rank: 44
Target rank: 47
Target rank: 45
Target rank: 48
Target rank: 47
Target rank: 45
Target rank: 48
Target rank: 33
Target rank: 49
Target rank: 41
Target rank: 49
Target rank: 32
Target rank: 48
Target rank: 10
Target rank: 36
2026-07-27 07:25:29,894 [sketchlora.py] => [SketchDiag] task 5: retained-energy mean=0.991 min=0.990 | ||ΔW||_F mean=1.965 | r_hat mean=41.8 total=1002
Target rank: 42
Target rank: 38
Target rank: 47
Target rank: 43
Target rank: 52
Target rank: 48
Target rank: 53
Target rank: 47
Target rank: 52
Target rank: 49
Target rank: 53
Target rank: 50
Target rank: 54
Target rank: 53
Target rank: 50
Target rank: 54
Target rank: 38
Target rank: 56
Target rank: 45
Target rank: 55
Target rank: 36
Target rank: 54
Target rank: 10
Target rank: 40
2026-07-27 07:26:16,264 [sketchlora.py] => [SketchDiag] task 6: retained-energy mean=0.991 min=0.990 | ||ΔW||_F mean=2.118 | r_hat mean=46.6 total=1119
Target rank: 44
Target rank: 40
Target rank: 50
Target rank: 46
Target rank: 56
Target rank: 52
Target rank: 57
Target rank: 51
Target rank: 56
Target rank: 52
Target rank: 57
Target rank: 54
Target rank: 59
Target rank: 57
Target rank: 54
Target rank: 59
Target rank: 40
Target rank: 62
Target rank: 48
Target rank: 60
Target rank: 37
Target rank: 59
Target rank: 10
Target rank: 45
2026-07-27 07:27:04,311 [sketchlora.py] => [SketchDiag] task 7: retained-energy mean=0.991 min=0.990 | ||ΔW||_F mean=2.271 | r_hat mean=50.2 total=1205
Target rank: 46
Target rank: 43
Target rank: 54
Target rank: 49
Target rank: 61
Target rank: 55
Target rank: 62
Target rank: 56
Target rank: 61
Target rank: 57
Target rank: 62
Target rank: 59
Target rank: 64
Target rank: 63
Target rank: 59
Target rank: 64
Target rank: 44
Target rank: 68
Target rank: 52
Target rank: 65
Target rank: 40
Target rank: 64
Target rank: 11
Target rank: 48
2026-07-27 07:27:53,612 [sketchlora.py] => [SketchDiag] task 8: retained-energy mean=0.991 min=0.990 | ||ΔW||_F mean=2.370 | r_hat mean=54.5 total=1307
Target rank: 47
Target rank: 45
Target rank: 55
Target rank: 52
Target rank: 65
Target rank: 58
Target rank: 66
Target rank: 59
Target rank: 65
Target rank: 60
Target rank: 66
Target rank: 62
Target rank: 68
Target rank: 66
Target rank: 62
Target rank: 67
Target rank: 46
Target rank: 72
Target rank: 56
Target rank: 70
Target rank: 41
Target rank: 68
Target rank: 11
Target rank: 52
2026-07-27 07:28:42,313 [sketchlora.py] => [SketchDiag] task 9: retained-energy mean=0.991 min=0.990 | ||ΔW||_F mean=2.484 | r_hat mean=57.5 total=1379
Target rank: 49
Target rank: 48
Target rank: 58
Target rank: 56
Target rank: 69
Target rank: 61
Target rank: 70
Target rank: 63
Target rank: 69
Target rank: 64
Target rank: 71
Target rank: 66
Target rank: 73
Target rank: 70
Target rank: 66
Target rank: 72
Target rank: 49
Target rank: 77
Target rank: 59
Target rank: 75
Target rank: 44
Target rank: 71
Target rank: 11
Target rank: 54
2026-07-27 07:29:29,180 [sketchlora.py] => [SketchDiag] task 10: retained-energy mean=0.991 min=0.990 | ||ΔW||_F mean=2.579 | r_hat mean=61.0 total=1465
Target rank: 51
Target rank: 50
Target rank: 60
Target rank: 58
Target rank: 71
Target rank: 63
Target rank: 72
Target rank: 65
Target rank: 73
Target rank: 66
Target rank: 75
Target rank: 69
Target rank: 77
Target rank: 72
Target rank: 69
Target rank: 75
Target rank: 51
Target rank: 80
Target rank: 62
Target rank: 79
Target rank: 45
Target rank: 75
Target rank: 11
Target rank: 57
2026-07-27 07:30:16,610 [sketchlora.py] => [SketchDiag] task 11: retained-energy mean=0.991 min=0.990 | ||ΔW||_F mean=2.682 | r_hat mean=63.6 total=1526
Target rank: 52
Target rank: 53
Target rank: 62
Target rank: 60
Target rank: 73
Target rank: 66
Target rank: 74
Target rank: 69
Target rank: 76
Target rank: 69
Target rank: 79
Target rank: 73
Target rank: 81
Target rank: 77
Target rank: 72
Target rank: 80
Target rank: 55
Target rank: 85
Target rank: 65
Target rank: 83
Target rank: 47
Target rank: 79
Target rank: 12
Target rank: 58
2026-07-27 07:31:06,205 [sketchlora.py] => [SketchDiag] task 12: retained-energy mean=0.991 min=0.990 | ||ΔW||_F mean=2.781 | r_hat mean=66.7 total=1600
Target rank: 53
Target rank: 55
Target rank: 63
Target rank: 62
Target rank: 75
Target rank: 69
Target rank: 76
Target rank: 72
Target rank: 79
Target rank: 71
Target rank: 82
Target rank: 76
Target rank: 84
Target rank: 79
Target rank: 75
Target rank: 83
Target rank: 56
Target rank: 89
Target rank: 68
Target rank: 87
Target rank: 49
Target rank: 82
Target rank: 13
Target rank: 60
2026-07-27 07:31:54,646 [sketchlora.py] => [SketchDiag] task 13: retained-energy mean=0.991 min=0.990 | ||ΔW||_F mean=2.869 | r_hat mean=69.1 total=1658
Target rank: 54
Target rank: 58
Target rank: 64
Target rank: 64
Target rank: 77
Target rank: 72
Target rank: 78
Target rank: 76
Target rank: 82
Target rank: 74
Target rank: 85
Target rank: 80
Target rank: 88
Target rank: 82
Target rank: 78
Target rank: 86
Target rank: 57
Target rank: 93
Target rank: 70
Target rank: 90
Target rank: 51
Target rank: 85
Target rank: 14
Target rank: 61
2026-07-27 07:32:43,801 [sketchlora.py] => [SketchDiag] task 14: retained-energy mean=0.991 min=0.990 | ||ΔW||_F mean=2.940 | r_hat mean=71.6 total=1719
Target rank: 54
Target rank: 60
Target rank: 65
Target rank: 66
Target rank: 79
Target rank: 74
Target rank: 80
Target rank: 79
Target rank: 85
Target rank: 77
Target rank: 88
Target rank: 83
Target rank: 91
Target rank: 85
Target rank: 82
Target rank: 88
Target rank: 60
Target rank: 96
Target rank: 72
Target rank: 92
Target rank: 52
Target rank: 87
Target rank: 15
Target rank: 61
2026-07-27 07:33:31,123 [sketchlora.py] => [SketchDiag] task 15: retained-energy mean=0.991 min=0.990 | ||ΔW||_F mean=3.004 | r_hat mean=73.8 total=1771
Target rank: 54
Target rank: 61
Target rank: 65
Target rank: 67
Target rank: 80
Target rank: 75
Target rank: 82
Target rank: 81
Target rank: 86
Target rank: 79
Target rank: 90
Target rank: 83
Target rank: 94
Target rank: 86
Target rank: 84
Target rank: 89
Target rank: 61
Target rank: 99
Target rank: 74
Target rank: 95
Target rank: 53
Target rank: 90
Target rank: 15
Target rank: 64
2026-07-27 07:34:18,826 [sketchlora.py] => [SketchDiag] task 16: retained-energy mean=0.991 min=0.990 | ||ΔW||_F mean=3.091 | r_hat mean=75.3 total=1807
Target rank: 55
Target rank: 63
Target rank: 66
Target rank: 68
Target rank: 81
Target rank: 78
Target rank: 84
Target rank: 84
Target rank: 89
Target rank: 82
Target rank: 92
Target rank: 86
Target rank: 97
Target rank: 89
Target rank: 87
Target rank: 92
Target rank: 63
Target rank: 102
Target rank: 76
Target rank: 97
Target rank: 55
Target rank: 92
Target rank: 16
Target rank: 65
2026-07-27 07:35:08,817 [sketchlora.py] => [SketchDiag] task 17: retained-energy mean=0.991 min=0.990 | ||ΔW||_F mean=3.160 | r_hat mean=77.5 total=1859
Target rank: 55
Target rank: 64
Target rank: 66
Target rank: 68
Target rank: 82
Target rank: 79
Target rank: 86
Target rank: 85
Target rank: 91
Target rank: 84
Target rank: 94
Target rank: 87
Target rank: 99
Target rank: 89
Target rank: 88
Target rank: 93
Target rank: 65
Target rank: 105
Target rank: 77
Target rank: 100
Target rank: 55
Target rank: 95
Target rank: 17
Target rank: 68
2026-07-27 07:35:56,501 [sketchlora.py] => [SketchDiag] task 18: retained-energy mean=0.991 min=0.990 | ||ΔW||_F mean=3.241 | r_hat mean=78.8 total=1892
Target rank: 56
Target rank: 66
Target rank: 67
Target rank: 70
Target rank: 82
Target rank: 81
Target rank: 87
Target rank: 87
Target rank: 93
Target rank: 87
Target rank: 96
Target rank: 89
Target rank: 101
Target rank: 91
Target rank: 90
Target rank: 96
Target rank: 67
Target rank: 107
Target rank: 78
Target rank: 102
Target rank: 56
Target rank: 97
Target rank: 18
Target rank: 69
2026-07-27 07:36:43,769 [sketchlora.py] => [SketchDiag] task 19: retained-energy mean=0.991 min=0.990 | ||ΔW||_F mean=3.303 | r_hat mean=80.5 total=1933
Target rank: 56
Target rank: 67
Target rank: 67
Target rank: 71
Target rank: 83
Target rank: 83
Target rank: 88
Target rank: 89
Target rank: 94
Target rank: 89
Target rank: 98
Target rank: 91
Target rank: 103
Target rank: 92
Target rank: 91
Target rank: 97
Target rank: 68
Target rank: 109
Target rank: 80
Target rank: 103
Target rank: 57
Target rank: 98
Target rank: 18
Target rank: 69
2026-07-27 07:37:32,317 [sketchlora.py] => [SketchDiag] task 20: retained-energy mean=0.991 min=0.990 | ||ΔW||_F mean=3.357 | r_hat mean=81.7 total=1961
Target rank: 56
Target rank: 67
Target rank: 67
Target rank: 71
Target rank: 83
Target rank: 83
Target rank: 89
Target rank: 89
Target rank: 95
Target rank: 90
Target rank: 99
Target rank: 92
Target rank: 104
Target rank: 92
Target rank: 91
Target rank: 99
Target rank: 69
Target rank: 110
Target rank: 80
Target rank: 105
Target rank: 57
Target rank: 100
Target rank: 18
Target rank: 72
2026-07-27 07:38:21,102 [sketchlora.py] => [SketchDiag] task 21: retained-energy mean=0.991 min=0.990 | ||ΔW||_F mean=3.455 | r_hat mean=82.4 total=1978
Target rank: 56
Target rank: 68
Target rank: 67
Target rank: 73
Target rank: 84
Target rank: 84
Target rank: 90
Target rank: 91
Target rank: 96
Target rank: 92
Target rank: 101
Target rank: 94
Target rank: 106
Target rank: 95
Target rank: 93
Target rank: 101
Target rank: 70
Target rank: 112
Target rank: 81
Target rank: 107
Target rank: 58
Target rank: 101
Target rank: 19
Target rank: 72
2026-07-27 07:39:09,129 [sketchlora.py] => [SketchDiag] task 22: retained-energy mean=0.991 min=0.990 | ||ΔW||_F mean=3.521 | r_hat mean=83.8 total=2011
Target rank: 56
Target rank: 69
Target rank: 67
Target rank: 73
Target rank: 85
Target rank: 85
Target rank: 91
Target rank: 91
Target rank: 97
Target rank: 93
Target rank: 102
Target rank: 95
Target rank: 107
Target rank: 96
Target rank: 94
Target rank: 102
Target rank: 71
Target rank: 113
Target rank: 81
Target rank: 108
Target rank: 59
Target rank: 102
Target rank: 19
Target rank: 74
2026-07-27 07:39:58,171 [sketchlora.py] => [SketchDiag] task 23: retained-energy mean=0.991 min=0.990 | ||ΔW||_F mean=3.620 | r_hat mean=84.6 total=2030
Target rank: 56
Target rank: 70
Target rank: 68
Target rank: 75
Target rank: 86
Target rank: 87
Target rank: 92
Target rank: 92
Target rank: 98
Target rank: 94
Target rank: 104
Target rank: 97
Target rank: 109
Target rank: 98
Target rank: 96
Target rank: 104
Target rank: 72
Target rank: 115
Target rank: 82
Target rank: 109
Target rank: 61
Target rank: 103
Target rank: 20
Target rank: 74
2026-07-27 07:40:46,570 [sketchlora.py] => [SketchDiag] task 24: retained-energy mean=0.991 min=0.990 | ||ΔW||_F mean=3.678 | r_hat mean=85.9 total=2062
2026-07-27 07:40:50,808 [bounded_memory_mixin.py] => [bounded_mem eval] volume 0.10 | cycle 24 | classes_seen 110 | CIL top1 74.84 | top5 94.14 | (nearest latent task ~10) | param_hash 7d299badf23da664 | per-task [74.87, 63.5, 35.53, 67.69, 81.0, 77.39, 83.5, 78.5, 78.0, 89.9, 92.93]
Target rank: 56
Target rank: 70
Target rank: 68
Target rank: 76
Target rank: 86
Target rank: 87
Target rank: 92
Target rank: 93
Target rank: 99
Target rank: 94
Target rank: 105
Target rank: 98
Target rank: 110
Target rank: 99
Target rank: 97
Target rank: 105
Target rank: 73
Target rank: 116
Target rank: 83
Target rank: 110
Target rank: 61
Target rank: 104
Target rank: 20
Target rank: 76
2026-07-27 07:41:39,043 [sketchlora.py] => [SketchDiag] task 25: retained-energy mean=0.991 min=0.990 | ||ΔW||_F mean=3.756 | r_hat mean=86.6 total=2078
Target rank: 56
Target rank: 71
Target rank: 69
Target rank: 77
Target rank: 86
Target rank: 88
Target rank: 92
Target rank: 95
Target rank: 100
Target rank: 96
Target rank: 107
Target rank: 100
Target rank: 112
Target rank: 101
Target rank: 98
Target rank: 107
Target rank: 74
Target rank: 118
Target rank: 85
Target rank: 111
Target rank: 62
Target rank: 104
Target rank: 21
Target rank: 76
2026-07-27 07:42:27,210 [sketchlora.py] => [SketchDiag] task 26: retained-energy mean=0.991 min=0.990 | ||ΔW||_F mean=3.813 | r_hat mean=87.8 total=2106
Target rank: 56
Target rank: 71
Target rank: 69
Target rank: 77
Target rank: 86
Target rank: 88
Target rank: 92
Target rank: 95
Target rank: 101
Target rank: 96
Target rank: 108
Target rank: 100
Target rank: 113
Target rank: 101
Target rank: 99
Target rank: 108
Target rank: 74
Target rank: 119
Target rank: 86
Target rank: 112
Target rank: 62
Target rank: 105
Target rank: 21
Target rank: 78
2026-07-27 07:43:15,117 [sketchlora.py] => [SketchDiag] task 27: retained-energy mean=0.991 min=0.990 | ||ΔW||_F mean=3.877 | r_hat mean=88.2 total=2117
Target rank: 56
Target rank: 72
Target rank: 69
Target rank: 78
Target rank: 86
Target rank: 88
Target rank: 92
Target rank: 96
Target rank: 102
Target rank: 97
Target rank: 109
Target rank: 101
Target rank: 114
Target rank: 102
Target rank: 100
Target rank: 109
Target rank: 74
Target rank: 128
Target rank: 87
Target rank: 112
Target rank: 62
Target rank: 106
Target rank: 22
Target rank: 78
2026-07-27 07:44:03,427 [sketchlora.py] => [SketchDiag] task 28: retained-energy mean=0.992 min=0.990 | ||ΔW||_F mean=3.931 | r_hat mean=89.2 total=2140
Target rank: 56
Target rank: 73
Target rank: 69
Target rank: 78
Target rank: 86
Target rank: 88
Target rank: 92
Target rank: 96
Target rank: 102
Target rank: 97
Target rank: 109
Target rank: 101
Target rank: 114
Target rank: 102
Target rank: 101
Target rank: 110
Target rank: 75
Target rank: 128
Target rank: 87
Target rank: 113
Target rank: 62
Target rank: 107
Target rank: 23
Target rank: 80
2026-07-27 07:44:51,600 [sketchlora.py] => [SketchDiag] task 29: retained-energy mean=0.992 min=0.990 | ||ΔW||_F mean=3.994 | r_hat mean=89.5 total=2149
Target rank: 56
Target rank: 74
Target rank: 69
Target rank: 79
Target rank: 86
Target rank: 89
Target rank: 92
Target rank: 97
Target rank: 102
Target rank: 98
Target rank: 110
Target rank: 102
Target rank: 115
Target rank: 103
Target rank: 102
Target rank: 111
Target rank: 76
Target rank: 128
Target rank: 87
Target rank: 114
Target rank: 63
Target rank: 108
Target rank: 23
Target rank: 80
2026-07-27 07:45:39,744 [sketchlora.py] => [SketchDiag] task 30: retained-energy mean=0.991 min=0.990 | ||ΔW||_F mean=4.045 | r_hat mean=90.2 total=2164
Target rank: 56
Target rank: 75
Target rank: 69
Target rank: 80
Target rank: 86
Target rank: 90
Target rank: 92
Target rank: 98
Target rank: 103
Target rank: 99
Target rank: 110
Target rank: 103
Target rank: 115
Target rank: 104
Target rank: 103
Target rank: 112
Target rank: 76
Target rank: 128
Target rank: 88
Target rank: 114
Target rank: 64
Target rank: 108
Target rank: 24
Target rank: 80
2026-07-27 07:46:28,920 [sketchlora.py] => [SketchDiag] task 31: retained-energy mean=0.991 min=0.990 | ||ΔW||_F mean=4.087 | r_hat mean=90.7 total=2177
Target rank: 56
Target rank: 75
Target rank: 69
Target rank: 80
Target rank: 86
Target rank: 90
Target rank: 92
Target rank: 98
Target rank: 103
Target rank: 99
Target rank: 110
Target rank: 103
Target rank: 115
Target rank: 105
Target rank: 103
Target rank: 112
Target rank: 76
Target rank: 128
Target rank: 88
Target rank: 115
Target rank: 64
Target rank: 109
Target rank: 24
Target rank: 82
2026-07-27 07:47:17,090 [sketchlora.py] => [SketchDiag] task 32: retained-energy mean=0.992 min=0.990 | ||ΔW||_F mean=4.142 | r_hat mean=90.9 total=2182
Target rank: 56
Target rank: 76
Target rank: 69
Target rank: 80
Target rank: 86
Target rank: 90
Target rank: 92
Target rank: 98
Target rank: 103
Target rank: 100
Target rank: 110
Target rank: 104
Target rank: 115
Target rank: 106
Target rank: 104
Target rank: 112
Target rank: 76
Target rank: 128
Target rank: 89
Target rank: 115
Target rank: 64
Target rank: 109
Target rank: 25
Target rank: 82
2026-07-27 07:48:05,503 [sketchlora.py] => [SketchDiag] task 33: retained-energy mean=0.991 min=0.990 | ||ΔW||_F mean=4.184 | r_hat mean=91.2 total=2189
Target rank: 56
Target rank: 76
Target rank: 69
Target rank: 80
Target rank: 86
Target rank: 90
Target rank: 92
Target rank: 99
Target rank: 103
Target rank: 101
Target rank: 110
Target rank: 104
Target rank: 115
Target rank: 106
Target rank: 104
Target rank: 112
Target rank: 77
Target rank: 128
Target rank: 89
Target rank: 115
Target rank: 64
Target rank: 109
Target rank: 25
Target rank: 82
2026-07-27 07:48:55,113 [sketchlora.py] => [SketchDiag] task 34: retained-energy mean=0.991 min=0.990 | ||ΔW||_F mean=4.223 | r_hat mean=91.3 total=2192
Target rank: 56
Target rank: 76
Target rank: 69
Target rank: 80
Target rank: 86
Target rank: 90
Target rank: 92
Target rank: 99
Target rank: 103
Target rank: 101
Target rank: 110
Target rank: 104
Target rank: 115
Target rank: 106
Target rank: 104
Target rank: 112
Target rank: 77
Target rank: 128
Target rank: 89
Target rank: 116
Target rank: 64
Target rank: 110
Target rank: 26
Target rank: 83
2026-07-27 07:49:43,202 [sketchlora.py] => [SketchDiag] task 35: retained-energy mean=0.992 min=0.990 | ||ΔW||_F mean=4.279 | r_hat mean=91.5 total=2196
Target rank: 56
Target rank: 76
Target rank: 69
Target rank: 80
Target rank: 86
Target rank: 90
Target rank: 92
Target rank: 100
Target rank: 103
Target rank: 102
Target rank: 110
Target rank: 105
Target rank: 115
Target rank: 107
Target rank: 104
Target rank: 113
Target rank: 77
Target rank: 128
Target rank: 89
Target rank: 117
Target rank: 65
Target rank: 110
Target rank: 27
Target rank: 83
2026-07-27 07:50:33,023 [sketchlora.py] => [SketchDiag] task 36: retained-energy mean=0.991 min=0.990 | ||ΔW||_F mean=4.328 | r_hat mean=91.8 total=2204
Target rank: 56
Target rank: 76
Target rank: 69
Target rank: 80
Target rank: 86
Target rank: 90
Target rank: 92
Target rank: 100
Target rank: 103
Target rank: 102
Target rank: 110
Target rank: 105
Target rank: 115
Target rank: 107
Target rank: 104
Target rank: 113
Target rank: 77
Target rank: 128
Target rank: 89
Target rank: 117
Target rank: 65
Target rank: 111
Target rank: 27
Target rank: 84
2026-07-27 07:51:22,416 [sketchlora.py] => [SketchDiag] task 37: retained-energy mean=0.991 min=0.990 | ||ΔW||_F mean=4.402 | r_hat mean=91.9 total=2206
Target rank: 56
Target rank: 76
Target rank: 69
Target rank: 80
Target rank: 86
Target rank: 91
Target rank: 92
Target rank: 100
Target rank: 103
Target rank: 103
Target rank: 110
Target rank: 106
Target rank: 115
Target rank: 108
Target rank: 105
Target rank: 114
Target rank: 78
Target rank: 128
Target rank: 90
Target rank: 117
Target rank: 65
Target rank: 111
Target rank: 27
Target rank: 84
2026-07-27 07:52:10,482 [sketchlora.py] => [SketchDiag] task 38: retained-energy mean=0.991 min=0.990 | ||ΔW||_F mean=4.456 | r_hat mean=92.2 total=2214
Target rank: 56
Target rank: 76
Target rank: 69
Target rank: 80
Target rank: 86
Target rank: 91
Target rank: 92
Target rank: 100
Target rank: 103
Target rank: 103
Target rank: 110
Target rank: 106
Target rank: 115
Target rank: 108
Target rank: 105
Target rank: 114
Target rank: 79
Target rank: 128
Target rank: 91
Target rank: 117
Target rank: 65
Target rank: 112
Target rank: 27
Target rank: 85
2026-07-27 07:52:59,378 [sketchlora.py] => [SketchDiag] task 39: retained-energy mean=0.991 min=0.990 | ||ΔW||_F mean=4.520 | r_hat mean=92.4 total=2218
Target rank: 56
Target rank: 77
Target rank: 69
Target rank: 81
Target rank: 86
Target rank: 91
Target rank: 92
Target rank: 101
Target rank: 103
Target rank: 104
Target rank: 111
Target rank: 106
Target rank: 115
Target rank: 109
Target rank: 105
Target rank: 115
Target rank: 79
Target rank: 128
Target rank: 91
Target rank: 118
Target rank: 66
Target rank: 112
Target rank: 27
Target rank: 85
2026-07-27 07:53:48,160 [sketchlora.py] => [SketchDiag] task 40: retained-energy mean=0.991 min=0.990 | ||ΔW||_F mean=4.565 | r_hat mean=92.8 total=2227
Target rank: 56
Target rank: 77
Target rank: 69
Target rank: 82
Target rank: 86
Target rank: 91
Target rank: 92
Target rank: 101
Target rank: 103
Target rank: 104
Target rank: 111
Target rank: 106
Target rank: 115
Target rank: 109
Target rank: 105
Target rank: 115
Target rank: 79
Target rank: 128
Target rank: 91
Target rank: 118
Target rank: 66
Target rank: 112
Target rank: 27
Target rank: 85
2026-07-27 07:54:37,640 [sketchlora.py] => [SketchDiag] task 41: retained-energy mean=0.992 min=0.990 | ||ΔW||_F mean=4.598 | r_hat mean=92.8 total=2228
Target rank: 56
Target rank: 77
Target rank: 69
Target rank: 82
Target rank: 86
Target rank: 91
Target rank: 92
Target rank: 101
Target rank: 103
Target rank: 104
Target rank: 111
Target rank: 107
Target rank: 115
Target rank: 109
Target rank: 105
Target rank: 115
Target rank: 79
Target rank: 128
Target rank: 91
Target rank: 119
Target rank: 66
Target rank: 113
Target rank: 27
Target rank: 87
2026-07-27 07:55:26,859 [sketchlora.py] => [SketchDiag] task 42: retained-energy mean=0.992 min=0.990 | ||ΔW||_F mean=4.644 | r_hat mean=93.0 total=2233
Target rank: 56
Target rank: 77
Target rank: 69
Target rank: 83
Target rank: 86
Target rank: 91
Target rank: 92
Target rank: 101
Target rank: 103
Target rank: 105
Target rank: 111
Target rank: 107
Target rank: 115
Target rank: 110
Target rank: 106
Target rank: 115
Target rank: 80
Target rank: 128
Target rank: 91
Target rank: 128
Target rank: 66
Target rank: 113
Target rank: 27
Target rank: 87
2026-07-27 07:56:15,112 [sketchlora.py] => [SketchDiag] task 43: retained-energy mean=0.992 min=0.990 | ||ΔW||_F mean=4.690 | r_hat mean=93.6 total=2247
Target rank: 56
Target rank: 78
Target rank: 69
Target rank: 83
Target rank: 86
Target rank: 91
Target rank: 92
Target rank: 101
Target rank: 103
Target rank: 105
Target rank: 112
Target rank: 107
Target rank: 115
Target rank: 110
Target rank: 106
Target rank: 115
Target rank: 80
Target rank: 128
Target rank: 91
Target rank: 128
Target rank: 66
Target rank: 113
Target rank: 27
Target rank: 87
2026-07-27 07:57:03,349 [sketchlora.py] => [SketchDiag] task 44: retained-energy mean=0.992 min=0.990 | ||ΔW||_F mean=4.721 | r_hat mean=93.7 total=2249
Target rank: 56
Target rank: 78
Target rank: 69
Target rank: 83
Target rank: 86
Target rank: 91
Target rank: 92
Target rank: 101
Target rank: 103
Target rank: 105
Target rank: 112
Target rank: 107
Target rank: 115
Target rank: 110
Target rank: 106
Target rank: 115
Target rank: 80
Target rank: 128
Target rank: 91
Target rank: 128
Target rank: 66
Target rank: 113
Target rank: 27
Target rank: 89
2026-07-27 07:57:51,692 [sketchlora.py] => [SketchDiag] task 45: retained-energy mean=0.992 min=0.991 | ||ΔW||_F mean=4.760 | r_hat mean=93.8 total=2251
Target rank: 56
Target rank: 78
Target rank: 69
Target rank: 83
Target rank: 86
Target rank: 91
Target rank: 92
Target rank: 101
Target rank: 103
Target rank: 105
Target rank: 112
Target rank: 107
Target rank: 116
Target rank: 110
Target rank: 107
Target rank: 115
Target rank: 80
Target rank: 128
Target rank: 91
Target rank: 128
Target rank: 66
Target rank: 113
Target rank: 27
Target rank: 89
2026-07-27 07:58:39,679 [sketchlora.py] => [SketchDiag] task 46: retained-energy mean=0.992 min=0.991 | ||ΔW||_F mean=4.795 | r_hat mean=93.9 total=2253
Target rank: 56
Target rank: 78
Target rank: 69
Target rank: 83
Target rank: 86
Target rank: 91
Target rank: 92
Target rank: 101
Target rank: 103
Target rank: 105
Target rank: 112
Target rank: 107
Target rank: 116
Target rank: 110
Target rank: 107
Target rank: 115
Target rank: 81
Target rank: 128
Target rank: 92
Target rank: 128
Target rank: 66
Target rank: 113
Target rank: 27
Target rank: 90
2026-07-27 07:59:29,658 [sketchlora.py] => [SketchDiag] task 47: retained-energy mean=0.992 min=0.990 | ||ΔW||_F mean=4.849 | r_hat mean=94.0 total=2256
Target rank: 56
Target rank: 78
Target rank: 69
Target rank: 83
Target rank: 86
Target rank: 91
Target rank: 92
Target rank: 102
Target rank: 103
Target rank: 105
Target rank: 112
Target rank: 108
Target rank: 116
Target rank: 110
Target rank: 107
Target rank: 116
Target rank: 82
Target rank: 128
Target rank: 92
Target rank: 128
Target rank: 66
Target rank: 113
Target rank: 27
Target rank: 90
2026-07-27 08:00:18,573 [sketchlora.py] => [SketchDiag] task 48: retained-energy mean=0.992 min=0.990 | ||ΔW||_F mean=4.902 | r_hat mean=94.2 total=2260
2026-07-27 08:00:25,262 [bounded_memory_mixin.py] => [bounded_mem eval] volume 0.20 | cycle 48 | classes_seen 210 | CIL top1 63.42 | top5 89.71 | (nearest latent task ~20) | param_hash 7b1c06329e28f252 | per-task [47.24, 55.0, 32.99, 57.95, 68.5, 63.82, 66.0, 60.5, 63.0, 69.7, 63.64, 53.81, 82.5, 73.74, 61.0, 70.35, 64.82, 83.0, 81.0, 65.83, 46.73]
Target rank: 56
Target rank: 78
Target rank: 69
Target rank: 83
Target rank: 86
Target rank: 91
Target rank: 92
Target rank: 102
Target rank: 103
Target rank: 105
Target rank: 112
Target rank: 108
Target rank: 116
Target rank: 110
Target rank: 107
Target rank: 116
Target rank: 82
Target rank: 128
Target rank: 92
Target rank: 128
Target rank: 66
Target rank: 113
Target rank: 27
Target rank: 90
2026-07-27 08:01:13,618 [sketchlora.py] => [SketchDiag] task 49: retained-energy mean=0.991 min=0.990 | ||ΔW||_F mean=4.948 | r_hat mean=94.2 total=2260
Target rank: 56
Target rank: 78
Target rank: 69
Target rank: 83
Target rank: 86
Target rank: 91
Target rank: 92
Target rank: 102
Target rank: 103
Target rank: 105
Target rank: 113
Target rank: 108
Target rank: 116
Target rank: 110
Target rank: 107
Target rank: 116
Target rank: 82
Target rank: 128
Target rank: 92
Target rank: 128
Target rank: 66
Target rank: 113
Target rank: 27
Target rank: 90
2026-07-27 08:02:01,714 [sketchlora.py] => [SketchDiag] task 50: retained-energy mean=0.992 min=0.990 | ||ΔW||_F mean=4.975 | r_hat mean=94.2 total=2261
Target rank: 56
Target rank: 78
Target rank: 69
Target rank: 83
Target rank: 86
Target rank: 91
Target rank: 92
Target rank: 102
Target rank: 103
Target rank: 105
Target rank: 113
Target rank: 108
Target rank: 116
Target rank: 110
Target rank: 107
Target rank: 116
Target rank: 82
Target rank: 128
Target rank: 92
Target rank: 128
Target rank: 66
Target rank: 113
Target rank: 27
Target rank: 90
2026-07-27 08:02:50,091 [sketchlora.py] => [SketchDiag] task 51: retained-energy mean=0.992 min=0.991 | ||ΔW||_F mean=5.004 | r_hat mean=94.2 total=2261
Target rank: 56
Target rank: 78
Target rank: 69
Target rank: 83
Target rank: 86
Target rank: 91
Target rank: 92
Target rank: 102
Target rank: 103
Target rank: 105
Target rank: 113
Target rank: 108
Target rank: 116
Target rank: 110
Target rank: 107
Target rank: 116
Target rank: 83
Target rank: 128
Target rank: 92
Target rank: 128
Target rank: 66
Target rank: 113
Target rank: 28
Target rank: 90
2026-07-27 08:03:38,109 [sketchlora.py] => [SketchDiag] task 52: retained-energy mean=0.992 min=0.990 | ||ΔW||_F mean=5.061 | r_hat mean=94.3 total=2263
Target rank: 56
Target rank: 78
Target rank: 69
Target rank: 83
Target rank: 86
Target rank: 91
Target rank: 92
Target rank: 102
Target rank: 103
Target rank: 105
Target rank: 113
Target rank: 108
Target rank: 116
Target rank: 110
Target rank: 107
Target rank: 116
Target rank: 83
Target rank: 128
Target rank: 92
Target rank: 128
Target rank: 66
Target rank: 113
Target rank: 28
Target rank: 90
2026-07-27 08:04:26,445 [sketchlora.py] => [SketchDiag] task 53: retained-energy mean=0.992 min=0.990 | ||ΔW||_F mean=5.090 | r_hat mean=94.3 total=2263
Target rank: 56
Target rank: 78
Target rank: 69
Target rank: 83
Target rank: 86
Target rank: 91
Target rank: 92
Target rank: 102
Target rank: 103
Target rank: 105
Target rank: 113
Target rank: 108
Target rank: 116
Target rank: 110
Target rank: 107
Target rank: 116
Target rank: 83
Target rank: 128
Target rank: 92
Target rank: 128
Target rank: 66
Target rank: 114
Target rank: 28
Target rank: 92
2026-07-27 08:05:14,879 [sketchlora.py] => [SketchDiag] task 54: retained-energy mean=0.992 min=0.990 | ||ΔW||_F mean=5.142 | r_hat mean=94.4 total=2266
Target rank: 56
Target rank: 78
Target rank: 69
Target rank: 83
Target rank: 86
Target rank: 91
Target rank: 92
Target rank: 102
Target rank: 103
Target rank: 105
Target rank: 113
Target rank: 108
Target rank: 116
Target rank: 110
Target rank: 107
Target rank: 116
Target rank: 83
Target rank: 128
Target rank: 92
Target rank: 128
Target rank: 66
Target rank: 114
Target rank: 28
Target rank: 92
2026-07-27 08:06:03,144 [sketchlora.py] => [SketchDiag] task 55: retained-energy mean=0.993 min=0.991 | ||ΔW||_F mean=5.168 | r_hat mean=94.4 total=2266
Target rank: 56
Target rank: 78
Target rank: 69
Target rank: 83
Target rank: 86
Target rank: 91
Target rank: 92
Target rank: 102
Target rank: 103
Target rank: 105
Target rank: 113
Target rank: 108
Target rank: 116
Target rank: 110
Target rank: 107
Target rank: 116
Target rank: 83
Target rank: 128
Target rank: 92
Target rank: 128
Target rank: 66
Target rank: 114
Target rank: 28
Target rank: 94
2026-07-27 08:06:51,701 [sketchlora.py] => [SketchDiag] task 56: retained-energy mean=0.992 min=0.990 | ||ΔW||_F mean=5.207 | r_hat mean=94.5 total=2268
Target rank: 56
Target rank: 78
Target rank: 69
Target rank: 83
Target rank: 86
Target rank: 91
Target rank: 92
Target rank: 102
Target rank: 103
Target rank: 105
Target rank: 113
Target rank: 108
Target rank: 116
Target rank: 110
Target rank: 107
Target rank: 116
Target rank: 83
Target rank: 128
Target rank: 92
Target rank: 128
Target rank: 66
Target rank: 114
Target rank: 28
Target rank: 94
2026-07-27 08:07:40,297 [sketchlora.py] => [SketchDiag] task 57: retained-energy mean=0.992 min=0.991 | ||ΔW||_F mean=5.237 | r_hat mean=94.5 total=2268
Target rank: 56
Target rank: 79
Target rank: 69
Target rank: 83
Target rank: 86
Target rank: 91
Target rank: 92
Target rank: 102
Target rank: 103
Target rank: 105
Target rank: 113
Target rank: 108
Target rank: 116
Target rank: 110
Target rank: 107
Target rank: 116
Target rank: 83
Target rank: 128
Target rank: 92
Target rank: 128
Target rank: 66
Target rank: 114
Target rank: 28
Target rank: 94
2026-07-27 08:08:28,389 [sketchlora.py] => [SketchDiag] task 58: retained-energy mean=0.993 min=0.991 | ||ΔW||_F mean=5.260 | r_hat mean=94.5 total=2269
Target rank: 56
Target rank: 79
Target rank: 69
Target rank: 83
Target rank: 86
Target rank: 91
Target rank: 92
Target rank: 102
Target rank: 103
Target rank: 105
Target rank: 113
Target rank: 108
Target rank: 116
Target rank: 110
Target rank: 107
Target rank: 116
Target rank: 83
Target rank: 128
Target rank: 92
Target rank: 128
Target rank: 66
Target rank: 115
Target rank: 28
Target rank: 95
2026-07-27 08:09:17,031 [sketchlora.py] => [SketchDiag] task 59: retained-energy mean=0.993 min=0.990 | ||ΔW||_F mean=5.294 | r_hat mean=94.6 total=2271
Target rank: 56
Target rank: 79
Target rank: 69
Target rank: 83
Target rank: 86
Target rank: 91
Target rank: 92
Target rank: 102
Target rank: 103
Target rank: 105
Target rank: 113
Target rank: 108
Target rank: 116
Target rank: 110
Target rank: 107
Target rank: 116
Target rank: 83
Target rank: 128
Target rank: 92
Target rank: 128
Target rank: 66
Target rank: 115
Target rank: 28
Target rank: 95
2026-07-27 08:10:05,527 [sketchlora.py] => [SketchDiag] task 60: retained-energy mean=0.992 min=0.990 | ||ΔW||_F mean=5.333 | r_hat mean=94.6 total=2271
Target rank: 56
Target rank: 79
Target rank: 69
Target rank: 83
Target rank: 86
Target rank: 91
Target rank: 92
Target rank: 102
Target rank: 103
Target rank: 105
Target rank: 113
Target rank: 108
Target rank: 116
Target rank: 110
Target rank: 107
Target rank: 116
Target rank: 83
Target rank: 128
Target rank: 92
Target rank: 128
Target rank: 66
Target rank: 115
Target rank: 28
Target rank: 96
2026-07-27 08:10:53,925 [sketchlora.py] => [SketchDiag] task 61: retained-energy mean=0.993 min=0.990 | ||ΔW||_F mean=5.365 | r_hat mean=94.7 total=2272
Target rank: 56
Target rank: 79
Target rank: 69
Target rank: 83
Target rank: 86
Target rank: 91
Target rank: 92
Target rank: 102
Target rank: 103
Target rank: 105
Target rank: 113
Target rank: 108
Target rank: 116
Target rank: 110
Target rank: 107
Target rank: 116
Target rank: 83
Target rank: 128
Target rank: 92
Target rank: 128
Target rank: 66
Target rank: 115
Target rank: 28
Target rank: 96
2026-07-27 08:11:42,173 [sketchlora.py] => [SketchDiag] task 62: retained-energy mean=0.992 min=0.990 | ||ΔW||_F mean=5.409 | r_hat mean=94.7 total=2272
Target rank: 56
Target rank: 79
Target rank: 69
Target rank: 83
Target rank: 86
Target rank: 91
Target rank: 92
Target rank: 102
Target rank: 103
Target rank: 105
Target rank: 113
Target rank: 108
Target rank: 116
Target rank: 110
Target rank: 107
Target rank: 116
Target rank: 83
Target rank: 128
Target rank: 92
Target rank: 128
Target rank: 66
Target rank: 115
Target rank: 29
Target rank: 96
2026-07-27 08:12:31,245 [sketchlora.py] => [SketchDiag] task 63: retained-energy mean=0.993 min=0.991 | ||ΔW||_F mean=5.434 | r_hat mean=94.7 total=2273
Target rank: 56
Target rank: 79
Target rank: 69
Target rank: 83
Target rank: 86
Target rank: 91
Target rank: 92
Target rank: 102
Target rank: 103
Target rank: 105
Target rank: 113
Target rank: 108
Target rank: 116
Target rank: 110
Target rank: 107
Target rank: 116
Target rank: 83
Target rank: 128
Target rank: 92
Target rank: 128
Target rank: 66
Target rank: 116
Target rank: 29
Target rank: 97
2026-07-27 08:13:19,818 [sketchlora.py] => [SketchDiag] task 64: retained-energy mean=0.993 min=0.990 | ||ΔW||_F mean=5.476 | r_hat mean=94.8 total=2275
Target rank: 56
Target rank: 79
Target rank: 69
Target rank: 83
Target rank: 86
Target rank: 91
Target rank: 92
Target rank: 102
Target rank: 103
Target rank: 105
Target rank: 113
Target rank: 108
Target rank: 116
Target rank: 110
Target rank: 107
Target rank: 116
Target rank: 83
Target rank: 128
Target rank: 92
Target rank: 128
Target rank: 66
Target rank: 116
Target rank: 29
Target rank: 97
2026-07-27 08:14:08,981 [sketchlora.py] => [SketchDiag] task 65: retained-energy mean=0.993 min=0.991 | ||ΔW||_F mean=5.507 | r_hat mean=94.8 total=2275
Target rank: 56
Target rank: 79
Target rank: 69
Target rank: 83
Target rank: 86
Target rank: 91
Target rank: 92
Target rank: 102
Target rank: 103
Target rank: 105
Target rank: 113
Target rank: 108
Target rank: 116
Target rank: 110
Target rank: 107
Target rank: 116
Target rank: 83
Target rank: 128
Target rank: 92
Target rank: 128
Target rank: 66
Target rank: 116
Target rank: 29
Target rank: 98
2026-07-27 08:14:57,670 [sketchlora.py] => [SketchDiag] task 66: retained-energy mean=0.993 min=0.991 | ||ΔW||_F mean=5.542 | r_hat mean=94.8 total=2276
Target rank: 56
Target rank: 79
Target rank: 69
Target rank: 83
Target rank: 86
Target rank: 91
Target rank: 92
Target rank: 102
Target rank: 103
Target rank: 105
Target rank: 113
Target rank: 108
Target rank: 116
Target rank: 110
Target rank: 107
Target rank: 116
Target rank: 83
Target rank: 128
Target rank: 92
Target rank: 128
Target rank: 66
Target rank: 116
Target rank: 29
Target rank: 98
2026-07-27 08:15:45,990 [sketchlora.py] => [SketchDiag] task 67: retained-energy mean=0.993 min=0.991 | ||ΔW||_F mean=5.573 | r_hat mean=94.8 total=2276
Target rank: 56
Target rank: 79
Target rank: 69
Target rank: 83
Target rank: 86
Target rank: 91
Target rank: 92
Target rank: 102
Target rank: 103
Target rank: 105
Target rank: 113
Target rank: 108
Target rank: 116
Target rank: 110
Target rank: 107
Target rank: 116
Target rank: 83
Target rank: 128
Target rank: 92
Target rank: 128
Target rank: 66
Target rank: 116
Target rank: 29
Target rank: 98
2026-07-27 08:16:35,081 [sketchlora.py] => [SketchDiag] task 68: retained-energy mean=0.993 min=0.991 | ||ΔW||_F mean=5.600 | r_hat mean=94.8 total=2276
Target rank: 56
Target rank: 79
Target rank: 69
Target rank: 83
Target rank: 86
Target rank: 91
Target rank: 92
Target rank: 102
Target rank: 103
Target rank: 105
Target rank: 113
Target rank: 108
Target rank: 116
Target rank: 110
Target rank: 107
Target rank: 116
Target rank: 83
Target rank: 128
Target rank: 92
Target rank: 128
Target rank: 66
Target rank: 116
Target rank: 29
Target rank: 99
2026-07-27 08:17:24,046 [sketchlora.py] => [SketchDiag] task 69: retained-energy mean=0.993 min=0.991 | ||ΔW||_F mean=5.644 | r_hat mean=94.9 total=2277
Target rank: 56
Target rank: 79
Target rank: 69
Target rank: 83
Target rank: 86
Target rank: 91
Target rank: 92
Target rank: 102
Target rank: 103
Target rank: 105
Target rank: 113
Target rank: 108
Target rank: 116
Target rank: 110
Target rank: 107
Target rank: 116
Target rank: 83
Target rank: 128
Target rank: 92
Target rank: 128
Target rank: 66
Target rank: 116
Target rank: 29
Target rank: 99
2026-07-27 08:18:12,794 [sketchlora.py] => [SketchDiag] task 70: retained-energy mean=0.993 min=0.991 | ||ΔW||_F mean=5.673 | r_hat mean=94.9 total=2277
Target rank: 56
Target rank: 79
Target rank: 69
Target rank: 83
Target rank: 86
Target rank: 91
Target rank: 92
Target rank: 102
Target rank: 103
Target rank: 105
Target rank: 113
Target rank: 108
Target rank: 116
Target rank: 110
Target rank: 107
Target rank: 116
Target rank: 83
Target rank: 128
Target rank: 92
Target rank: 128
Target rank: 66
Target rank: 116
Target rank: 29
Target rank: 100
2026-07-27 08:19:01,363 [sketchlora.py] => [SketchDiag] task 71: retained-energy mean=0.993 min=0.991 | ||ΔW||_F mean=5.712 | r_hat mean=94.9 total=2278
Target rank: 56
Target rank: 79
Target rank: 69
Target rank: 83
Target rank: 86
Target rank: 91
Target rank: 92
Target rank: 102
Target rank: 103
Target rank: 105
Target rank: 113
Target rank: 108
Target rank: 116
Target rank: 110
Target rank: 107
Target rank: 116
Target rank: 83
Target rank: 128
Target rank: 92
Target rank: 128
Target rank: 66
Target rank: 116
Target rank: 29
Target rank: 100
2026-07-27 08:19:49,349 [sketchlora.py] => [SketchDiag] task 72: retained-energy mean=0.993 min=0.990 | ||ΔW||_F mean=5.737 | r_hat mean=94.9 total=2278
2026-07-27 08:19:58,761 [bounded_memory_mixin.py] => [bounded_mem eval] volume 0.30 | cycle 72 | classes_seen 310 | CIL top1 55.44 | top5 84.90 | (nearest latent task ~30) | param_hash d6fcfe7ab55a561b | per-task [26.63, 49.5, 23.86, 43.08, 52.0, 59.3, 62.5, 47.0, 50.0, 53.54, 42.93, 28.93, 64.5, 55.56, 52.5, 61.31, 48.24, 63.5, 54.5, 55.28, 52.26, 61.0, 61.42, 74.62, 42.0, 69.7, 71.86, 79.5, 62.44, 67.5, 81.0]
Target rank: 56
Target rank: 79
Target rank: 69
Target rank: 83
Target rank: 86
Target rank: 91
Target rank: 92
Target rank: 102
Target rank: 103
Target rank: 105
Target rank: 113
Target rank: 108
Target rank: 116
Target rank: 110
Target rank: 107
Target rank: 116
Target rank: 83
Target rank: 128
Target rank: 92
Target rank: 128
Target rank: 66
Target rank: 116
Target rank: 29
Target rank: 100
2026-07-27 08:20:47,380 [sketchlora.py] => [SketchDiag] task 73: retained-energy mean=0.993 min=0.992 | ||ΔW||_F mean=5.764 | r_hat mean=94.9 total=2278
Target rank: 56
Target rank: 79
Target rank: 69
Target rank: 83
Target rank: 86
Target rank: 91
Target rank: 92
Target rank: 102
Target rank: 103
Target rank: 105
Target rank: 113
Target rank: 108
Target rank: 116
Target rank: 110
Target rank: 107
Target rank: 116
Target rank: 83
Target rank: 128
Target rank: 92
Target rank: 128
Target rank: 66
Target rank: 116
Target rank: 29
Target rank: 101
2026-07-27 08:21:35,625 [sketchlora.py] => [SketchDiag] task 74: retained-energy mean=0.994 min=0.991 | ||ΔW||_F mean=5.801 | r_hat mean=95.0 total=2279
Target rank: 56
Target rank: 79
Target rank: 69
Target rank: 83
Target rank: 86
Target rank: 91
Target rank: 92
Target rank: 102
Target rank: 103
Target rank: 105
Target rank: 113
Target rank: 108
Target rank: 116
Target rank: 110
Target rank: 107
Target rank: 116
Target rank: 83
Target rank: 128
Target rank: 92
Target rank: 128
Target rank: 66
Target rank: 116
Target rank: 29
Target rank: 101
2026-07-27 08:22:24,336 [sketchlora.py] => [SketchDiag] task 75: retained-energy mean=0.993 min=0.992 | ||ΔW||_F mean=5.827 | r_hat mean=95.0 total=2279
Target rank: 56
Target rank: 79
Target rank: 69
Target rank: 83
Target rank: 86
Target rank: 91
Target rank: 92
Target rank: 102
Target rank: 103
Target rank: 105
Target rank: 113
Target rank: 108
Target rank: 116
Target rank: 110
Target rank: 107
Target rank: 116
Target rank: 83
Target rank: 128
Target rank: 92
Target rank: 128
Target rank: 66
Target rank: 116
Target rank: 29
Target rank: 102
2026-07-27 08:23:12,806 [sketchlora.py] => [SketchDiag] task 76: retained-energy mean=0.994 min=0.991 | ||ΔW||_F mean=5.859 | r_hat mean=95.0 total=2280
Target rank: 56
Target rank: 79
Target rank: 69
Target rank: 83
Target rank: 86
Target rank: 91
Target rank: 92
Target rank: 102
Target rank: 103
Target rank: 105
Target rank: 113
Target rank: 108
Target rank: 116
Target rank: 110
Target rank: 107
Target rank: 116
Target rank: 83
Target rank: 128
Target rank: 92
Target rank: 128
Target rank: 66
Target rank: 116
Target rank: 29
Target rank: 102
2026-07-27 08:24:01,311 [sketchlora.py] => [SketchDiag] task 77: retained-energy mean=0.993 min=0.992 | ||ΔW||_F mean=5.884 | r_hat mean=95.0 total=2280
Target rank: 56
Target rank: 79
Target rank: 69
Target rank: 83
Target rank: 86
Target rank: 91
Target rank: 92
Target rank: 102
Target rank: 103
Target rank: 105
Target rank: 113
Target rank: 108
Target rank: 116
Target rank: 110
Target rank: 107
Target rank: 116
Target rank: 83
Target rank: 128
Target rank: 92
Target rank: 128
Target rank: 66
Target rank: 116
Target rank: 29
Target rank: 102
2026-07-27 08:24:49,956 [sketchlora.py] => [SketchDiag] task 78: retained-energy mean=0.993 min=0.991 | ||ΔW||_F mean=5.920 | r_hat mean=95.0 total=2280
Target rank: 56
Target rank: 79
Target rank: 69
Target rank: 83
Target rank: 86
Target rank: 91
Target rank: 92
Target rank: 102
Target rank: 103
Target rank: 105
Target rank: 113
Target rank: 108
Target rank: 116
Target rank: 110
Target rank: 107
Target rank: 116
Target rank: 83
Target rank: 128
Target rank: 92
Target rank: 128
Target rank: 66
Target rank: 116
Target rank: 29
Target rank: 102
2026-07-27 08:25:38,388 [sketchlora.py] => [SketchDiag] task 79: retained-energy mean=0.993 min=0.991 | ||ΔW||_F mean=5.950 | r_hat mean=95.0 total=2280
Target rank: 56
Target rank: 79
Target rank: 69
Target rank: 83
Target rank: 86
Target rank: 91
Target rank: 92
Target rank: 102
Target rank: 103
Target rank: 105
Target rank: 113
Target rank: 108
Target rank: 116
Target rank: 110
Target rank: 107
Target rank: 116
Target rank: 83
Target rank: 128
Target rank: 92
Target rank: 128
Target rank: 66
Target rank: 116
Target rank: 29
Target rank: 102
2026-07-27 08:26:26,481 [sketchlora.py] => [SketchDiag] task 80: retained-energy mean=0.994 min=0.992 | ||ΔW||_F mean=5.969 | r_hat mean=95.0 total=2280
Target rank: 56
Target rank: 79
Target rank: 69
Target rank: 83
Target rank: 86
Target rank: 91
Target rank: 92
Target rank: 102
Target rank: 103
Target rank: 105
Target rank: 113
Target rank: 108
Target rank: 116
Target rank: 110
Target rank: 107
Target rank: 116
Target rank: 83
Target rank: 128
Target rank: 92
Target rank: 128
Target rank: 66
Target rank: 116
Target rank: 29
Target rank: 102
2026-07-27 08:27:15,743 [sketchlora.py] => [SketchDiag] task 81: retained-energy mean=0.993 min=0.990 | ||ΔW||_F mean=6.008 | r_hat mean=95.0 total=2280
Target rank: 56
Target rank: 79
Target rank: 69
Target rank: 83
Target rank: 86
Target rank: 91
Target rank: 92
Target rank: 102
Target rank: 103
Target rank: 105
Target rank: 113
Target rank: 108
Target rank: 116
Target rank: 110
Target rank: 107
Target rank: 116
Target rank: 83
Target rank: 128
Target rank: 92
Target rank: 128
Target rank: 66
Target rank: 116
Target rank: 29
Target rank: 102
2026-07-27 08:28:04,018 [sketchlora.py] => [SketchDiag] task 82: retained-energy mean=0.994 min=0.993 | ||ΔW||_F mean=6.026 | r_hat mean=95.0 total=2280
Target rank: 56
Target rank: 79
Target rank: 69
Target rank: 83
Target rank: 86
Target rank: 91
Target rank: 92
Target rank: 102
Target rank: 103
Target rank: 105
Target rank: 113
Target rank: 108
Target rank: 116
Target rank: 110
Target rank: 107
Target rank: 116
Target rank: 83
Target rank: 128
Target rank: 92
Target rank: 128
Target rank: 66
Target rank: 116
Target rank: 29
Target rank: 102
2026-07-27 08:28:52,326 [sketchlora.py] => [SketchDiag] task 83: retained-energy mean=0.994 min=0.992 | ||ΔW||_F mean=6.057 | r_hat mean=95.0 total=2280
Target rank: 56
Target rank: 79
Target rank: 69
Target rank: 83
Target rank: 86
Target rank: 91
Target rank: 92
Target rank: 102
Target rank: 103
Target rank: 105
Target rank: 113
Target rank: 108
Target rank: 116
Target rank: 110
Target rank: 107
Target rank: 116
Target rank: 83
Target rank: 128
Target rank: 92
Target rank: 128
Target rank: 66
Target rank: 116
Target rank: 29
Target rank: 102
2026-07-27 08:29:40,888 [sketchlora.py] => [SketchDiag] task 84: retained-energy mean=0.994 min=0.992 | ||ΔW||_F mean=6.078 | r_hat mean=95.0 total=2280
Target rank: 56
Target rank: 79
Target rank: 69
Target rank: 83
Target rank: 86
Target rank: 91
Target rank: 92
Target rank: 102
Target rank: 103
Target rank: 105
Target rank: 113
Target rank: 108
Target rank: 116
Target rank: 110
Target rank: 107
Target rank: 116
Target rank: 83
Target rank: 128
Target rank: 92
Target rank: 128
Target rank: 66
Target rank: 116
Target rank: 29
Target rank: 102
2026-07-27 08:30:32,402 [sketchlora.py] => [SketchDiag] task 85: retained-energy mean=0.993 min=0.990 | ||ΔW||_F mean=6.118 | r_hat mean=95.0 total=2280
Target rank: 56
Target rank: 79
Target rank: 69
Target rank: 83
Target rank: 86
Target rank: 91
Target rank: 92
Target rank: 102
Target rank: 103
Target rank: 105
Target rank: 113
Target rank: 108
Target rank: 116
Target rank: 110
Target rank: 107
Target rank: 116
Target rank: 83
Target rank: 128
Target rank: 92
Target rank: 128
Target rank: 66
Target rank: 116
Target rank: 29
Target rank: 102
2026-07-27 08:31:22,908 [sketchlora.py] => [SketchDiag] task 86: retained-energy mean=0.993 min=0.991 | ||ΔW||_F mean=6.147 | r_hat mean=95.0 total=2280
Target rank: 56
Target rank: 79
Target rank: 69
Target rank: 83
Target rank: 86
Target rank: 91
Target rank: 92
Target rank: 102
Target rank: 103
Target rank: 105
Target rank: 113
Target rank: 108
Target rank: 116
Target rank: 110
Target rank: 107
Target rank: 116
Target rank: 83
Target rank: 128
Target rank: 92
Target rank: 128
Target rank: 66
Target rank: 116
Target rank: 29
Target rank: 102
2026-07-27 08:32:14,964 [sketchlora.py] => [SketchDiag] task 87: retained-energy mean=0.993 min=0.991 | ||ΔW||_F mean=6.184 | r_hat mean=95.0 total=2280
Target rank: 56
Target rank: 79
Target rank: 69
Target rank: 83
Target rank: 86
Target rank: 91
Target rank: 92
Target rank: 102
Target rank: 103
Target rank: 105
Target rank: 113
Target rank: 108
Target rank: 116
Target rank: 110
Target rank: 107
Target rank: 116
Target rank: 83
Target rank: 128
Target rank: 92
Target rank: 128
Target rank: 66
Target rank: 116
Target rank: 29
Target rank: 102
2026-07-27 08:33:05,615 [sketchlora.py] => [SketchDiag] task 88: retained-energy mean=0.994 min=0.992 | ||ΔW||_F mean=6.209 | r_hat mean=95.0 total=2280
Target rank: 56
Target rank: 79
Target rank: 69
Target rank: 83
Target rank: 86
Target rank: 91
Target rank: 92
Target rank: 102
Target rank: 103
Target rank: 105
Target rank: 113
Target rank: 108
Target rank: 116
Target rank: 110
Target rank: 107
Target rank: 116
Target rank: 83
Target rank: 128
Target rank: 92
Target rank: 128
Target rank: 66
Target rank: 116
Target rank: 29
Target rank: 102
2026-07-27 08:33:54,277 [sketchlora.py] => [SketchDiag] task 89: retained-energy mean=0.994 min=0.992 | ||ΔW||_F mean=6.230 | r_hat mean=95.0 total=2280
Target rank: 56
Target rank: 79
Target rank: 69
Target rank: 83
Target rank: 86
Target rank: 91
Target rank: 92
Target rank: 102
Target rank: 103
Target rank: 105
Target rank: 113
Target rank: 108
Target rank: 116
Target rank: 110
Target rank: 107
Target rank: 116
Target rank: 83
Target rank: 128
Target rank: 92
Target rank: 128
Target rank: 66
Target rank: 116
Target rank: 29
Target rank: 102
2026-07-27 08:34:42,568 [sketchlora.py] => [SketchDiag] task 90: retained-energy mean=0.994 min=0.991 | ||ΔW||_F mean=6.255 | r_hat mean=95.0 total=2280
Target rank: 56
Target rank: 79
Target rank: 69
Target rank: 83
Target rank: 86
Target rank: 91
Target rank: 92
Target rank: 102
Target rank: 103
Target rank: 105
Target rank: 113
Target rank: 108
Target rank: 116
Target rank: 110
Target rank: 107
Target rank: 116
Target rank: 83
Target rank: 128
Target rank: 92
Target rank: 128
Target rank: 66
Target rank: 116
Target rank: 29
Target rank: 102
2026-07-27 08:35:30,679 [sketchlora.py] => [SketchDiag] task 91: retained-energy mean=0.994 min=0.991 | ||ΔW||_F mean=6.284 | r_hat mean=95.0 total=2280
Target rank: 56
Target rank: 79
Target rank: 69
Target rank: 83
Target rank: 86
Target rank: 91
Target rank: 92
Target rank: 102
Target rank: 103
Target rank: 105
Target rank: 113
Target rank: 108
Target rank: 116
Target rank: 110
Target rank: 107
Target rank: 116
Target rank: 83
Target rank: 128
Target rank: 92
Target rank: 128
Target rank: 66
Target rank: 116
Target rank: 29
Target rank: 102
2026-07-27 08:36:18,841 [sketchlora.py] => [SketchDiag] task 92: retained-energy mean=0.994 min=0.991 | ||ΔW||_F mean=6.310 | r_hat mean=95.0 total=2280
Target rank: 56
Target rank: 79
Target rank: 69
Target rank: 83
Target rank: 86
Target rank: 91
Target rank: 92
Target rank: 102
Target rank: 103
Target rank: 105
Target rank: 113
Target rank: 108
Target rank: 116
Target rank: 110
Target rank: 107
Target rank: 116
Target rank: 83
Target rank: 128
Target rank: 92
Target rank: 128
Target rank: 66
Target rank: 116
Target rank: 29
Target rank: 102
2026-07-27 08:37:06,424 [sketchlora.py] => [SketchDiag] task 93: retained-energy mean=0.994 min=0.991 | ||ΔW||_F mean=6.338 | r_hat mean=95.0 total=2280
Target rank: 56
Target rank: 79
Target rank: 69
Target rank: 83
Target rank: 86
Target rank: 91
Target rank: 92
Target rank: 102
Target rank: 103
Target rank: 105
Target rank: 113
Target rank: 108
Target rank: 116
Target rank: 110
Target rank: 107
Target rank: 116
Target rank: 83
Target rank: 128
Target rank: 92
Target rank: 128
Target rank: 66
Target rank: 116
Target rank: 29
Target rank: 102
2026-07-27 08:37:54,308 [sketchlora.py] => [SketchDiag] task 94: retained-energy mean=0.993 min=0.991 | ||ΔW||_F mean=6.369 | r_hat mean=95.0 total=2280
Target rank: 56
Target rank: 79
Target rank: 69
Target rank: 83
Target rank: 86
Target rank: 91
Target rank: 92
Target rank: 102
Target rank: 103
Target rank: 105
Target rank: 113
Target rank: 108
Target rank: 116
Target rank: 110
Target rank: 107
Target rank: 116
Target rank: 83
Target rank: 128
Target rank: 92
Target rank: 128
Target rank: 66
Target rank: 116
Target rank: 29
Target rank: 102
2026-07-27 08:38:43,190 [sketchlora.py] => [SketchDiag] task 95: retained-energy mean=0.994 min=0.991 | ||ΔW||_F mean=6.401 | r_hat mean=95.0 total=2280
Target rank: 56
Target rank: 79
Target rank: 69
Target rank: 83
Target rank: 86
Target rank: 91
Target rank: 92
Target rank: 102
Target rank: 103
Target rank: 105
Target rank: 113
Target rank: 108
Target rank: 116
Target rank: 110
Target rank: 107
Target rank: 116
Target rank: 83
Target rank: 128
Target rank: 92
Target rank: 128
Target rank: 66
Target rank: 116
Target rank: 29
Target rank: 102
2026-07-27 08:39:32,131 [sketchlora.py] => [SketchDiag] task 96: retained-energy mean=0.994 min=0.993 | ||ΔW||_F mean=6.426 | r_hat mean=95.0 total=2280
2026-07-27 08:39:44,198 [bounded_memory_mixin.py] => [bounded_mem eval] volume 0.40 | cycle 96 | classes_seen 410 | CIL top1 48.14 | top5 79.24 | (nearest latent task ~40) | param_hash a4e9398fc1ccf259 | per-task [25.13, 47.5, 17.26, 23.59, 35.0, 47.74, 58.0, 39.5, 31.0, 43.43, 28.79, 24.37, 55.0, 44.95, 37.0, 51.26, 33.67, 49.0, 52.5, 47.24, 39.7, 58.0, 39.59, 68.02, 31.5, 57.58, 58.29, 75.5, 47.21, 50.0, 42.5, 66.0, 79.0, 68.5, 51.53, 60.8, 59.18, 45.18, 82.41, 33.33, 67.01]
Target rank: 56
Target rank: 79
Target rank: 69
Target rank: 83
Target rank: 86
Target rank: 91
Target rank: 92
Target rank: 102
Target rank: 103
Target rank: 105
Target rank: 113
Target rank: 108
Target rank: 116
Target rank: 110
Target rank: 107
Target rank: 116
Target rank: 83
Target rank: 128
Target rank: 92
Target rank: 128
Target rank: 66
Target rank: 116
Target rank: 29
Target rank: 102
2026-07-27 08:40:32,445 [sketchlora.py] => [SketchDiag] task 97: retained-energy mean=0.994 min=0.991 | ||ΔW||_F mean=6.450 | r_hat mean=95.0 total=2280
Target rank: 56
Target rank: 79
Target rank: 69
Target rank: 83
Target rank: 86
Target rank: 91
Target rank: 92
Target rank: 102
Target rank: 103
Target rank: 105
Target rank: 113
Target rank: 108
Target rank: 116
Target rank: 110
Target rank: 107
Target rank: 116
Target rank: 83
Target rank: 128
Target rank: 92
Target rank: 128
Target rank: 66
Target rank: 116
Target rank: 29
Target rank: 102
2026-07-27 08:41:22,093 [sketchlora.py] => [SketchDiag] task 98: retained-energy mean=0.994 min=0.993 | ||ΔW||_F mean=6.474 | r_hat mean=95.0 total=2280
Target rank: 56
Target rank: 79
Target rank: 69
Target rank: 83
Target rank: 86
Target rank: 91
Target rank: 92
Target rank: 102
Target rank: 103
Target rank: 105
Target rank: 113
Target rank: 108
Target rank: 116
Target rank: 110
Target rank: 107
Target rank: 116
Target rank: 83
Target rank: 128
Target rank: 92
Target rank: 128
Target rank: 66
Target rank: 116
Target rank: 29
Target rank: 102
2026-07-27 08:42:10,466 [sketchlora.py] => [SketchDiag] task 99: retained-energy mean=0.995 min=0.993 | ||ΔW||_F mean=6.493 | r_hat mean=95.0 total=2280
Target rank: 56
Target rank: 79
Target rank: 69
Target rank: 83
Target rank: 86
Target rank: 91
Target rank: 92
Target rank: 102
Target rank: 103
Target rank: 105
Target rank: 113
Target rank: 108
Target rank: 116
Target rank: 110
Target rank: 107
Target rank: 116
Target rank: 83
Target rank: 128
Target rank: 92
Target rank: 128
Target rank: 66
Target rank: 116
Target rank: 30
Target rank: 102
2026-07-27 08:42:59,109 [sketchlora.py] => [SketchDiag] task 100: retained-energy mean=0.994 min=0.991 | ||ΔW||_F mean=6.541 | r_hat mean=95.0 total=2281
Target rank: 56
Target rank: 79
Target rank: 69
Target rank: 83
Target rank: 86
Target rank: 91
Target rank: 92
Target rank: 102
Target rank: 103
Target rank: 105
Target rank: 113
Target rank: 108
Target rank: 116
Target rank: 110
Target rank: 107
Target rank: 116
Target rank: 83
Target rank: 128
Target rank: 92
Target rank: 128
Target rank: 66
Target rank: 116
Target rank: 30
Target rank: 102
2026-07-27 08:43:47,740 [sketchlora.py] => [SketchDiag] task 101: retained-energy mean=0.993 min=0.991 | ||ΔW||_F mean=6.571 | r_hat mean=95.0 total=2281
Target rank: 56
Target rank: 79
Target rank: 69
Target rank: 83
Target rank: 86
Target rank: 91
Target rank: 92
Target rank: 102
Target rank: 103
Target rank: 105
Target rank: 113
Target rank: 108
Target rank: 116
Target rank: 110
Target rank: 107
Target rank: 116
Target rank: 83
Target rank: 128
Target rank: 92
Target rank: 128
Target rank: 66
Target rank: 116
Target rank: 30
Target rank: 102
2026-07-27 08:44:35,662 [sketchlora.py] => [SketchDiag] task 102: retained-energy mean=0.993 min=0.991 | ||ΔW||_F mean=6.619 | r_hat mean=95.0 total=2281
Target rank: 56
Target rank: 79
Target rank: 69
Target rank: 83
Target rank: 86
Target rank: 91
Target rank: 92
Target rank: 102
Target rank: 103
Target rank: 105
Target rank: 113
Target rank: 108
Target rank: 116
Target rank: 110
Target rank: 107
Target rank: 116
Target rank: 83
Target rank: 128
Target rank: 92
Target rank: 128
Target rank: 66
Target rank: 116
Target rank: 30
Target rank: 102
2026-07-27 08:45:23,925 [sketchlora.py] => [SketchDiag] task 103: retained-energy mean=0.994 min=0.992 | ||ΔW||_F mean=6.658 | r_hat mean=95.0 total=2281
Target rank: 56
Target rank: 79
Target rank: 69
Target rank: 83
Target rank: 86
Target rank: 91
Target rank: 92
Target rank: 102
Target rank: 103
Target rank: 105
Target rank: 113
Target rank: 108
Target rank: 116
Target rank: 110
Target rank: 107
Target rank: 116
Target rank: 83
Target rank: 128
Target rank: 92
Target rank: 128
Target rank: 66
Target rank: 116
Target rank: 30
Target rank: 102
2026-07-27 08:46:11,894 [sketchlora.py] => [SketchDiag] task 104: retained-energy mean=0.994 min=0.991 | ||ΔW||_F mean=6.693 | r_hat mean=95.0 total=2281
Target rank: 56
Target rank: 79
Target rank: 69
Target rank: 83
Target rank: 86
Target rank: 91
Target rank: 92
Target rank: 102
Target rank: 103
Target rank: 105
Target rank: 113
Target rank: 108
Target rank: 116
Target rank: 110
Target rank: 107
Target rank: 116
Target rank: 83
Target rank: 128
Target rank: 92
Target rank: 128
Target rank: 66
Target rank: 116
Target rank: 30
Target rank: 103
2026-07-27 08:46:59,625 [sketchlora.py] => [SketchDiag] task 105: retained-energy mean=0.994 min=0.991 | ||ΔW||_F mean=6.722 | r_hat mean=95.1 total=2282
Target rank: 56
Target rank: 79
Target rank: 69
Target rank: 83
Target rank: 86
Target rank: 91
Target rank: 92
Target rank: 102
Target rank: 103
Target rank: 105
Target rank: 113
Target rank: 108
Target rank: 116
Target rank: 110
Target rank: 107
Target rank: 116
Target rank: 83
Target rank: 128
Target rank: 92
Target rank: 128
Target rank: 66
Target rank: 116
Target rank: 30
Target rank: 103
2026-07-27 08:47:48,351 [sketchlora.py] => [SketchDiag] task 106: retained-energy mean=0.995 min=0.994 | ||ΔW||_F mean=6.739 | r_hat mean=95.1 total=2282
Target rank: 56
Target rank: 79
Target rank: 69
Target rank: 83
Target rank: 86
Target rank: 91
Target rank: 92
Target rank: 102
Target rank: 103
Target rank: 105
Target rank: 113
Target rank: 108
Target rank: 116
Target rank: 110
Target rank: 107
Target rank: 116
Target rank: 83
Target rank: 128
Target rank: 92
Target rank: 128
Target rank: 66
Target rank: 116
Target rank: 30
Target rank: 103
2026-07-27 08:48:35,612 [sketchlora.py] => [SketchDiag] task 107: retained-energy mean=0.994 min=0.991 | ||ΔW||_F mean=6.772 | r_hat mean=95.1 total=2282
Target rank: 56
Target rank: 79
Target rank: 69
Target rank: 83
Target rank: 86
Target rank: 91
Target rank: 92
Target rank: 102
Target rank: 103
Target rank: 105
Target rank: 113
Target rank: 108
Target rank: 116
Target rank: 110
Target rank: 107
Target rank: 116
Target rank: 83
Target rank: 128
Target rank: 92
Target rank: 128
Target rank: 66
Target rank: 116
Target rank: 30
Target rank: 103
2026-07-27 08:49:23,883 [sketchlora.py] => [SketchDiag] task 108: retained-energy mean=0.994 min=0.992 | ||ΔW||_F mean=6.801 | r_hat mean=95.1 total=2282
Target rank: 56
Target rank: 79
Target rank: 69
Target rank: 83
Target rank: 86
Target rank: 91
Target rank: 92
Target rank: 102
Target rank: 103
Target rank: 105
Target rank: 113
Target rank: 108
Target rank: 116
Target rank: 110
Target rank: 107
Target rank: 116
Target rank: 83
Target rank: 128
Target rank: 92
Target rank: 128
Target rank: 66
Target rank: 116
Target rank: 30
Target rank: 103
2026-07-27 08:50:12,460 [sketchlora.py] => [SketchDiag] task 109: retained-energy mean=0.995 min=0.993 | ||ΔW||_F mean=6.820 | r_hat mean=95.1 total=2282
Target rank: 56
Target rank: 79
Target rank: 69
Target rank: 83
Target rank: 86
Target rank: 91
Target rank: 92
Target rank: 102
Target rank: 103
Target rank: 105
Target rank: 113
Target rank: 108
Target rank: 116
Target rank: 110
Target rank: 107
Target rank: 116
Target rank: 83
Target rank: 128
Target rank: 92
Target rank: 128
Target rank: 66
Target rank: 116
Target rank: 30
Target rank: 103
2026-07-27 08:51:00,777 [sketchlora.py] => [SketchDiag] task 110: retained-energy mean=0.994 min=0.990 | ||ΔW||_F mean=6.852 | r_hat mean=95.1 total=2282
Target rank: 56
Target rank: 79
Target rank: 69
Target rank: 83
Target rank: 86
Target rank: 91
Target rank: 92
Target rank: 102
Target rank: 103
Target rank: 105
Target rank: 113
Target rank: 108
Target rank: 116
Target rank: 110
Target rank: 107
Target rank: 116
Target rank: 83
Target rank: 128
Target rank: 92
Target rank: 128
Target rank: 66
Target rank: 116
Target rank: 30
Target rank: 103
2026-07-27 08:51:49,336 [sketchlora.py] => [SketchDiag] task 111: retained-energy mean=0.995 min=0.993 | ||ΔW||_F mean=6.870 | r_hat mean=95.1 total=2282
Target rank: 56
Target rank: 79
Target rank: 69
Target rank: 83
Target rank: 86
Target rank: 91
Target rank: 92
Target rank: 102
Target rank: 103
Target rank: 105
Target rank: 113
Target rank: 108
Target rank: 116
Target rank: 110
Target rank: 107
Target rank: 116
Target rank: 83
Target rank: 128
Target rank: 92
Target rank: 128
Target rank: 66
Target rank: 116
Target rank: 30
Target rank: 103
2026-07-27 08:52:37,407 [sketchlora.py] => [SketchDiag] task 112: retained-energy mean=0.995 min=0.994 | ||ΔW||_F mean=6.889 | r_hat mean=95.1 total=2282
Target rank: 56
Target rank: 79
Target rank: 69
Target rank: 83
Target rank: 86
Target rank: 91
Target rank: 92
Target rank: 102
Target rank: 103
Target rank: 105
Target rank: 113
Target rank: 108
Target rank: 116
Target rank: 110
Target rank: 107
Target rank: 116
Target rank: 83
Target rank: 128
Target rank: 92
Target rank: 128
Target rank: 66
Target rank: 116
Target rank: 30
Target rank: 103
2026-07-27 08:53:26,057 [sketchlora.py] => [SketchDiag] task 113: retained-energy mean=0.994 min=0.991 | ||ΔW||_F mean=6.927 | r_hat mean=95.1 total=2282
Target rank: 56
Target rank: 79
Target rank: 69
Target rank: 83
Target rank: 86
Target rank: 91
Target rank: 92
Target rank: 102
Target rank: 103
Target rank: 105
Target rank: 113
Target rank: 108
Target rank: 116
Target rank: 110
Target rank: 107
Target rank: 116
Target rank: 83
Target rank: 128
Target rank: 92
Target rank: 128
Target rank: 66
Target rank: 116
Target rank: 30
Target rank: 103
2026-07-27 08:54:14,175 [sketchlora.py] => [SketchDiag] task 114: retained-energy mean=0.995 min=0.994 | ||ΔW||_F mean=6.941 | r_hat mean=95.1 total=2282
Target rank: 56
Target rank: 79
Target rank: 69
Target rank: 83
Target rank: 86
Target rank: 91
Target rank: 92
Target rank: 102
Target rank: 103
Target rank: 105
Target rank: 113
Target rank: 108
Target rank: 116
Target rank: 110
Target rank: 107
Target rank: 116
Target rank: 83
Target rank: 128
Target rank: 92
Target rank: 128
Target rank: 66
Target rank: 116
Target rank: 30
Target rank: 103
2026-07-27 08:55:02,591 [sketchlora.py] => [SketchDiag] task 115: retained-energy mean=0.995 min=0.991 | ||ΔW||_F mean=6.974 | r_hat mean=95.1 total=2282
Target rank: 56
Target rank: 79
Target rank: 69
Target rank: 83
Target rank: 86
Target rank: 91
Target rank: 92
Target rank: 102
Target rank: 103
Target rank: 105
Target rank: 113
Target rank: 108
Target rank: 116
Target rank: 110
Target rank: 107
Target rank: 116
Target rank: 83
Target rank: 128
Target rank: 92
Target rank: 128
Target rank: 66
Target rank: 116
Target rank: 30
Target rank: 103
2026-07-27 08:55:51,632 [sketchlora.py] => [SketchDiag] task 116: retained-energy mean=0.995 min=0.993 | ||ΔW||_F mean=6.997 | r_hat mean=95.1 total=2282
Target rank: 56
Target rank: 79
Target rank: 69
Target rank: 83
Target rank: 86
Target rank: 91
Target rank: 92
Target rank: 102
Target rank: 103
Target rank: 105
Target rank: 113
Target rank: 108
Target rank: 116
Target rank: 110
Target rank: 107
Target rank: 116
Target rank: 83
Target rank: 128
Target rank: 92
Target rank: 128
Target rank: 66
Target rank: 116
Target rank: 30
Target rank: 103
2026-07-27 08:56:39,259 [sketchlora.py] => [SketchDiag] task 117: retained-energy mean=0.994 min=0.993 | ||ΔW||_F mean=7.022 | r_hat mean=95.1 total=2282
Target rank: 56
Target rank: 79
Target rank: 69
Target rank: 83
Target rank: 86
Target rank: 91
Target rank: 92
Target rank: 102
Target rank: 103
Target rank: 105
Target rank: 113
Target rank: 108
Target rank: 116
Target rank: 110
Target rank: 107
Target rank: 116
Target rank: 83
Target rank: 128
Target rank: 92
Target rank: 128
Target rank: 66
Target rank: 116
Target rank: 30
Target rank: 103
2026-07-27 08:57:27,294 [sketchlora.py] => [SketchDiag] task 118: retained-energy mean=0.995 min=0.991 | ||ΔW||_F mean=7.055 | r_hat mean=95.1 total=2282
Target rank: 56
Target rank: 79
Target rank: 69
Target rank: 83
Target rank: 86
Target rank: 91
Target rank: 92
Target rank: 102
Target rank: 103
Target rank: 105
Target rank: 113
Target rank: 108
Target rank: 116
Target rank: 110
Target rank: 107
Target rank: 116
Target rank: 83
Target rank: 128
Target rank: 92
Target rank: 128
Target rank: 66
Target rank: 116
Target rank: 30
Target rank: 103
2026-07-27 08:58:15,504 [sketchlora.py] => [SketchDiag] task 119: retained-energy mean=0.994 min=0.993 | ||ΔW||_F mean=7.084 | r_hat mean=95.1 total=2282
Target rank: 56
Target rank: 79
Target rank: 69
Target rank: 83
Target rank: 86
Target rank: 91
Target rank: 92
Target rank: 102
Target rank: 103
Target rank: 105
Target rank: 113
Target rank: 108
Target rank: 116
Target rank: 110
Target rank: 107
Target rank: 116
Target rank: 83
Target rank: 128
Target rank: 92
Target rank: 128
Target rank: 66
Target rank: 116
Target rank: 30
Target rank: 103
2026-07-27 08:59:04,551 [sketchlora.py] => [SketchDiag] task 120: retained-energy mean=0.995 min=0.991 | ||ΔW||_F mean=7.118 | r_hat mean=95.1 total=2282
Target rank: 56
Target rank: 79
Target rank: 69
Target rank: 83
Target rank: 86
Target rank: 91
Target rank: 92
Target rank: 102
Target rank: 103
Target rank: 105
Target rank: 113
Target rank: 108
Target rank: 116
Target rank: 110
Target rank: 107
Target rank: 116
Target rank: 83
Target rank: 128
Target rank: 92
Target rank: 128
Target rank: 66
Target rank: 116
Target rank: 30
Target rank: 103
2026-07-27 08:59:53,515 [sketchlora.py] => [SketchDiag] task 121: retained-energy mean=0.995 min=0.993 | ||ΔW||_F mean=7.139 | r_hat mean=95.1 total=2282
2026-07-27 09:00:08,111 [bounded_memory_mixin.py] => [bounded_mem eval] volume 0.50 | cycle 121 | classes_seen 510 | CIL top1 42.12 | top5 73.06 | (nearest latent task ~50) | param_hash 011522d3b0ebea63 | per-task [16.08, 37.0, 14.21, 20.0, 26.0, 45.23, 44.5, 27.5, 28.0, 36.87, 24.24, 18.27, 52.0, 34.85, 26.0, 32.16, 30.15, 41.5, 37.0, 41.21, 42.71, 58.0, 31.47, 55.33, 25.5, 45.45, 40.7, 64.5, 27.41, 45.0, 37.0, 52.0, 63.0, 58.5, 50.51, 53.77, 51.53, 35.53, 57.79, 30.3, 48.22, 52.26, 42.64, 29.5, 66.0, 46.5, 43.43, 68.37, 49.5, 75.38, 66.83]
Target rank: 56
Target rank: 79
Target rank: 69
Target rank: 83
Target rank: 86
Target rank: 91
Target rank: 92
Target rank: 102
Target rank: 103
Target rank: 105
Target rank: 113
Target rank: 108
Target rank: 116
Target rank: 110
Target rank: 107
Target rank: 116
Target rank: 83
Target rank: 128
Target rank: 92
Target rank: 128
Target rank: 66
Target rank: 116
Target rank: 30
Target rank: 103
2026-07-27 09:00:58,033 [sketchlora.py] => [SketchDiag] task 122: retained-energy mean=0.995 min=0.994 | ||ΔW||_F mean=7.156 | r_hat mean=95.1 total=2282
Target rank: 56
Target rank: 79
Target rank: 69
Target rank: 83
Target rank: 86
Target rank: 91
Target rank: 92
Target rank: 102
Target rank: 103
Target rank: 105
Target rank: 113
Target rank: 108
Target rank: 116
Target rank: 110
Target rank: 107
Target rank: 116
Target rank: 83
Target rank: 128
Target rank: 92
Target rank: 128
Target rank: 66
Target rank: 116
Target rank: 30
Target rank: 103
2026-07-27 09:01:46,182 [sketchlora.py] => [SketchDiag] task 123: retained-energy mean=0.995 min=0.991 | ||ΔW||_F mean=7.195 | r_hat mean=95.1 total=2282
Target rank: 56
Target rank: 79
Target rank: 69
Target rank: 83
Target rank: 86
Target rank: 91
Target rank: 92
Target rank: 102
Target rank: 103
Target rank: 105
Target rank: 113
Target rank: 108
Target rank: 116
Target rank: 110
Target rank: 107
Target rank: 116
Target rank: 83
Target rank: 128
Target rank: 92
Target rank: 128
Target rank: 66
Target rank: 116
Target rank: 30
Target rank: 103
2026-07-27 09:02:34,945 [sketchlora.py] => [SketchDiag] task 124: retained-energy mean=0.995 min=0.993 | ||ΔW||_F mean=7.218 | r_hat mean=95.1 total=2282
Target rank: 56
Target rank: 79
Target rank: 69
Target rank: 83
Target rank: 86
Target rank: 91
Target rank: 92
Target rank: 102
Target rank: 103
Target rank: 105
Target rank: 113
Target rank: 108
Target rank: 116
Target rank: 110
Target rank: 107
Target rank: 116
Target rank: 83
Target rank: 128
Target rank: 92
Target rank: 128
Target rank: 66
Target rank: 116
Target rank: 30
Target rank: 103
2026-07-27 09:03:22,460 [sketchlora.py] => [SketchDiag] task 125: retained-energy mean=0.994 min=0.992 | ||ΔW||_F mean=7.247 | r_hat mean=95.1 total=2282
Target rank: 56
Target rank: 79
Target rank: 69
Target rank: 83
Target rank: 86
Target rank: 91
Target rank: 92
Target rank: 102
Target rank: 103
Target rank: 105
Target rank: 113
Target rank: 108
Target rank: 116
Target rank: 110
Target rank: 107
Target rank: 116
Target rank: 83
Target rank: 128
Target rank: 92
Target rank: 128
Target rank: 66
Target rank: 116
Target rank: 30
Target rank: 103
2026-07-27 09:04:11,324 [sketchlora.py] => [SketchDiag] task 126: retained-energy mean=0.994 min=0.992 | ||ΔW||_F mean=7.270 | r_hat mean=95.1 total=2282
Target rank: 56
Target rank: 79
Target rank: 69
Target rank: 83
Target rank: 86
Target rank: 91
Target rank: 92
Target rank: 102
Target rank: 103
Target rank: 105
Target rank: 113
Target rank: 108
Target rank: 116
Target rank: 110
Target rank: 107
Target rank: 116
Target rank: 83
Target rank: 128
Target rank: 92
Target rank: 128
Target rank: 66
Target rank: 116
Target rank: 30
Target rank: 103
2026-07-27 09:04:59,459 [sketchlora.py] => [SketchDiag] task 127: retained-energy mean=0.995 min=0.993 | ||ΔW||_F mean=7.285 | r_hat mean=95.1 total=2282
Target rank: 56
Target rank: 79
Target rank: 69
Target rank: 83
Target rank: 86
Target rank: 91
Target rank: 92
Target rank: 102
Target rank: 103
Target rank: 105
Target rank: 113
Target rank: 108
Target rank: 116
Target rank: 110
Target rank: 107
Target rank: 116
Target rank: 83
Target rank: 128
Target rank: 92
Target rank: 128
Target rank: 66
Target rank: 116
Target rank: 30
Target rank: 104
2026-07-27 09:05:48,607 [sketchlora.py] => [SketchDiag] task 128: retained-energy mean=0.994 min=0.990 | ||ΔW||_F mean=7.324 | r_hat mean=95.1 total=2283
Target rank: 56
Target rank: 79
Target rank: 69
Target rank: 83
Target rank: 86
Target rank: 91
Target rank: 92
Target rank: 102
Target rank: 103
Target rank: 105
Target rank: 113
Target rank: 108
Target rank: 116
Target rank: 110
Target rank: 107
Target rank: 116
Target rank: 83
Target rank: 128
Target rank: 92
Target rank: 128
Target rank: 66
Target rank: 116
Target rank: 30
Target rank: 104
2026-07-27 09:06:37,006 [sketchlora.py] => [SketchDiag] task 129: retained-energy mean=0.995 min=0.993 | ||ΔW||_F mean=7.342 | r_hat mean=95.1 total=2283
Target rank: 56
Target rank: 79
Target rank: 69
Target rank: 83
Target rank: 86
Target rank: 91
Target rank: 92
Target rank: 102
Target rank: 103
Target rank: 105
Target rank: 113
Target rank: 108
Target rank: 116
Target rank: 110
Target rank: 107
Target rank: 116
Target rank: 83
Target rank: 128
Target rank: 92
Target rank: 128
Target rank: 66
Target rank: 116
Target rank: 30
Target rank: 104
2026-07-27 09:07:24,769 [sketchlora.py] => [SketchDiag] task 130: retained-energy mean=0.995 min=0.993 | ||ΔW||_F mean=7.369 | r_hat mean=95.1 total=2283
Target rank: 56
Target rank: 79
Target rank: 69
Target rank: 83
Target rank: 86
Target rank: 91
Target rank: 92
Target rank: 102
Target rank: 103
Target rank: 105
Target rank: 113
Target rank: 108
Target rank: 116
Target rank: 110
Target rank: 107
Target rank: 116
Target rank: 83
Target rank: 128
Target rank: 92
Target rank: 128
Target rank: 66
Target rank: 116
Target rank: 30
Target rank: 104
2026-07-27 09:08:13,796 [sketchlora.py] => [SketchDiag] task 131: retained-energy mean=0.995 min=0.993 | ||ΔW||_F mean=7.387 | r_hat mean=95.1 total=2283
Target rank: 56
Target rank: 79
Target rank: 69
Target rank: 83
Target rank: 86
Target rank: 91
Target rank: 92
Target rank: 102
Target rank: 103
Target rank: 105
Target rank: 113
Target rank: 108
Target rank: 116
Target rank: 110
Target rank: 107
Target rank: 116
Target rank: 83
Target rank: 128
Target rank: 92
Target rank: 128
Target rank: 66
Target rank: 116
Target rank: 30
Target rank: 104
2026-07-27 09:09:02,373 [sketchlora.py] => [SketchDiag] task 132: retained-energy mean=0.995 min=0.992 | ||ΔW||_F mean=7.411 | r_hat mean=95.1 total=2283
Target rank: 56
Target rank: 79
Target rank: 69
Target rank: 83
Target rank: 86
Target rank: 91
Target rank: 92
Target rank: 102
Target rank: 103
Target rank: 105
Target rank: 113
Target rank: 108
Target rank: 116
Target rank: 110
Target rank: 107
Target rank: 116
Target rank: 83
Target rank: 128
Target rank: 92
Target rank: 128
Target rank: 66
Target rank: 116
Target rank: 30
Target rank: 104
2026-07-27 09:09:50,344 [sketchlora.py] => [SketchDiag] task 133: retained-energy mean=0.995 min=0.994 | ||ΔW||_F mean=7.429 | r_hat mean=95.1 total=2283
Target rank: 56
Target rank: 79
Target rank: 69
Target rank: 83
Target rank: 86
Target rank: 91
Target rank: 92
Target rank: 102
Target rank: 103
Target rank: 105
Target rank: 113
Target rank: 108
Target rank: 116
Target rank: 110
Target rank: 107
Target rank: 116
Target rank: 83
Target rank: 128
Target rank: 92
Target rank: 128
Target rank: 66
Target rank: 116
Target rank: 30
Target rank: 104
2026-07-27 09:10:38,955 [sketchlora.py] => [SketchDiag] task 134: retained-energy mean=0.995 min=0.993 | ||ΔW||_F mean=7.452 | r_hat mean=95.1 total=2283
Target rank: 56
Target rank: 79
Target rank: 69
Target rank: 83
Target rank: 86
Target rank: 91
Target rank: 92
Target rank: 102
Target rank: 103
Target rank: 105
Target rank: 113
Target rank: 108
Target rank: 116
Target rank: 110
Target rank: 107
Target rank: 116
Target rank: 83
Target rank: 128
Target rank: 92
Target rank: 128
Target rank: 66
Target rank: 116
Target rank: 30
Target rank: 104
2026-07-27 09:11:27,700 [sketchlora.py] => [SketchDiag] task 135: retained-energy mean=0.995 min=0.992 | ||ΔW||_F mean=7.475 | r_hat mean=95.1 total=2283
Target rank: 56
Target rank: 79
Target rank: 69
Target rank: 83
Target rank: 86
Target rank: 91
Target rank: 92
Target rank: 102
Target rank: 103
Target rank: 105
Target rank: 113
Target rank: 108
Target rank: 116
Target rank: 110
Target rank: 107
Target rank: 116
Target rank: 83
Target rank: 128
Target rank: 92
Target rank: 128
Target rank: 66
Target rank: 116
Target rank: 30
Target rank: 104
2026-07-27 09:12:16,032 [sketchlora.py] => [SketchDiag] task 136: retained-energy mean=0.995 min=0.992 | ||ΔW||_F mean=7.493 | r_hat mean=95.1 total=2283
Target rank: 56
Target rank: 79
Target rank: 69
Target rank: 83
Target rank: 86
Target rank: 91
Target rank: 92
Target rank: 102
Target rank: 103
Target rank: 105
Target rank: 113
Target rank: 108
Target rank: 116
Target rank: 110
Target rank: 107
Target rank: 116
Target rank: 83
Target rank: 128
Target rank: 92
Target rank: 128
Target rank: 66
Target rank: 116
Target rank: 30
Target rank: 104
2026-07-27 09:13:04,965 [sketchlora.py] => [SketchDiag] task 137: retained-energy mean=0.995 min=0.993 | ||ΔW||_F mean=7.515 | r_hat mean=95.1 total=2283
/data/gmar762/anaconda3/envs/treelora/lib/python3.10/site-packages/PIL/Image.py:1137: UserWarning: Palette images with Transparency expressed in bytes should be converted to RGBA images
  warnings.warn(
/data/gmar762/anaconda3/envs/treelora/lib/python3.10/site-packages/PIL/Image.py:1137: UserWarning: Palette images with Transparency expressed in bytes should be converted to RGBA images
  warnings.warn(
/data/gmar762/anaconda3/envs/treelora/lib/python3.10/site-packages/PIL/Image.py:1137: UserWarning: Palette images with Transparency expressed in bytes should be converted to RGBA images
  warnings.warn(
/data/gmar762/anaconda3/envs/treelora/lib/python3.10/site-packages/PIL/Image.py:1137: UserWarning: Palette images with Transparency expressed in bytes should be converted to RGBA images
  warnings.warn(
/data/gmar762/anaconda3/envs/treelora/lib/python3.10/site-packages/PIL/Image.py:1137: UserWarning: Palette images with Transparency expressed in bytes should be converted to RGBA images
  warnings.warn(
/data/gmar762/anaconda3/envs/treelora/lib/python3.10/site-packages/PIL/Image.py:1137: UserWarning: Palette images with Transparency expressed in bytes should be converted to RGBA images
  warnings.warn(
/data/gmar762/anaconda3/envs/treelora/lib/python3.10/site-packages/PIL/Image.py:1137: UserWarning: Palette images with Transparency expressed in bytes should be converted to RGBA images
  warnings.warn(
/data/gmar762/anaconda3/envs/treelora/lib/python3.10/site-packages/PIL/Image.py:1137: UserWarning: Palette images with Transparency expressed in bytes should be converted to RGBA images
  warnings.warn(
/data/gmar762/anaconda3/envs/treelora/lib/python3.10/site-packages/PIL/Image.py:1137: UserWarning: Palette images with Transparency expressed in bytes should be converted to RGBA images
  warnings.warn(
/data/gmar762/anaconda3/envs/treelora/lib/python3.10/site-packages/PIL/Image.py:1137: UserWarning: Palette images with Transparency expressed in bytes should be converted to RGBA images
  warnings.warn(
/data/gmar762/anaconda3/envs/treelora/lib/python3.10/site-packages/PIL/Image.py:1137: UserWarning: Palette images with Transparency expressed in bytes should be converted to RGBA images
  warnings.warn(
/data/gmar762/anaconda3/envs/treelora/lib/python3.10/site-packages/PIL/Image.py:1137: UserWarning: Palette images with Transparency expressed in bytes should be converted to RGBA images
  warnings.warn(
/data/gmar762/anaconda3/envs/treelora/lib/python3.10/site-packages/PIL/Image.py:1137: UserWarning: Palette images with Transparency expressed in bytes should be converted to RGBA images
  warnings.warn(
/data/gmar762/anaconda3/envs/treelora/lib/python3.10/site-packages/PIL/Image.py:1137: UserWarning: Palette images with Transparency expressed in bytes should be converted to RGBA images
  warnings.warn(
/data/gmar762/anaconda3/envs/treelora/lib/python3.10/site-packages/PIL/Image.py:1137: UserWarning: Palette images with Transparency expressed in bytes should be converted to RGBA images
  warnings.warn(
/data/gmar762/anaconda3/envs/treelora/lib/python3.10/site-packages/PIL/Image.py:1137: UserWarning: Palette images with Transparency expressed in bytes should be converted to RGBA images
  warnings.warn(
/data/gmar762/anaconda3/envs/treelora/lib/python3.10/site-packages/PIL/Image.py:1137: UserWarning: Palette images with Transparency expressed in bytes should be converted to RGBA images
  warnings.warn(
/data/gmar762/anaconda3/envs/treelora/lib/python3.10/site-packages/PIL/Image.py:1137: UserWarning: Palette images with Transparency expressed in bytes should be converted to RGBA images
  warnings.warn(
/data/gmar762/anaconda3/envs/treelora/lib/python3.10/site-packages/PIL/Image.py:1137: UserWarning: Palette images with Transparency expressed in bytes should be converted to RGBA images
  warnings.warn(
/data/gmar762/anaconda3/envs/treelora/lib/python3.10/site-packages/PIL/Image.py:1137: UserWarning: Palette images with Transparency expressed in bytes should be converted to RGBA images
  warnings.warn(
Target rank: 56
Target rank: 79
Target rank: 69
Target rank: 83
Target rank: 86
Target rank: 91
Target rank: 92
Target rank: 102
Target rank: 103
Target rank: 105
Target rank: 113
Target rank: 108
Target rank: 116
Target rank: 110
Target rank: 107
Target rank: 116
Target rank: 83
Target rank: 128
Target rank: 92
Target rank: 128
Target rank: 66
Target rank: 116
Target rank: 30
Target rank: 104
2026-07-27 09:13:53,864 [sketchlora.py] => [SketchDiag] task 138: retained-energy mean=0.995 min=0.993 | ||ΔW||_F mean=7.541 | r_hat mean=95.1 total=2283
Target rank: 56
Target rank: 79
Target rank: 69
Target rank: 83
Target rank: 86
Target rank: 91
Target rank: 92
Target rank: 102
Target rank: 103
Target rank: 105
Target rank: 113
Target rank: 108
Target rank: 116
Target rank: 110
Target rank: 107
Target rank: 116
Target rank: 83
Target rank: 128
Target rank: 92
Target rank: 128
Target rank: 66
Target rank: 116
Target rank: 30
Target rank: 104
2026-07-27 09:14:42,993 [sketchlora.py] => [SketchDiag] task 139: retained-energy mean=0.996 min=0.994 | ||ΔW||_F mean=7.554 | r_hat mean=95.1 total=2283
Target rank: 56
Target rank: 79
Target rank: 69
Target rank: 83
Target rank: 86
Target rank: 91
Target rank: 92
Target rank: 102
Target rank: 103
Target rank: 105
Target rank: 113
Target rank: 108
Target rank: 116
Target rank: 110
Target rank: 107
Target rank: 116
Target rank: 83
Target rank: 128
Target rank: 92
Target rank: 128
Target rank: 66
Target rank: 116
Target rank: 30
Target rank: 104
2026-07-27 09:15:32,038 [sketchlora.py] => [SketchDiag] task 140: retained-energy mean=0.995 min=0.991 | ||ΔW||_F mean=7.587 | r_hat mean=95.1 total=2283
Target rank: 56
Target rank: 79
Target rank: 69
Target rank: 83
Target rank: 86
Target rank: 91
Target rank: 92
Target rank: 102
Target rank: 103
Target rank: 105
Target rank: 113
Target rank: 108
Target rank: 116
Target rank: 110
Target rank: 107
Target rank: 116
Target rank: 83
Target rank: 128
Target rank: 92
Target rank: 128
Target rank: 66
Target rank: 116
Target rank: 30
Target rank: 104
2026-07-27 09:16:21,087 [sketchlora.py] => [SketchDiag] task 141: retained-energy mean=0.995 min=0.994 | ||ΔW||_F mean=7.605 | r_hat mean=95.1 total=2283
Target rank: 56
Target rank: 79
Target rank: 69
Target rank: 83
Target rank: 86
Target rank: 91
Target rank: 92
Target rank: 102
Target rank: 103
Target rank: 105
Target rank: 113
Target rank: 108
Target rank: 116
Target rank: 110
Target rank: 107
Target rank: 116
Target rank: 83
Target rank: 128
Target rank: 92
Target rank: 128
Target rank: 66
Target rank: 116
Target rank: 30
Target rank: 104
2026-07-27 09:17:10,124 [sketchlora.py] => [SketchDiag] task 142: retained-energy mean=0.996 min=0.995 | ||ΔW||_F mean=7.615 | r_hat mean=95.1 total=2283
Target rank: 56
Target rank: 79
Target rank: 69
Target rank: 83
Target rank: 86
Target rank: 91
Target rank: 92
Target rank: 102
Target rank: 103
Target rank: 105
Target rank: 113
Target rank: 108
Target rank: 116
Target rank: 110
Target rank: 107
Target rank: 116
Target rank: 83
Target rank: 128
Target rank: 92
Target rank: 128
Target rank: 66
Target rank: 116
Target rank: 30
Target rank: 104
2026-07-27 09:17:59,006 [sketchlora.py] => [SketchDiag] task 143: retained-energy mean=0.995 min=0.992 | ||ΔW||_F mean=7.646 | r_hat mean=95.1 total=2283
Target rank: 56
Target rank: 79
Target rank: 69
Target rank: 83
Target rank: 86
Target rank: 91
Target rank: 92
Target rank: 102
Target rank: 103
Target rank: 105
Target rank: 113
Target rank: 108
Target rank: 116
Target rank: 110
Target rank: 107
Target rank: 116
Target rank: 83
Target rank: 128
Target rank: 92
Target rank: 128
Target rank: 66
Target rank: 116
Target rank: 30
Target rank: 104
2026-07-27 09:18:48,110 [sketchlora.py] => [SketchDiag] task 144: retained-energy mean=0.996 min=0.995 | ||ΔW||_F mean=7.660 | r_hat mean=95.1 total=2283
Target rank: 56
Target rank: 79
Target rank: 69
Target rank: 83
Target rank: 86
Target rank: 91
Target rank: 92
Target rank: 102
Target rank: 103
Target rank: 105
Target rank: 113
Target rank: 108
Target rank: 116
Target rank: 110
Target rank: 107
Target rank: 116
Target rank: 83
Target rank: 128
Target rank: 92
Target rank: 128
Target rank: 66
Target rank: 116
Target rank: 30
Target rank: 104
2026-07-27 09:19:36,685 [sketchlora.py] => [SketchDiag] task 145: retained-energy mean=0.995 min=0.992 | ||ΔW||_F mean=7.685 | r_hat mean=95.1 total=2283
2026-07-27 09:19:53,661 [bounded_memory_mixin.py] => [bounded_mem eval] volume 0.60 | cycle 145 | classes_seen 610 | CIL top1 38.99 | top5 70.02 | (nearest latent task ~60) | param_hash 64d9bf571fd54ce9 | per-task [11.56, 32.5, 9.14, 20.0, 24.0, 37.19, 42.0, 29.5, 32.0, 33.84, 19.7, 19.29, 49.5, 34.34, 28.5, 31.16, 24.62, 38.5, 21.5, 37.19, 40.2, 50.0, 27.41, 44.16, 27.0, 39.39, 42.21, 55.0, 27.92, 34.0, 29.0, 46.5, 48.5, 52.0, 44.39, 48.24, 40.31, 39.09, 50.25, 16.16, 36.04, 44.22, 29.44, 22.0, 56.0, 46.0, 34.34, 59.18, 40.5, 54.27, 37.69, 68.0, 72.36, 54.04, 58.67, 50.76, 67.84, 21.5, 45.23, 69.85, 32.16]
Target rank: 56
Target rank: 79
Target rank: 69
Target rank: 83
Target rank: 86
Target rank: 91
Target rank: 92
Target rank: 102
Target rank: 103
Target rank: 105
Target rank: 113
Target rank: 108
Target rank: 116
Target rank: 110
Target rank: 107
Target rank: 116
Target rank: 83
Target rank: 128
Target rank: 92
Target rank: 128
Target rank: 66
Target rank: 116
Target rank: 30
Target rank: 104
2026-07-27 09:20:42,898 [sketchlora.py] => [SketchDiag] task 146: retained-energy mean=0.995 min=0.991 | ||ΔW||_F mean=7.719 | r_hat mean=95.1 total=2283
Target rank: 56
Target rank: 79
Target rank: 69
Target rank: 83
Target rank: 86
Target rank: 91
Target rank: 92
Target rank: 102
Target rank: 103
Target rank: 105
Target rank: 113
Target rank: 108
Target rank: 116
Target rank: 110
Target rank: 107
Target rank: 116
Target rank: 83
Target rank: 128
Target rank: 92
Target rank: 128
Target rank: 66
Target rank: 116
Target rank: 30
Target rank: 104
2026-07-27 09:21:31,610 [sketchlora.py] => [SketchDiag] task 147: retained-energy mean=0.995 min=0.992 | ||ΔW||_F mean=7.743 | r_hat mean=95.1 total=2283
Target rank: 56
Target rank: 79
Target rank: 69
Target rank: 83
Target rank: 86
Target rank: 91
Target rank: 92
Target rank: 102
Target rank: 103
Target rank: 105
Target rank: 113
Target rank: 108
Target rank: 116
Target rank: 110
Target rank: 107
Target rank: 116
Target rank: 83
Target rank: 128
Target rank: 92
Target rank: 128
Target rank: 66
Target rank: 116
Target rank: 30
Target rank: 104
2026-07-27 09:22:19,737 [sketchlora.py] => [SketchDiag] task 148: retained-energy mean=0.995 min=0.991 | ||ΔW||_F mean=7.767 | r_hat mean=95.1 total=2283
Target rank: 56
Target rank: 79
Target rank: 69
Target rank: 83
Target rank: 86
Target rank: 91
Target rank: 92
Target rank: 102
Target rank: 103
Target rank: 105
Target rank: 113
Target rank: 108
Target rank: 116
Target rank: 110
Target rank: 107
Target rank: 116
Target rank: 83
Target rank: 128
Target rank: 92
Target rank: 128
Target rank: 66
Target rank: 116
Target rank: 30
Target rank: 104
2026-07-27 09:23:08,568 [sketchlora.py] => [SketchDiag] task 149: retained-energy mean=0.996 min=0.994 | ||ΔW||_F mean=7.782 | r_hat mean=95.1 total=2283
Target rank: 56
Target rank: 79
Target rank: 69
Target rank: 83
Target rank: 86
Target rank: 91
Target rank: 92
Target rank: 102
Target rank: 103
Target rank: 105
Target rank: 113
Target rank: 108
Target rank: 116
Target rank: 110
Target rank: 107
Target rank: 116
Target rank: 83
Target rank: 128
Target rank: 92
Target rank: 128
Target rank: 66
Target rank: 116
Target rank: 30
Target rank: 104
2026-07-27 09:23:57,353 [sketchlora.py] => [SketchDiag] task 150: retained-energy mean=0.995 min=0.992 | ||ΔW||_F mean=7.813 | r_hat mean=95.1 total=2283
Target rank: 56
Target rank: 79
Target rank: 69
Target rank: 83
Target rank: 86
Target rank: 91
Target rank: 92
Target rank: 102
Target rank: 103
Target rank: 105
Target rank: 113
Target rank: 108
Target rank: 116
Target rank: 110
Target rank: 107
Target rank: 116
Target rank: 83
Target rank: 128
Target rank: 92
Target rank: 128
Target rank: 66
Target rank: 116
Target rank: 30
Target rank: 104
2026-07-27 09:24:44,951 [sketchlora.py] => [SketchDiag] task 151: retained-energy mean=0.996 min=0.994 | ||ΔW||_F mean=7.828 | r_hat mean=95.1 total=2283
Target rank: 56
Target rank: 79
Target rank: 69
Target rank: 83
Target rank: 86
Target rank: 91
Target rank: 92
Target rank: 102
Target rank: 103
Target rank: 105
Target rank: 113
Target rank: 108
Target rank: 116
Target rank: 110
Target rank: 107
Target rank: 116
Target rank: 83
Target rank: 128
Target rank: 92
Target rank: 128
Target rank: 66
Target rank: 116
Target rank: 30
Target rank: 104
2026-07-27 09:25:33,842 [sketchlora.py] => [SketchDiag] task 152: retained-energy mean=0.995 min=0.992 | ||ΔW||_F mean=7.849 | r_hat mean=95.1 total=2283
Target rank: 56
Target rank: 79
Target rank: 69
Target rank: 83
Target rank: 86
Target rank: 91
Target rank: 92
Target rank: 102
Target rank: 103
Target rank: 105
Target rank: 113
Target rank: 108
Target rank: 116
Target rank: 110
Target rank: 107
Target rank: 116
Target rank: 83
Target rank: 128
Target rank: 92
Target rank: 128
Target rank: 66
Target rank: 116
Target rank: 30
Target rank: 104
2026-07-27 09:26:22,132 [sketchlora.py] => [SketchDiag] task 153: retained-energy mean=0.996 min=0.994 | ||ΔW||_F mean=7.867 | r_hat mean=95.1 total=2283
Target rank: 56
Target rank: 79
Target rank: 69
Target rank: 83
Target rank: 86
Target rank: 91
Target rank: 92
Target rank: 102
Target rank: 103
Target rank: 105
Target rank: 113
Target rank: 108
Target rank: 116
Target rank: 110
Target rank: 107
Target rank: 116
Target rank: 83
Target rank: 128
Target rank: 92
Target rank: 128
Target rank: 66
Target rank: 116
Target rank: 30
Target rank: 104
2026-07-27 09:27:10,897 [sketchlora.py] => [SketchDiag] task 154: retained-energy mean=0.996 min=0.995 | ||ΔW||_F mean=7.887 | r_hat mean=95.1 total=2283
Target rank: 56
Target rank: 79
Target rank: 69
Target rank: 83
Target rank: 86
Target rank: 91
Target rank: 92
Target rank: 102
Target rank: 103
Target rank: 105
Target rank: 113
Target rank: 108
Target rank: 116
Target rank: 110
Target rank: 107
Target rank: 116
Target rank: 83
Target rank: 128
Target rank: 92
Target rank: 128
Target rank: 66
Target rank: 116
Target rank: 30
Target rank: 104
2026-07-27 09:27:59,904 [sketchlora.py] => [SketchDiag] task 155: retained-energy mean=0.996 min=0.993 | ||ΔW||_F mean=7.912 | r_hat mean=95.1 total=2283
Target rank: 56
Target rank: 79
Target rank: 69
Target rank: 83
Target rank: 86
Target rank: 91
Target rank: 92
Target rank: 102
Target rank: 103
Target rank: 105
Target rank: 113
Target rank: 108
Target rank: 116
Target rank: 110
Target rank: 107
Target rank: 116
Target rank: 83
Target rank: 128
Target rank: 92
Target rank: 128
Target rank: 66
Target rank: 116
Target rank: 30
Target rank: 104
2026-07-27 09:28:48,861 [sketchlora.py] => [SketchDiag] task 156: retained-energy mean=0.996 min=0.994 | ||ΔW||_F mean=7.932 | r_hat mean=95.1 total=2283
Target rank: 56
Target rank: 79
Target rank: 69
Target rank: 83
Target rank: 86
Target rank: 91
Target rank: 92
Target rank: 102
Target rank: 103
Target rank: 105
Target rank: 113
Target rank: 108
Target rank: 116
Target rank: 110
Target rank: 107
Target rank: 116
Target rank: 83
Target rank: 128
Target rank: 92
Target rank: 128
Target rank: 66
Target rank: 116
Target rank: 30
Target rank: 104
2026-07-27 09:29:38,254 [sketchlora.py] => [SketchDiag] task 157: retained-energy mean=0.996 min=0.994 | ||ΔW||_F mean=7.951 | r_hat mean=95.1 total=2283
Target rank: 56
Target rank: 79
Target rank: 69
Target rank: 83
Target rank: 86
Target rank: 91
Target rank: 92
Target rank: 102
Target rank: 103
Target rank: 105
Target rank: 113
Target rank: 108
Target rank: 116
Target rank: 110
Target rank: 107
Target rank: 116
Target rank: 83
Target rank: 128
Target rank: 92
Target rank: 128
Target rank: 66
Target rank: 116
Target rank: 30
Target rank: 104
2026-07-27 09:30:27,217 [sketchlora.py] => [SketchDiag] task 158: retained-energy mean=0.996 min=0.994 | ||ΔW||_F mean=7.966 | r_hat mean=95.1 total=2283
Target rank: 56
Target rank: 79
Target rank: 69
Target rank: 83
Target rank: 86
Target rank: 91
Target rank: 92
Target rank: 102
Target rank: 103
Target rank: 105
Target rank: 113
Target rank: 108
Target rank: 116
Target rank: 110
Target rank: 107
Target rank: 116
Target rank: 83
Target rank: 128
Target rank: 92
Target rank: 128
Target rank: 66
Target rank: 116
Target rank: 30
Target rank: 104
2026-07-27 09:31:16,024 [sketchlora.py] => [SketchDiag] task 159: retained-energy mean=0.996 min=0.991 | ||ΔW||_F mean=7.990 | r_hat mean=95.1 total=2283
Target rank: 56
Target rank: 79
Target rank: 69
Target rank: 83
Target rank: 86
Target rank: 91
Target rank: 92
Target rank: 102
Target rank: 103
Target rank: 105
Target rank: 113
Target rank: 108
Target rank: 116
Target rank: 110
Target rank: 107
Target rank: 116
Target rank: 83
Target rank: 128
Target rank: 92
Target rank: 128
Target rank: 66
Target rank: 116
Target rank: 30
Target rank: 104
2026-07-27 09:32:03,648 [sketchlora.py] => [SketchDiag] task 160: retained-energy mean=0.996 min=0.995 | ||ΔW||_F mean=8.004 | r_hat mean=95.1 total=2283
Target rank: 56
Target rank: 79
Target rank: 69
Target rank: 83
Target rank: 86
Target rank: 91
Target rank: 92
Target rank: 102
Target rank: 103
Target rank: 105
Target rank: 113
Target rank: 108
Target rank: 116
Target rank: 110
Target rank: 107
Target rank: 116
Target rank: 83
Target rank: 128
Target rank: 92
Target rank: 128
Target rank: 66
Target rank: 116
Target rank: 30
Target rank: 104
2026-07-27 09:32:52,947 [sketchlora.py] => [SketchDiag] task 161: retained-energy mean=0.996 min=0.995 | ||ΔW||_F mean=8.021 | r_hat mean=95.1 total=2283
Target rank: 56
Target rank: 79
Target rank: 69
Target rank: 83
Target rank: 86
Target rank: 91
Target rank: 92
Target rank: 102
Target rank: 103
Target rank: 105
Target rank: 113
Target rank: 108
Target rank: 116
Target rank: 110
Target rank: 107
Target rank: 116
Target rank: 83
Target rank: 128
Target rank: 92
Target rank: 128
Target rank: 66
Target rank: 116
Target rank: 30
Target rank: 104
2026-07-27 09:33:40,799 [sketchlora.py] => [SketchDiag] task 162: retained-energy mean=0.995 min=0.991 | ||ΔW||_F mean=8.057 | r_hat mean=95.1 total=2283
Target rank: 56
Target rank: 79
Target rank: 69
Target rank: 83
Target rank: 86
Target rank: 91
Target rank: 92
Target rank: 102
Target rank: 103
Target rank: 105
Target rank: 113
Target rank: 108
Target rank: 116
Target rank: 110
Target rank: 107
Target rank: 116
Target rank: 83
Target rank: 128
Target rank: 92
Target rank: 128
Target rank: 66
Target rank: 116
Target rank: 30
Target rank: 104
2026-07-27 09:34:29,400 [sketchlora.py] => [SketchDiag] task 163: retained-energy mean=0.995 min=0.993 | ||ΔW||_F mean=8.082 | r_hat mean=95.1 total=2283
Target rank: 56
Target rank: 79
Target rank: 69
Target rank: 83
Target rank: 86
Target rank: 91
Target rank: 92
Target rank: 102
Target rank: 103
Target rank: 105
Target rank: 113
Target rank: 108
Target rank: 116
Target rank: 110
Target rank: 107
Target rank: 116
Target rank: 83
Target rank: 128
Target rank: 92
Target rank: 128
Target rank: 66
Target rank: 116
Target rank: 30
Target rank: 104
2026-07-27 09:35:17,667 [sketchlora.py] => [SketchDiag] task 164: retained-energy mean=0.995 min=0.992 | ||ΔW||_F mean=8.111 | r_hat mean=95.1 total=2283
Target rank: 56
Target rank: 79
Target rank: 69
Target rank: 83
Target rank: 86
Target rank: 91
Target rank: 92
Target rank: 102
Target rank: 103
Target rank: 105
Target rank: 113
Target rank: 108
Target rank: 116
Target rank: 110
Target rank: 107
Target rank: 116
Target rank: 83
Target rank: 128
Target rank: 92
Target rank: 128
Target rank: 66
Target rank: 116
Target rank: 30
Target rank: 104
2026-07-27 09:36:06,581 [sketchlora.py] => [SketchDiag] task 165: retained-energy mean=0.995 min=0.993 | ||ΔW||_F mean=8.129 | r_hat mean=95.1 total=2283
Target rank: 56
Target rank: 79
Target rank: 69
Target rank: 83
Target rank: 86
Target rank: 91
Target rank: 92
Target rank: 102
Target rank: 103
Target rank: 105
Target rank: 113
Target rank: 108
Target rank: 116
Target rank: 110
Target rank: 107
Target rank: 116
Target rank: 83
Target rank: 128
Target rank: 92
Target rank: 128
Target rank: 66
Target rank: 116
Target rank: 30
Target rank: 104
2026-07-27 09:36:55,571 [sketchlora.py] => [SketchDiag] task 166: retained-energy mean=0.995 min=0.993 | ||ΔW||_F mean=8.156 | r_hat mean=95.1 total=2283
Target rank: 56
Target rank: 79
Target rank: 69
Target rank: 83
Target rank: 86
Target rank: 91
Target rank: 92
Target rank: 102
Target rank: 103
Target rank: 105
Target rank: 113
Target rank: 108
Target rank: 116
Target rank: 110
Target rank: 107
Target rank: 116
Target rank: 83
Target rank: 128
Target rank: 92
Target rank: 128
Target rank: 66
Target rank: 116
Target rank: 30
Target rank: 104
2026-07-27 09:37:44,497 [sketchlora.py] => [SketchDiag] task 167: retained-energy mean=0.997 min=0.996 | ||ΔW||_F mean=8.164 | r_hat mean=95.1 total=2283
Target rank: 56
Target rank: 79
Target rank: 69
Target rank: 83
Target rank: 86
Target rank: 91
Target rank: 92
Target rank: 102
Target rank: 103
Target rank: 105
Target rank: 113
Target rank: 108
Target rank: 116
Target rank: 110
Target rank: 107
Target rank: 116
Target rank: 83
Target rank: 128
Target rank: 92
Target rank: 128
Target rank: 66
Target rank: 116
Target rank: 30
Target rank: 104
2026-07-27 09:38:32,710 [sketchlora.py] => [SketchDiag] task 168: retained-energy mean=0.997 min=0.996 | ||ΔW||_F mean=8.177 | r_hat mean=95.1 total=2283
Target rank: 56
Target rank: 79
Target rank: 69
Target rank: 83
Target rank: 86
Target rank: 91
Target rank: 92
Target rank: 102
Target rank: 103
Target rank: 105
Target rank: 113
Target rank: 108
Target rank: 116
Target rank: 110
Target rank: 107
Target rank: 116
Target rank: 83
Target rank: 128
Target rank: 92
Target rank: 128
Target rank: 66
Target rank: 116
Target rank: 30
Target rank: 104
2026-07-27 09:39:21,453 [sketchlora.py] => [SketchDiag] task 169: retained-energy mean=0.996 min=0.993 | ||ΔW||_F mean=8.203 | r_hat mean=95.1 total=2283
2026-07-27 09:39:41,625 [bounded_memory_mixin.py] => [bounded_mem eval] volume 0.70 | cycle 169 | classes_seen 710 | CIL top1 34.81 | top5 65.99 | (nearest latent task ~70) | param_hash 70fcad8f27cad730 | per-task [12.56, 30.0, 8.63, 16.41, 15.0, 32.16, 34.0, 28.0, 17.0, 30.81, 17.17, 15.23, 46.0, 18.18, 26.5, 27.14, 25.13, 35.0, 20.5, 29.65, 33.67, 33.5, 21.83, 47.21, 14.0, 36.36, 29.15, 50.5, 24.37, 30.0, 26.0, 42.5, 45.0, 48.0, 34.69, 43.22, 35.71, 38.58, 38.19, 18.18, 23.35, 31.66, 23.35, 12.5, 49.5, 38.0, 30.81, 53.57, 35.5, 44.22, 27.64, 56.0, 59.3, 45.96, 43.88, 44.67, 58.29, 12.0, 41.71, 66.83, 51.76, 4.04, 44.22, 50.51, 42.78, 58.79, 46.23, 59.8, 43.59, 56.06, 39.2]
Target rank: 56
Target rank: 79
Target rank: 69
Target rank: 83
Target rank: 86
Target rank: 91
Target rank: 92
Target rank: 102
Target rank: 103
Target rank: 105
Target rank: 113
Target rank: 108
Target rank: 116
Target rank: 110
Target rank: 107
Target rank: 116
Target rank: 83
Target rank: 128
Target rank: 92
Target rank: 128
Target rank: 66
Target rank: 116
Target rank: 30
Target rank: 104
2026-07-27 09:40:30,374 [sketchlora.py] => [SketchDiag] task 170: retained-energy mean=0.996 min=0.994 | ||ΔW||_F mean=8.219 | r_hat mean=95.1 total=2283
Target rank: 56
Target rank: 79
Target rank: 69
Target rank: 83
Target rank: 86
Target rank: 91
Target rank: 92
Target rank: 102
Target rank: 103
Target rank: 105
Target rank: 113
Target rank: 108
Target rank: 116
Target rank: 110
Target rank: 107
Target rank: 116
Target rank: 83
Target rank: 128
Target rank: 92
Target rank: 128
Target rank: 66
Target rank: 116
Target rank: 30
Target rank: 104
2026-07-27 09:41:19,760 [sketchlora.py] => [SketchDiag] task 171: retained-energy mean=0.996 min=0.994 | ||ΔW||_F mean=8.236 | r_hat mean=95.1 total=2283
Target rank: 56
Target rank: 79
Target rank: 69
Target rank: 83
Target rank: 86
Target rank: 91
Target rank: 92
Target rank: 102
Target rank: 103
Target rank: 105
Target rank: 113
Target rank: 108
Target rank: 116
Target rank: 110
Target rank: 107
Target rank: 116
Target rank: 83
Target rank: 128
Target rank: 92
Target rank: 128
Target rank: 66
Target rank: 116
Target rank: 30
Target rank: 104
2026-07-27 09:42:09,599 [sketchlora.py] => [SketchDiag] task 172: retained-energy mean=0.996 min=0.993 | ||ΔW||_F mean=8.254 | r_hat mean=95.1 total=2283
Target rank: 56
Target rank: 79
Target rank: 69
Target rank: 83
Target rank: 86
Target rank: 91
Target rank: 92
Target rank: 102
Target rank: 103
Target rank: 105
Target rank: 113
Target rank: 108
Target rank: 116
Target rank: 110
Target rank: 107
Target rank: 116
Target rank: 83
Target rank: 128
Target rank: 92
Target rank: 128
Target rank: 66
Target rank: 116
Target rank: 30
Target rank: 104
2026-07-27 09:42:57,751 [sketchlora.py] => [SketchDiag] task 173: retained-energy mean=0.996 min=0.994 | ||ΔW||_F mean=8.269 | r_hat mean=95.1 total=2283
Target rank: 56
Target rank: 79
Target rank: 69
Target rank: 83
Target rank: 86
Target rank: 91
Target rank: 92
Target rank: 102
Target rank: 103
Target rank: 105
Target rank: 113
Target rank: 108
Target rank: 116
Target rank: 110
Target rank: 107
Target rank: 116
Target rank: 83
Target rank: 128
Target rank: 92
Target rank: 128
Target rank: 66
Target rank: 116
Target rank: 30
Target rank: 104
2026-07-27 09:43:46,462 [sketchlora.py] => [SketchDiag] task 174: retained-energy mean=0.996 min=0.992 | ||ΔW||_F mean=8.298 | r_hat mean=95.1 total=2283
Target rank: 56
Target rank: 79
Target rank: 69
Target rank: 83
Target rank: 86
Target rank: 91
Target rank: 92
Target rank: 102
Target rank: 103
Target rank: 105
Target rank: 113
Target rank: 108
Target rank: 116
Target rank: 110
Target rank: 107
Target rank: 116
Target rank: 83
Target rank: 128
Target rank: 92
Target rank: 128
Target rank: 66
Target rank: 116
Target rank: 30
Target rank: 104
2026-07-27 09:44:34,793 [sketchlora.py] => [SketchDiag] task 175: retained-energy mean=0.996 min=0.995 | ||ΔW||_F mean=8.314 | r_hat mean=95.1 total=2283
Target rank: 56
Target rank: 79
Target rank: 69
Target rank: 83
Target rank: 86
Target rank: 91
Target rank: 92
Target rank: 102
Target rank: 103
Target rank: 105
Target rank: 113
Target rank: 108
Target rank: 116
Target rank: 110
Target rank: 107
Target rank: 116
Target rank: 83
Target rank: 128
Target rank: 92
Target rank: 128
Target rank: 66
Target rank: 116
Target rank: 30
Target rank: 104
2026-07-27 09:45:23,066 [sketchlora.py] => [SketchDiag] task 176: retained-energy mean=0.996 min=0.992 | ||ΔW||_F mean=8.339 | r_hat mean=95.1 total=2283
Target rank: 56
Target rank: 79
Target rank: 69
Target rank: 83
Target rank: 86
Target rank: 91
Target rank: 92
Target rank: 102
Target rank: 103
Target rank: 105
Target rank: 113
Target rank: 108
Target rank: 116
Target rank: 110
Target rank: 107
Target rank: 116
Target rank: 83
Target rank: 128
Target rank: 92
Target rank: 128
Target rank: 66
Target rank: 116
Target rank: 30
Target rank: 104
2026-07-27 09:46:11,690 [sketchlora.py] => [SketchDiag] task 177: retained-energy mean=0.996 min=0.994 | ||ΔW||_F mean=8.361 | r_hat mean=95.1 total=2283
Target rank: 56
Target rank: 79
Target rank: 69
Target rank: 83
Target rank: 86
Target rank: 91
Target rank: 92
Target rank: 102
Target rank: 103
Target rank: 105
Target rank: 113
Target rank: 108
Target rank: 116
Target rank: 110
Target rank: 107
Target rank: 116
Target rank: 83
Target rank: 128
Target rank: 92
Target rank: 128
Target rank: 66
Target rank: 116
Target rank: 30
Target rank: 104
2026-07-27 09:47:00,760 [sketchlora.py] => [SketchDiag] task 178: retained-energy mean=0.996 min=0.993 | ||ΔW||_F mean=8.379 | r_hat mean=95.1 total=2283
Target rank: 56
Target rank: 79
Target rank: 69
Target rank: 83
Target rank: 86
Target rank: 91
Target rank: 92
Target rank: 102
Target rank: 103
Target rank: 105
Target rank: 113
Target rank: 108
Target rank: 116
Target rank: 110
Target rank: 107
Target rank: 116
Target rank: 83
Target rank: 128
Target rank: 92
Target rank: 128
Target rank: 66
Target rank: 116
Target rank: 30
Target rank: 104
2026-07-27 09:47:48,753 [sketchlora.py] => [SketchDiag] task 179: retained-energy mean=0.996 min=0.993 | ||ΔW||_F mean=8.404 | r_hat mean=95.1 total=2283
Target rank: 56
Target rank: 79
Target rank: 69
Target rank: 83
Target rank: 86
Target rank: 91
Target rank: 92
Target rank: 102
Target rank: 103
Target rank: 105
Target rank: 113
Target rank: 108
Target rank: 116
Target rank: 110
Target rank: 107
Target rank: 116
Target rank: 83
Target rank: 128
Target rank: 92
Target rank: 128
Target rank: 66
Target rank: 116
Target rank: 30
Target rank: 104
2026-07-27 09:48:38,009 [sketchlora.py] => [SketchDiag] task 180: retained-energy mean=0.996 min=0.995 | ||ΔW||_F mean=8.417 | r_hat mean=95.1 total=2283
Target rank: 56
Target rank: 79
Target rank: 69
Target rank: 83
Target rank: 86
Target rank: 91
Target rank: 92
Target rank: 102
Target rank: 103
Target rank: 105
Target rank: 113
Target rank: 108
Target rank: 116
Target rank: 110
Target rank: 107
Target rank: 116
Target rank: 83
Target rank: 128
Target rank: 92
Target rank: 128
Target rank: 66
Target rank: 116
Target rank: 30
Target rank: 104
2026-07-27 09:49:25,523 [sketchlora.py] => [SketchDiag] task 181: retained-energy mean=0.996 min=0.993 | ||ΔW||_F mean=8.448 | r_hat mean=95.1 total=2283
Target rank: 56
Target rank: 79
Target rank: 69
Target rank: 83
Target rank: 86
Target rank: 91
Target rank: 92
Target rank: 102
Target rank: 103
Target rank: 105
Target rank: 113
Target rank: 108
Target rank: 116
Target rank: 110
Target rank: 107
Target rank: 116
Target rank: 83
Target rank: 128
Target rank: 92
Target rank: 128
Target rank: 66
Target rank: 116
Target rank: 30
Target rank: 104
2026-07-27 09:50:12,633 [sketchlora.py] => [SketchDiag] task 182: retained-energy mean=0.997 min=0.995 | ||ΔW||_F mean=8.454 | r_hat mean=95.1 total=2283
Target rank: 56
Target rank: 79
Target rank: 69
Target rank: 83
Target rank: 86
Target rank: 91
Target rank: 92
Target rank: 102
Target rank: 103
Target rank: 105
Target rank: 113
Target rank: 108
Target rank: 116
Target rank: 110
Target rank: 107
Target rank: 116
Target rank: 83
Target rank: 128
Target rank: 92
Target rank: 128
Target rank: 66
Target rank: 116
Target rank: 30
Target rank: 104
2026-07-27 09:51:01,219 [sketchlora.py] => [SketchDiag] task 183: retained-energy mean=0.997 min=0.996 | ||ΔW||_F mean=8.462 | r_hat mean=95.1 total=2283
Target rank: 56
Target rank: 79
Target rank: 69
Target rank: 83
Target rank: 86
Target rank: 91
Target rank: 92
Target rank: 102
Target rank: 103
Target rank: 105
Target rank: 113
Target rank: 108
Target rank: 116
Target rank: 110
Target rank: 107
Target rank: 116
Target rank: 83
Target rank: 128
Target rank: 92
Target rank: 128
Target rank: 66
Target rank: 116
Target rank: 30
Target rank: 104
2026-07-27 09:51:49,379 [sketchlora.py] => [SketchDiag] task 184: retained-energy mean=0.996 min=0.992 | ||ΔW||_F mean=8.488 | r_hat mean=95.1 total=2283
Target rank: 56
Target rank: 79
Target rank: 69
Target rank: 83
Target rank: 86
Target rank: 91
Target rank: 92
Target rank: 102
Target rank: 103
Target rank: 105
Target rank: 113
Target rank: 108
Target rank: 116
Target rank: 110
Target rank: 107
Target rank: 116
Target rank: 83
Target rank: 128
Target rank: 92
Target rank: 128
Target rank: 66
Target rank: 116
Target rank: 30
Target rank: 104
2026-07-27 09:52:37,752 [sketchlora.py] => [SketchDiag] task 185: retained-energy mean=0.997 min=0.995 | ||ΔW||_F mean=8.499 | r_hat mean=95.1 total=2283
Target rank: 56
Target rank: 79
Target rank: 69
Target rank: 83
Target rank: 86
Target rank: 91
Target rank: 92
Target rank: 102
Target rank: 103
Target rank: 105
Target rank: 113
Target rank: 108
Target rank: 116
Target rank: 110
Target rank: 107
Target rank: 116
Target rank: 83
Target rank: 128
Target rank: 92
Target rank: 128
Target rank: 66
Target rank: 116
Target rank: 30
Target rank: 104
2026-07-27 09:53:26,352 [sketchlora.py] => [SketchDiag] task 186: retained-energy mean=0.996 min=0.993 | ||ΔW||_F mean=8.522 | r_hat mean=95.1 total=2283
Target rank: 56
Target rank: 79
Target rank: 69
Target rank: 83
Target rank: 86
Target rank: 91
Target rank: 92
Target rank: 102
Target rank: 103
Target rank: 105
Target rank: 113
Target rank: 108
Target rank: 116
Target rank: 110
Target rank: 107
Target rank: 116
Target rank: 83
Target rank: 128
Target rank: 92
Target rank: 128
Target rank: 66
Target rank: 116
Target rank: 30
Target rank: 104
2026-07-27 09:54:14,531 [sketchlora.py] => [SketchDiag] task 187: retained-energy mean=0.996 min=0.996 | ||ΔW||_F mean=8.534 | r_hat mean=95.1 total=2283
Target rank: 56
Target rank: 79
Target rank: 69
Target rank: 83
Target rank: 86
Target rank: 91
Target rank: 92
Target rank: 102
Target rank: 103
Target rank: 105
Target rank: 113
Target rank: 108
Target rank: 116
Target rank: 110
Target rank: 107
Target rank: 116
Target rank: 83
Target rank: 128
Target rank: 92
Target rank: 128
Target rank: 66
Target rank: 116
Target rank: 30
Target rank: 104
2026-07-27 09:55:03,842 [sketchlora.py] => [SketchDiag] task 188: retained-energy mean=0.996 min=0.996 | ||ΔW||_F mean=8.550 | r_hat mean=95.1 total=2283
Target rank: 56
Target rank: 79
Target rank: 69
Target rank: 83
Target rank: 86
Target rank: 91
Target rank: 92
Target rank: 102
Target rank: 103
Target rank: 105
Target rank: 113
Target rank: 108
Target rank: 116
Target rank: 110
Target rank: 107
Target rank: 116
Target rank: 83
Target rank: 128
Target rank: 92
Target rank: 128
Target rank: 66
Target rank: 116
Target rank: 30
Target rank: 104
2026-07-27 09:55:51,966 [sketchlora.py] => [SketchDiag] task 189: retained-energy mean=0.996 min=0.992 | ||ΔW||_F mean=8.575 | r_hat mean=95.1 total=2283
Target rank: 56
Target rank: 79
Target rank: 69
Target rank: 83
Target rank: 86
Target rank: 91
Target rank: 92
Target rank: 102
Target rank: 103
Target rank: 105
Target rank: 113
Target rank: 108
Target rank: 116
Target rank: 110
Target rank: 107
Target rank: 116
Target rank: 83
Target rank: 128
Target rank: 92
Target rank: 128
Target rank: 66
Target rank: 116
Target rank: 30
Target rank: 104
2026-07-27 09:56:40,459 [sketchlora.py] => [SketchDiag] task 190: retained-energy mean=0.996 min=0.995 | ||ΔW||_F mean=8.588 | r_hat mean=95.1 total=2283
Target rank: 56
Target rank: 79
Target rank: 69
Target rank: 83
Target rank: 86
Target rank: 91
Target rank: 92
Target rank: 102
Target rank: 103
Target rank: 105
Target rank: 113
Target rank: 108
Target rank: 116
Target rank: 110
Target rank: 107
Target rank: 116
Target rank: 83
Target rank: 128
Target rank: 92
Target rank: 128
Target rank: 66
Target rank: 116
Target rank: 30
Target rank: 104
2026-07-27 09:57:29,615 [sketchlora.py] => [SketchDiag] task 191: retained-energy mean=0.996 min=0.992 | ||ΔW||_F mean=8.614 | r_hat mean=95.1 total=2283
Target rank: 56
Target rank: 79
Target rank: 69
Target rank: 83
Target rank: 86
Target rank: 91
Target rank: 92
Target rank: 102
Target rank: 103
Target rank: 105
Target rank: 113
Target rank: 108
Target rank: 116
Target rank: 110
Target rank: 107
Target rank: 116
Target rank: 83
Target rank: 128
Target rank: 92
Target rank: 128
Target rank: 66
Target rank: 116
Target rank: 30
Target rank: 104
2026-07-27 09:58:18,598 [sketchlora.py] => [SketchDiag] task 192: retained-energy mean=0.996 min=0.995 | ||ΔW||_F mean=8.626 | r_hat mean=95.1 total=2283
Target rank: 56
Target rank: 79
Target rank: 69
Target rank: 83
Target rank: 86
Target rank: 91
Target rank: 92
Target rank: 102
Target rank: 103
Target rank: 105
Target rank: 113
Target rank: 108
Target rank: 116
Target rank: 110
Target rank: 107
Target rank: 116
Target rank: 83
Target rank: 128
Target rank: 92
Target rank: 128
Target rank: 66
Target rank: 116
Target rank: 30
Target rank: 104
2026-07-27 09:59:07,098 [sketchlora.py] => [SketchDiag] task 193: retained-energy mean=0.996 min=0.993 | ||ΔW||_F mean=8.652 | r_hat mean=95.1 total=2283
2026-07-27 09:59:29,604 [bounded_memory_mixin.py] => [bounded_mem eval] volume 0.80 | cycle 193 | classes_seen 810 | CIL top1 33.05 | top5 63.67 | (nearest latent task ~80) | param_hash cbe52ea1fb006635 | per-task [7.04, 24.0, 5.08, 7.18, 8.5, 20.1, 33.0, 20.5, 16.0, 27.78, 14.65, 7.61, 43.0, 13.64, 24.0, 21.61, 17.59, 35.5, 11.0, 27.14, 29.15, 33.0, 19.8, 41.62, 6.5, 29.8, 25.13, 47.0, 18.78, 23.5, 24.0, 42.0, 40.5, 37.5, 35.2, 41.21, 37.24, 27.41, 40.2, 19.19, 23.35, 22.11, 24.37, 13.0, 43.0, 32.5, 25.76, 39.8, 27.0, 36.68, 20.1, 46.0, 63.32, 35.35, 36.73, 37.06, 55.28, 16.5, 32.16, 61.81, 45.23, 1.52, 41.21, 37.76, 32.47, 46.23, 43.72, 52.26, 38.46, 48.48, 60.3, 33.67, 76.14, 34.69, 48.5, 47.0, 72.36, 67.84, 37.56, 66.67, 49.24]
Target rank: 56
Target rank: 79
Target rank: 69
Target rank: 83
Target rank: 86
Target rank: 91
Target rank: 92
Target rank: 102
Target rank: 103
Target rank: 105
Target rank: 113
Target rank: 108
Target rank: 116
Target rank: 110
Target rank: 107
Target rank: 116
Target rank: 83
Target rank: 128
Target rank: 92
Target rank: 128
Target rank: 66
Target rank: 116
Target rank: 30
Target rank: 104
2026-07-27 10:00:18,600 [sketchlora.py] => [SketchDiag] task 194: retained-energy mean=0.997 min=0.995 | ||ΔW||_F mean=8.665 | r_hat mean=95.1 total=2283
Target rank: 56
Target rank: 79
Target rank: 69
Target rank: 83
Target rank: 86
Target rank: 91
Target rank: 92
Target rank: 102
Target rank: 103
Target rank: 105
Target rank: 113
Target rank: 108
Target rank: 116
Target rank: 110
Target rank: 107
Target rank: 116
Target rank: 83
Target rank: 128
Target rank: 92
Target rank: 128
Target rank: 66
Target rank: 116
Target rank: 30
Target rank: 104
2026-07-27 10:01:07,668 [sketchlora.py] => [SketchDiag] task 195: retained-energy mean=0.996 min=0.994 | ||ΔW||_F mean=8.684 | r_hat mean=95.1 total=2283
Target rank: 56
Target rank: 79
Target rank: 69
Target rank: 83
Target rank: 86
Target rank: 91
Target rank: 92
Target rank: 102
Target rank: 103
Target rank: 105
Target rank: 113
Target rank: 108
Target rank: 116
Target rank: 110
Target rank: 107
Target rank: 116
Target rank: 83
Target rank: 128
Target rank: 92
Target rank: 128
Target rank: 66
Target rank: 116
Target rank: 30
Target rank: 104
2026-07-27 10:01:56,340 [sketchlora.py] => [SketchDiag] task 196: retained-energy mean=0.997 min=0.995 | ||ΔW||_F mean=8.699 | r_hat mean=95.1 total=2283
Target rank: 56
Target rank: 79
Target rank: 69
Target rank: 83
Target rank: 86
Target rank: 91
Target rank: 92
Target rank: 102
Target rank: 103
Target rank: 105
Target rank: 113
Target rank: 108
Target rank: 116
Target rank: 110
Target rank: 107
Target rank: 116
Target rank: 83
Target rank: 128
Target rank: 92
Target rank: 128
Target rank: 66
Target rank: 116
Target rank: 30
Target rank: 104
2026-07-27 10:02:43,309 [sketchlora.py] => [SketchDiag] task 197: retained-energy mean=0.997 min=0.996 | ||ΔW||_F mean=8.708 | r_hat mean=95.1 total=2283
Target rank: 56
Target rank: 79
Target rank: 69
Target rank: 83
Target rank: 86
Target rank: 91
Target rank: 92
Target rank: 102
Target rank: 103
Target rank: 105
Target rank: 113
Target rank: 108
Target rank: 116
Target rank: 110
Target rank: 107
Target rank: 116
Target rank: 83
Target rank: 128
Target rank: 92
Target rank: 128
Target rank: 66
Target rank: 116
Target rank: 30
Target rank: 104
2026-07-27 10:03:31,950 [sketchlora.py] => [SketchDiag] task 198: retained-energy mean=0.996 min=0.993 | ||ΔW||_F mean=8.740 | r_hat mean=95.1 total=2283
Target rank: 56
Target rank: 79
Target rank: 69
Target rank: 83
Target rank: 86
Target rank: 91
Target rank: 92
Target rank: 102
Target rank: 103
Target rank: 105
Target rank: 113
Target rank: 108
Target rank: 116
Target rank: 110
Target rank: 107
Target rank: 116
Target rank: 83
Target rank: 128
Target rank: 92
Target rank: 128
Target rank: 66
Target rank: 116
Target rank: 30
Target rank: 104
2026-07-27 10:04:20,927 [sketchlora.py] => [SketchDiag] task 199: retained-energy mean=0.997 min=0.995 | ||ΔW||_F mean=8.753 | r_hat mean=95.1 total=2283
Target rank: 56
Target rank: 79
Target rank: 69
Target rank: 83
Target rank: 86
Target rank: 91
Target rank: 92
Target rank: 102
Target rank: 103
Target rank: 105
Target rank: 113
Target rank: 108
Target rank: 116
Target rank: 110
Target rank: 107
Target rank: 116
Target rank: 83
Target rank: 128
Target rank: 92
Target rank: 128
Target rank: 66
Target rank: 116
Target rank: 30
Target rank: 104
2026-07-27 10:05:09,538 [sketchlora.py] => [SketchDiag] task 200: retained-energy mean=0.997 min=0.995 | ||ΔW||_F mean=8.763 | r_hat mean=95.1 total=2283
Target rank: 56
Target rank: 79
Target rank: 69
Target rank: 83
Target rank: 86
Target rank: 91
Target rank: 92
Target rank: 102
Target rank: 103
Target rank: 105
Target rank: 113
Target rank: 108
Target rank: 116
Target rank: 110
Target rank: 107
Target rank: 116
Target rank: 83
Target rank: 128
Target rank: 92
Target rank: 128
Target rank: 66
Target rank: 116
Target rank: 30
Target rank: 104
2026-07-27 10:05:58,603 [sketchlora.py] => [SketchDiag] task 201: retained-energy mean=0.995 min=0.991 | ||ΔW||_F mean=8.806 | r_hat mean=95.1 total=2283
Target rank: 56
Target rank: 79
Target rank: 69
Target rank: 83
Target rank: 86
Target rank: 91
Target rank: 92
Target rank: 102
Target rank: 103
Target rank: 105
Target rank: 113
Target rank: 108
Target rank: 116
Target rank: 110
Target rank: 107
Target rank: 116
Target rank: 83
Target rank: 128
Target rank: 92
Target rank: 128
Target rank: 66
Target rank: 116
Target rank: 30
Target rank: 104
2026-07-27 10:06:46,780 [sketchlora.py] => [SketchDiag] task 202: retained-energy mean=0.996 min=0.994 | ||ΔW||_F mean=8.825 | r_hat mean=95.1 total=2283
Target rank: 56
Target rank: 79
Target rank: 69
Target rank: 83
Target rank: 86
Target rank: 91
Target rank: 92
Target rank: 102
Target rank: 103
Target rank: 105
Target rank: 113
Target rank: 108
Target rank: 116
Target rank: 110
Target rank: 107
Target rank: 116
Target rank: 83
Target rank: 128
Target rank: 92
Target rank: 128
Target rank: 66
Target rank: 116
Target rank: 30
Target rank: 104
2026-07-27 10:07:37,235 [sketchlora.py] => [SketchDiag] task 203: retained-energy mean=0.996 min=0.993 | ||ΔW||_F mean=8.850 | r_hat mean=95.1 total=2283
Target rank: 56
Target rank: 79
Target rank: 69
Target rank: 83
Target rank: 86
Target rank: 91
Target rank: 92
Target rank: 102
Target rank: 103
Target rank: 105
Target rank: 113
Target rank: 108
Target rank: 116
Target rank: 110
Target rank: 107
Target rank: 116
Target rank: 83
Target rank: 128
Target rank: 92
Target rank: 128
Target rank: 66
Target rank: 116
Target rank: 30
Target rank: 104
2026-07-27 10:08:25,269 [sketchlora.py] => [SketchDiag] task 204: retained-energy mean=0.996 min=0.995 | ||ΔW||_F mean=8.861 | r_hat mean=95.1 total=2283
Target rank: 56
Target rank: 79
Target rank: 69
Target rank: 83
Target rank: 86
Target rank: 91
Target rank: 92
Target rank: 102
Target rank: 103
Target rank: 105
Target rank: 113
Target rank: 108
Target rank: 116
Target rank: 110
Target rank: 107
Target rank: 116
Target rank: 83
Target rank: 128
Target rank: 92
Target rank: 128
Target rank: 66
Target rank: 116
Target rank: 30
Target rank: 104
2026-07-27 10:09:14,621 [sketchlora.py] => [SketchDiag] task 205: retained-energy mean=0.996 min=0.993 | ||ΔW||_F mean=8.881 | r_hat mean=95.1 total=2283
Target rank: 56
Target rank: 79
Target rank: 69
Target rank: 83
Target rank: 86
Target rank: 91
Target rank: 92
Target rank: 102
Target rank: 103
Target rank: 105
Target rank: 113
Target rank: 108
Target rank: 116
Target rank: 110
Target rank: 107
Target rank: 116
Target rank: 83
Target rank: 128
Target rank: 92
Target rank: 128
Target rank: 66
Target rank: 116
Target rank: 30
Target rank: 104
2026-07-27 10:10:02,147 [sketchlora.py] => [SketchDiag] task 206: retained-energy mean=0.997 min=0.996 | ||ΔW||_F mean=8.894 | r_hat mean=95.1 total=2283
Target rank: 56
Target rank: 79
Target rank: 69
Target rank: 83
Target rank: 86
Target rank: 91
Target rank: 92
Target rank: 102
Target rank: 103
Target rank: 105
Target rank: 113
Target rank: 108
Target rank: 116
Target rank: 110
Target rank: 107
Target rank: 116
Target rank: 83
Target rank: 128
Target rank: 92
Target rank: 128
Target rank: 66
Target rank: 116
Target rank: 30
Target rank: 104
2026-07-27 10:10:50,343 [sketchlora.py] => [SketchDiag] task 207: retained-energy mean=0.996 min=0.995 | ||ΔW||_F mean=8.912 | r_hat mean=95.1 total=2283
Target rank: 56
Target rank: 79
Target rank: 69
Target rank: 83
Target rank: 86
Target rank: 91
Target rank: 92
Target rank: 102
Target rank: 103
Target rank: 105
Target rank: 113
Target rank: 108
Target rank: 116
Target rank: 110
Target rank: 107
Target rank: 116
Target rank: 83
Target rank: 128
Target rank: 92
Target rank: 128
Target rank: 66
Target rank: 116
Target rank: 30
Target rank: 104
2026-07-27 10:11:39,093 [sketchlora.py] => [SketchDiag] task 208: retained-energy mean=0.996 min=0.995 | ||ΔW||_F mean=8.930 | r_hat mean=95.1 total=2283
Target rank: 56
Target rank: 79
Target rank: 69
Target rank: 83
Target rank: 86
Target rank: 91
Target rank: 92
Target rank: 102
Target rank: 103
Target rank: 105
Target rank: 113
Target rank: 108
Target rank: 116
Target rank: 110
Target rank: 107
Target rank: 116
Target rank: 83
Target rank: 128
Target rank: 92
Target rank: 128
Target rank: 66
Target rank: 116
Target rank: 30
Target rank: 104
2026-07-27 10:12:26,796 [sketchlora.py] => [SketchDiag] task 209: retained-energy mean=0.997 min=0.995 | ||ΔW||_F mean=8.940 | r_hat mean=95.1 total=2283
Target rank: 56
Target rank: 79
Target rank: 69
Target rank: 83
Target rank: 86
Target rank: 91
Target rank: 92
Target rank: 102
Target rank: 103
Target rank: 105
Target rank: 113
Target rank: 108
Target rank: 116
Target rank: 110
Target rank: 107
Target rank: 116
Target rank: 83
Target rank: 128
Target rank: 92
Target rank: 128
Target rank: 66
Target rank: 116
Target rank: 31
Target rank: 104
2026-07-27 10:13:14,697 [sketchlora.py] => [SketchDiag] task 210: retained-energy mean=0.996 min=0.993 | ||ΔW||_F mean=8.983 | r_hat mean=95.2 total=2284
Target rank: 56
Target rank: 79
Target rank: 69
Target rank: 83
Target rank: 86
Target rank: 91
Target rank: 92
Target rank: 102
Target rank: 103
Target rank: 105
Target rank: 113
Target rank: 108
Target rank: 116
Target rank: 110
Target rank: 107
Target rank: 116
Target rank: 83
Target rank: 128
Target rank: 92
Target rank: 128
Target rank: 66
Target rank: 116
Target rank: 31
Target rank: 104
2026-07-27 10:14:02,711 [sketchlora.py] => [SketchDiag] task 211: retained-energy mean=0.996 min=0.994 | ||ΔW||_F mean=9.004 | r_hat mean=95.2 total=2284
Target rank: 56
Target rank: 79
Target rank: 69
Target rank: 83
Target rank: 86
Target rank: 91
Target rank: 92
Target rank: 102
Target rank: 103
Target rank: 105
Target rank: 113
Target rank: 108
Target rank: 116
Target rank: 110
Target rank: 107
Target rank: 116
Target rank: 83
Target rank: 128
Target rank: 92
Target rank: 128
Target rank: 66
Target rank: 116
Target rank: 31
Target rank: 104
2026-07-27 10:14:50,474 [sketchlora.py] => [SketchDiag] task 212: retained-energy mean=0.996 min=0.994 | ||ΔW||_F mean=9.022 | r_hat mean=95.2 total=2284
Target rank: 56
Target rank: 79
Target rank: 69
Target rank: 83
Target rank: 86
Target rank: 91
Target rank: 92
Target rank: 102
Target rank: 103
Target rank: 105
Target rank: 113
Target rank: 108
Target rank: 116
Target rank: 110
Target rank: 107
Target rank: 116
Target rank: 83
Target rank: 128
Target rank: 92
Target rank: 128
Target rank: 66
Target rank: 116
Target rank: 31
Target rank: 104
2026-07-27 10:15:39,480 [sketchlora.py] => [SketchDiag] task 213: retained-energy mean=0.997 min=0.993 | ||ΔW||_F mean=9.036 | r_hat mean=95.2 total=2284
Target rank: 56
Target rank: 79
Target rank: 69
Target rank: 83
Target rank: 86
Target rank: 91
Target rank: 92
Target rank: 102
Target rank: 103
Target rank: 105
Target rank: 113
Target rank: 108
Target rank: 116
Target rank: 110
Target rank: 107
Target rank: 116
Target rank: 83
Target rank: 128
Target rank: 92
Target rank: 128
Target rank: 66
Target rank: 116
Target rank: 31
Target rank: 104
2026-07-27 10:16:28,324 [sketchlora.py] => [SketchDiag] task 214: retained-energy mean=0.997 min=0.996 | ||ΔW||_F mean=9.047 | r_hat mean=95.2 total=2284
Target rank: 56
Target rank: 79
Target rank: 69
Target rank: 83
Target rank: 86
Target rank: 91
Target rank: 92
Target rank: 102
Target rank: 103
Target rank: 105
Target rank: 113
Target rank: 108
Target rank: 116
Target rank: 110
Target rank: 107
Target rank: 116
Target rank: 83
Target rank: 128
Target rank: 92
Target rank: 128
Target rank: 66
Target rank: 116
Target rank: 31
Target rank: 104
2026-07-27 10:17:16,436 [sketchlora.py] => [SketchDiag] task 215: retained-energy mean=0.997 min=0.994 | ||ΔW||_F mean=9.067 | r_hat mean=95.2 total=2284
Target rank: 56
Target rank: 79
Target rank: 69
Target rank: 83
Target rank: 86
Target rank: 91
Target rank: 92
Target rank: 102
Target rank: 103
Target rank: 105
Target rank: 113
Target rank: 108
Target rank: 116
Target rank: 110
Target rank: 107
Target rank: 116
Target rank: 83
Target rank: 128
Target rank: 92
Target rank: 128
Target rank: 66
Target rank: 116
Target rank: 31
Target rank: 104
2026-07-27 10:18:05,098 [sketchlora.py] => [SketchDiag] task 216: retained-energy mean=0.997 min=0.996 | ||ΔW||_F mean=9.078 | r_hat mean=95.2 total=2284
Target rank: 56
Target rank: 79
Target rank: 69
Target rank: 83
Target rank: 86
Target rank: 91
Target rank: 92
Target rank: 102
Target rank: 103
Target rank: 105
Target rank: 113
Target rank: 108
Target rank: 116
Target rank: 110
Target rank: 107
Target rank: 116
Target rank: 83
Target rank: 128
Target rank: 92
Target rank: 128
Target rank: 66
Target rank: 116
Target rank: 31
Target rank: 104
2026-07-27 10:18:53,200 [sketchlora.py] => [SketchDiag] task 217: retained-energy mean=0.997 min=0.995 | ||ΔW||_F mean=9.092 | r_hat mean=95.2 total=2284
2026-07-27 10:19:17,740 [bounded_memory_mixin.py] => [bounded_mem eval] volume 0.90 | cycle 217 | classes_seen 910 | CIL top1 30.29 | top5 60.21 | (nearest latent task ~90) | param_hash e64fdee7b5814112 | per-task [6.03, 23.5, 6.6, 3.59, 3.0, 18.09, 34.0, 14.5, 16.0, 24.24, 14.65, 7.11, 31.0, 11.11, 18.0, 16.58, 15.08, 24.0, 10.5, 23.12, 26.63, 22.0, 17.26, 38.58, 7.5, 22.22, 25.13, 38.5, 16.75, 20.5, 18.0, 30.0, 41.5, 33.5, 26.02, 36.68, 35.2, 25.89, 28.64, 18.18, 14.72, 21.11, 21.83, 12.5, 39.0, 35.0, 27.78, 33.16, 22.0, 37.19, 18.09, 35.0, 57.29, 35.35, 32.14, 25.89, 53.77, 14.0, 19.6, 55.78, 38.69, 2.53, 29.15, 36.73, 23.2, 43.72, 40.2, 44.72, 29.74, 28.79, 46.73, 29.65, 71.07, 32.65, 40.0, 49.0, 50.75, 51.26, 33.5, 55.56, 59.39, 42.71, 41.92, 38.69, 74.87, 50.51, 38.5, 26.63, 67.01, 67.84, 10.2]
Target rank: 56
Target rank: 79
Target rank: 69
Target rank: 83
Target rank: 86
Target rank: 91
Target rank: 92
Target rank: 102
Target rank: 103
Target rank: 105
Target rank: 113
Target rank: 108
Target rank: 116
Target rank: 110
Target rank: 107
Target rank: 116
Target rank: 83
Target rank: 128
Target rank: 92
Target rank: 128
Target rank: 66
Target rank: 116
Target rank: 31
Target rank: 104
2026-07-27 10:20:04,995 [sketchlora.py] => [SketchDiag] task 218: retained-energy mean=0.996 min=0.993 | ||ΔW||_F mean=9.115 | r_hat mean=95.2 total=2284
Target rank: 56
Target rank: 79
Target rank: 69
Target rank: 83
Target rank: 86
Target rank: 91
Target rank: 92
Target rank: 102
Target rank: 103
Target rank: 105
Target rank: 113
Target rank: 108
Target rank: 116
Target rank: 110
Target rank: 107
Target rank: 116
Target rank: 83
Target rank: 128
Target rank: 92
Target rank: 128
Target rank: 66
Target rank: 116
Target rank: 31
Target rank: 104
2026-07-27 10:20:54,083 [sketchlora.py] => [SketchDiag] task 219: retained-energy mean=0.997 min=0.995 | ||ΔW||_F mean=9.126 | r_hat mean=95.2 total=2284
Target rank: 56
Target rank: 79
Target rank: 69
Target rank: 83
Target rank: 86
Target rank: 91
Target rank: 92
Target rank: 102
Target rank: 103
Target rank: 105
Target rank: 113
Target rank: 108
Target rank: 116
Target rank: 110
Target rank: 107
Target rank: 116
Target rank: 83
Target rank: 128
Target rank: 92
Target rank: 128
Target rank: 66
Target rank: 116
Target rank: 31
Target rank: 104
2026-07-27 10:21:42,451 [sketchlora.py] => [SketchDiag] task 220: retained-energy mean=0.997 min=0.994 | ||ΔW||_F mean=9.143 | r_hat mean=95.2 total=2284
Target rank: 56
Target rank: 79
Target rank: 69
Target rank: 83
Target rank: 86
Target rank: 91
Target rank: 92
Target rank: 102
Target rank: 103
Target rank: 105
Target rank: 113
Target rank: 108
Target rank: 116
Target rank: 110
Target rank: 107
Target rank: 116
Target rank: 83
Target rank: 128
Target rank: 92
Target rank: 128
Target rank: 66
Target rank: 116
Target rank: 31
Target rank: 104
2026-07-27 10:22:30,043 [sketchlora.py] => [SketchDiag] task 221: retained-energy mean=0.997 min=0.995 | ||ΔW||_F mean=9.156 | r_hat mean=95.2 total=2284
Target rank: 56
Target rank: 79
Target rank: 69
Target rank: 83
Target rank: 86
Target rank: 91
Target rank: 92
Target rank: 102
Target rank: 103
Target rank: 105
Target rank: 113
Target rank: 108
Target rank: 116
Target rank: 110
Target rank: 107
Target rank: 116
Target rank: 83
Target rank: 128
Target rank: 92
Target rank: 128
Target rank: 66
Target rank: 116
Target rank: 31
Target rank: 104
2026-07-27 10:23:17,698 [sketchlora.py] => [SketchDiag] task 222: retained-energy mean=0.997 min=0.996 | ||ΔW||_F mean=9.166 | r_hat mean=95.2 total=2284
Target rank: 56
Target rank: 79
Target rank: 69
Target rank: 83
Target rank: 86
Target rank: 91
Target rank: 92
Target rank: 102
Target rank: 103
Target rank: 105
Target rank: 113
Target rank: 108
Target rank: 116
Target rank: 110
Target rank: 107
Target rank: 116
Target rank: 83
Target rank: 128
Target rank: 92
Target rank: 128
Target rank: 66
Target rank: 116
Target rank: 31
Target rank: 104
2026-07-27 10:24:06,090 [sketchlora.py] => [SketchDiag] task 223: retained-energy mean=0.997 min=0.993 | ||ΔW||_F mean=9.192 | r_hat mean=95.2 total=2284
Target rank: 56
Target rank: 79
Target rank: 69
Target rank: 83
Target rank: 86
Target rank: 91
Target rank: 92
Target rank: 102
Target rank: 103
Target rank: 105
Target rank: 113
Target rank: 108
Target rank: 116
Target rank: 110
Target rank: 107
Target rank: 116
Target rank: 83
Target rank: 128
Target rank: 92
Target rank: 128
Target rank: 66
Target rank: 116
Target rank: 31
Target rank: 104
2026-07-27 10:24:53,949 [sketchlora.py] => [SketchDiag] task 224: retained-energy mean=0.997 min=0.996 | ||ΔW||_F mean=9.204 | r_hat mean=95.2 total=2284
Target rank: 56
Target rank: 79
Target rank: 69
Target rank: 83
Target rank: 86
Target rank: 91
Target rank: 92
Target rank: 102
Target rank: 103
Target rank: 105
Target rank: 113
Target rank: 108
Target rank: 116
Target rank: 110
Target rank: 107
Target rank: 116
Target rank: 83
Target rank: 128
Target rank: 92
Target rank: 128
Target rank: 66
Target rank: 116
Target rank: 31
Target rank: 104
2026-07-27 10:25:43,143 [sketchlora.py] => [SketchDiag] task 225: retained-energy mean=0.996 min=0.994 | ||ΔW||_F mean=9.226 | r_hat mean=95.2 total=2284
Target rank: 56
Target rank: 79
Target rank: 69
Target rank: 83
Target rank: 86
Target rank: 91
Target rank: 92
Target rank: 102
Target rank: 103
Target rank: 105
Target rank: 113
Target rank: 108
Target rank: 116
Target rank: 110
Target rank: 107
Target rank: 116
Target rank: 83
Target rank: 128
Target rank: 92
Target rank: 128
Target rank: 66
Target rank: 116
Target rank: 31
Target rank: 104
2026-07-27 10:26:31,234 [sketchlora.py] => [SketchDiag] task 226: retained-energy mean=0.996 min=0.994 | ||ΔW||_F mean=9.245 | r_hat mean=95.2 total=2284
Target rank: 56
Target rank: 79
Target rank: 69
Target rank: 83
Target rank: 86
Target rank: 91
Target rank: 92
Target rank: 102
Target rank: 103
Target rank: 105
Target rank: 113
Target rank: 108
Target rank: 116
Target rank: 110
Target rank: 107
Target rank: 116
Target rank: 83
Target rank: 128
Target rank: 92
Target rank: 128
Target rank: 66
Target rank: 116
Target rank: 31
Target rank: 104
2026-07-27 10:27:19,008 [sketchlora.py] => [SketchDiag] task 227: retained-energy mean=0.996 min=0.993 | ||ΔW||_F mean=9.269 | r_hat mean=95.2 total=2284
Target rank: 56
Target rank: 79
Target rank: 69
Target rank: 83
Target rank: 86
Target rank: 91
Target rank: 92
Target rank: 102
Target rank: 103
Target rank: 105
Target rank: 113
Target rank: 108
Target rank: 116
Target rank: 110
Target rank: 107
Target rank: 116
Target rank: 83
Target rank: 128
Target rank: 92
Target rank: 128
Target rank: 66
Target rank: 116
Target rank: 31
Target rank: 104
2026-07-27 10:28:06,969 [sketchlora.py] => [SketchDiag] task 228: retained-energy mean=0.996 min=0.995 | ||ΔW||_F mean=9.283 | r_hat mean=95.2 total=2284
Target rank: 56
Target rank: 79
Target rank: 69
Target rank: 83
Target rank: 86
Target rank: 91
Target rank: 92
Target rank: 102
Target rank: 103
Target rank: 105
Target rank: 113
Target rank: 108
Target rank: 116
Target rank: 110
Target rank: 107
Target rank: 116
Target rank: 83
Target rank: 128
Target rank: 92
Target rank: 128
Target rank: 66
Target rank: 116
Target rank: 31
Target rank: 104
2026-07-27 10:28:54,676 [sketchlora.py] => [SketchDiag] task 229: retained-energy mean=0.997 min=0.996 | ||ΔW||_F mean=9.295 | r_hat mean=95.2 total=2284
Target rank: 56
Target rank: 79
Target rank: 69
Target rank: 83
Target rank: 86
Target rank: 91
Target rank: 92
Target rank: 102
Target rank: 103
Target rank: 105
Target rank: 113
Target rank: 108
Target rank: 116
Target rank: 110
Target rank: 107
Target rank: 116
Target rank: 83
Target rank: 128
Target rank: 92
Target rank: 128
Target rank: 66
Target rank: 116
Target rank: 31
Target rank: 104
2026-07-27 10:29:43,681 [sketchlora.py] => [SketchDiag] task 230: retained-energy mean=0.996 min=0.992 | ||ΔW||_F mean=9.321 | r_hat mean=95.2 total=2284
Target rank: 56
Target rank: 79
Target rank: 69
Target rank: 83
Target rank: 86
Target rank: 91
Target rank: 92
Target rank: 102
Target rank: 103
Target rank: 105
Target rank: 113
Target rank: 108
Target rank: 116
Target rank: 110
Target rank: 107
Target rank: 116
Target rank: 83
Target rank: 128
Target rank: 92
Target rank: 128
Target rank: 66
Target rank: 116
Target rank: 31
Target rank: 104
2026-07-27 10:30:31,969 [sketchlora.py] => [SketchDiag] task 231: retained-energy mean=0.997 min=0.996 | ||ΔW||_F mean=9.331 | r_hat mean=95.2 total=2284
Target rank: 56
Target rank: 79
Target rank: 69
Target rank: 83
Target rank: 86
Target rank: 91
Target rank: 92
Target rank: 102
Target rank: 103
Target rank: 105
Target rank: 113
Target rank: 108
Target rank: 116
Target rank: 110
Target rank: 107
Target rank: 116
Target rank: 83
Target rank: 128
Target rank: 92
Target rank: 128
Target rank: 66
Target rank: 116
Target rank: 31
Target rank: 104
2026-07-27 10:31:20,352 [sketchlora.py] => [SketchDiag] task 232: retained-energy mean=0.997 min=0.993 | ||ΔW||_F mean=9.354 | r_hat mean=95.2 total=2284
Target rank: 56
Target rank: 79
Target rank: 69
Target rank: 83
Target rank: 86
Target rank: 91
Target rank: 92
Target rank: 102
Target rank: 103
Target rank: 105
Target rank: 113
Target rank: 108
Target rank: 116
Target rank: 110
Target rank: 107
Target rank: 116
Target rank: 83
Target rank: 128
Target rank: 92
Target rank: 128
Target rank: 66
Target rank: 116
Target rank: 31
Target rank: 104
2026-07-27 10:32:08,906 [sketchlora.py] => [SketchDiag] task 233: retained-energy mean=0.997 min=0.996 | ||ΔW||_F mean=9.365 | r_hat mean=95.2 total=2284
Target rank: 56
Target rank: 79
Target rank: 69
Target rank: 83
Target rank: 86
Target rank: 91
Target rank: 92
Target rank: 102
Target rank: 103
Target rank: 105
Target rank: 113
Target rank: 108
Target rank: 116
Target rank: 110
Target rank: 107
Target rank: 116
Target rank: 83
Target rank: 128
Target rank: 92
Target rank: 128
Target rank: 66
Target rank: 116
Target rank: 31
Target rank: 104
2026-07-27 10:32:56,553 [sketchlora.py] => [SketchDiag] task 234: retained-energy mean=0.997 min=0.995 | ||ΔW||_F mean=9.386 | r_hat mean=95.2 total=2284
Target rank: 56
Target rank: 79
Target rank: 69
Target rank: 83
Target rank: 86
Target rank: 91
Target rank: 92
Target rank: 102
Target rank: 103
Target rank: 105
Target rank: 113
Target rank: 108
Target rank: 116
Target rank: 110
Target rank: 107
Target rank: 116
Target rank: 83
Target rank: 128
Target rank: 92
Target rank: 128
Target rank: 66
Target rank: 116
Target rank: 31
Target rank: 104
2026-07-27 10:33:44,921 [sketchlora.py] => [SketchDiag] task 235: retained-energy mean=0.997 min=0.996 | ||ΔW||_F mean=9.399 | r_hat mean=95.2 total=2284
Target rank: 56
Target rank: 79
Target rank: 69
Target rank: 83
Target rank: 86
Target rank: 91
Target rank: 92
Target rank: 102
Target rank: 103
Target rank: 105
Target rank: 113
Target rank: 108
Target rank: 116
Target rank: 110
Target rank: 107
Target rank: 116
Target rank: 83
Target rank: 128
Target rank: 92
Target rank: 128
Target rank: 66
Target rank: 116
Target rank: 31
Target rank: 104
2026-07-27 10:34:32,656 [sketchlora.py] => [SketchDiag] task 236: retained-energy mean=0.997 min=0.996 | ||ΔW||_F mean=9.410 | r_hat mean=95.2 total=2284
Target rank: 56
Target rank: 79
Target rank: 69
Target rank: 83
Target rank: 86
Target rank: 91
Target rank: 92
Target rank: 102
Target rank: 103
Target rank: 105
Target rank: 113
Target rank: 108
Target rank: 116
Target rank: 110
Target rank: 107
Target rank: 116
Target rank: 83
Target rank: 128
Target rank: 92
Target rank: 128
Target rank: 66
Target rank: 116
Target rank: 31
Target rank: 104
2026-07-27 10:35:20,155 [sketchlora.py] => [SketchDiag] task 237: retained-energy mean=0.996 min=0.994 | ||ΔW||_F mean=9.442 | r_hat mean=95.2 total=2284
Target rank: 56
Target rank: 79
Target rank: 69
Target rank: 83
Target rank: 86
Target rank: 91
Target rank: 92
Target rank: 102
Target rank: 103
Target rank: 105
Target rank: 113
Target rank: 108
Target rank: 116
Target rank: 110
Target rank: 107
Target rank: 116
Target rank: 83
Target rank: 128
Target rank: 92
Target rank: 128
Target rank: 66
Target rank: 116
Target rank: 31
Target rank: 104
2026-07-27 10:36:08,233 [sketchlora.py] => [SketchDiag] task 238: retained-energy mean=0.996 min=0.994 | ||ΔW||_F mean=9.462 | r_hat mean=95.2 total=2284
Target rank: 56
Target rank: 79
Target rank: 69
Target rank: 83
Target rank: 86
Target rank: 91
Target rank: 92
Target rank: 102
Target rank: 103
Target rank: 105
Target rank: 113
Target rank: 108
Target rank: 116
Target rank: 110
Target rank: 107
Target rank: 116
Target rank: 83
Target rank: 128
Target rank: 92
Target rank: 128
Target rank: 66
Target rank: 116
Target rank: 31
Target rank: 104
2026-07-27 10:36:56,005 [sketchlora.py] => [SketchDiag] task 239: retained-energy mean=0.996 min=0.995 | ||ΔW||_F mean=9.480 | r_hat mean=95.2 total=2284
Target rank: 56
Target rank: 79
Target rank: 69
Target rank: 83
Target rank: 86
Target rank: 91
Target rank: 92
Target rank: 102
Target rank: 103
Target rank: 105
Target rank: 113
Target rank: 108
Target rank: 116
Target rank: 110
Target rank: 107
Target rank: 116
Target rank: 83
Target rank: 128
Target rank: 92
Target rank: 128
Target rank: 66
Target rank: 116
Target rank: 31
Target rank: 104
2026-07-27 10:37:44,639 [sketchlora.py] => [SketchDiag] task 240: retained-energy mean=0.997 min=0.996 | ||ΔW||_F mean=9.494 | r_hat mean=95.2 total=2284
Target rank: 56
Target rank: 79
Target rank: 69
Target rank: 83
Target rank: 86
Target rank: 91
Target rank: 92
Target rank: 102
Target rank: 103
Target rank: 105
Target rank: 113
Target rank: 108
Target rank: 116
Target rank: 110
Target rank: 107
Target rank: 116
Target rank: 83
Target rank: 128
Target rank: 92
Target rank: 128
Target rank: 66
Target rank: 116
Target rank: 31
Target rank: 104
2026-07-27 10:38:33,760 [sketchlora.py] => [SketchDiag] task 241: retained-energy mean=0.997 min=0.996 | ||ΔW||_F mean=9.502 | r_hat mean=95.2 total=2284
Target rank: 56
Target rank: 79
Target rank: 69
Target rank: 83
Target rank: 86
Target rank: 91
Target rank: 92
Target rank: 102
Target rank: 103
Target rank: 105
Target rank: 113
Target rank: 108
Target rank: 116
Target rank: 110
Target rank: 107
Target rank: 116
Target rank: 83
Target rank: 128
Target rank: 92
Target rank: 128
Target rank: 66
Target rank: 116
Target rank: 31
Target rank: 104
2026-07-27 10:38:49,260 [sketchlora.py] => [SketchDiag] task 242: retained-energy mean=1.000 min=1.000 | ||ΔW||_F mean=9.491 | r_hat mean=95.2 total=2284
2026-07-27 10:39:16,194 [bounded_memory_mixin.py] => [bounded_mem eval] volume 1.00 | cycle 242 | classes_seen 1000 | CIL top1 28.94 | top5 58.18 | (nearest latent task ~99) | param_hash ef805ae7a44b79bf | per-task [4.02, 22.0, 6.6, 1.03, 4.0, 11.56, 24.5, 18.5, 5.5, 13.64, 13.64, 8.63, 29.5, 10.1, 15.0, 19.1, 8.54, 20.0, 5.5, 19.6, 24.62, 15.5, 20.3, 30.96, 9.0, 19.7, 22.11, 36.5, 18.27, 23.0, 17.0, 29.0, 32.0, 27.0, 28.57, 33.67, 21.94, 24.87, 27.64, 20.2, 12.18, 24.62, 20.3, 12.0, 39.5, 26.5, 23.74, 34.69, 14.0, 30.15, 19.1, 36.0, 50.75, 34.34, 29.08, 26.4, 43.22, 13.5, 21.61, 48.74, 31.16, 2.53, 25.63, 33.16, 18.56, 37.69, 37.69, 42.71, 28.21, 22.73, 41.71, 26.13, 67.51, 27.55, 41.5, 36.5, 56.78, 49.75, 24.37, 53.03, 43.65, 37.19, 39.9, 30.65, 60.8, 42.35, 28.0, 21.61, 51.27, 49.25, 46.43, 25.76, 56.78, 41.21, 48.48, 28.64, 52.02, 51.0, 60.3, 71.21]
2026-07-27 10:39:18,750 [metrics_logger.py] => [metrics] wrote run_logs/final/sketchlora/metrics_sketchlora_round2_slurm_grid_omni30t_100mb_sketchlora_s1996_s1996.json
2026-07-27 10:39:18,750 [trainer.py] => [bounded_mem] volume checkpoints: [0.1, 0.2, 0.3, 0.4, 0.5, 0.6, 0.7, 0.8, 0.9, 1.0]
2026-07-27 10:39:18,750 [trainer.py] => [bounded_mem] CIL top1 curve: [74.84, 63.42, 55.44, 48.14, 42.12, 38.99, 34.81, 33.05, 30.29, 28.94]
2026-07-27 10:39:18,750 [trainer.py] => [bounded_mem] CIL top5 curve: [94.14, 89.71, 84.9, 79.24, 73.06, 70.02, 65.99, 63.67, 60.21, 58.18]
[bounded_mem] checkpoints (fraction of stream): [0.1, 0.2, 0.3, 0.4, 0.5, 0.6, 0.7, 0.8, 0.9, 1.0]
[bounded_mem] CIL top1: [74.84, 63.42, 55.44, 48.14, 42.12, 38.99, 34.81, 33.05, 30.29, 28.94]
[bounded_mem] CIL top5: [94.14, 89.71, 84.9, 79.24, 73.06, 70.02, 65.99, 63.67, 60.21, 58.18]
2026-07-27 10:39:18,750 [trainer.py] => [bounded_mem] FINAL CIL top1 28.94 | top5 58.18 (at 100% of stream)
[bounded_mem] FINAL CIL top1 28.94 | top5 58.18
[bounded_mem] wrote run_logs/boundedmem_sketchlora_round2_slurm_grid_omni30t_100mb_sketchlora_s1996_s1996.json
